player_id,season,team_name,competition_name,nb_on_pitch_num,goals_num,assists_num,minutes_played_num,player_name,date_of_birth,citizenship,position,main_position,foot,height,current_club_name,current_club_id,market_value_eur,date_unix,goals_per90,assists_per90,ga_per90,age
934523,24/25,MSV Duisburg,Regionalliga West,29.0,3.0,9.0,618.0,Jan-Simon Symalla (934523),2005-01-23,Germany  Poland,Attack - Right Winger,Attack,right,176.0,MSV Duisburg,52,175000.0,2025-06-22,0.4368932038834951,1.3106796116504855,1.7475728155339807,21.6
814948,24/25,Lecce Primavera,Primavera 1,32.0,4.0,8.0,621.0,Till Winkelmann (814948),2005-06-15,Germany,Attack - Left Winger,Attack,right,185.0,Calcio Foggia 1920,704,200000.0,2025-06-26,0.5797101449275363,1.1594202898550725,1.7391304347826089,21.2
1104143,24/25,SC Cambuur Leeuwarden,Keuken Kampioen Divisie,35.0,4.0,8.0,630.0,Benjamin Pauwels (1104143),2004-10-29,Belgium,Attack - Left Winger,Attack,right,181.0,CD Leganés,1244,650000.0,2025-06-08,0.5714285714285714,1.1428571428571428,1.7142857142857142,21.8
1107580,24/25,Buxton FC,National League North,36.0,4.0,8.0,633.0,Josh Popoola (1107580),2004-05-07,England,Defender - Right-Back,Defender,right,177.0,Maidenhead United,7123,,,0.5687203791469194,1.1374407582938388,1.7061611374407581,22.3
982575,24/25,FC Famalicão,Liga Portugal,33.0,4.0,8.0,636.0,Gustavo Sá (982575),2004-11-11,Portugal,Midfield - Attacking Midfield,Midfield,right,189.0,FC Famalicão,3329,16000000.0,2025-05-29,0.5660377358490566,1.1320754716981132,1.6981132075471699,21.8
1115271,24/25,Vorskla Poltava U19,U19 Premier Liga,28.0,3.0,9.0,640.0,Zakhar Karpus (1115271),2005-04-07,Ukraine,Midfield - Right Midfield,Midfield,right,182.0,Girnyk-Sport Gorishni Plavni,29109,0.0,2024-03-28,0.421875,1.265625,1.6875,21.4
670681,24/25,Paris Saint-Germain,Ligue 1,29.0,3.0,8.0,617.0,João Neves (670681),2004-09-27,Portugal,Midfield - Central Midfield,Midfield,right,174.0,Paris Saint-Germain,583,80000000.0,2025-06-02,0.4376012965964344,1.1669367909238249,1.6045380875202593,21.9
607173,24/25,De Treffers,Tweede Divisie,27.0,3.0,8.0,618.0,Jordi Altena (607173),2003-12-04,Netherlands,Defender - Right-Back,Defender,right,0.0,RKC Waalwijk,235,0.0,2024-07-28,0.4368932038834951,1.1650485436893205,1.6019417475728157,22.7
1048145,24/25,Atalanta Primavera,Primavera 1,33.0,4.0,7.0,644.0,Andrea Bonanomi (1048145),2006-01-31,Italy,Midfield - Attacking Midfield,Midfield,left,0.0,Atalanta U23,41110,500000.0,2025-06-26,0.5590062111801242,0.9782608695652174,1.5372670807453415,20.5
519872,24/25,1.FC Magdeburg,2. Bundesliga,31.0,3.0,9.0,707.0,Livan Burcu (519872),2004-09-28,Türkiye  Germany,Attack - Left Winger,Attack,right,180.0,1.FC Union Berlin,89,4000000.0,2025-06-18,0.38189533239038187,1.1456859971711457,1.5275813295615275,21.9
1254786,24/25,Le Mans FC,Championnat National,30.0,3.0,8.0,659.0,Gabin Bernardeau (1254786),2006-01-24,France,Midfield - Attacking Midfield,Midfield,left,181.0,OGC Nice,417,600000.0,2025-05-25,0.40971168437025796,1.0925644916540214,1.5022761760242793,20.6
630753,2025,IFK Norrköping,Allsvenskan,22.0,3.0,7.0,617.0,Ísak Andri Sigurgeirsson (630753),2003-09-11,Iceland,Attack - Left Winger,Attack,,175.0,IFK Norrköping,2844,700000.0,2025-06-17,0.4376012965964344,1.0210696920583469,1.4586709886547813,22.9
907215,24/25,Notts County,League Two,40.0,5.0,6.0,682.0,George Abbott (907215),2005-08-17,England,Midfield - Defensive Midfield,Midfield,right,175.0,Wycombe Wanderers,2805,750000.0,2025-06-29,0.6598240469208212,0.7917888563049854,1.4516129032258065,21.0
829316,24/25,SSV Ulm 1846,2. Bundesliga,32.0,3.0,8.0,684.0,Maurice Krattenmacher (829316),2005-08-11,Germany,Midfield - Attacking Midfield,Midfield,both,180.0,Hertha BSC,44,3500000.0,2025-06-18,0.39473684210526316,1.0526315789473684,1.4473684210526314,21.0
1104731,24/25,Monza Under 17,Under 17 - B,24.0,3.0,7.0,622.0,Danilo Treffiletti (1104731),2008-01-31,Australia  Italy,Midfield - Central Midfield,Midfield,,0.0,Monza Primavera,84400,,,0.4340836012861737,1.0128617363344052,1.446945337620579,18.5
1187436,24/25,Obolon Kyiv U19,U19 Premier Liga,29.0,3.0,7.0,622.0,Kirill Korkh (1187436),2006-02-21,Ukraine,Midfield - Central Midfield,Midfield,right,184.0,Obolon Kyiv U19,53302,,,0.4340836012861737,1.0128617363344052,1.446945337620579,20.5
730484,24/25,SC Paderborn 07,2. Bundesliga,32.0,3.0,12.0,938.0,Aaron Zehnter (730484),2004-10-31,Germany,Midfield - Left Midfield,Midfield,left,180.0,VfL Wolfsburg,82,6000000.0,2025-06-18,0.2878464818763326,1.1513859275053304,1.439232409381663,21.8
744621,24/25,Delfino Pescara 1936,Serie C-B,34.0,4.0,7.0,714.0,Matteo Dagasso (744621),2004-04-01,Italy,Midfield - Central Midfield,Midfield,left,175.0,Delfino Pescara 1936,2921,1000000.0,2025-06-18,0.5042016806722689,0.8823529411764706,1.3865546218487395,22.4
928612,24/25,Sparta Rotterdam U21,Tweede Divisie,25.0,3.0,8.0,721.0,Hamza el Dahri (928612),2005-03-05,Netherlands  Morocco,Midfield - Central Midfield,Midfield,right,177.0,Almere City FC,723,100000.0,2025-05-27,0.37447988904299584,0.9986130374479889,1.3730929264909848,21.5
998101,24/25,Ferencvárosi TC,NB I.,17.0,2.0,8.0,665.0,Alex Tóth (998101),2005-10-23,Hungary,Midfield - Central Midfield,Midfield,right,181.0,Ferencvárosi TC,279,2500000.0,2025-05-27,0.27067669172932335,1.0827067669172934,1.3533834586466167,20.8
957241,24/25,AZ Alkmaar U21,Keuken Kampioen Divisie,26.0,3.0,8.0,735.0,Elijah Dijkstra (957241),2006-08-05,Netherlands  Curacao,Defender - Right-Back,Defender,right,172.0,AZ Alkmaar,1090,700000.0,2025-06-08,0.3673469387755102,0.9795918367346939,1.346938775510204,20.0
1310437,24/25,Zulte Waregem,CPL,26.0,3.0,7.0,688.0,Joseph Opoku (1310437),2005-08-08,Ghana,Attack - Left Winger,Attack,right,0.0,Zulte Waregem,3508,900000.0,2025-04-23,0.39244186046511625,0.9156976744186047,1.308139534883721,21.0
1059730,24/25,Como Primavera,Primavera 2 - A,28.0,3.0,7.0,711.0,Giuseppe Mazzaglia (1059730),2006-04-20,Italy,Midfield - Central Midfield,Midfield,right,180.0,Piacenza Calcio 1919,1408,250000.0,2025-06-16,0.37974683544303794,0.8860759493670887,1.2658227848101267,20.3
683620,24/25,Feyenoord Rotterdam,Eredivisie,29.0,3.0,6.0,665.0,Antoni Milambo (683620),2005-04-03,Netherlands  DR Congo,Midfield - Attacking Midfield,Midfield,right,179.0,Brentford FC,1148,18000000.0,2025-05-27,0.406015037593985,0.81203007518797,1.218045112781955,21.4
854935,24/25,Warrington Town,National League North,38.0,3.0,5.0,604.0,,2004-06-08,England  Ireland,Attack - Right Winger,Attack,right,183.0,Ashton United,10373,0.0,2024-06-26,0.4470198675496689,0.7450331125827815,1.1920529801324504,22.2
795523,24/25,Lecce Primavera,Primavera 1,30.0,3.0,5.0,613.0,Enes Yilmaz (795523),2005-01-08,Türkiye  Germany,Midfield - Central Midfield,Midfield,right,0.0,US Lecce Youth,29356,50000.0,2025-06-26,0.44045676998368677,0.734094616639478,1.1745513866231647,21.6
721227,24/25,Carrarese Calcio 1908,Serie B,34.0,3.0,5.0,619.0,Luigi Cherubini (721227),2004-01-15,Italy,Attack - Left Winger,Attack,right,175.0,UC Sampdoria,1038,2000000.0,2025-06-01,0.43618739903069464,0.7269789983844911,1.1631663974151858,22.6
1183350,24/25,Dolomiti Bellunesi,Serie D - C,37.0,5.0,3.0,625.0,Nicola Masut (1183350),2006-04-03,Italy,Midfield - Left Midfield,Midfield,right,179.0,Dolomiti Bellunesi,91510,200000.0,2025-05-14,0.72,0.43199999999999994,1.152,20.4
641036,24/25,Sampdoria Primavera,Primavera 1,31.0,4.0,4.0,667.0,Samuel Ntanda (641036),2005-06-30,DR Congo  Belgium,Attack - Left Winger,Attack,right,0.0,RSCA Futures,30857,450000.0,2025-06-26,0.5397301349325337,0.5397301349325337,1.0794602698650675,21.1
1209415,24/25,Renate Primavera,Primavera 2 - A,24.0,2.0,6.0,679.0,Federico Bassani (1209415),2008-05-30,Italy,Attack - Centre-Forward,Attack,,0.0,Renate Primavera,112584,,,0.2650957290132548,0.7952871870397643,1.0603829160530192,18.2
708635,24/25,Atalanta U23,Serie C-A,35.0,3.0,8.0,944.0,Lorenzo Bernasconi (708635),2003-11-16,Italy,Midfield - Left Midfield,Midfield,left,190.0,Atalanta U23,41110,800000.0,2025-06-18,0.2860169491525424,0.7627118644067796,1.048728813559322,22.8
1105541,24/25,RSCA Futures,CPL,23.0,3.0,4.0,602.0,Nathan De Cat (1105541),2008-07-19,Belgium,Midfield - Central Midfield,Midfield,right,192.0,RSC Anderlecht,58,2500000.0,2025-06-11,0.4485049833887043,0.5980066445182725,1.0465116279069768,18.1
1049333,24/25,Gelbison,Serie D - G,28.0,2.0,10.0,1040.0,Walter Coscia (1049333),2005-09-15,Italy,Midfield - Right Midfield,Midfield,both,180.0,Guidonia Montecelio 1937 FC,45894,100000.0,2025-05-14,0.17307692307692307,0.8653846153846154,1.0384615384615385,20.9
1119447,24/25,KRC Genk,Jupiler Pro League,28.0,3.0,4.0,607.0,Christopher Bonsu Baah (1119447),2004-12-14,Ghana,Attack - Left Winger,Attack,left,172.0,Al-Qadsiah FC,26069,7500000.0,2025-06-11,0.4448105436573311,0.5930807248764415,1.0378912685337727,21.7
1301533,24/25,Milan Under 17,Under 17 - B,22.0,2.0,8.0,871.0,Edoardo Tartaglia (1301533),2008-05-13,Italy,Defender - Left-Back,Defender,,0.0,AC Milan Primavera,10958,,,0.2066590126291619,0.8266360505166476,1.0332950631458095,18.3
670683,24/25,SL Benfica B,Liga Portugal 2,32.0,2.0,12.0,1247.0,Hugo Félix (670683),2004-03-03,Portugal,Midfield - Attacking Midfield,Midfield,right,170.0,SL Benfica B,10330,2500000.0,2025-06-22,0.14434643143544507,0.8660785886126704,1.0104250200481155,22.5
1138724,24/25,Torino Under 18,Under 18,18.0,1.0,6.0,631.0,Demyan Yesin (1138724),2007-04-24,Ukraine,Attack - Right Winger,Attack,right,188.0,Torino Under 18,75900,,,0.14263074484944532,0.8557844690966719,0.9984152139461173,19.3
949480,24/25,Ajax Amsterdam U21,Keuken Kampioen Divisie,34.0,4.0,3.0,633.0,Jan Faberski (949480),2006-04-22,Poland,Attack - Right Winger,Attack,left,176.0,PEC Zwolle,1269,700000.0,2025-06-08,0.5687203791469194,0.4265402843601896,0.9952606635071091,20.3
919469,24/25,GKS Katowice,Ekstraklasa,31.0,3.0,6.0,824.0,Mateusz Kowalczyk (919469),2004-04-16,Poland,Midfield - Defensive Midfield,Midfield,both,181.0,GKS Katowice,6456,1500000.0,2025-06-05,0.3276699029126214,0.6553398058252428,0.9830097087378642,22.3
829255,24/25,TSV Schott Mainz,OL RP/Saar,21.0,2.0,5.0,644.0,Robin Rosenberger (829255),2004-11-20,Germany,Attack - Left Winger,Attack,both,175.0,FC Bayern Alzenau,4900,0.0,2024-08-14,0.2795031055900621,0.6987577639751553,0.9782608695652174,21.7
935189,24/25,US Recanatese,Serie D - F,30.0,4.0,3.0,647.0,Daniel Ferrante (935189),2005-07-25,Italy,Midfield - Right Midfield,Midfield,right,0.0,Virtus Francavilla Calcio,49939,150000.0,2025-05-14,0.5564142194744977,0.41731066460587324,0.973724884080371,21.1
963168,24/25,Nuova Sondrio Calcio,Serie D - B,35.0,4.0,3.0,650.0,Stevo Chillemi (963168),2004-11-12,France  Italy,Attack - Centre-Forward,Attack,right,191.0,Nuova Sondrio Calcio,46708,75000.0,2025-02-26,0.5538461538461539,0.4153846153846154,0.9692307692307693,21.8
803005,24/25,Roma U20,Primavera 1,16.0,2.0,5.0,651.0,Mattia Mannini (803005),2006-07-08,Italy,Defender - Right-Back,Defender,right,173.0,SS Juve Stabia,5587,1000000.0,2025-06-26,0.2764976958525346,0.6912442396313364,0.967741935483871,20.1
1168046,24/25,Südtirol Primavera,Primavera 2 - A,20.0,2.0,6.0,745.0,Dhirar Brik (1168046),2007-10-13,Italy  Tunisia,Midfield - Defensive Midfield,Midfield,right,183.0,Südtirol Primavera,19334,,,0.24161073825503354,0.7248322147651007,0.9664429530201343,18.9
744857,24/25,SV 07 Elversberg,2. Bundesliga,33.0,3.0,7.0,967.0,Elias Baum (744857),2005-10-26,Germany,Defender - Right-Back,Defender,right,180.0,Eintracht Frankfurt,24,8000000.0,2025-06-18,0.2792140641158221,0.6514994829369183,0.9307135470527403,20.8
706617,24/25,Rot-Weiss Essen,3. Liga,33.0,4.0,3.0,677.0,Julian Eitschberger (706617),2004-03-05,Germany,Midfield - Right Midfield,Midfield,right,182.0,Hertha BSC,44,600000.0,2025-06-10,0.5317577548005908,0.39881831610044316,0.930576070901034,22.5
1048147,24/25,Atalanta U23,Serie C-A,27.0,2.0,6.0,779.0,Federico Cassa (1048147),2006-02-01,Italy,Midfield - Attacking Midfield,Midfield,right,0.0,Atalanta U23,41110,800000.0,2025-06-18,0.2310654685494223,0.693196405648267,0.9242618741976893,20.5
795232,2025,Philadelphia Union,MLS,25.0,2.0,7.0,888.0,Quinn Sullivan (795232),2004-03-27,United States  Germany,Midfield - Central Midfield,Midfield,right,180.0,Philadelphia Union,25467,5000000.0,2025-06-04,0.20270270270270271,0.7094594594594594,0.9121621621621622,22.4
996868,24/25,FC Viktoria 1889 Berlin,Regionalliga Northeast,34.0,4.0,3.0,696.0,Julien Damelang (996868),2003-08-12,Germany,Attack - Right Winger,Attack,right,0.0,Hallescher FC,440,100000.0,2025-06-22,0.5172413793103449,0.3879310344827586,0.9051724137931034,23.0
1187464,24/25,Virtus Entella Primavera,Primavera 2 - A,28.0,4.0,2.0,603.0,Leonardo Tiana (1187464),2006-05-24,Italy,Midfield - Right Midfield,Midfield,right,0.0,SC Ligorna 1922,50100,75000.0,2025-05-27,0.5970149253731344,0.2985074626865672,0.8955223880597016,20.2
1074988,24/25,Milan Under 17,Under 17 - B,24.0,2.0,7.0,910.0,Luca Nolli (1074988),2008-02-11,Italy,Defender - Right-Back,Defender,,0.0,AC Milan Primavera,10958,,,0.1978021978021978,0.6923076923076923,0.8901098901098901,18.5
1170803,24/25,Inter Under 18,Under 18,33.0,3.0,6.0,933.0,Filippo Cerpelletti (1170803),2007-06-19,Italy,Midfield - Defensive Midfield,Midfield,left,0.0,Inter Milan Primavera,5380,,,0.28938906752411575,0.5787781350482315,0.8681672025723473,19.2
1061122,24/25,Real Zaragoza,LaLiga2,40.0,4.0,2.0,624.0,Adrián Liso (1061122),2005-04-02,Spain,Attack - Left Winger,Attack,left,182.0,Getafe CF,3709,2000000.0,2025-06-23,0.5769230769230769,0.28846153846153844,0.8653846153846153,21.4
1063593,24/25,Real Sociedad C,Segunda Federación - Gr. II,31.0,4.0,2.0,624.0,Jon Eceizabarrena (1063593),2005-03-23,Spain,Midfield - Central Midfield,Midfield,,0.0,Real Sociedad C,44822,100000.0,2025-06-24,0.5769230769230769,0.28846153846153844,0.8653846153846153,21.4
981673,2025,Independiente del Valle,LigaPro Serie A,19.0,2.0,4.0,625.0,Emerson Pata (981673),2004-07-11,Ecuador,Attack - Right Winger,Attack,right,175.0,Independiente del Valle,19309,600000.0,2025-06-15,0.28800000000000003,0.5760000000000001,0.8640000000000001,22.1
963510,24/25,SC Cambuur Leeuwarden,Keuken Kampioen Divisie,31.0,3.0,3.0,635.0,Matthias Nartey (963510),2004-08-28,Netherlands,Midfield - Attacking Midfield,Midfield,left,185.0,IK Sirius,7945,350000.0,2025-06-08,0.4251968503937008,0.4251968503937008,0.8503937007874016,22.0
741253,24/25,Atlético Madrileño,Primera Federación - Gr. II,33.0,4.0,2.0,640.0,Javier Boñar (741253),2005-06-03,Spain,Defender - Right-Back,Defender,right,180.0,Atlético Madrileño,3679,500000.0,2025-06-24,0.5625,0.28125,0.84375,21.2
687179,24/25,Admira Wacker Panthers,LL Niederösterreich,18.0,2.0,5.0,747.0,Alexander Leidinger (687179),2004-09-14,Austria,Defender - Right-Back,Defender,right,0.0,FCM Traiskirchen,20113,0.0,2025-07-14,0.24096385542168675,0.6024096385542168,0.8433734939759036,21.9
888643,24/25,Torino Primavera,Primavera 1,29.0,2.0,9.0,1184.0,Jakub Krzyzanowski (888643),2006-01-19,Poland,Defender - Left-Back,Defender,left,181.0,Wisla Kraków,422,400000.0,2025-06-26,0.15202702702702703,0.6841216216216217,0.8361486486486487,20.6
984053,2025,New York City FC,MLS,26.0,2.0,4.0,647.0,Julián Fernández (984053),2004-01-30,Argentina,Attack - Right Winger,Attack,left,183.0,New York City FC,40058,4000000.0,2025-06-04,0.2782071097372488,0.5564142194744977,0.8346213292117465,22.6
826795,24/25,1.FC Magdeburg II,NOFV-Oberliga Süd,8.0,1.0,5.0,648.0,Dariusz Stalmach (826795),2005-12-08,Poland,Midfield - Central Midfield,Midfield,right,182.0,1.FC Magdeburg,187,500000.0,2025-06-18,0.1388888888888889,0.6944444444444444,0.8333333333333333,20.7
629040,24/25,SK Rapid Wien II,2. Liga,26.0,3.0,4.0,759.0,Nicolas Bajlicz (629040),2004-07-08,Austria,Midfield - Defensive Midfield,Midfield,right,174.0,SV Ried,266,250000.0,2025-05-29,0.3557312252964427,0.47430830039525695,0.8300395256916997,22.1
936874,24/25,Chelsea FC U21,Premier League 2,8.0,1.0,5.0,653.0,Tyrique George (936874),2006-02-04,England  Nigeria,Attack - Left Winger,Attack,right,181.0,Chelsea FC,631,10000000.0,2025-05-29,0.13782542113323124,0.6891271056661562,0.8269525267993875,20.5
907085,24/25,SC Freiburg II,Regionalliga Südwest,32.0,3.0,5.0,874.0,Ruben Müller (907085),2005-08-24,Germany  Spain,Midfield - Right Midfield,Midfield,right,179.0,SC Paderborn 07,127,150000.0,2025-06-10,0.30892448512585813,0.5148741418764302,0.8237986270022883,21.0
997903,24/25,Feyenoord Rotterdam,Eredivisie,26.0,2.0,7.0,992.0,Givairo Read (997903),2006-06-02,Netherlands  Suriname,Defender - Right-Back,Defender,right,175.0,Feyenoord Rotterdam,234,16000000.0,2025-05-27,0.1814516129032258,0.6350806451612903,0.816532258064516,20.2
945017,2025,New England Revolution,MLS,26.0,3.0,3.0,665.0,Ilay Feingold (945017),2004-08-23,Israel  Romania,Defender - Right-Back,Defender,right,178.0,New England Revolution,626,3000000.0,2025-06-04,0.406015037593985,0.406015037593985,0.81203007518797,22.0
1074055,24/25,FC Oleksandriya U19,U19 Premier Liga,21.0,2.0,4.0,677.0,Danylo Khan (1074055),2006-02-17,Ukraine,Midfield - Central Midfield,Midfield,left,175.0,FC Oleksandriya-2,120273,,,0.2658788774002954,0.5317577548005908,0.7976366322008863,20.5
700441,24/25,Oxford United,Championship,41.0,3.0,6.0,1018.0,Tyler Goodrham (700441),2003-08-07,Ireland  England,Attack - Right Winger,Attack,right,170.0,Oxford United,988,3000000.0,2025-05-26,0.26522593320235754,0.5304518664047151,0.7956777996070726,23.0
952170,24/25,Juventus Primavera,Primavera 1,28.0,2.0,7.0,1018.0,Francesco Crapisto (952170),2006-01-15,Italy,Midfield - Central Midfield,Midfield,left,181.0,Juventus Next Gen,41101,500000.0,2025-06-26,0.1768172888015717,0.618860510805501,0.7956777996070726,20.6
883058,24/25,Lazio U20,Primavera 1,32.0,3.0,5.0,905.0,Alessandro Milani (883058),2005-06-14,Venezuela  Italy,Defender - Left-Back,Defender,left,178.0,US Avellino 1912,2331,250000.0,2025-06-26,0.2983425414364641,0.49723756906077343,0.7955801104972375,21.2
923535,2025,Tromsø IL,Eliteserien,20.0,2.0,5.0,796.0,Jens Hjertø-Dahl (923535),2005-10-31,Norway,Midfield - Central Midfield,Midfield,both,194.0,Tromsø IL,1293,5000000.0,2025-06-17,0.22613065326633167,0.5653266331658292,0.7914572864321608,20.8
922363,24/25,SC Paderborn 07 II,Regionalliga West,28.0,2.0,8.0,1141.0,Anton Bäuerle (922363),2005-04-30,Germany,Midfield - Left Midfield,Midfield,left,185.0,SC Paderborn 07 II,6604,200000.0,2025-06-18,0.15775635407537247,0.6310254163014899,0.7887817703768624,21.3
1073744,24/25,Legia Warsaw II,Betclic 3 Liga - Group I,14.0,1.0,8.0,1027.0,Mateusz Szczepaniak (1073744),2007-01-05,Poland,Midfield - Attacking Midfield,Midfield,right,179.0,Pogon Grodzisk Mazowiecki,30998,600000.0,2025-06-05,0.08763388510223953,0.7010710808179162,0.7887049659201558,19.6
954125,24/25,Chelsea FC U21,Premier League 2,16.0,2.0,4.0,685.0,Kiano Dyer (954125),2006-11-21,England  Montserrat,Midfield - Central Midfield,Midfield,right,178.0,FC Volendam,724,,,0.2627737226277372,0.5255474452554744,0.7883211678832116,19.7
918969,24/25,AS Monaco,Ligue 1,29.0,2.0,7.0,1033.0,Lamine Camara (918969),2004-01-01,Senegal,Midfield - Central Midfield,Midfield,right,173.0,AS Monaco,162,22000000.0,2025-06-02,0.17424975798644723,0.6098741529525653,0.7841239109390126,22.6
697281,24/25,Chelsea FC U21,Premier League 2,17.0,2.0,4.0,691.0,Brodi Hughes (697281),2004-10-16,England,Defender - Right-Back,Defender,right,188.0,AFC Wimbledon,3884,,,0.26049204052098407,0.5209840810419681,0.7814761215629522,21.8
766253,24/25,Weston-super-Mare AFC,National League South,43.0,3.0,6.0,1039.0,Dylan Kadji (766253),2003-09-01,England  Cameroon,Midfield - Defensive Midfield,Midfield,right,188.0,Wealdstone FC,4117,0.0,2024-09-26,0.2598652550529355,0.519730510105871,0.7795957651588066,23.0
1065040,2025,Hammarby TFF,Ettan Norra,8.0,1.0,5.0,693.0,Gent Elezaj (1065040),2005-04-11,Albania  Sweden,Midfield - Central Midfield,Midfield,right,173.0,Landskrona BoIS,2294,,,0.12987012987012986,0.6493506493506493,0.7792207792207793,21.4
942736,24/25,Inter Milan Primavera,Primavera 1,33.0,3.0,4.0,810.0,Matteo Venturini (942736),2006-08-15,Italy,Midfield - Central Midfield,Midfield,,182.0,Inter U23,41119,300000.0,2025-06-26,0.33333333333333337,0.4444444444444444,0.7777777777777778,20.0
949389,24/25,SG Sonnenhof Großaspach,Oberliga Baden-Württemberg,23.0,2.0,6.0,928.0,Niklas Mohr (949389),2004-07-23,Germany,Midfield - Left Midfield,Midfield,left,179.0,SC Paderborn 07,127,75000.0,2025-09-04,0.1939655172413793,0.5818965517241379,0.7758620689655172,22.1
953893,24/25,Bröndby IF,Superliga,20.0,2.0,4.0,698.0,Clement Bischoff (953893),2005-12-16,Denmark  Kenya,Attack - Left Winger,Attack,right,180.0,Red Bull Salzburg,409,5000000.0,2025-06-15,0.25787965616045844,0.5157593123209169,0.7736389684813754,20.7
800611,24/25,Aurora Pro Patria,Serie C-A,33.0,2.0,6.0,932.0,Jonathan Pitou (800611),2004-08-11,France,Attack - Second Striker,Attack,right,174.0,Alcione Milano,52687,225000.0,2025-06-18,0.19313304721030042,0.5793991416309013,0.7725321888412018,22.0
847579,24/25,Everton FC U21,Premier League 2,16.0,2.0,4.0,699.0,Isaac Heath (847579),2004-10-28,England,Attack - Left Winger,Attack,right,0.0,Accrington Stanley,3688,,,0.2575107296137339,0.5150214592274678,0.7725321888412017,21.8
1067248,24/25,Seravezza Pozzi Calcio,Serie D - E,31.0,3.0,4.0,817.0,Lapo Paolieri (1067248),2006-08-18,Italy,Defender - Centre-Back,Defender,right,186.0,US Città di Pontedera,14888,150000.0,2025-05-14,0.33047735618115054,0.4406364749082007,0.7711138310893513,20.0
847436,24/25,Bruk-Bet Termalica Nieciecza,Betclic 1 Liga,29.0,2.0,7.0,1052.0,Igor Strzalek (847436),2004-01-19,Poland,Midfield - Attacking Midfield,Midfield,both,183.0,Bruk-Bet Termalica Nieciecza,15906,500000.0,2025-06-05,0.17110266159695817,0.5988593155893536,0.7699619771863118,22.6
694428,24/25,Pogon Szczecin,Ekstraklasa,30.0,2.0,4.0,708.0,Kacper Lukasiak (694428),2003-09-24,Poland,Midfield - Defensive Midfield,Midfield,,180.0,GKS Katowice,6456,450000.0,2025-06-05,0.2542372881355932,0.5084745762711864,0.7627118644067796,22.9
1183832,24/25,Reggiana Primavera,Primavera 2 - A,24.0,2.0,6.0,947.0,Osmane Camara (1183832),2006-11-28,Italy,Midfield - Right Midfield,Midfield,left,173.0,SS Cittadella Vis Modena,50977,25000.0,2025-05-27,0.1900739176346357,0.5702217529039071,0.7602956705385427,19.7
1166239,24/25,1.FC Germania Egestorf/Langreder,OL Niedersachsen,32.0,4.0,2.0,720.0,Yegor Melenivskyi (1166239),2004-10-23,Ukraine,Defender - Centre-Back,Defender,,186.0,VfB Lübeck,78,25000.0,2025-09-05,0.5,0.25,0.75,21.8
978442,24/25,Juventus Primavera,Primavera 1,28.0,3.0,3.0,722.0,Filippo Pagnucco (978442),2006-02-09,Italy,Midfield - Left Midfield,Midfield,left,180.0,Juventus Next Gen,41101,850000.0,2025-06-26,0.37396121883656513,0.37396121883656513,0.7479224376731303,20.5
954688,24/25,Genoa U20,Primavera 1,30.0,3.0,2.0,602.0,Filippo Carbone (954688),2006-12-29,Italy,Midfield - Attacking Midfield,Midfield,right,0.0,Genoa U20,8517,200000.0,2025-06-26,0.4485049833887043,0.29900332225913623,0.7475083056478405,19.6
1045826,24/25,Belediye Derince Spor,2.Lig Kirmizi,28.0,3.0,2.0,604.0,Tugay Güner (1045826),2004-05-19,Türkiye,Midfield - Central Midfield,Midfield,left,174.0,Altinordu FK,12374,100000.0,2025-06-19,0.4470198675496689,0.2980132450331126,0.7450331125827815,22.3
1073955,24/25,Sparta Rotterdam U21,Tweede Divisie,11.0,1.0,4.0,606.0,Mohamed Oukhattou (1073955),2005-01-22,Netherlands  Morocco,Midfield - Attacking Midfield,Midfield,right,180.0,Sparta Rotterdam U21,8621,0.0,2025-07-02,0.1485148514851485,0.594059405940594,0.7425742574257426,21.6
1300468,24/25,Modena Under 17,Under 17 - A,23.0,3.0,2.0,607.0,Treasure Egharevba (1300468),2008-06-23,Italy  Nigeria,Midfield - Left Midfield,Midfield,left,0.0,Modena Primavera,14908,,,0.4448105436573311,0.29654036243822074,0.7413509060955519,18.2
694186,24/25,Sparta Rotterdam,Eredivisie,14.0,2.0,3.0,608.0,Kristian Hlynsson (694186),2004-01-23,Iceland,Midfield - Attacking Midfield,Midfield,right,179.0,Twente Enschede FC,317,4000000.0,2025-05-27,0.29605263157894735,0.444078947368421,0.7401315789473684,22.6
1242714,2025,Mjøndalen IF,OBOS-ligaen,19.0,2.0,3.0,610.0,Fabian Kvam (1242714),2005-10-18,Norway,Defender - Left-Back,Defender,,0.0,Mjøndalen IF,11338,75000.0,2025-06-25,0.29508196721311475,0.4426229508196722,0.7377049180327869,20.8
671682,24/25,Jong Genk,CPL,25.0,3.0,3.0,734.0,Thomas Claes (671682),2004-03-26,Belgium,Midfield - Central Midfield,Midfield,right,181.0,Zulte Waregem,3508,400000.0,2025-06-11,0.3678474114441417,0.3678474114441417,0.7356948228882834,22.4
694592,24/25,SKN St. Pölten Juniors,LL Niederösterreich,12.0,1.0,7.0,987.0,Nicolas Wisak (694592),2004-02-03,Austria,Midfield - Defensive Midfield,Midfield,,0.0,SV Oberwart,4376,0.0,2025-06-30,0.09118541033434652,0.6382978723404256,0.7294832826747721,22.5
890860,24/25,Mansfield Town,League One,19.0,2.0,3.0,617.0,Caylan Vickers (890860),2004-12-22,England  India,Midfield - Attacking Midfield,Midfield,right,172.0,Barnsley FC,349,200000.0,2025-06-17,0.2917341977309562,0.4376012965964344,0.7293354943273906,21.7
1173926,24/25,SL Benfica B,Liga Portugal 2,20.0,2.0,3.0,618.0,Leandro Santos (1173926),2005-09-28,Portugal,Defender - Right-Back,Defender,right,181.0,SL Benfica,294,1000000.0,2025-05-29,0.29126213592233013,0.4368932038834951,0.7281553398058253,20.9
935508,24/25,AC Milan Primavera,Primavera 1,21.0,2.0,4.0,742.0,Victor Eletu (935508),2005-04-01,Nigeria,Midfield - Defensive Midfield,Midfield,left,176.0,Milan Futuro,41107,250000.0,2025-06-26,0.24258760107816713,0.48517520215633425,0.7277628032345014,21.4
775994,24/25,FC Utrecht U21,Keuken Kampioen Divisie,36.0,3.0,2.0,620.0,Lynden Edhart (775994),2005-10-04,Netherlands,Attack - Left Winger,Attack,,0.0,FC Utrecht U21,17596,300000.0,2025-06-08,0.43548387096774194,0.2903225806451613,0.7258064516129032,20.9
1226571,2025,Dundalk FC,First Division,21.0,2.0,5.0,873.0,Sean Keogh (1226571),2006-04-15,Ireland,Defender - Left-Back,Defender,,178.0,Brighton & Hove Albion U21,39336,,,0.2061855670103093,0.5154639175257731,0.7216494845360825,20.3
1002305,2025,Sarpsborg 08 FF,Eliteserien,14.0,2.0,3.0,625.0,Sondre Ørjasæter (1002305),2003-11-28,Norway,Attack - Left Winger,Attack,right,180.0,Twente Enschede FC,317,7000000.0,2025-06-17,0.28800000000000003,0.43199999999999994,0.72,22.7
796297,24/25,Sunderland AFC,Championship,40.0,4.0,3.0,877.0,Jobe Bellingham (796297),2005-09-23,England  Ireland,Midfield - Central Midfield,Midfield,right,191.0,Borussia Dortmund,16,22000000.0,2025-05-26,0.4104903078677309,0.30786773090079816,0.7183580387685291,20.9
604753,24/25,Beykoz Anadolu Spor,2.Lig Beyaz,33.0,4.0,1.0,627.0,Ünal Durmuşhan (604753),2003-10-20,Türkiye  Germany,Attack - Second Striker,Attack,right,0.0,Hatayspor,7775,100000.0,2025-06-19,0.5741626794258373,0.14354066985645933,0.7177033492822966,22.8
829267,24/25,Hannover 96 II,3. Liga,28.0,2.0,3.0,638.0,Stefano Marino (829267),2004-03-12,Germany  Italy,Attack - Centre-Forward,Attack,right,186.0,SC Paderborn 07,127,150000.0,2025-06-10,0.28213166144200624,0.42319749216300945,0.7053291536050157,22.4
922698,24/25,Chelsea FC U21,Premier League 2,18.0,2.0,4.0,767.0,Ishé Samuels-Smith (922698),2006-06-05,England  Jamaica,Defender - Left-Back,Defender,left,186.0,Swansea City,2288,700000.0,2025-05-29,0.2346805736636245,0.469361147327249,0.7040417209908735,20.2
937342,24/25,Inter Milan Primavera,Primavera 1,26.0,2.0,5.0,897.0,Matteo Motta (937342),2005-02-10,Italy,Defender - Left-Back,Defender,left,0.0,FC Lumezzane,4103,200000.0,2025-06-26,0.20066889632107024,0.5016722408026756,0.7023411371237458,21.5
965351,24/25,Chojniczanka Chojnice,Betclic 2 Liga,29.0,3.0,2.0,641.0,Patryk Olejnik (965351),2006-03-15,Poland,Midfield - Defensive Midfield,Midfield,right,186.0,Chojniczanka Chojnice,28887,,,0.421216848673947,0.28081123244929795,0.7020280811232449,20.4
885046,24/25,Blackburn Rovers U21,Premier League 2,15.0,2.0,3.0,646.0,James Edmondson (885046),2005-11-01,England,Midfield - Central Midfield,Midfield,,0.0,Macclesfield FC,85287,,,0.2786377708978328,0.4179566563467492,0.6965944272445821,20.8
935281,24/25,Real Madrid Castilla,Primera Federación - Gr. II,37.0,3.0,5.0,1035.0,David Jiménez (935281),2004-03-14,Spain,Defender - Right-Back,Defender,right,170.0,Real Madrid Castilla,6767,400000.0,2025-06-24,0.2608695652173913,0.43478260869565216,0.6956521739130435,22.4
1309919,24/25,Lecce Under 18,Under 18,24.0,3.0,2.0,647.0,Andrea Palmieri (1309919),2008-04-05,Italy,Defender - Left-Back,Defender,,0.0,Lecce Primavera,5618,,,0.41731066460587324,0.2782071097372488,0.695517774343122,18.4
865682,24/25,Oud-Heverlee Leuven,Jupiler Pro League,28.0,2.0,6.0,1042.0,Ezechiel Banzuzi (865682),2005-02-16,Netherlands  DR Congo,Midfield - Central Midfield,Midfield,right,191.0,RB Leipzig,23826,13000000.0,2025-06-11,0.1727447216890595,0.5182341650671786,0.6909788867562381,21.5
717916,24/25,Zaglebie Lubin II,Betclic 2 Liga,18.0,2.0,4.0,784.0,Kacper Terlecki (717916),2005-07-31,Poland,Midfield - Defensive Midfield,Midfield,left,183.0,Polonia Bytom,7976,150000.0,2025-06-05,0.22959183673469385,0.4591836734693877,0.6887755102040816,21.1
937671,24/25,Wolverhampton Wanderers U21,Premier League 2,12.0,1.0,4.0,654.0,Leo Lopes (937671),2004-11-05,Portugal,Attack - Left Winger,Attack,,0.0,Wolverhampton Wanderers U21,24226,0.0,2024-01-16,0.13761467889908258,0.5504587155963303,0.6880733944954129,21.8
766258,24/25,Vitória Guimarães SC,Liga Portugal,17.0,2.0,3.0,655.0,Kaio César (766258),2004-02-15,Brazil,Attack - Right Winger,Attack,left,168.0,Al-Hilal SFC,1114,5000000.0,2025-05-26,0.2748091603053435,0.4122137404580153,0.6870229007633588,22.5
912840,24/25,FC Ingolstadt 04 II,Bayernliga Nord,31.0,4.0,1.0,656.0,Valentin Hoti (912840),2004-02-16,Kosovo,Midfield - Central Midfield,Midfield,,0.0,KF Dukagjini,46887,,,0.5487804878048781,0.13719512195121952,0.6859756097560976,22.5
907212,24/25,Tottenham Hotspur U21,Premier League 2,20.0,2.0,3.0,657.0,Maxwell McKnight (907212),2004-10-03,England,Defender - Right-Back,Defender,right,0.0,Brentford FC B,54704,,,0.273972602739726,0.410958904109589,0.684931506849315,21.9
814992,2025,Tromsø IL,Eliteserien,19.0,2.0,3.0,660.0,Runar Norheim (814992),2005-02-14,Norway,Midfield - Left Midfield,Midfield,right,184.0,FC Nordsjaelland,2778,2000000.0,2025-06-17,0.2727272727272727,0.40909090909090906,0.6818181818181818,21.5
910541,24/25,Hamburger SV,2. Bundesliga,22.0,1.0,4.0,665.0,Fabio Baldé (910541),2005-07-20,Portugal  Germany,Attack - Left Winger,Attack,right,182.0,Hamburger SV,41,2000000.0,2025-06-18,0.13533834586466167,0.5413533834586467,0.6766917293233083,21.1
1165620,2025,Ventura County FC,MLS Next Pro,22.0,3.0,2.0,668.0,Tommy Musto (1165620),2003-11-10,United States,Midfield - Defensive Midfield,Midfield,,0.0,Ventura County FC,33285,100000.0,2024-12-11,0.40419161676646703,0.2694610778443114,0.6736526946107784,22.8
1067817,24/25,Volos NPS U19,Super League U19,23.0,3.0,2.0,669.0,Klearchos Vainopoulos (1067817),2005-06-01,Greece,Midfield - Central Midfield,Midfield,,0.0,Volos NPS,60949,,,0.40358744394618834,0.26905829596412556,0.6726457399103138,21.2
935342,24/25,Sevilla Atlético,Primera Federación - Gr. II,22.0,2.0,3.0,670.0,Alberto Collado (935342),2005-04-16,Spain,Midfield - Central Midfield,Midfield,right,0.0,Sevilla Atlético,8519,200000.0,2025-06-24,0.26865671641791045,0.40298507462686567,0.6716417910447761,21.3
1187549,24/25,Fiorentina Under 17,Under 17 - C,20.0,2.0,4.0,807.0,Christian Melai (1187549),2008-01-10,Italy,Midfield - Attacking Midfield,Midfield,right,0.0,Fiorentina Under 18,75901,,,0.22304832713754646,0.44609665427509293,0.6691449814126393,18.6
1048149,24/25,AC Mestre,Serie D - C,31.0,3.0,3.0,809.0,Andrea Piantoni (1048149),2006-10-08,Italy,Midfield - Central Midfield,Midfield,both,180.0,US Folgore Caratese,26251,200000.0,2025-05-14,0.33374536464771326,0.33374536464771326,0.6674907292954265,19.9
986173,24/25,Piacenza Calcio 1919,Serie D - D,29.0,2.0,5.0,944.0,Pasquale Ruiz Giraldo (986173),2004-06-09,Italy,Defender - Left-Back,Defender,left,172.0,AC Renate,24898,150000.0,2025-05-14,0.1906779661016949,0.47669491525423724,0.6673728813559321,22.2
663228,24/25,AFC Fylde,National League,29.0,3.0,2.0,675.0,Tyler Roberts (663228),2003-12-22,Jamaica  England,Midfield - Right Midfield,Midfield,right,177.0,Tamworth FC,3539,0.0,2024-09-26,0.4,0.26666666666666666,0.6666666666666667,22.7
966420,24/25,Gateshead FC,National League,15.0,1.0,4.0,676.0,Tyrell Sellars-Fleming (966420),2005-05-31,England  Jamaica,Attack - Centre-Forward,Attack,right,173.0,Hull City U21,19715,0.0,2025-03-17,0.1331360946745562,0.5325443786982248,0.665680473372781,21.2
1176263,24/25,Angers SCO B,National 3 - Grp. B,17.0,2.0,3.0,676.0,Amine Moussaoui (1176263),2006-12-28,France  Algeria,Midfield - Attacking Midfield,Midfield,left,181.0,Angers SCO,1420,,,0.2662721893491124,0.3994082840236686,0.665680473372781,19.6
807205,24/25,Kickers Emden,Regionalliga Nord,26.0,2.0,4.0,814.0,Luis Podolski (807205),2004-06-21,Germany,Defender - Right-Back,Defender,,0.0,KSV Hessen Kassel,373,50000.0,2025-06-23,0.22113022113022113,0.44226044226044225,0.6633906633906634,22.2
938673,24/25,Sassuolo Primavera,Primavera 1,24.0,2.0,5.0,950.0,Luca Barani (938673),2006-03-20,Italy,Defender - Left-Back,Defender,left,0.0,Sassuolo Primavera,19114,200000.0,2025-06-26,0.18947368421052632,0.47368421052631576,0.6631578947368421,20.4
700106,24/25,Brighton & Hove Albion,Premier League,21.0,1.0,4.0,681.0,Brajan Gruda (700106),2004-05-31,Germany  Albania,Attack - Right Winger,Attack,left,178.0,Brighton & Hove Albion,1237,25000000.0,2025-05-29,0.13215859030837004,0.5286343612334802,0.6607929515418502,22.2
912081,24/25,Stoke City,Championship,45.0,3.0,5.0,1090.0,Jun-ho Bae (912081),2003-08-21,"Korea, South",Midfield - Attacking Midfield,Midfield,right,180.0,Stoke City,512,3000000.0,2025-05-26,0.24770642201834864,0.41284403669724773,0.6605504587155964,23.0
803401,24/25,Watford FC,Championship,38.0,3.0,2.0,692.0,Ryan Andrews (803401),2004-08-26,England,Defender - Right-Back,Defender,right,181.0,BSC Young Boys,452,2500000.0,2025-05-26,0.3901734104046242,0.26011560693641617,0.6502890173410404,22.0
1122899,24/25,Sampdoria Primavera,Primavera 1,29.0,2.0,4.0,833.0,Thiago (1122899),2005-02-16,Brazil,Attack - Right Winger,Attack,right,186.0,Sampdoria Primavera,12001,75000.0,2025-06-26,0.2160864345738295,0.432172869147659,0.6482593037214885,21.5
1049911,24/25,Manchester United U18,U18 Premier League,17.0,1.0,9.0,1390.0,Tyler Fletcher (1049911),2007-03-19,Scotland  England,Midfield - Central Midfield,Midfield,right,0.0,Manchester United U21,9251,,,0.06474820143884892,0.5827338129496402,0.6474820143884892,19.4
910747,24/25,FC Ufa,1.Division,32.0,3.0,3.0,845.0,Migran Ageyan (910747),2004-03-25,Russia  Armenia,Midfield - Attacking Midfield,Midfield,both,164.0,FC Ufa,28095,400000.0,2025-06-01,0.3195266272189349,0.3195266272189349,0.6390532544378698,22.4
931021,24/25,FC Utrecht U21,Keuken Kampioen Divisie,32.0,3.0,2.0,706.0,Sil van der Wegen (931021),2005-01-01,Netherlands,Midfield - Central Midfield,Midfield,,0.0,FC Utrecht U21,17596,325000.0,2025-06-08,0.3824362606232295,0.254957507082153,0.6373937677053825,21.6
821115,24/25,AC Ospitaletto,Serie D - B,34.0,3.0,2.0,712.0,Mattia Guarneri (821115),2004-04-21,Italy,Midfield - Central Midfield,Midfield,right,177.0,CPR Ospitaletto,5542,100000.0,2025-05-14,0.3792134831460674,0.25280898876404495,0.6320224719101124,22.3
938728,24/25,Arenas Club,Segunda Federación - Gr. II,33.0,3.0,2.0,712.0,Ibon Badiola (938728),2004-10-01,Spain,Midfield - Central Midfield,Midfield,right,178.0,Atlético Malagueño,5649,200000.0,2025-06-24,0.3792134831460674,0.25280898876404495,0.6320224719101124,21.9
655006,24/25,RC Strasbourg Alsace,Ligue 1,32.0,2.0,7.0,1289.0,Diego Moreira (655006),2004-08-06,Belgium  Portugal,Midfield - Left Midfield,Midfield,left,179.0,RC Strasbourg Alsace,667,18000000.0,2025-06-02,0.13964313421256788,0.48875096974398763,0.6283941039565555,22.0
601495,24/25,FC Groningen,Eredivisie,32.0,2.0,7.0,1305.0,Luciano Valente (601495),2003-10-04,Netherlands  Italy,Midfield - Attacking Midfield,Midfield,right,189.0,Feyenoord Rotterdam,234,7000000.0,2025-05-27,0.13793103448275862,0.48275862068965514,0.6206896551724137,22.9
942805,24/25,Parma Primavera,Primavera 2 - A,20.0,2.0,3.0,728.0,Antonio Castaldo (942805),2006-02-14,Italy,Defender - Left-Back,Defender,left,0.0,Parma Primavera,5243,25000.0,2025-05-27,0.24725274725274726,0.3708791208791209,0.6181318681318682,20.5
1154305,24/25,US Lavis,Serie D - C,32.0,2.0,7.0,1313.0,Simone Ischia (1154305),2006-09-30,Italy,Midfield - Central Midfield,Midfield,,0.0,Chievo Verona,862,125000.0,2025-05-14,0.1370906321401371,0.4798172124904798,0.6169078446306169,19.9
745284,24/25,Lokomotiv Moscow,Premier Liga,20.0,1.0,4.0,732.0,Vadim Rakov (745284),2005-01-09,Russia,Attack - Right Winger,Attack,both,178.0,Krylya Sovetov Samara,2696,1200000.0,2025-06-03,0.12295081967213115,0.4918032786885246,0.6147540983606558,21.6
615239,2025,Oskarshamns AIK,Ettan Södra,21.0,2.0,4.0,881.0,Ludvig Navik (615239),2003-11-02,Sweden,Midfield - Central Midfield,Midfield,right,184.0,Oskarshamns AIK,28447,0.0,2024-07-31,0.2043132803632236,0.4086265607264472,0.6129398410896708,22.8
924857,24/25,Motherwell FC,Premiership,27.0,2.0,6.0,1178.0,Lennon Miller (924857),2006-08-25,Scotland,Midfield - Central Midfield,Midfield,right,182.0,Udinese Calcio,410,8000000.0,2025-06-16,0.15280135823429541,0.4584040747028863,0.6112054329371817,20.0
821188,24/25,FC Lumezzane,Serie C-A,31.0,2.0,3.0,738.0,Matteo Ferro (821188),2004-02-27,Italy,Attack - Second Striker,Attack,right,178.0,FC Lumezzane,4103,175000.0,2025-06-18,0.24390243902439024,0.3658536585365854,0.6097560975609757,22.5
852517,24/25,Bristol Rovers,League One,31.0,2.0,3.0,741.0,Shaqai Forde (852517),2004-05-05,England  Barbados,Attack - Right Winger,Attack,left,174.0,Bristol Rovers,2455,250000.0,2025-06-17,0.242914979757085,0.3643724696356275,0.6072874493927125,22.3
914716,24/25,Hertha BSC II,Regionalliga Northeast,26.0,3.0,2.0,744.0,Eliyas Strasner (914716),2005-03-02,Germany,Defender - Left-Back,Defender,left,179.0,Hertha BSC II,45,200000.0,2025-06-22,0.3629032258064516,0.24193548387096775,0.6048387096774194,21.5
450229,24/25,HNK Vukovar 1991,Prva NL,29.0,2.0,3.0,745.0,Marlon Roos-Trujillo (450229),2003-08-16,Germany  Colombia,Midfield - Attacking Midfield,Midfield,right,180.0,HNK Vukovar 1991,456,200000.0,2025-06-26,0.24161073825503354,0.36241610738255037,0.6040268456375839,23.0
1296236,24/25,Pro Vercelli Primavera,Primavera 2 - A,21.0,2.0,2.0,600.0,Simone Foti (1296236),2007-12-25,Italy,Attack,Attack,,0.0,Pro Vercelli Primavera,26370,,,0.30000000000000004,0.30000000000000004,0.6000000000000001,18.7
944070,2025,Jönköpings Södra IF,Ettan Södra,21.0,2.0,3.0,754.0,Isak Ellbring (944070),2004-07-18,Sweden,Midfield - Central Midfield,Midfield,right,0.0,Jönköpings Södra IF,7411,,,0.23872679045092837,0.35809018567639256,0.596816976127321,22.1
1079869,24/25,Viborg FF U19,U19 Boys Division,26.0,3.0,1.0,604.0,Mikkel Løndal (1079869),2006-05-31,Denmark,Defender - Right-Back,Defender,right,177.0,Viborg FF,1063,,,0.4470198675496689,0.1490066225165563,0.5960264900662252,20.2
1112283,24/25,VfB Lübeck II,Oberliga Schleswig-Holstein,20.0,1.0,9.0,1513.0,Mika Lehnfeld (1112283),2005-12-06,Germany,Attack - Right Winger,Attack,right,187.0,VfB Lübeck,78,25000.0,2025-06-23,0.05948446794448116,0.5353602115003304,0.5948446794448116,20.7
1074628,24/25,FC Lorient,Ligue 2,32.0,2.0,6.0,1211.0,Arthur Avom (1074628),2004-12-15,Cameroon,Midfield - Central Midfield,Midfield,right,173.0,FC Lorient,1158,5000000.0,2025-06-01,0.1486374896779521,0.4459124690338563,0.5945499587118084,21.7
1160106,2025,CA Barracas Central,Apertura,11.0,1.0,4.0,757.0,Javier Ruiz (1160106),2004-09-24,Argentina,Midfield - Attacking Midfield,Midfield,right,173.0,CA Barracas Central,25184,2000000.0,2025-06-01,0.11889035667107001,0.47556142668428003,0.59445178335535,21.9
709982,2025,IF Brommapojkarna,Allsvenskan,10.0,1.0,3.0,606.0,Kaare Barslund (709982),2004-03-23,Denmark,Defender - Right-Back,Defender,right,182.0,IF Brommapojkarna,1092,400000.0,2025-06-17,0.1485148514851485,0.44554455445544555,0.594059405940594,22.4
1000274,2025,Crown Legacy FC,MLS Next Pro,22.0,2.0,2.0,607.0,Brian Romero (1000274),2006-05-11,United States  Mexico,Attack - Right Winger,Attack,,0.0,Charlotte FC,78435,150000.0,2025-06-04,0.29654036243822074,0.29654036243822074,0.5930807248764415,20.3
1135629,24/25,Monopoli Primavera,Primavera 2 - B,29.0,4.0,0.0,607.0,Christian De Gennaro (1135629),2005-02-10,Italy,Midfield - Central Midfield,Midfield,,185.0,Monopoli Primavera,100631,50000.0,2025-05-27,0.5930807248764415,0.0,0.5930807248764415,21.5
1050339,24/25,Southampton FC U18,U18 Premier League,19.0,1.0,9.0,1524.0,Aston Daley (1050339),2006-11-29,England,Midfield - Central Midfield,Midfield,right,178.0,Southampton FC U21,36546,,,0.05905511811023622,0.5314960629921259,0.5905511811023622,19.7
745368,24/25,AC Carpi,Serie C-B,30.0,3.0,1.0,610.0,Filippo Puletto (745368),2004-05-01,Italy,Midfield - Attacking Midfield,Midfield,right,180.0,Without Club,515,150000.0,2025-06-18,0.4426229508196722,0.14754098360655737,0.5901639344262295,22.3
1049865,24/25,FC Pistoiese,Serie D - D,20.0,2.0,2.0,610.0,Rajan Maloku (1049865),2004-10-27,Italy  Albania,Defender - Right-Back,Defender,right,0.0,Without Club,515,75000.0,2025-05-14,0.29508196721311475,0.29508196721311475,0.5901639344262295,21.8
1126258,24/25,Jong Genk,CPL,14.0,2.0,2.0,610.0,Yumeki Yoshinaga (1126258),2006-02-22,Japan,Defender - Left-Back,Defender,left,177.0,Jong Genk,46736,300000.0,2025-04-23,0.29508196721311475,0.29508196721311475,0.5901639344262295,20.5
667521,24/25,Cardiff City,Championship,28.0,2.0,3.0,763.0,Cian Ashford (667521),2004-09-24,Wales,Midfield - Attacking Midfield,Midfield,both,179.0,Cardiff City,603,1200000.0,2025-05-26,0.23591087811271297,0.3538663171690694,0.5897771952817824,21.9
1306214,24/25,FC Stade-Lausanne-Ouchy II,2. Liga Inter - Gr. 2,29.0,4.0,0.0,611.0,Julen Carrasco (1306214),2004-11-01,Switzerland  Spain,Defender - Right-Back,Defender,right,184.0,FC Stade-Lausanne-Ouchy II,51721,,,0.5891980360065466,0.0,0.5891980360065466,21.8
961642,24/25,Fulham FC U21,Premier League 2,19.0,2.0,3.0,765.0,Chris Donnell (961642),2004-01-24,Australia  Scotland,Midfield - Central Midfield,Midfield,right,178.0,Without Club,515,150000.0,2025-05-29,0.23529411764705882,0.3529411764705882,0.588235294117647,22.6
882964,24/25,Sassuolo Primavera,Primavera 1,35.0,4.0,1.0,766.0,Claudio Parlato (882964),2005-02-04,Italy,Defender - Right-Back,Defender,right,186.0,Audace Cerignola,22249,450000.0,2025-06-26,0.4699738903394256,0.1174934725848564,0.587467362924282,21.5
1124242,24/25,Juventus Primavera,Primavera 1,17.0,1.0,4.0,766.0,Antonio Stefano Merola (1124242),2007-01-05,Italy,Attack - Left Winger,Attack,right,0.0,Juventus Primavera,11008,,,0.1174934725848564,0.4699738903394256,0.587467362924282,19.6
866086,24/25,SL Benfica B,Liga Portugal 2,31.0,4.0,0.0,613.0,Joshua Wynder (866086),2005-05-02,United States,Defender - Centre-Back,Defender,right,186.0,SL Benfica B,10330,1500000.0,2025-06-22,0.5872756933115824,0.0,0.5872756933115824,21.3
926952,24/25,US Lecce,Serie A,21.0,3.0,1.0,614.0,Patrick Dorgu (926952),2004-10-26,Denmark  Nigeria,Defender - Left-Back,Defender,left,185.0,Manchester United,985,25000000.0,2025-05-29,0.43973941368078173,0.1465798045602606,0.5863192182410424,21.8
947411,24/25,Sunderland AFC,Championship,42.0,4.0,1.0,768.0,Chris Rigg (947411),2007-06-18,England,Midfield - Attacking Midfield,Midfield,left,177.0,Sunderland AFC,289,20000000.0,2025-05-26,0.46875,0.1171875,0.5859375,19.2
924687,24/25,SV Wilhelmshaven,OL Niedersachsen,14.0,1.0,5.0,922.0,Yesua Motango (924687),2005-03-28,DR Congo,Attack - Left Winger,Attack,,177.0,SV Wilhelmshaven,96,0.0,2025-01-02,0.09761388286334056,0.4880694143167028,0.5856832971800434,21.4
1168042,24/25,Sassuolo Under 18,Under 18,32.0,3.0,1.0,615.0,Yago Goulart (1168042),2007-10-14,Italy  Brazil,Attack - Left Winger,Attack,right,176.0,Modena Primavera,14908,,,0.43902439024390244,0.14634146341463414,0.5853658536585366,18.8
933035,24/25,SSD NovaRomentin,Serie D - A,33.0,2.0,5.0,1077.0,Samuele Gerbino (933035),2004-08-03,Italy,Midfield - Central Midfield,Midfield,,0.0,Derthona FBC,22204,125000.0,2025-05-14,0.1671309192200557,0.41782729805013924,0.5849582172701949,22.0
718303,24/25,AZ Alkmaar,Eredivisie,23.0,2.0,3.0,771.0,Ernest Poku (718303),2004-01-28,Netherlands  Ghana,Attack - Right Winger,Attack,right,176.0,Bayer 04 Leverkusen,15,4000000.0,2025-05-27,0.23346303501945526,0.35019455252918286,0.5836575875486381,22.6
878150,25/26,Bolton Wanderers,League One,7.0,1.0,3.0,618.0,Amario Cozier-Duberry (878150),2005-05-29,England  Montserrat,Attack - Right Winger,Attack,left,170.0,Bolton Wanderers,355,2000000.0,2025-05-26,0.14563106796116507,0.4368932038834951,0.5825242718446602,21.2
984329,24/25,NK Dugopolje,Prva NL,28.0,2.0,3.0,773.0,Bosko Jemo (984329),2004-12-08,Croatia,Attack - Centre-Forward,Attack,,0.0,NK Dugopolje,11148,50000.0,2025-06-26,0.2328589909443726,0.34928848641655885,0.5821474773609314,21.7
903202,24/25,Bologna Primavera,Primavera 1,16.0,2.0,2.0,620.0,Jordi Jaku (903202),2006-03-27,Albania,Midfield - Central Midfield,Midfield,right,179.0,Bologna Primavera,14848,200000.0,2025-06-26,0.2903225806451613,0.2903225806451613,0.5806451612903226,20.4
834468,24/25,Lazio U20,Primavera 1,34.0,2.0,5.0,1088.0,Cristo Muñoz (834468),2005-02-01,Spain,Midfield - Attacking Midfield,Midfield,right,179.0,SS Lazio,398,250000.0,2025-06-16,0.16544117647058823,0.4136029411764706,0.5790441176470589,21.5
1190028,24/25,Fiorentina Under 18,Under 18,31.0,4.0,0.0,623.0,Piergiorgio Bonanno (1190028),2007-06-27,Italy,Midfield - Central Midfield,Midfield,right,0.0,Fiorentina Primavera,8505,,,0.5778491171749599,0.0,0.5778491171749599,19.1
1053771,24/25,Lazio U20,Primavera 1,29.0,2.0,3.0,781.0,Lorenzo Ferrari (1053771),2006-02-04,Italy,Defender - Right-Back,Defender,right,0.0,Lazio U20,12816,100000.0,2025-06-26,0.23047375160051214,0.34571062740076824,0.5761843790012804,20.5
597424,24/25,TSV Hartberg,Bundesliga,22.0,1.0,3.0,625.0,Marco Hoffmann (597424),2003-11-08,Austria,Attack - Centre-Forward,Attack,,0.0,TSV Hartberg,4467,300000.0,2025-06-05,0.14400000000000002,0.43199999999999994,0.576,22.8
1119906,24/25,Dijon FCO,Championnat National,19.0,1.0,3.0,625.0,Abdelmajid Djae (1119906),2005-06-03,France  Comoros,Attack - Left Winger,Attack,right,187.0,Dijon FCO,2969,200000.0,2025-05-25,0.14400000000000002,0.43199999999999994,0.576,21.2
706700,24/25,Queen of the South FC,League One,24.0,2.0,2.0,628.0,,2005-06-21,Scotland,Midfield - Central Midfield,Midfield,right,178.0,Cove Rangers FC,8933,,,0.28662420382165604,0.28662420382165604,0.5732484076433121,21.2
1163767,24/25,Legia Warsaw II,Betclic 3 Liga - Group I,29.0,3.0,2.0,786.0,Pascal Mozie (1163767),2008-05-06,Poland  Nigeria,Midfield - Defensive Midfield,Midfield,left,186.0,Legia Warszawa,255,200000.0,2025-06-05,0.34351145038167935,0.22900763358778628,0.5725190839694656,18.3
1097465,24/25,Szentlőrinc SE,NB II.,23.0,3.0,1.0,629.0,Boldizsár Rab (1097465),2005-09-24,Hungary,Midfield - Defensive Midfield,Midfield,right,0.0,Vasas FC,5378,100000.0,2025-05-27,0.4292527821939586,0.14308426073131955,0.5723370429252782,20.9
820620,24/25,Atalanta U23,Serie C-A,30.0,3.0,2.0,787.0,Tommaso Del Lungo (820620),2003-11-21,Italy,Defender - Centre-Back,Defender,right,186.0,Virtus Entella,20519,500000.0,2025-06-18,0.34307496823379924,0.2287166454891995,0.5717916137229988,22.7
936509,24/25,ASD Brian Lignano,Serie D - C,37.0,3.0,3.0,945.0,Daniel Tarko (936509),2005-07-11,Albania  Italy,Attack - Second Striker,Attack,,0.0,ASD Brian Lignano,58808,150000.0,2025-05-14,0.2857142857142857,0.2857142857142857,0.5714285714285714,21.1
910615,24/25,Siracusa Calcio,Serie D - I,32.0,3.0,3.0,948.0,Francesco Pistolesi (910615),2005-03-11,Italy,Defender - Left-Back,Defender,left,176.0,AZ Picerno,49430,250000.0,2025-05-14,0.2848101265822785,0.2848101265822785,0.569620253164557,21.4
1010300,2025,Philadelphia Union II,MLS Next Pro,14.0,2.0,2.0,632.0,David Vazquez (1010300),2006-02-22,United States,Midfield - Right Midfield,Midfield,left,175.0,San Diego FC,114977,75000.0,2025-06-04,0.2848101265822785,0.2848101265822785,0.569620253164557,20.5
1249275,24/25,Elche Ilicitano,Segunda Federación - Gr. III,32.0,2.0,4.0,950.0,Mario Guilabert (1249275),2005-12-22,Spain,Midfield - Central Midfield,Midfield,,0.0,Valencia Mestalla,6182,100000.0,2025-06-24,0.18947368421052632,0.37894736842105264,0.5684210526315789,20.7
660747,24/25,Berchem Sport,2de Nat. VV B,30.0,4.0,0.0,634.0,Kenneth Boakye (660747),2003-12-31,Belgium  Ghana,Midfield - Defensive Midfield,Midfield,right,177.0,Berchem Sport,3171,,,0.5678233438485805,0.0,0.5678233438485805,22.6
906537,24/25,Kickers Offenbach II,VL Hessen-Süd,29.0,4.0,0.0,634.0,Roko Mrvelj (906537),2004-05-16,Germany  Croatia,Midfield - Defensive Midfield,Midfield,left,191.0,Albany Great Danes (University at Albany),9771,0.0,2024-06-29,0.5678233438485805,0.0,0.5678233438485805,22.3
1074059,24/25,Metalist Kharkiv,Persha Liga,18.0,2.0,2.0,634.0,Kyrylo Digtyar (1074059),2007-11-25,Ukraine,Defender - Left-Back,Defender,left,182.0,Metalist Kharkiv,83678,800000.0,2025-09-09,0.28391167192429023,0.28391167192429023,0.5678233438485805,18.7
928726,24/25,CA Osasuna Promesas,Primera Federación - Gr. I,32.0,2.0,4.0,957.0,Roberto Arroyo (928726),2003-08-25,Spain,Attack - Centre-Forward,Attack,both,181.0,CA Osasuna Promesas,8516,300000.0,2025-06-24,0.18808777429467086,0.3761755485893417,0.5642633228840126,23.0
995864,24/25,Enfield Town,National League South,16.0,1.0,4.0,798.0,Jack Bates (995864),2004-06-11,England,Midfield - Central Midfield,Midfield,right,177.0,Without Club,515,,,0.11278195488721804,0.45112781954887216,0.5639097744360901,22.2
1085624,24/25,Toulouse FC B,National 3 - Grp. A,23.0,3.0,1.0,640.0,Frédéric Efuele Ngoyala (1085624),2005-02-20,DR Congo  France,Defender,Defender,right,184.0,FC Toulouse,415,,,0.421875,0.140625,0.5625,21.5
1258095,24/25,Brescia Under 17,Under 17 - B,22.0,3.0,1.0,640.0,Samuel Beldenti (1258095),2008-05-09,Italy,Midfield - Defensive Midfield,Midfield,,0.0,Without Club,515,,,0.421875,0.140625,0.5625,18.3
693101,24/25,SV Ried,2. Liga,27.0,2.0,4.0,961.0,Jonas Mayer (693101),2004-06-29,Austria,Midfield - Central Midfield,Midfield,right,173.0,SV Ried,266,500000.0,2025-05-29,0.18730489073881376,0.3746097814776275,0.5619146722164413,22.1
734424,24/25,Dundee United FC,Premiership,31.0,3.0,2.0,802.0,Luca Stephenson (734424),2003-09-17,England,Midfield - Defensive Midfield,Midfield,right,182.0,Dundee United FC,1519,850000.0,2025-06-16,0.33665835411471323,0.22443890274314213,0.5610972568578554,22.9
1185019,24/25,Südtirol Primavera,Primavera 2 - A,27.0,3.0,2.0,803.0,Benedikt Rottensteiner (1185019),2005-07-29,Italy,Defender - Centre-Back,Defender,right,186.0,AC Bra,38322,100000.0,2025-06-01,0.33623910336239105,0.22415940224159403,0.5603985056039851,21.1
1159439,24/25,SC Freiburg U19,U19 Nachwuchsliga - Gr. A,12.0,1.0,5.0,965.0,Rouven Tarnutzer (1159439),2007-07-24,Switzerland  Germany,Midfield - Central Midfield,Midfield,right,181.0,SC Freiburg II,245,,,0.09326424870466321,0.46632124352331605,0.5595854922279793,19.1
743591,24/25,Manchester City,Premier League,29.0,1.0,10.0,1772.0,Savinho (743591),2004-04-10,Brazil,Attack - Right Winger,Attack,left,176.0,Manchester City,281,50000000.0,2025-05-29,0.05079006772009029,0.5079006772009029,0.5586907449209932,22.4
667455,24/25,SV Lafnitz,2. Liga,17.0,2.0,2.0,645.0,Burak Alili (667455),2004-02-11,Albania  Switzerland,Midfield - Central Midfield,Midfield,,182.0,FC Stade Nyonnais,5507,150000.0,2025-05-29,0.27906976744186046,0.27906976744186046,0.5581395348837209,22.5
890290,24/25,AFC Bournemouth,Premier League,32.0,3.0,2.0,807.0,Dean Huijsen (890290),2005-04-14,Spain  Netherlands,Defender - Centre-Back,Defender,both,197.0,Real Madrid,418,60000000.0,2025-05-29,0.33457249070631967,0.22304832713754646,0.5576208178438662,21.3
1138758,24/25,Sporting CP,Liga Portugal,34.0,2.0,5.0,1130.0,Geovany Quenda (1138758),2007-04-30,Portugal  Guinea-Bissau,Attack - Right Winger,Attack,left,172.0,Sporting CP,336,45000000.0,2025-05-29,0.1592920353982301,0.39823008849557523,0.5575221238938053,19.3
1037996,24/25,Burnley FC U21,Premier League Cup,8.0,1.0,3.0,647.0,Tommy McDermott (1037996),2005-06-01,England,Midfield - Attacking Midfield,Midfield,,178.0,Shrewsbury Town,3054,100000.0,2025-05-26,0.1391035548686244,0.41731066460587324,0.5564142194744977,21.2
904802,24/25,Ajax Amsterdam,Eredivisie,31.0,2.0,6.0,1296.0,Jorrel Hato (904802),2006-03-07,Netherlands  Curacao,Defender - Left-Back,Defender,left,182.0,Chelsea FC,631,35000000.0,2025-05-27,0.1388888888888889,0.41666666666666663,0.5555555555555556,20.5
714460,24/25,Queen's Park FC,Championship,31.0,2.0,4.0,974.0,Ryan Duncan (714460),2004-01-18,Scotland,Attack - Left Winger,Attack,left,0.0,Aberdeen FC,370,300000.0,2024-12-02,0.18480492813141686,0.3696098562628337,0.5544147843942506,22.6
922462,24/25,Stoke City,Championship,43.0,3.0,2.0,812.0,Lewis Koumas (922462),2005-09-19,Wales  England,Attack - Left Winger,Attack,right,182.0,Birmingham City,337,2000000.0,2025-05-26,0.33251231527093594,0.22167487684729065,0.5541871921182266,20.9
1064305,24/25,FC Metz B,National 3 - Grp. H,23.0,3.0,1.0,652.0,Wassim Bahri (1064305),2005-02-20,France  Algeria,Midfield - Central Midfield,Midfield,right,176.0,RFC Seraing,2715,,,0.4141104294478528,0.13803680981595093,0.5521472392638037,21.5
993720,24/25,Hannover 96 U19,U19 Nachwuchsliga - Liga A,10.0,1.0,4.0,816.0,Alexander Vogel (993720),2006-01-13,Germany,Midfield - Attacking Midfield,Midfield,right,0.0,Hannover 96 II,1065,100000.0,2025-09-05,0.11029411764705882,0.4411764705882353,0.5514705882352942,20.6
984964,24/25,SS Juve Stabia,Serie B,26.0,2.0,4.0,981.0,Niccolò Fortini (984964),2006-02-13,Italy,Defender - Left-Back,Defender,right,185.0,ACF Fiorentina,430,8500000.0,2025-06-01,0.1834862385321101,0.3669724770642202,0.5504587155963303,20.5
801031,24/25,AZ Alkmaar U21,Keuken Kampioen Divisie,19.0,2.0,2.0,654.0,Lewis Schouten (801031),2004-02-04,Netherlands,Defender - Centre-Back,Defender,right,191.0,Excelsior Rotterdam,798,400000.0,2025-05-27,0.27522935779816515,0.27522935779816515,0.5504587155963303,22.5
1048151,24/25,Sant'Angelo,Serie D - B,36.0,3.0,3.0,983.0,Daniele Pollio (1048151),2006-06-10,Italy,Midfield - Central Midfield,Midfield,left,185.0,CPR Ospitaletto,5542,100000.0,2025-05-14,0.2746693794506612,0.2746693794506612,0.5493387589013224,20.2
941883,24/25,Valencia Mestalla,Segunda Federación - Gr. III,27.0,3.0,1.0,656.0,Martín Tejón (941883),2004-04-12,Spain,Midfield - Attacking Midfield,Midfield,right,165.0,CS Marítimo,1301,500000.0,2025-06-08,0.4115853658536585,0.13719512195121952,0.5487804878048781,22.4
1080510,24/25,Genoa Under 18,Under 18,30.0,4.0,0.0,656.0,Lorenzo Colonnese (1080510),2007-02-23,Italy,Defender - Centre-Back,Defender,right,0.0,Monza Primavera,84400,,,0.5487804878048781,0.0,0.5487804878048781,19.5
941104,24/25,CD Arenteiro,Primera Federación - Gr. I,20.0,2.0,3.0,821.0,Diego Gómez (941104),2004-07-31,Spain,Attack - Right Winger,Attack,left,177.0,FC Cartagena,7077,200000.0,2025-06-23,0.21924482338611448,0.3288672350791717,0.5481120584652862,22.1
982832,24/25,Recreativo Granada,Segunda Federación - Gr. IV,31.0,2.0,3.0,822.0,Adri Heredia (982832),2006-09-10,Spain,Midfield - Central Midfield,Midfield,right,0.0,CF Lorca Deportiva,49806,100000.0,2025-06-24,0.21897810218978103,0.3284671532846715,0.5474452554744526,19.9
1170585,24/25,LKS Lodz II,Betclic 2 Liga,21.0,2.0,2.0,663.0,Aleksander Iwanczyk (1170585),2007-02-12,Poland,Midfield - Defensive Midfield,Midfield,both,181.0,LKS Lodz,256,150000.0,2025-06-05,0.2714932126696833,0.2714932126696833,0.5429864253393666,19.5
733904,24/25,Rio Ave FC U23,Revelação U23 - Qualif. round,9.0,1.0,3.0,665.0,Michalis Patiras (733904),2004-05-13,Greece,Midfield - Attacking Midfield,Midfield,left,0.0,AE Kifisias,30120,0.0,2024-08-30,0.13533834586466167,0.406015037593985,0.5413533834586467,22.3
1173280,24/25,Samsunspor U19,U19 Süper Lig,25.0,2.0,3.0,832.0,Berat Efe Eser (1173280),2006-09-07,Türkiye,Defender - Left-Back,Defender,left,0.0,Bulvarspor,45738,,,0.21634615384615385,0.3245192307692308,0.5408653846153846,19.9
867711,24/25,Cardiff City,Championship,14.0,1.0,3.0,669.0,Will Alves (867711),2005-05-04,England  Portugal,Midfield - Attacking Midfield,Midfield,right,0.0,Huddersfield Town,1110,400000.0,2025-05-26,0.13452914798206278,0.40358744394618834,0.5381165919282511,21.3
705063,24/25,Pisa Sporting Club,Serie B,37.0,2.0,5.0,1177.0,Samuele Angori (705063),2003-10-07,Italy,Midfield - Left Midfield,Midfield,left,186.0,Pisa Sporting Club,4172,5500000.0,2025-06-01,0.15293118096856415,0.3823279524214104,0.5352591333899746,22.9
882772,24/25,Cádiz CF Mirandilla,Segunda Federación - Gr. IV,31.0,3.0,2.0,841.0,Álvaro Bastida (882772),2004-05-12,Spain,Midfield - Central Midfield,Midfield,right,179.0,CD Arenteiro,58946,200000.0,2025-06-24,0.3210463733650416,0.2140309155766944,0.535077288941736,22.3
855056,24/25,Pau FC,Ligue 2,28.0,2.0,2.0,673.0,Taïryk Arconte (855056),2003-11-12,Guadeloupe  France,Attack - Centre-Forward,Attack,,181.0,Rodez AF,11273,500000.0,2025-06-01,0.2674591381872214,0.2674591381872214,0.5349182763744428,22.8
701011,24/25,Huddersfield Town,League One,33.0,3.0,2.0,843.0,Brodie Spencer (701011),2004-05-06,Northern Ireland,Defender - Right-Back,Defender,right,182.0,Oxford United,988,1000000.0,2025-06-17,0.32028469750889677,0.21352313167259787,0.5338078291814946,22.3
1108010,24/25,Ratingen 04/19,Oberliga Niederrhein,30.0,3.0,2.0,844.0,James Shepard (1108010),2004-06-30,United States,Defender - Centre-Back,Defender,left,193.0,VfB Homberg,4840,,,0.31990521327014215,0.2132701421800948,0.533175355450237,22.1
1013853,24/25,Debreceni VSC,NB I.,25.0,2.0,2.0,676.0,Botond Vajda (1013853),2004-03-15,Hungary,Midfield - Left Midfield,Midfield,left,174.0,Debreceni VSC,84,250000.0,2025-05-27,0.2662721893491124,0.2662721893491124,0.5325443786982248,22.4
1065687,24/25,Calcio Brusaporto,Serie D - C,30.0,3.0,1.0,677.0,Fabrizio Franchini (1065687),2005-11-16,Italy,Midfield - Central Midfield,Midfield,,0.0,Calcio Brusaporto,56867,150000.0,2025-05-14,0.39881831610044316,0.1329394387001477,0.5317577548005908,20.8
775980,24/25,PSV Eindhoven U21,Keuken Kampioen Divisie,28.0,2.0,4.0,1021.0,Tim van den Heuvel (775980),2005-02-11,Netherlands,Midfield - Central Midfield,Midfield,left,185.0,Hannover 96 II,1065,300000.0,2025-06-08,0.1762977473065622,0.3525954946131244,0.5288932419196866,21.5
937168,24/25,Panathinaikos Athens U19,Super League U19,16.0,2.0,2.0,681.0,Elton Fikaj (937168),2005-10-18,Albania,Defender - Left-Back,Defender,left,188.0,Panathinaikos FC,265,300000.0,2025-05-22,0.2643171806167401,0.2643171806167401,0.5286343612334802,20.8
993982,24/25,US Follonica Gavorrano,Serie D - E,30.0,3.0,1.0,683.0,Enrico Tatti (993982),2006-09-05,Italy  Czech Republic,Midfield - Attacking Midfield,Midfield,left,0.0,Aquila Montevarchi 1902,4339,100000.0,2025-05-14,0.3953147877013177,0.13177159590043924,0.527086383601757,20.0
995017,24/25,US Angri 1927,Serie D - H,25.0,3.0,1.0,683.0,Octavio Casalongue (995017),2005-04-12,Argentina  Italy,Defender - Left-Back,Defender,left,185.0,Sassari Latte Dolce,45353,125000.0,2025-05-14,0.3953147877013177,0.13177159590043924,0.527086383601757,21.4
1101561,24/25,Pro Vercelli Primavera,Primavera 2 - A,26.0,3.0,1.0,684.0,Angelo Burruano (1101561),2006-02-09,Italy,Midfield - Central Midfield,Midfield,,0.0,FC Pro Vercelli 1892,26789,75000.0,2025-05-27,0.39473684210526316,0.13157894736842105,0.5263157894736842,20.5
688019,24/25,Sönderjyske Fodbold,Superliga,22.0,2.0,2.0,685.0,Lukas Björklund (688019),2004-02-16,Sweden,Midfield - Central Midfield,Midfield,right,190.0,IF Brommapojkarna,1092,850000.0,2025-06-15,0.2627737226277372,0.2627737226277372,0.5255474452554744,22.5
695210,24/25,Bröndby IF U19,U19 Boys League,26.0,2.0,4.0,1030.0,Mathias Jensen (695210),2005-04-14,Denmark,Midfield - Central Midfield,Midfield,right,181.0,Bröndby IF,206,25000.0,2025-09-01,0.17475728155339806,0.34951456310679613,0.5242718446601942,21.3
927353,24/25,SC Freiburg II,Regionalliga Südwest,10.0,1.0,4.0,862.0,Johan Manzambi (927353),2005-10-14,Switzerland,Midfield - Central Midfield,Midfield,right,182.0,SC Freiburg,60,8000000.0,2025-06-04,0.10440835266821345,0.4176334106728538,0.5220417633410672,20.8
1097140,24/25,Stade Reims B,National 3 - Grp. E,13.0,1.0,4.0,862.0,Anddrys Solvet (1097140),2007-06-23,France  Guadeloupe,Attack - Left Winger,Attack,right,0.0,Stade de Reims U19,12774,,,0.10440835266821345,0.4176334106728538,0.5220417633410672,19.2
741238,24/25,Ipswich Town,Premier League,31.0,3.0,2.0,864.0,Omari Hutchinson (741238),2003-10-30,England  Jamaica,Midfield - Attacking Midfield,Midfield,left,174.0,Nottingham Forest,703,22000000.0,2025-05-29,0.3125,0.20833333333333331,0.5208333333333333,22.8
724055,24/25,FC Schalke 04 II,Regionalliga West,26.0,2.0,2.0,693.0,Tristan Osmani (724055),2005-03-30,Austria  Croatia,Midfield - Attacking Midfield,Midfield,left,177.0,Floridsdorfer AC,7443,100000.0,2025-06-18,0.2597402597402597,0.2597402597402597,0.5194805194805194,21.4
834899,24/25,Cercle Brugge,Jupiler Pro League,25.0,2.0,2.0,695.0,Felipe Augusto (834899),2004-02-18,Brazil,Attack - Centre-Forward,Attack,left,187.0,Trabzonspor,449,2200000.0,2025-06-11,0.2589928057553957,0.2589928057553957,0.5179856115107914,22.5
959979,24/25,Zeleznicar Pancevo,Super liga Srbije,28.0,2.0,3.0,872.0,Matija Mitrović (959979),2004-12-12,Serbia  United States,Midfield - Central Midfield,Midfield,right,182.0,Vitória Guimarães SC,2420,1000000.0,2025-06-11,0.20642201834862386,0.3096330275229358,0.5160550458715597,21.7
994504,2025,Atlético Ottawa,CanPL,18.0,2.0,2.0,698.0,Gabriel Antinoro (994504),2004-04-24,Canada  Brazil,Midfield - Left Midfield,Midfield,right,173.0,Atlético Ottawa,79097,150000.0,2025-05-11,0.25787965616045844,0.25787965616045844,0.5157593123209169,22.3
930751,24/25,Modena Primavera,Primavera 2 - A,25.0,3.0,1.0,700.0,Iacopo Casani (930751),2005-02-15,Italy,Defender - Centre-Back,Defender,right,192.0,ASDC Gozzano,13484,50000.0,2025-05-27,0.38571428571428573,0.12857142857142856,0.5142857142857142,21.5
667516,24/25,Swindon Town,League Two,41.0,3.0,2.0,878.0,Joel Cotterill (667516),2004-10-10,Wales,Midfield - Central Midfield,Midfield,right,183.0,Bristol Rovers,2455,150000.0,2025-06-29,0.30751708428246016,0.20501138952164008,0.5125284738041003,21.9
917760,24/25,SV Lippstadt 08,Oberliga Westfalen,23.0,2.0,3.0,880.0,Joel Amadi (917760),2003-10-13,Germany,Defender - Right-Back,Defender,right,186.0,VfB Lübeck,78,50000.0,2025-09-05,0.20454545454545453,0.3068181818181818,0.5113636363636364,22.9
789389,24/25,Admira Wacker,2. Liga,19.0,2.0,2.0,706.0,Ben Summers (789389),2004-06-16,Scotland,Midfield - Attacking Midfield,Midfield,,0.0,Celtic FC B,9043,300000.0,2025-05-29,0.254957507082153,0.254957507082153,0.509915014164306,22.2
743557,24/25,Crusaders FC,Premiership,31.0,3.0,2.0,883.0,Jacob Blaney (743557),2004-09-08,Scotland,Defender - Centre-Back,Defender,right,186.0,Crusaders FC,21532,225000.0,2025-05-19,0.3057757644394111,0.20385050962627407,0.5096262740656852,21.9
1047410,24/25,Arminia Bielefeld U19,U19 Nachwuchsliga - Gr. E,8.0,1.0,3.0,707.0,Justin Lukas (1047410),2006-01-06,Germany,Defender - Left-Back,Defender,left,186.0,Arminia Bielefeld,10,75000.0,2025-06-10,0.1272984441301273,0.38189533239038187,0.5091937765205092,20.6
697283,24/25,Nottingham Forest U21,Premier League 2,20.0,2.0,3.0,890.0,Kyle McAdam (697283),2004-12-24,England,Midfield - Left Midfield,Midfield,left,184.0,Mansfield Town,3820,,,0.20224719101123598,0.30337078651685395,0.5056179775280899,21.7
974365,24/25,Cracovia,Ekstraklasa,29.0,2.0,3.0,894.0,Filip Rózga (974365),2006-08-07,Poland,Midfield - Attacking Midfield,Midfield,left,177.0,SK Sturm Graz,122,2500000.0,2025-06-05,0.20134228187919462,0.30201342281879195,0.5033557046979866,20.0
721665,24/25,NK Nafta 1903,Prva Liga,30.0,3.0,1.0,716.0,Áron Dragóner (721665),2004-06-11,Hungary,Defender - Centre-Back,Defender,right,0.0,NK Nafta 1903,9233,125000.0,2025-05-26,0.3770949720670391,0.12569832402234637,0.5027932960893855,22.2
1193461,24/25,Bala Town,Cymru Premier,10.0,1.0,3.0,716.0,Callum Edwards (1193461),2006-06-22,England,Attack - Right Winger,Attack,,0.0,Southport FC,9829,75000.0,2025-05-18,0.12569832402234637,0.3770949720670391,0.5027932960893855,20.2
942065,24/25,AZ Alkmaar UEFA U19,UEFA Youth League,8.0,1.0,3.0,720.0,Julian Oerip (942065),2006-10-26,Netherlands,Midfield - Attacking Midfield,Midfield,right,179.0,AZ Alkmaar U21,11368,250000.0,2025-06-08,0.125,0.375,0.5,19.8
1130325,24/25,SCD Progresso Calcio,Serie D - D,32.0,3.0,2.0,904.0,Giacomo Matta (1130325),2006-12-21,Italy,Attack - Second Striker,Attack,right,172.0,Sant'Angelo,27458,250000.0,2025-05-14,0.29867256637168144,0.19911504424778761,0.4977876106194691,19.7
1050272,24/25,FC Lorient B,National 3 - Grp. C,24.0,2.0,3.0,905.0,Brice Seymour (1050272),2004-10-16,Guadeloupe  France,Defender - Right-Back,Defender,right,174.0,EA Guingamp,855,,,0.1988950276243094,0.2983425414364641,0.49723756906077354,21.8
826064,24/25,VfB Stuttgart II,3. Liga,31.0,2.0,3.0,908.0,Samuele Di Benedetto (826064),2005-07-16,Germany  Italy,Midfield - Defensive Midfield,Midfield,left,175.0,VfB Stuttgart II,102,600000.0,2025-06-10,0.19823788546255508,0.29735682819383263,0.49559471365638774,21.1
565435,24/25,Celtic FC,Champions League,10.0,1.0,3.0,728.0,Arne Engels (565435),2003-09-08,Belgium,Midfield - Central Midfield,Midfield,right,185.0,Celtic FC,371,12000000.0,2025-06-16,0.12362637362637363,0.3708791208791209,0.4945054945054945,22.9
1056970,24/25,Bilbao Athletic,Primera Federación - Gr. I,31.0,2.0,2.0,730.0,Asier Hierro (1056970),2005-05-06,Spain,Attack - Centre-Forward,Attack,right,190.0,Bilbao Athletic,6688,200000.0,2025-06-24,0.24657534246575344,0.24657534246575344,0.4931506849315069,21.3
959874,24/25,Bologna Primavera,Primavera 1,30.0,2.0,2.0,731.0,Federico Tonin (959874),2006-03-25,Italy,Attack - Right Winger,Attack,right,0.0,Bologna Primavera,14848,125000.0,2025-06-26,0.24623803009575923,0.24623803009575923,0.49247606019151846,20.4
826795,24/25,AC Milan Primavera,Primavera 1,9.0,1.0,3.0,734.0,Dariusz Stalmach (826795),2005-12-08,Poland,Midfield - Central Midfield,Midfield,right,182.0,1.FC Magdeburg,187,500000.0,2025-06-18,0.12261580381471389,0.3678474114441417,0.49046321525885556,20.7
1304523,24/25,Fiorentina Under 18,Under 18,22.0,2.0,2.0,737.0,Gabriele Colaciuri (1304523),2008-06-06,Italy,Defender - Right-Back,Defender,right,175.0,Fiorentina Primavera,8505,,,0.24423337856173674,0.24423337856173674,0.4884667571234735,18.2
1165250,24/25,Aviron Bayonnais,National 3 - Grp. A,26.0,3.0,1.0,739.0,Sacha Inquel (1165250),2004-01-30,France,Defender - Left-Back,Defender,left,188.0,US Concarneau,21688,,,0.3653585926928281,0.12178619756427606,0.48714479025710417,22.6
926839,24/25,Cagliari Primavera,Primavera 1,31.0,2.0,2.0,743.0,Ivan Sulev (926839),2006-09-11,Bulgaria,Midfield - Central Midfield,Midfield,right,180.0,Cagliari Primavera,11676,200000.0,2025-06-26,0.24226110363391656,0.24226110363391656,0.4845222072678331,19.9
891931,24/25,Ourense CF,Primera Federación - Gr. I,29.0,2.0,3.0,931.0,Jairo Noriega (891931),2003-08-14,Spain,Midfield - Attacking Midfield,Midfield,left,182.0,Racing Ferrol,1176,300000.0,2025-06-24,0.19334049409237378,0.2900107411385607,0.4833512352309345,23.0
1008568,24/25,FC Bayern Munich II,Regionalliga Bayern,22.0,1.0,7.0,1494.0,Guido Della Rovere (1008568),2007-06-04,Italy,Midfield - Attacking Midfield,Midfield,left,187.0,FC Bayern Munich II,28,900000.0,2025-06-23,0.060240963855421686,0.42168674698795183,0.4819277108433735,19.2
910176,24/25,Pau FC,Ligue 2,31.0,2.0,5.0,1310.0,Thérence Koudou (910176),2004-12-13,France  Cote d'Ivoire,Defender - Right-Back,Defender,right,178.0,KV Mechelen,354,2000000.0,2025-06-01,0.13740458015267176,0.34351145038167935,0.4809160305343511,21.7
1045972,24/25,FC Nordsjaelland,Superliga,21.0,2.0,2.0,749.0,Mario Dorgeles (1045972),2004-08-07,Cote d'Ivoire,Midfield - Central Midfield,Midfield,left,177.0,SC Braga,1075,4000000.0,2025-06-15,0.24032042723631508,0.24032042723631508,0.48064085447263016,22.0
1031774,24/25,VfB Stuttgart II,3. Liga,30.0,2.0,4.0,1127.0,Jarzinho Malanga (1031774),2006-07-10,Germany,Attack - Left Winger,Attack,right,179.0,SV 07 Elversberg,64,1700000.0,2025-06-10,0.15971606033717836,0.3194321206743567,0.4791481810115351,20.1
932741,24/25,Fiorentina Primavera,Primavera 1,32.0,3.0,1.0,752.0,Mattia Ievoli (932741),2005-01-22,Italy,Midfield - Central Midfield,Midfield,right,0.0,CPR Ospitaletto,5542,200000.0,2025-06-26,0.3590425531914893,0.11968085106382978,0.4787234042553191,21.6
1308611,24/25,Juventus Under 17,Under 17 - A,21.0,1.0,5.0,1135.0,Lorenzo Cancila (1308611),2008-04-04,Italy,Midfield - Right Midfield,Midfield,right,0.0,Pro Vercelli Primavera,26370,,,0.07929515418502203,0.39647577092511016,0.4757709251101322,18.4
857060,24/25,Adelaide United,A-League Men,20.0,1.0,3.0,757.0,Jonny Yull (857060),2005-03-05,Australia  England,Midfield - Central Midfield,Midfield,right,174.0,Adelaide United,875,300000.0,2025-06-02,0.11889035667107001,0.35667107001321,0.47556142668428003,21.5
1084972,24/25,EA Guingamp B,National 3 - Grp. C,18.0,2.0,2.0,757.0,Tanguy Ahile (1084972),2004-09-07,France  Cote d'Ivoire,Midfield - Defensive Midfield,Midfield,,0.0,EA Guingamp B,12748,25000.0,2025-06-01,0.23778071334214002,0.23778071334214002,0.47556142668428003,21.9
818880,24/25,US Salernitana 1919,Serie B,13.0,1.0,4.0,952.0,Tommaso Corazza (818880),2004-06-29,Italy,Defender - Left-Back,Defender,right,174.0,Delfino Pescara 1936,2921,1500000.0,2025-06-01,0.09453781512605042,0.37815126050420167,0.4726890756302521,22.1
861577,24/25,Liverpool FC U21,Premier League 2,20.0,2.0,2.0,762.0,Tommy Pilling (861577),2004-09-14,England,Midfield - Central Midfield,Midfield,,0.0,Liverpool FC U21,9252,,,0.23622047244094488,0.23622047244094488,0.47244094488188976,21.9
978988,24/25,Académico de Viseu Sub-23,Revelação U23 - Qualif. round,13.0,1.0,5.0,1144.0,Diogo Maga (978988),2004-10-22,Portugal,Midfield - Central Midfield,Midfield,right,175.0,Académico de Viseu Sub-23,110988,,,0.07867132867132867,0.3933566433566434,0.4720279720279721,21.8
1016918,2025,New England Revolution,MLS,24.0,2.0,3.0,958.0,Peyton Miller (1016918),2007-11-08,United States,Defender - Left-Back,Defender,left,170.0,New England Revolution,626,500000.0,2025-06-04,0.1878914405010438,0.2818371607515658,0.4697286012526096,18.8
865986,24/25,FC Luzern U21,Promotion League,26.0,3.0,1.0,770.0,Mattia Walker (865986),2005-02-11,Switzerland,Midfield - Defensive Midfield,Midfield,left,189.0,Etoile Carouge FC,1292,100000.0,2025-06-09,0.35064935064935066,0.11688311688311688,0.4675324675324675,21.5
1001394,2025,Columbus Crew 2,MLS Next Pro,22.0,2.0,3.0,963.0,Nicolás Rincón (1001394),2005-11-25,Colombia,Midfield - Attacking Midfield,Midfield,left,175.0,Columbus Crew 2,95333,0.0,2024-03-06,0.18691588785046728,0.2803738317757009,0.46728971962616817,20.7
1033103,24/25,Manchester City U21,Premier League 2,16.0,1.0,4.0,967.0,Charlie Gray (1033103),2006-02-22,England,Midfield - Defensive Midfield,Midfield,,0.0,Manchester City U21,9265,,,0.09307135470527406,0.3722854188210962,0.4653567735263703,20.5
908768,24/25,Cesena FC,Serie B,29.0,2.0,3.0,967.0,Tommaso Berti (908768),2004-03-07,Italy,Midfield - Attacking Midfield,Midfield,right,171.0,Cesena FC,1429,3200000.0,2025-06-01,0.1861427094105481,0.2792140641158221,0.4653567735263702,22.5
1314681,24/25,Palermo Under 17,Under 17 - C,23.0,2.0,3.0,970.0,Salvatore Squillacioti (1314681),2008-07-11,Italy,Midfield - Right Midfield,Midfield,right,182.0,Palermo Primavera,11493,,,0.18556701030927836,0.27835051546391754,0.4639175257731959,18.1
976145,24/25,Fidelis Andria 2018,Serie D - H,22.0,2.0,2.0,777.0,Antonio Imputato (976145),2004-09-02,Italy,Midfield - Right Midfield,Midfield,right,0.0,SS Monopoli 1966,33734,100000.0,2025-05-14,0.23166023166023164,0.23166023166023164,0.4633204633204633,22.0
1112519,24/25,Fulham FC U18,U18 Premier League,20.0,2.0,2.0,777.0,Luca Picotto (1112519),2007-03-01,Wales  Jersey,Midfield - Attacking Midfield,Midfield,left,0.0,Brentford FC B,54704,,,0.23166023166023164,0.23166023166023164,0.4633204633204633,19.5
811779,24/25,Manchester United,Europa League,15.0,1.0,4.0,972.0,Alejandro Garnacho (811779),2004-07-01,Argentina  Spain,Attack - Left Winger,Attack,right,180.0,Chelsea FC,631,45000000.0,2025-05-29,0.0925925925925926,0.3703703703703704,0.462962962962963,22.1
1064105,24/25,Sevilla Atlético,Primera Federación - Gr. II,30.0,1.0,6.0,1368.0,Miguel Ángel Sierra (1064105),2004-07-14,Spain,Attack - Right Winger,Attack,left,0.0,Sevilla Atlético,8519,150000.0,2025-06-24,0.06578947368421052,0.39473684210526316,0.4605263157894737,22.1
685488,24/25,SV Unter-Flockenbach,Hessenliga,33.0,3.0,2.0,981.0,Aron Unrath (685488),2003-08-10,Germany,Defender - Centre-Back,Defender,right,190.0,SV Unter-Flockenbach,11159,0.0,2024-03-06,0.27522935779816515,0.1834862385321101,0.45871559633027525,23.0
924800,24/25,Valenciennes FC,Championnat National,17.0,1.0,5.0,1179.0,Axel Camblan (924800),2003-08-30,France,Attack - Left Winger,Attack,right,174.0,Clermont Foot 63,3524,500000.0,2025-05-25,0.07633587786259542,0.38167938931297707,0.4580152671755725,23.0
1038512,24/25,CA Osasuna Promesas,Primera Federación - Gr. I,34.0,3.0,2.0,996.0,Asier Osambela (1038512),2004-10-30,Spain,Midfield - Attacking Midfield,Midfield,right,186.0,CA Osasuna Promesas,8516,500000.0,2025-06-24,0.27108433734939763,0.18072289156626503,0.45180722891566266,21.8
885301,2025,CA Central Córdoba (SdE),Apertura,16.0,1.0,4.0,996.0,Luis Angulo (885301),2004-03-23,Colombia,Attack - Left Winger,Attack,right,174.0,CA Talleres,3938,3200000.0,2025-06-01,0.09036144578313252,0.36144578313253006,0.4518072289156626,22.4
701322,24/25,Ihud Bnei Sakhnin,Ligat ha'Al,18.0,2.0,1.0,600.0,Mathew Anim Cudjoe (701322),2003-11-11,Ghana,Midfield - Attacking Midfield,Midfield,left,163.0,Ihud Bnei Sakhnin,4769,200000.0,2025-06-12,0.30000000000000004,0.15000000000000002,0.45000000000000007,22.8
931838,24/25,Eintracht Frankfurt,Bundesliga,33.0,3.0,1.0,801.0,Hugo Larsson (931838),2004-06-27,Sweden,Midfield - Central Midfield,Midfield,right,187.0,Eintracht Frankfurt,24,40000000.0,2025-06-04,0.33707865168539325,0.11235955056179775,0.449438202247191,22.1
1099555,24/25,Padova Primavera,Primavera 2 - A,28.0,3.0,0.0,601.0,Alex Giacometti (1099555),2006-08-31,Italy,Midfield - Left Midfield,Midfield,right,179.0,Cittadella Primavera,19099,50000.0,2025-05-27,0.4492512479201331,0.0,0.4492512479201331,20.0
1191740,24/25,Marignane-Gignac-Côte-Bleue FC,National 2 - Grp. A,13.0,1.0,2.0,602.0,Enzo Bonnaure (1191740),2004-01-05,France,Midfield - Attacking Midfield,Midfield,left,184.0,AS Cannes,895,,,0.14950166112956811,0.29900332225913623,0.44850498338870437,22.6
1174032,24/25,AJ Auxerre B,National 3 - Grp. G,19.0,2.0,2.0,805.0,Tidiane Devernois (1174032),2007-10-18,France  Senegal,Midfield - Central Midfield,Midfield,right,180.0,AJ Auxerre B,10820,,,0.2236024844720497,0.2236024844720497,0.4472049689440994,18.8
830609,2025,North Texas SC,MLS Next Pro,18.0,1.0,6.0,1409.0,Anthony Ramírez (830609),2005-12-22,Mexico  United States,Attack - Right Winger,Attack,left,175.0,FC Dallas,8816,,,0.063875088715401,0.38325053229240597,0.44712562100780695,20.7
709966,24/25,FC Barcelona Atlètic,Primera Federación - Gr. I,25.0,2.0,3.0,1009.0,Aleix Garrido (709966),2004-02-22,Spain,Midfield - Central Midfield,Midfield,right,170.0,SD Eibar,1533,500000.0,2025-06-24,0.17839444995044598,0.267591674925669,0.445986124876115,22.5
992541,24/25,SC Braga U23,Revelação U23 - Qualif. round,13.0,1.0,4.0,1009.0,Afonso Duarte (992541),2005-09-05,Portugal,Attack - Left Winger,Attack,right,180.0,SC Braga B,10789,,,0.08919722497522299,0.35678889990089196,0.44598612487611494,21.0
892983,24/25,Roda JC Kerkrade,Keuken Kampioen Divisie,28.0,2.0,1.0,606.0,Ryan Leijten (892983),2003-09-18,Netherlands  China,Midfield - Attacking Midfield,Midfield,right,189.0,Roda JC Kerkrade,192,250000.0,2025-06-08,0.297029702970297,0.1485148514851485,0.4455445544554455,22.9
1270449,24/25,CD Tenerife,LaLiga2,28.0,2.0,2.0,810.0,Aarón Martin (1270449),2006-11-24,Spain,Midfield - Central Midfield,Midfield,right,175.0,CD Mirandés,13222,1000000.0,2025-06-23,0.2222222222222222,0.2222222222222222,0.4444444444444444,19.7
727865,24/25,FC Legnago Salus,Serie C-B,32.0,2.0,2.0,811.0,Alberto Basso Ricci (727865),2004-06-29,Italy,Attack - Centre-Forward,Attack,,0.0,Arzignano Valchiampo,46619,75000.0,2025-06-18,0.2219482120838471,0.2219482120838471,0.4438964241676942,22.1
813137,24/25,AS Roma,Serie A,28.0,2.0,1.0,609.0,Niccolò Pisilli (813137),2004-09-23,Italy,Midfield - Central Midfield,Midfield,right,180.0,AS Roma,12,13000000.0,2025-06-16,0.29556650246305416,0.14778325123152708,0.44334975369458124,21.9
1141452,24/25,FC Gießen,Regionalliga Südwest,19.0,2.0,1.0,609.0,Krish Raweri (1141452),2003-10-16,Germany  India,Attack - Left Winger,Attack,both,184.0,SC Freiburg II,245,50000.0,2025-06-10,0.29556650246305416,0.14778325123152708,0.44334975369458124,22.8
657112,24/25,Almere City FC U23,Tweede Divisie,18.0,1.0,3.0,813.0,Jay Kuiper (657112),2004-01-22,Netherlands,Defender - Left-Back,Defender,,0.0,Almere City FC U23,20298,,,0.11070110701107011,0.33210332103321033,0.44280442804428044,22.6
1056907,24/25,Sporting CP B,Liga 3 - Promotion,14.0,2.0,1.0,610.0,Mauro Couto (1056907),2005-11-15,Portugal,Attack - Right Winger,Attack,left,173.0,Sporting CP B,10949,200000.0,2025-05-29,0.29508196721311475,0.14754098360655737,0.4426229508196721,20.8
1112389,24/25,Südtirol Primavera,Primavera 2 - A,22.0,2.0,1.0,613.0,Renato Halili (1112389),2007-10-25,Albania  Italy,Defender - Centre-Back,Defender,right,185.0,Südtirol Primavera,19334,,,0.2936378466557912,0.1468189233278956,0.44045676998368677,18.8
780136,24/25,FC Luzern,Super League,38.0,3.0,2.0,1022.0,Aleksandar Stanković (780136),2005-08-03,Serbia  Italy,Midfield - Defensive Midfield,Midfield,right,185.0,Club Brugge KV,2282,11000000.0,2025-06-09,0.26418786692759294,0.1761252446183953,0.44031311154598823,21.0
652674,24/25,Greenock Morton FC,Championship,36.0,2.0,5.0,1431.0,Arron Lyall (652674),2003-09-27,Scotland,Attack - Right Winger,Attack,right,0.0,Ross County FC,2759,175000.0,2025-06-16,0.12578616352201258,0.31446540880503143,0.44025157232704404,22.9
1056809,2025,Colorado Rapids 2,MLS Next Pro,14.0,1.0,2.0,614.0,Rogelio Garcia (1056809),2008-04-30,Mexico  United States,Midfield - Attacking Midfield,Midfield,,165.0,Colorado Rapids 2,95335,,,0.1465798045602606,0.2931596091205212,0.4397394136807818,18.3
907814,24/25,Recreativo Granada,Segunda Federación - Gr. IV,28.0,2.0,1.0,615.0,Juan Carlos Pontones (907814),2004-04-26,Spain,Attack - Right Winger,Attack,right,171.0,UCAM Murcia CF,34148,50000.0,2025-06-24,0.2926829268292683,0.14634146341463414,0.4390243902439024,22.3
1186263,24/25,Atletico Lodigiani,Serie D - G,17.0,2.0,1.0,615.0,Riccardo Ciaramella (1186263),2006-03-24,Italy,Defender - Right-Back,Defender,,0.0,Without Club,515,25000.0,2025-05-14,0.2926829268292683,0.14634146341463414,0.4390243902439024,20.4
840687,24/25,Juventus Next Gen,Serie C-C,27.0,2.0,1.0,617.0,Luís Semedo (840687),2003-08-11,Portugal  Cape Verde,Attack - Centre-Forward,Attack,right,192.0,Moreirense FC,979,500000.0,2025-06-18,0.2917341977309562,0.1458670988654781,0.4376012965964343,23.0
745078,24/25,Hannover 96 II,3. Liga,27.0,2.0,2.0,823.0,Keanu Brandt (745078),2004-03-17,Germany,Midfield - Central Midfield,Midfield,left,0.0,Hannover 96 II,1065,175000.0,2025-06-10,0.21871202916160387,0.21871202916160387,0.43742405832320774,22.4
1152976,24/25,1.FC Nürnberg U19,U19 Nachwuchsliga - Gr. D,14.0,2.0,1.0,618.0,Eric Porstner (1152976),2007-05-09,Germany,Defender - Left-Back,Defender,left,187.0,1.FC Nuremberg,4,200000.0,2025-06-18,0.29126213592233013,0.14563106796116507,0.4368932038834952,19.3
990997,24/25,Sunderland AFC U21,Premier League 2,18.0,2.0,1.0,619.0,Jenson Jones (990997),2006-06-26,England,Defender - Right-Back,Defender,right,182.0,Sunderland AFC U21,9264,,,0.29079159935379645,0.14539579967689822,0.4361873990306947,20.1
745446,24/25,FC Matera,Serie D - H,25.0,2.0,2.0,827.0,Luca Napolitano (745446),2004-01-10,Italy,Midfield - Attacking Midfield,Midfield,both,171.0,US Sambenedettese,4330,100000.0,2025-05-14,0.21765417170495766,0.21765417170495766,0.4353083434099153,22.6
1045123,24/25,Liverpool FC U21,Premier League 2,15.0,2.0,1.0,621.0,Trey Nyoni (1045123),2007-06-30,England  Zimbabwe,Midfield - Central Midfield,Midfield,right,180.0,Liverpool FC,31,4500000.0,2025-05-29,0.2898550724637681,0.14492753623188406,0.4347826086956522,19.1
770436,24/25,AS Nancy-Lorraine,Championnat National,16.0,1.0,2.0,623.0,Simon Ebonog (770436),2004-08-16,France  Cameroon,Midfield - Central Midfield,Midfield,right,180.0,Le Havre AC,738,150000.0,2025-05-25,0.14446227929373998,0.28892455858747995,0.4333868378812199,22.0
723486,24/25,STVV Youth,2de Nat. VV B,25.0,3.0,0.0,626.0,Anas Hammas (723486),2004-02-17,Morocco  Belgium,Midfield - Attacking Midfield,Midfield,right,0.0,Standard de Liège 16 FC,24394,0.0,2024-08-27,0.43130990415335463,0.0,0.43130990415335463,22.5
1237401,24/25,Crotone Primavera,Primavera 2 - B,27.0,3.0,0.0,626.0,Giuseppe Terrasi (1237401),2007-06-07,Italy,Midfield,Midfield,,0.0,Crotone Primavera,25964,,,0.43130990415335463,0.0,0.43130990415335463,19.2
730861,24/25,AFC Bournemouth,Premier League,38.0,2.0,6.0,1671.0,Milos Kerkez (730861),2003-11-07,Hungary  Serbia,Defender - Left-Back,Defender,left,180.0,Liverpool FC,31,45000000.0,2025-05-29,0.10771992818671454,0.32315978456014366,0.4308797127468582,22.8
638631,24/25,1.FC Saarbrücken,3. Liga,30.0,2.0,2.0,836.0,Elijah Krahn (638631),2003-08-24,Germany,Midfield - Defensive Midfield,Midfield,right,188.0,1.FC Saarbrücken,1,350000.0,2025-06-10,0.21531100478468898,0.21531100478468898,0.43062200956937796,23.0
1145683,24/25,FC Ouest Tourangeau,National 3 - Grp. F,23.0,2.0,2.0,836.0,Mohamed Yassin Faiz (1145683),2004-05-10,France  Italy,Midfield - Defensive Midfield,Midfield,right,0.0,FC Montlouis,81776,,,0.21531100478468898,0.21531100478468898,0.43062200956937796,22.3
874062,25/26,AFC Wimbledon,League One,7.0,1.0,2.0,628.0,Nathan Asiimwe (874062),2004-12-29,Uganda  England,Defender - Right-Back,Defender,right,182.0,AFC Wimbledon,3884,125000.0,2025-06-17,0.14331210191082802,0.28662420382165604,0.4299363057324841,21.6
646670,24/25,Feyenoord U21,U21 Div. 1 Fall,14.0,1.0,4.0,1050.0,Timo Zaal (646670),2004-02-09,Netherlands,Midfield - Defensive Midfield,Midfield,right,184.0,Without Club,515,125000.0,2025-04-03,0.08571428571428572,0.34285714285714286,0.4285714285714286,22.5
919090,24/25,LKS Lodz II,Betclic 2 Liga,24.0,2.0,2.0,840.0,Mikolaj Lipien (919090),2003-12-12,Poland,Attack - Right Winger,Attack,both,179.0,Podhale Nowy Targ,50162,,,0.2142857142857143,0.2142857142857143,0.4285714285714286,22.7
918452,24/25,Wuppertaler SV,Regionalliga West,21.0,3.0,0.0,630.0,Benedikt Wimmer (918452),2005-02-12,Germany,Defender - Centre-Back,Defender,right,200.0,SV Sandhausen,254,100000.0,2025-06-22,0.4285714285714286,0.0,0.4285714285714286,21.5
706618,25/26,Baltika Kaliningrad,Premier Liga,7.0,1.0,2.0,630.0,Vladislav Saus (706618),2003-08-06,Russia,Midfield - Right Midfield,Midfield,right,177.0,Baltika Kaliningrad,2741,500000.0,2025-06-01,0.14285714285714285,0.2857142857142857,0.42857142857142855,23.0
985983,24/25,Swit Nowy Dwor Mazowiecki,Betclic 3 Liga - Group I,8.0,1.0,2.0,630.0,Kacper Bojanczyk (985983),2005-01-04,Poland,Midfield - Attacking Midfield,Midfield,,175.0,Gornik Leczna,3291,0.0,2024-03-01,0.14285714285714285,0.2857142857142857,0.42857142857142855,21.6
1240763,25/26,FC Nordsjaelland,Superliga,7.0,1.0,2.0,630.0,Caleb Yirenkyi (1240763),2006-01-15,Ghana,Midfield - Central Midfield,Midfield,right,182.0,FC Nordsjaelland,2778,1000000.0,2025-06-15,0.14285714285714285,0.2857142857142857,0.42857142857142855,20.6
1317161,24/25,Empoli Under 18,Under 18,24.0,2.0,1.0,630.0,Romeo Lupi (1317161),2007-08-06,Italy,Attack - Right Winger,Attack,right,0.0,Nocerina Calcio,4114,,,0.2857142857142857,0.14285714285714285,0.42857142857142855,19.0
1030277,24/25,SV Meppen II,OL Niedersachsen,30.0,3.0,1.0,842.0,Felix Golkowski (1030277),2004-03-03,Germany,Midfield - Central Midfield,Midfield,,0.0,SC Spelle-Venhaus,2106,0.0,2023-12-31,0.32066508313539194,0.10688836104513065,0.4275534441805226,22.5
813730,24/25,VfL Bochum II,Oberliga Westfalen,15.0,2.0,1.0,634.0,Mohammed Tolba (813730),2004-07-19,Germany  Egypt,Defender - Centre-Back,Defender,right,185.0,Without Club,515,200000.0,2025-06-04,0.28391167192429023,0.14195583596214512,0.42586750788643535,22.1
920939,24/25,Le Mans FC,Championnat National,23.0,3.0,0.0,636.0,Vincent Burlet (920939),2005-09-23,Belgium,Defender - Left-Back,Defender,left,180.0,Stade Reims,1421,600000.0,2025-05-25,0.4245283018867924,0.0,0.4245283018867924,20.9
1056807,2025,Orlando City B,MLS Next Pro,14.0,1.0,3.0,850.0,Gustavo Caraballo (1056807),2008-08-29,Venezuela,Attack - Right Winger,Attack,left,175.0,Orlando City SC,45604,200000.0,2025-06-04,0.10588235294117646,0.31764705882352945,0.42352941176470593,18.0
741293,24/25,Real Madrid Castilla,Primera Federación - Gr. II,31.0,1.0,8.0,1917.0,Pol Fortuny (741293),2005-03-11,Spain,Midfield - Attacking Midfield,Midfield,left,175.0,Real Madrid Castilla,6767,400000.0,2025-06-24,0.046948356807511735,0.3755868544600939,0.4225352112676056,21.4
1099554,24/25,AlbinoLeffe Primavera,Primavera 2 - A,30.0,2.0,4.0,1280.0,Diego Ceresoli (1099554),2007-04-18,Italy,Midfield - Central Midfield,Midfield,,0.0,AlbinoLeffe Primavera,14861,,,0.140625,0.28125,0.421875,19.3
1010970,24/25,St Albans City,National League South,22.0,3.0,0.0,640.0,Alfie Bendle (1010970),2005-01-27,England,Midfield - Central Midfield,Midfield,right,177.0,Spalding United,1530,0.0,2025-06-29,0.421875,0.0,0.421875,21.6
1078814,24/25,Udinese Under 17,Under 17 - B,22.0,3.0,0.0,641.0,Alex Ramku (1078814),2008-05-20,Albania  Italy,Midfield - Central Midfield,Midfield,right,0.0,Udinese Primavera,10959,,,0.421216848673947,0.0,0.421216848673947,18.2
816793,24/25,Real Calepina FC,Serie D - C,29.0,2.0,2.0,857.0,Gabriele Menegatti (816793),2004-03-09,Italy,Midfield - Attacking Midfield,Midfield,left,0.0,Villa Valle,48988,100000.0,2025-05-14,0.2100350058343057,0.2100350058343057,0.4200700116686114,22.4
934239,24/25,Anzio Calcio 1924,Serie D - G,24.0,2.0,1.0,645.0,Francesco Bartolocci (934239),2006-01-27,Italy,Defender - Right-Back,Defender,right,0.0,Fermana FC,4033,50000.0,2025-05-14,0.27906976744186046,0.13953488372093023,0.41860465116279066,20.6
995875,24/25,Helmond Sport,Keuken Kampioen Divisie,31.0,2.0,1.0,645.0,Tarik Essakkati (995875),2006-01-16,Netherlands  Morocco,Attack - Left Winger,Attack,right,183.0,Helmond Sport,500,250000.0,2025-06-08,0.27906976744186046,0.13953488372093023,0.41860465116279066,20.6
1384723,2025,Minnesota United FC 2,MLS Next Pro,18.0,1.0,6.0,1506.0,Curt Calov (1384723),2003-11-11,United States,Midfield,Midfield,,0.0,Minnesota United FC 2,95337,,,0.0597609561752988,0.35856573705179284,0.41832669322709165,22.8
860060,24/25,Dinan Léhon FC,National 2 - Grp. B,15.0,1.0,4.0,1076.0,Amine Mokhtari (860060),2004-01-12,Morocco  France,Attack - Right Winger,Attack,right,178.0,Without Club,515,,,0.08364312267657992,0.33457249070631967,0.4182156133828996,22.6
917781,24/25,SpVgg Greuther Fürth II,Regionalliga Bayern,8.0,1.0,2.0,646.0,Matti Wagner (917781),2005-06-07,Germany,Defender - Left-Back,Defender,left,182.0,Alemannia Aachen,8,250000.0,2025-06-10,0.1393188854489164,0.2786377708978328,0.4179566563467492,21.2
984540,24/25,SC Braga B,Liga 3,16.0,2.0,1.0,646.0,Diego Rodrigues (984540),2005-05-24,Portugal  Belgium,Midfield - Central Midfield,Midfield,right,185.0,SC Braga,1075,2000000.0,2025-05-29,0.2786377708978328,0.1393188854489164,0.4179566563467492,21.2
1010150,24/25,AC Milan Primavera,Primavera 1,26.0,2.0,3.0,1077.0,Adam Bakoune (1010150),2006-02-06,Italy  Morocco,Defender - Right-Back,Defender,right,192.0,AC Monza,2919,600000.0,2025-06-26,0.1671309192200557,0.25069637883008355,0.4178272980501393,20.5
728338,24/25,FC Stade-Lausanne-Ouchy,Challenge League,17.0,1.0,2.0,647.0,Nando Toggenburger (728338),2004-03-17,Switzerland,Attack - Centre-Forward,Attack,right,180.0,SC Kriens,2074,100000.0,2025-06-09,0.1391035548686244,0.2782071097372488,0.41731066460587324,22.4
655988,24/25,Rochdale AFC,National League,13.0,1.0,2.0,650.0,Aaron Henry (655988),2003-08-31,England,Midfield - Defensive Midfield,Midfield,right,175.0,Boreham Wood FC,3867,0.0,2025-06-29,0.13846153846153847,0.27692307692307694,0.4153846153846154,23.0
1130083,24/25,Randers FC U19,U19 Boys League,23.0,3.0,0.0,651.0,Wilhelm Simonsen (1130083),2006-02-06,Denmark,Defender - Right-Back,Defender,right,0.0,Vorup FB,5852,,,0.4147465437788018,0.0,0.4147465437788018,20.5
724105,24/25,Avellino Primavera,Primavera 2 - B,15.0,2.0,1.0,653.0,Alessio Piantedosi (724105),2005-01-31,Italy,Defender - Left-Back,Defender,left,183.0,Avellino Primavera,14902,25000.0,2025-05-27,0.27565084226646247,0.13782542113323124,0.4134762633996937,21.5
597432,24/25,1.FC Union Berlin,Bundesliga,27.0,2.0,2.0,871.0,Leopold Querfeld (597432),2003-12-20,Austria,Defender - Centre-Back,Defender,right,190.0,1.FC Union Berlin,89,13000000.0,2025-06-04,0.2066590126291619,0.2066590126291619,0.4133180252583238,22.7
813139,24/25,Aston Villa U21,Premier League 2,17.0,2.0,1.0,657.0,Kane Taylor (813139),2005-02-14,England,Midfield - Central Midfield,Midfield,left,0.0,Aston Villa U21,12124,,,0.273972602739726,0.136986301369863,0.410958904109589,21.5
1123309,2025,Club de Gimnasia y Esgrima La Plata II,Copa Proyección Clausura,8.0,1.0,2.0,658.0,Nicolás Barros Schelotto (1123309),2006-09-22,Argentina,Midfield - Attacking Midfield,Midfield,left,0.0,Club de Gimnasia y Esgrima La Plata II,16981,,,0.13677811550151975,0.2735562310030395,0.41033434650455924,19.9
1064465,24/25,RC Celta Fortuna,Primera Federación - Gr. I,30.0,2.0,1.0,659.0,Ángel Arcos (1064465),2006-04-18,Spain,Attack - Left Winger,Attack,,0.0,RC Celta Fortuna,8733,100000.0,2025-06-24,0.27314112291350534,0.13657056145675267,0.409711684370258,20.3
1289781,24/25,APC Chions,Serie D - C,22.0,2.0,1.0,659.0,Edoardo Bortolussi (1289781),2006-09-24,Italy,Defender - Right-Back,Defender,right,0.0,Chievo Verona,862,100000.0,2025-05-14,0.27314112291350534,0.13657056145675267,0.409711684370258,19.9
654982,24/25,Leicester City,Premier League,32.0,2.0,3.0,1099.0,Bilal El Khannouss (654982),2004-05-10,Morocco  Belgium,Midfield - Attacking Midfield,Midfield,right,180.0,VfB Stuttgart,79,28000000.0,2025-05-29,0.1637852593266606,0.2456778889899909,0.40946314831665154,22.3
1177512,24/25,Atalanta Under 18,Under 18,32.0,3.0,1.0,880.0,Gerard Ruiz (1177512),2007-02-11,Spain,Midfield - Central Midfield,Midfield,right,0.0,Atalanta Primavera,11998,,,0.3068181818181818,0.10227272727272727,0.40909090909090906,19.5
1055348,24/25,Sunderland AFC U21,Premier League 2,14.0,1.0,3.0,881.0,Rhys Walsh (1055348),2006-07-08,Northern Ireland,Attack - Left Winger,Attack,right,178.0,Sunderland AFC U21,9264,0.0,2024-12-26,0.1021566401816118,0.3064699205448354,0.4086265607264472,20.1
860051,24/25,FC Martigues,Ligue 2,30.0,2.0,4.0,1323.0,Ayoub Amraoui (860051),2004-05-14,Morocco  France,Defender - Left-Back,Defender,left,184.0,Al-Ahli SC,3612,900000.0,2025-06-01,0.1360544217687075,0.272108843537415,0.40816326530612246,22.3
1233987,24/25,Virtus Entella Primavera,Primavera 2 - A,16.0,2.0,1.0,662.0,Elia Giovannetti (1233987),2006-04-03,Italy,Defender - Centre-Back,Defender,,0.0,Virtus Entella Primavera,27354,25000.0,2025-05-27,0.2719033232628399,0.13595166163141995,0.40785498489425986,20.4
1064538,24/25,Elche Ilicitano,Segunda Federación - Gr. III,25.0,2.0,2.0,884.0,Ali Houary (1064538),2005-08-05,Morocco  Spain,Attack - Second Striker,Attack,right,178.0,Elche CF,1531,150000.0,2025-06-24,0.20361990950226247,0.20361990950226247,0.40723981900452494,21.0
937720,24/25,SL Benfica U23,Liga Revelação,13.0,1.0,2.0,664.0,Tiago Freitas (937720),2006-08-17,Portugal,Midfield - Central Midfield,Midfield,right,186.0,SL Benfica B,10330,,,0.13554216867469882,0.27108433734939763,0.40662650602409645,20.0
864678,24/25,Helmond Sport,Keuken Kampioen Divisie,20.0,1.0,2.0,665.0,Sam Bisselink (864678),2003-09-02,Netherlands,Attack - Right Winger,Attack,left,179.0,Without Club,515,225000.0,2025-06-08,0.13533834586466167,0.27067669172932335,0.40601503759398505,23.0
1185740,24/25,Feralpisalò Primavera,Primavera 2 - A,20.0,2.0,1.0,666.0,Marco Goffi (1185740),2007-03-22,Italy,Midfield - Central Midfield,Midfield,right,0.0,Union Brescia Primavera,133273,,,0.2702702702702703,0.13513513513513514,0.40540540540540543,19.4
973085,24/25,Brighton & Hove Albion,Premier League,34.0,3.0,1.0,891.0,Carlos Baleba (973085),2004-01-03,Cameroon,Midfield - Defensive Midfield,Midfield,left,179.0,Brighton & Hove Albion,1237,40000000.0,2025-05-29,0.30303030303030304,0.10101010101010102,0.4040404040404041,22.6
895335,24/25,Villarreal CF B,Primera Federación - Gr. II,27.0,2.0,1.0,670.0,Víctor Moreno (895335),2005-09-30,Spain,Attack - Right Winger,Attack,right,174.0,Villarreal CF B,11972,200000.0,2025-06-24,0.26865671641791045,0.13432835820895522,0.40298507462686567,20.9
1313604,24/25,Reggiana Under 17,Under 17 - A,24.0,3.0,0.0,670.0,Nicolò Turchi (1313604),2008-08-28,Italy,Midfield - Defensive Midfield,Midfield,,0.0,Reggiana Primavera,20406,,,0.40298507462686567,0.0,0.40298507462686567,18.0
1103661,24/25,Palermo Primavera,Primavera 2 - B,24.0,3.0,0.0,671.0,Valerio Brutto (1103661),2007-07-15,Italy,Midfield - Central Midfield,Midfield,,0.0,Palermo Primavera,11493,,,0.40238450074515647,0.0,0.40238450074515647,19.1
651005,24/25,Besiktas JK,Süper Lig,12.0,1.0,2.0,674.0,Cher Ndour (651005),2004-07-27,Italy  Senegal,Midfield - Central Midfield,Midfield,both,190.0,ACF Fiorentina,430,5000000.0,2025-06-16,0.13353115727002968,0.26706231454005935,0.40059347181008903,22.1
942497,24/25,Manchester City U21,Premier League 2,15.0,2.0,1.0,675.0,Jahmai Simpson-Pusey (942497),2005-11-04,England,Defender - Centre-Back,Defender,right,187.0,Celtic FC,371,5000000.0,2025-05-29,0.26666666666666666,0.13333333333333333,0.4,20.8
1304792,24/25,FC Schaffhausen II,2. Liga Inter - Gr. 4,26.0,3.0,0.0,676.0,Abd El Raouf Djezari (1304792),2004-05-26,Switzerland,Defender - Right-Back,Defender,right,173.0,FC Schaffhausen II,15602,50000.0,2025-06-09,0.3994082840236686,0.0,0.3994082840236686,22.2
858250,24/25,CD Mafra,Liga Portugal 2,25.0,1.0,2.0,676.0,Rodri (858250),2003-12-18,Portugal,Attack - Left Winger,Attack,both,189.0,CD Mafra,7056,250000.0,2025-06-23,0.1331360946745562,0.2662721893491124,0.39940828402366857,22.7
818866,24/25,AC Saluzzo,Serie D - A,28.0,1.0,6.0,1582.0,Andrea Vaiarelli (818866),2004-01-23,Italy,Midfield - Attacking Midfield,Midfield,right,0.0,ASD Pro Eureka,26250,75000.0,2025-05-14,0.056890012642225034,0.3413400758533502,0.39823008849557523,22.6
824082,24/25,USD Breno,Serie D - B,21.0,2.0,1.0,679.0,Alessandro Contessi (824082),2005-03-23,Italy,Midfield - Defensive Midfield,Midfield,left,174.0,CPR Ospitaletto,5542,75000.0,2025-05-14,0.2650957290132548,0.1325478645066274,0.3976435935198822,21.4
1250365,24/25,FC Minaj,Persha Liga,8.0,1.0,2.0,679.0,Mykhaylo Rasko (1250365),2004-11-22,Ukraine,Midfield - Attacking Midfield,Midfield,right,174.0,Polissya-2 Zhytomyr,119780,50000.0,2025-06-09,0.1325478645066274,0.2650957290132548,0.3976435935198822,21.7
1316692,24/25,Rushall Olympic,National League North,17.0,2.0,1.0,679.0,Laiith Fairnie (1316692),2005-04-21,Jersey  England,Defender - Centre-Back,Defender,left,0.0,Eastbourne Borough,3713,,,0.2650957290132548,0.1325478645066274,0.3976435935198822,21.3
958390,24/25,Podlesianka Katowice,Betclic 3 Liga - Group III,27.0,2.0,3.0,1132.0,Mateusz Waclawski (958390),2004-01-26,Poland,Defender,Defender,,186.0,Podlesianka Katowice,40659,0.0,2022-07-31,0.15901060070671377,0.2385159010600707,0.3975265017667845,22.6
1106860,24/25,Olympique Lyon B,National 3 - Grp. I,9.0,1.0,2.0,681.0,Enzo Molebe (1106860),2007-09-18,France  DR Congo,Attack - Centre-Forward,Attack,right,0.0,Olympique Lyon B,12764,100000.0,2025-06-02,0.13215859030837004,0.2643171806167401,0.3964757709251101,18.9
1054347,24/25,Inter Milan UEFA U19,UEFA Youth League,8.0,1.0,2.0,682.0,Mattia Zanchetta (1054347),2006-03-18,Italy,Midfield - Defensive Midfield,Midfield,left,0.0,Inter U23,41119,450000.0,2025-06-26,0.13196480938416422,0.26392961876832843,0.39589442815249265,20.4
933744,24/25,Académico de Viseu Sub-23,Revelação U23 - Qualif. round,13.0,1.0,4.0,1139.0,Tiago Freitas (933744),2004-01-11,Portugal,Defender - Right-Back,Defender,right,180.0,CD Fátima,6987,,,0.07901668129938542,0.3160667251975417,0.39508340649692714,22.6
959680,24/25,FC Vizela U23,Liga Revelação,12.0,1.0,3.0,915.0,Kamika (959680),2004-06-04,Portugal,Defender - Left-Back,Defender,left,174.0,SU 1º Dezembro,13573,,,0.09836065573770492,0.29508196721311475,0.39344262295081966,22.2
1092437,2025,Guarani Futebol Clube (SP),Campeonato Paulista,11.0,1.0,2.0,687.0,João Victor (1092437),2004-04-29,Brazil,Attack - Left Winger,Attack,right,178.0,Guarani Futebol Clube (SP),1755,,,0.13100436681222707,0.26200873362445415,0.39301310043668125,22.3
1310461,24/25,Sampdoria Under 17,Under 17 - A,21.0,2.0,2.0,916.0,Federico Valenza (1310461),2008-05-19,Italy,Midfield - Central Midfield,Midfield,right,0.0,Sampdoria Primavera,12001,,,0.1965065502183406,0.1965065502183406,0.3930131004366812,18.3
640558,24/25,PEC Zwolle,Eredivisie,29.0,2.0,2.0,918.0,Damian van der Haar (640558),2004-01-16,Netherlands,Defender - Centre-Back,Defender,left,187.0,PEC Zwolle,1269,600000.0,2025-05-27,0.19607843137254904,0.19607843137254904,0.3921568627450981,22.6
941115,24/25,FC Barcelona Atlètic,Primera Federación - Gr. I,35.0,2.0,3.0,1149.0,Rubén López (941115),2004-08-26,Spain,Midfield - Central Midfield,Midfield,left,175.0,Deportivo de La Coruña,897,500000.0,2025-06-24,0.1566579634464752,0.2349869451697128,0.391644908616188,22.0
1143823,24/25,Sambir-Nyva-2 Ternopil,Druga Liga,17.0,2.0,1.0,690.0,Denys Dovbetskyi (1143823),2004-01-27,Ukraine,Attack - Right Winger,Attack,right,173.0,Nyva Ternopil,2712,10000.0,2025-06-09,0.2608695652173913,0.13043478260869565,0.3913043478260869,22.6
745233,24/25,Göztepe,Süper Lig,23.0,2.0,1.0,691.0,Taha Altıkardeş (745233),2003-08-22,Türkiye,Defender - Centre-Back,Defender,right,190.0,Göztepe,1467,5500000.0,2025-06-17,0.26049204052098407,0.13024602026049203,0.3907380607814761,23.0
685657,24/25,FC Utrecht U21,Keuken Kampioen Divisie,16.0,2.0,1.0,692.0,Silas Andersen (685657),2004-06-13,Denmark,Midfield - Defensive Midfield,Midfield,right,190.0,BK Häcken,1109,700000.0,2025-06-17,0.26011560693641617,0.13005780346820808,0.3901734104046243,22.2
1045121,24/25,Chelsea FC U18,U18 Premier League,14.0,1.0,4.0,1156.0,Genesis Antwi (1045121),2007-05-11,Sweden  England,Defender - Right-Back,Defender,right,0.0,Chelsea FC U21,9250,350000.0,2025-05-29,0.07785467128027682,0.31141868512110726,0.38927335640138405,19.3
1085931,24/25,Derby County U18,U18 Premier League,16.0,2.0,1.0,694.0,Adisa Osayande (1085931),2006-10-08,England  Nigeria,Defender - Centre-Back,Defender,,0.0,Derby County U21,39337,,,0.25936599423631124,0.12968299711815562,0.38904899135446686,19.9
1313607,24/25,Reggiana Under 17,Under 17 - A,24.0,3.0,0.0,695.0,Alberto Gilli (1313607),2008-10-17,Italy,Defender - Right-Back,Defender,right,0.0,Reggiana Primavera,20406,,,0.3884892086330935,0.0,0.3884892086330935,17.8
1030274,24/25,SV Meppen II,OL Niedersachsen,10.0,1.0,2.0,696.0,Malte Zumdieck (1030274),2005-02-25,Germany,Attack - Right Winger,Attack,,0.0,SV Meppen,247,10000.0,2025-06-23,0.12931034482758622,0.25862068965517243,0.3879310344827587,21.5
1058369,24/25,Empoli Primavera,Primavera 1,13.0,1.0,2.0,696.0,Thomas Campaniello (1058369),2008-02-29,Italy  Poland,Attack - Centre-Forward,Attack,,0.0,FC Empoli,749,1000000.0,2025-06-26,0.12931034482758622,0.25862068965517243,0.3879310344827587,18.5
1078164,24/25,Everton FC U18,U18 Premier League,22.0,2.0,1.0,697.0,Demi Akarakiri (1078164),2008-09-16,England,Midfield - Attacking Midfield,Midfield,,0.0,Everton FC U18,6920,,,0.2582496413199426,0.1291248206599713,0.3873744619799139,17.9
802553,25/26,Lyngby Boldklub,1.Division,9.0,1.0,2.0,699.0,Gustav Fraulo (802553),2005-04-23,Denmark  Italy,Midfield - Central Midfield,Midfield,right,183.0,Lyngby Boldklub,369,350000.0,2025-06-15,0.12875536480686695,0.2575107296137339,0.38626609442060084,21.3
1119569,2025,Central Coast Mariners II,NPL New South Wales,22.0,2.0,1.0,701.0,Ayouk Mow (1119569),2005-07-14,Australia,Attack - Right Winger,Attack,right,178.0,Central Coast Mariners II,26206,,,0.25677603423680456,0.12838801711840228,0.3851640513552068,21.1
919669,24/25,Rimini FC,Serie C-B,29.0,2.0,2.0,936.0,Simone Cinquegrano (919669),2004-06-25,Italy  Argentina,Defender - Right-Back,Defender,right,192.0,Inter U23,41119,300000.0,2025-06-18,0.19230769230769232,0.19230769230769232,0.38461538461538464,22.1
900460,24/25,Dolomiti Bellunesi,Serie D - C,37.0,2.0,4.0,1405.0,Mattia Parlato (900460),2005-04-12,Italy,Defender - Right-Back,Defender,,0.0,Calcio Desenzano,56265,200000.0,2025-05-14,0.12811387900355872,0.25622775800711745,0.38434163701067614,21.4
918342,2025,FC Rostov 2,2. Division B,9.0,1.0,2.0,703.0,Aleksey Koltakov (918342),2005-11-14,Russia,Midfield - Defensive Midfield,Midfield,right,175.0,FC Rostov 2,82969,200000.0,2025-06-03,0.12802275960170698,0.25604551920341395,0.38406827880512096,20.8
944442,24/25,Trabzonspor UEFA U19,UEFA Youth League,8.0,1.0,2.0,704.0,Salih Malkoçoğlu (944442),2005-02-23,Türkiye,Midfield - Defensive Midfield,Midfield,right,190.0,Trabzonspor,449,1200000.0,2025-06-17,0.1278409090909091,0.2556818181818182,0.3835227272727273,21.5
724106,24/25,US Sassuolo,Serie B,22.0,1.0,2.0,705.0,Luca Lipani (724106),2005-05-18,Italy,Midfield - Defensive Midfield,Midfield,right,185.0,US Sassuolo,6574,3500000.0,2025-06-01,0.12765957446808512,0.25531914893617025,0.3829787234042554,21.3
1042600,2025,Örgryte IS,Superettan,9.0,1.0,2.0,705.0,Madiou Keita (1042600),2004-08-29,Guinea  France,Defender - Centre-Back,Defender,left,189.0,RWDM Brussels,54189,150000.0,2025-06-17,0.12765957446808512,0.25531914893617025,0.3829787234042554,22.0
1011669,24/25,Manchester City U21,Premier League 2,18.0,1.0,2.0,707.0,Michael Okeke (1011669),2005-10-16,Hungary  England,Midfield - Central Midfield,Midfield,right,0.0,Puskás Akadémia FC,37169,,,0.1272984441301273,0.2545968882602546,0.3818953323903819,20.8
1054701,24/25,Racing Besançon,National 3 - Grp. H,23.0,2.0,2.0,943.0,Zidane Boulebiar (1054701),2004-10-04,France  Algeria,Midfield - Central Midfield,Midfield,right,0.0,Racing Besançon,2967,,,0.19088016967126195,0.19088016967126195,0.3817603393425239,21.9
1179843,24/25,Bologna Under 18,Under 18,20.0,2.0,1.0,708.0,Jesse Saputo (1179843),2007-07-09,Canada  Italy,Midfield - Attacking Midfield,Midfield,,0.0,Bologna Primavera,14848,,,0.2542372881355932,0.1271186440677966,0.3813559322033898,19.1
911431,24/25,Accrington Stanley,League Two,25.0,3.0,0.0,710.0,Sonny Aljofree (911431),2004-12-19,England  Singapore,Defender - Centre-Back,Defender,,0.0,Notts County,1045,275000.0,2025-06-29,0.380281690140845,0.0,0.380281690140845,21.7
1088110,24/25,FC Annecy,Ligue 2,29.0,2.0,1.0,713.0,Anthony Bermont (1088110),2005-02-10,France,Attack - Left Winger,Attack,right,187.0,RC Lens,826,600000.0,2025-06-01,0.25245441795231416,0.12622720897615708,0.37868162692847124,21.5
1172475,24/25,Lecce Primavera,Primavera 1,27.0,2.0,1.0,714.0,Yohan Mboko (1172475),2005-11-08,DR Congo  Belgium,Attack - Left Winger,Attack,right,182.0,Oud-Heverlee Leuven U23,52563,50000.0,2025-06-26,0.25210084033613445,0.12605042016806722,0.37815126050420167,20.8
1285162,24/25,SS Lazio U17,Under 17 - C,21.0,2.0,1.0,716.0,Emanuele Margheri (1285162),2008-12-30,Italy,Defender - Centre-Back,Defender,,0.0,Lazio Under 18,82685,,,0.25139664804469275,0.12569832402234637,0.3770949720670391,17.6
823560,24/25,USD Sestri Levante 1919,Serie C-B,22.0,2.0,1.0,717.0,Francesco Conti (823560),2004-10-23,Italy,Midfield - Central Midfield,Midfield,right,178.0,UC Sampdoria,1038,300000.0,2025-06-18,0.2510460251046025,0.12552301255230125,0.37656903765690375,21.8
1213427,24/25,Cowdenbeath FC,Lowland League,25.0,3.0,0.0,718.0,Olly Whyte (1213427),2006-11-27,Scotland,Midfield - Central Midfield,Midfield,,0.0,Stenhousemuir FC,3012,,,0.3760445682451254,0.0,0.3760445682451254,19.7
805056,24/25,Aalborg BK,Superliga,21.0,2.0,1.0,719.0,Oliver Ross (805056),2004-10-10,Denmark,Attack - Centre-Forward,Attack,right,186.0,Aalborg BK,1053,1000000.0,2025-06-15,0.25034770514603616,0.12517385257301808,0.37552155771905427,21.9
937945,24/25,Real Sociedad B,Primera Federación - Gr. I,17.0,1.0,2.0,719.0,Dani Díaz (937945),2006-06-22,Spain,Attack - Right Winger,Attack,left,167.0,Real Sociedad B,9899,300000.0,2025-06-24,0.12517385257301808,0.25034770514603616,0.37552155771905427,20.2
1010671,24/25,Le Mans FC,Championnat National,23.0,2.0,1.0,719.0,Martin Rossignol (1010671),2003-11-03,France,Midfield - Central Midfield,Midfield,right,171.0,Le Mans FC,1164,400000.0,2025-05-25,0.25034770514603616,0.12517385257301808,0.37552155771905427,22.8
885962,24/25,Vicenza Primavera,Primavera 2 - A,9.0,1.0,2.0,720.0,Edoardo Mion (885962),2005-06-01,Italy,Midfield - Central Midfield,Midfield,,0.0,GSD Ghiviborgo VDS,41692,75000.0,2025-05-14,0.125,0.25,0.375,21.2
1256045,24/25,Renate Primavera,Primavera 2 - A,25.0,3.0,0.0,721.0,Diego Stagi (1256045),2007-05-14,Italy,Defender - Centre-Back,Defender,,0.0,Renate Primavera,112584,,,0.37447988904299584,0.0,0.37447988904299584,19.3
1304526,24/25,Fiorentina Under 17,Under 17 - C,21.0,1.0,5.0,1451.0,Angelo Lorusso (1304526),2008-05-12,Italy,Midfield - Central Midfield,Midfield,right,0.0,Fiorentina Under 18,75901,,,0.06202618883528601,0.31013094417643006,0.37215713301171605,18.3
555067,24/25,Wisla Kraków,Betclic 1 Liga,20.0,1.0,4.0,1210.0,Kacper Duda (555067),2004-01-01,Poland,Midfield - Defensive Midfield,Midfield,right,175.0,Wisla Kraków,422,600000.0,2025-06-05,0.0743801652892562,0.2975206611570248,0.371900826446281,22.6
818582,24/25,AS Ostiamare Lido Calcio,Serie D - E,24.0,2.0,2.0,971.0,Pasquale Pontillo (818582),2004-01-27,Italy,Defender - Centre-Back,Defender,right,184.0,AS Ostiamare Lido Calcio,9793,150000.0,2025-05-14,0.1853759011328527,0.1853759011328527,0.3707518022657054,22.6
1004301,24/25,Clermont Foot 63,Ligue 2,17.0,2.0,1.0,730.0,Jérémy Jacquet (1004301),2005-07-13,France  Guadeloupe,Defender - Centre-Back,Defender,right,190.0,Stade Rennais FC,273,10000000.0,2025-06-02,0.24657534246575344,0.12328767123287672,0.36986301369863017,21.1
880245,24/25,Southampton FC,Premier League,36.0,2.0,4.0,1461.0,Mateus Fernandes (880245),2004-07-10,Portugal,Midfield - Central Midfield,Midfield,right,180.0,West Ham United,379,15000000.0,2025-05-29,0.12320328542094455,0.2464065708418891,0.36960985626283366,22.1
1314283,24/25,Genoa Under 17,Under 17 - A,19.0,1.0,2.0,731.0,Borys Skraburski (1314283),2008-04-13,Poland,Attack - Centre-Forward,Attack,right,190.0,Genoa Under 18,76092,,,0.12311901504787962,0.24623803009575923,0.3693570451436389,18.3
1188619,24/25,Torino Primavera,Primavera 1,18.0,1.0,3.0,976.0,Alessio Cacciamani (1188619),2007-06-29,Italy,Attack - Left Winger,Attack,right,0.0,SS Juve Stabia,5587,500000.0,2025-05-11,0.09221311475409837,0.2766393442622951,0.36885245901639346,19.1
936024,24/25,Treviso FBC 1993,Serie D - C,30.0,2.0,1.0,732.0,Mattia Golin (936024),2005-05-28,Italy,Defender - Centre-Back,Defender,left,0.0,LR Vicenza,2655,75000.0,2025-05-14,0.2459016393442623,0.12295081967213115,0.3688524590163934,21.2
923610,24/25,TSG 1899 Hoffenheim II,Regionalliga Südwest,29.0,2.0,1.0,733.0,Diren Dağdeviren (923610),2005-03-08,Türkiye  Germany,Midfield - Defensive Midfield,Midfield,right,176.0,TSG 1899 Hoffenheim II,983,75000.0,2025-06-10,0.24556616643929058,0.12278308321964529,0.3683492496589359,21.4
637792,24/25,SL Benfica B,Liga Portugal 2,28.0,1.0,3.0,978.0,João Veloso (637792),2005-06-26,Portugal,Midfield - Central Midfield,Midfield,right,185.0,SL Benfica B,10330,500000.0,2025-06-22,0.09202453987730062,0.27607361963190186,0.3680981595092025,21.1
1024706,24/25,Sönderjyske U19,U19 Boys League,25.0,3.0,0.0,735.0,Villads Klindt (1024706),2006-02-06,Denmark,Defender - Centre-Back,Defender,left,191.0,Sönderjyske U19,10445,,,0.3673469387755102,0.0,0.3673469387755102,20.5
1052892,24/25,Manchester United U18,U18 Premier League,12.0,1.0,3.0,981.0,Jaydan Kamason (1052892),2006-12-08,England  Sierra Leone,Defender - Right-Back,Defender,right,178.0,Manchester United U21,9251,,,0.09174311926605505,0.27522935779816515,0.3669724770642202,19.7
859949,24/25,Leamington FC,National League North,21.0,2.0,1.0,736.0,Owen Farmer (859949),2005-05-22,England,Attack - Centre-Forward,Attack,,0.0,Leamington FC,23226,,,0.24456521739130435,0.12228260869565218,0.36684782608695654,21.2
1054332,24/25,Pro Vercelli Primavera,Primavera 2 - A,20.0,2.0,1.0,736.0,Riccardo Bordoni (1054332),2006-05-15,Italy,Defender - Right-Back,Defender,,0.0,Pro Vercelli Primavera,26370,25000.0,2025-05-27,0.24456521739130435,0.12228260869565218,0.36684782608695654,20.3
1098970,2025,Fortaleza CEIF,Liga DIMAYOR I,16.0,1.0,2.0,736.0,Kelvin Flórez (1098970),2004-02-07,Colombia,Attack - Left Winger,Attack,right,177.0,Fortaleza CEIF,32041,200000.0,2025-06-19,0.12228260869565218,0.24456521739130435,0.36684782608695654,22.5
1240763,24/25,FC Nordsjaelland,Superliga Championship round,9.0,1.0,2.0,736.0,Caleb Yirenkyi (1240763),2006-01-15,Ghana,Midfield - Central Midfield,Midfield,right,182.0,FC Nordsjaelland,2778,1000000.0,2025-06-15,0.12228260869565218,0.24456521739130435,0.36684782608695654,20.6
866656,24/25,Southampton FC U21,Premier League 2,11.0,1.0,3.0,983.0,Cameron Bragg (866656),2005-04-10,Scotland  England,Midfield - Central Midfield,Midfield,,0.0,Southampton FC U21,36546,150000.0,2025-05-29,0.09155645981688708,0.2746693794506612,0.3662258392675483,21.4
1077204,24/25,Juventus Under 17,Under 17 - A,15.0,1.0,2.0,738.0,Kris Gecaj (1077204),2008-11-14,Albania  Italy,Defender - Left-Back,Defender,left,0.0,Genoa U20,8517,,,0.12195121951219512,0.24390243902439024,0.36585365853658536,17.8
1028125,24/25,SC Austria Lustenau,2. Liga,13.0,1.0,2.0,739.0,Abdellah Baallal (1028125),2004-11-07,Morocco,Midfield - Attacking Midfield,Midfield,right,0.0,Clermont Foot 63 B,16654,125000.0,2025-05-29,0.12178619756427606,0.2435723951285521,0.36535859269282817,21.8
1077098,2025,GIF Sundsvall,Superettan,20.0,2.0,1.0,739.0,Ture Sandberg (1077098),2005-05-12,Sweden,Midfield - Central Midfield,Midfield,,0.0,GIF Sundsvall,2843,450000.0,2025-06-17,0.2435723951285521,0.12178619756427606,0.36535859269282817,21.3
957544,24/25,NEC Nijmegen,Eredivisie,25.0,2.0,2.0,988.0,Kodai Sano (957544),2003-09-25,Japan,Midfield - Central Midfield,Midfield,right,176.0,NEC Nijmegen,467,4000000.0,2025-05-27,0.18218623481781376,0.18218623481781376,0.3643724696356275,22.9
991454,24/25,Zaglebie Lubin,Ekstraklasa,26.0,3.0,0.0,742.0,Igor Orlikowski (991454),2006-02-09,Poland,Defender - Centre-Back,Defender,right,181.0,Zaglebie Lubin,168,2000000.0,2025-06-05,0.3638814016172507,0.0,0.3638814016172507,20.5
996887,2025,Shanghai Port B,League Two North,20.0,2.0,1.0,743.0,Song Wang (996887),2003-10-07,China,Attack - Right Winger,Attack,right,179.0,Shanghai Port B,115122,75000.0,2025-06-22,0.24226110363391656,0.12113055181695828,0.3633916554508748,22.9
937072,24/25,RSCA Futures,CPL,21.0,2.0,1.0,744.0,Kaïs Barry (937072),2006-02-08,Belgium  Guinea,Defender - Centre-Back,Defender,right,186.0,RSCA Futures,30857,400000.0,2025-04-23,0.24193548387096775,0.12096774193548387,0.3629032258064516,20.5
1229093,24/25,Virtus Entella Primavera,Primavera 2 - A,19.0,1.0,5.0,1492.0,Pedro Dayan (1229093),2007-10-28,Brazil  Italy,Midfield - Central Midfield,Midfield,,0.0,Virtus Entella Primavera,27354,,,0.06032171581769437,0.30160857908847183,0.3619302949061662,18.8
1063540,24/25,USL Dunkerque U19,National U19 - Grp. A,21.0,2.0,1.0,748.0,Mamadu Silla (1063540),2006-11-30,Portugal,Attack - Centre-Forward,Attack,right,0.0,USL Dunkerque U19,87305,,,0.24064171122994651,0.12032085561497326,0.3609625668449198,19.7
629005,24/25,SCR Altach,Bundesliga,24.0,2.0,1.0,751.0,Dijon Kameri (629005),2004-04-20,Austria,Midfield - Attacking Midfield,Midfield,right,184.0,Cracovia,5689,1000000.0,2025-06-05,0.2396804260985353,0.11984021304926765,0.35952063914780297,22.3
707450,24/25,US Salernitana 1919,Serie B,36.0,3.0,1.0,1009.0,Lorenzo Amatucci (707450),2004-02-05,Italy,Midfield - Defensive Midfield,Midfield,right,172.0,UD Las Palmas,472,3500000.0,2025-06-01,0.267591674925669,0.08919722497522299,0.35678889990089196,22.5
967658,24/25,Ascoli Calcio,Serie C-B,23.0,2.0,1.0,757.0,Augusto Bando (967658),2006-10-24,Italy,Midfield - Defensive Midfield,Midfield,right,177.0,Ascoli Calcio,408,300000.0,2025-06-18,0.23778071334214002,0.11889035667107001,0.35667107001321,19.8
1030374,24/25,Xerez CD,Segunda Federación - Gr. IV,13.0,1.0,2.0,760.0,Alberto Ulloa (1030374),2003-09-30,Spain  Chile,Midfield - Central Midfield,Midfield,right,190.0,CD Tenerife B,11617,25000.0,2025-06-24,0.11842105263157894,0.23684210526315788,0.35526315789473684,22.9
1150825,24/25,Stade Bordelais,National 3 - Grp. A,20.0,2.0,1.0,763.0,Mehdi Nfati (1150825),2005-10-25,France  Morocco,Midfield - Central Midfield,Midfield,right,0.0,Aviron Bayonnais,8728,,,0.23591087811271297,0.11795543905635648,0.35386631716906947,20.8
1179482,24/25,Atlético Madrileño,Primera Federación - Gr. II,26.0,1.0,3.0,1020.0,Iker Luque (1179482),2005-06-05,Spain,Attack - Right Winger,Attack,right,168.0,Atlético Madrileño,3679,100000.0,2025-06-24,0.08823529411764705,0.2647058823529412,0.3529411764705882,21.2
936874,24/25,Chelsea FC,Conference League,12.0,1.0,2.0,766.0,Tyrique George (936874),2006-02-04,England  Nigeria,Attack - Left Winger,Attack,right,181.0,Chelsea FC,631,10000000.0,2025-05-29,0.1174934725848564,0.2349869451697128,0.3524804177545692,20.5
990068,24/25,Botev Plovdiv II,Vtora Liga,29.0,2.0,1.0,771.0,Damyan Yordanov (990068),2005-05-30,Bulgaria,Midfield - Attacking Midfield,Midfield,left,179.0,Spartak Varna,9599,200000.0,2025-09-03,0.23346303501945526,0.11673151750972763,0.35019455252918286,21.2
993983,24/25,Monopoli Primavera,Primavera 2 - B,16.0,1.0,3.0,1029.0,Cristian Lamberta (993983),2006-02-10,Italy,Attack - Right Winger,Attack,right,0.0,Empoli Primavera,8492,25000.0,2025-05-27,0.08746355685131195,0.26239067055393583,0.3498542274052478,20.5
885312,24/25,US Adriese 1906,Serie D - C,23.0,1.0,2.0,772.0,Nicolò Berton (885312),2005-05-02,Italy,Defender - Right-Back,Defender,,0.0,Without Club,515,50000.0,2025-05-14,0.11658031088082901,0.23316062176165803,0.34974093264248707,21.3
1056960,24/25,SD Logroñés,Segunda Federación - Gr. II,33.0,2.0,2.0,1032.0,Urtzi Albizua (1056960),2005-06-29,Spain,Defender - Left-Back,Defender,left,0.0,Barakaldo CF,3708,150000.0,2025-06-24,0.1744186046511628,0.1744186046511628,0.3488372093023256,21.1
871236,24/25,Gateshead FC,National League,19.0,2.0,1.0,777.0,Ben Radcliffe (871236),2003-09-15,England,Defender - Centre-Back,Defender,right,190.0,Crawley Town,3537,200000.0,2025-06-17,0.23166023166023164,0.11583011583011582,0.34749034749034746,22.9
930025,24/25,SC Paderborn 07 II,Regionalliga West,26.0,2.0,1.0,777.0,Medin Kojic (930025),2005-12-09,Germany  Bosnia-Herzegovina,Midfield - Defensive Midfield,Midfield,,179.0,SC Paderborn 07 II,6604,200000.0,2025-06-22,0.23166023166023164,0.11583011583011582,0.34749034749034746,20.7
709960,24/25,RCD Espanyol B,Segunda Federación - Gr. III,31.0,2.0,2.0,1037.0,Marc Jurado (709960),2004-04-13,Spain,Defender - Right-Back,Defender,right,178.0,FC Cartagena,7077,150000.0,2025-06-24,0.17357762777242045,0.17357762777242045,0.3471552555448409,22.3
936901,24/25,Carlisle United,League Two,22.0,2.0,1.0,778.0,Dominic Sadi (936901),2003-09-02,England,Attack - Right Winger,Attack,left,174.0,AFC Bournemouth U21,38967,150000.0,2025-05-29,0.2313624678663239,0.11568123393316194,0.34704370179948585,23.0
724069,24/25,Monza Primavera,Primavera 1,12.0,1.0,2.0,779.0,Kevin Martins (724069),2005-01-31,Italy  Nigeria,Attack - Right Winger,Attack,right,180.0,US Sambenedettese,4330,1400000.0,2025-06-16,0.11553273427471115,0.2310654685494223,0.34659820282413345,21.5
1058364,24/25,Inter Under 17,Under 17 - B,16.0,1.0,3.0,1042.0,Marco Grisoni Fasana (1058364),2008-01-04,Italy,Attack - Left Winger,Attack,,0.0,Inter Under 18,75868,,,0.08637236084452975,0.2591170825335893,0.34548944337811904,18.6
957740,24/25,FC Porto B,Liga Portugal 2,32.0,1.0,5.0,1564.0,Tiago Andrade (957740),2005-10-21,Portugal,Attack - Left Winger,Attack,right,170.0,FC Porto B,10331,1300000.0,2025-06-22,0.05754475703324809,0.2877237851662404,0.3452685421994885,20.8
741237,24/25,Southampton FC U21,Premier League 2,16.0,1.0,4.0,1308.0,Derrick Abu (741237),2003-12-18,England  Nigeria,Defender - Right-Back,Defender,right,0.0,Valenciennes FC,1423,,,0.06880733944954129,0.27522935779816515,0.34403669724770647,22.7
1116267,24/25,Eintracht Frankfurt U19,U19 Nachwuchsliga - Liga A,9.0,1.0,2.0,786.0,Kristian Mandic (1116267),2007-10-02,Croatia  Germany,Defender - Centre-Back,Defender,left,186.0,1.FC Nuremberg,4,250000.0,2025-09-04,0.11450381679389314,0.22900763358778628,0.3435114503816794,18.9
1165375,24/25,AC Nardò,Serie D - H,20.0,2.0,1.0,786.0,Axel Lucas (1165375),2005-02-24,France,Midfield - Left Midfield,Midfield,left,176.0,Siena FC,1387,150000.0,2025-05-14,0.22900763358778628,0.11450381679389314,0.3435114503816794,21.5
1317566,24/25,Palermo Primavera,Primavera 2 - B,27.0,3.0,0.0,790.0,Alessandro Sabino Russo (1317566),2006-01-13,Italy,Midfield - Defensive Midfield,Midfield,right,179.0,Cagliari Primavera,11676,75000.0,2025-05-27,0.34177215189873417,0.0,0.34177215189873417,20.6
953004,24/25,Viborg FF,Superliga,17.0,1.0,3.0,1054.0,Thomas Jørgensen (953004),2005-09-30,Denmark,Midfield - Central Midfield,Midfield,left,184.0,Viborg FF,1063,2000000.0,2025-06-15,0.08538899430740038,0.25616698292220114,0.3415559772296015,20.9
1176429,24/25,Aveley FC,National League South,16.0,1.0,3.0,1059.0,David Hicks (1176429),2006-05-02,England,Midfield - Central Midfield,Midfield,right,178.0,Reading FC U21,36123,,,0.08498583569405099,0.254957507082153,0.33994334277620397,20.3
1058855,24/25,Monza Primavera,Primavera 1,32.0,2.0,2.0,1062.0,Andrea De Bonis (1058855),2006-03-16,Italy,Defender - Left-Back,Defender,left,185.0,Monza Primavera,84400,175000.0,2025-06-26,0.1694915254237288,0.1694915254237288,0.3389830508474576,20.4
961902,24/25,Algeciras CF,Primera Federación - Gr. II,32.0,1.0,4.0,1328.0,Neco Celorio (961902),2004-03-07,Spain,Midfield - Attacking Midfield,Midfield,right,172.0,CD Lugo,11000,300000.0,2025-06-24,0.06777108433734941,0.27108433734939763,0.33885542168674704,22.5
1076168,24/25,Bologna Under 18,Under 18,29.0,3.0,0.0,797.0,Theodoros Tsioungaris (1076168),2007-01-21,Greece,Defender - Centre-Back,Defender,left,188.0,Fidelis Andria 2018,4085,,,0.33877038895859474,0.0,0.33877038895859474,19.6
519869,24/25,Eintracht Frankfurt II,Regionalliga Südwest,17.0,1.0,2.0,798.0,Mehdi Loune (519869),2004-05-14,Germany  Morocco,Midfield - Central Midfield,Midfield,,172.0,Without Club,515,150000.0,2025-06-10,0.11278195488721804,0.22556390977443608,0.3383458646616541,22.3
1048013,24/25,Cagliari Primavera,Primavera 1,37.0,2.0,3.0,1332.0,Nicola Grandu (1048013),2006-07-15,Italy,Midfield - Left Midfield,Midfield,right,0.0,Cagliari Primavera,11676,300000.0,2025-06-26,0.13513513513513514,0.20270270270270271,0.33783783783783783,20.1
535650,24/25,FC Erzgebirge Aue,3. Liga,35.0,1.0,7.0,2141.0,Pascal Fallmann (535650),2003-11-07,Austria,Defender - Right-Back,Defender,right,187.0,FC Erzgebirge Aue,94,350000.0,2025-06-10,0.04203643157403082,0.29425502101821577,0.3362914525922466,22.8
898812,24/25,Inter Milan Primavera,Primavera 1,28.0,3.0,0.0,803.0,Christos Alexiou (898812),2005-06-30,Greece,Defender - Centre-Back,Defender,left,186.0,Inter U23,41119,800000.0,2025-06-26,0.33623910336239105,0.0,0.33623910336239105,21.1
1192959,24/25,Feralpisalò Primavera,Primavera 2 - A,22.0,2.0,1.0,803.0,Federico Ottini (1192959),2007-01-02,Italy,Defender - Right-Back,Defender,right,0.0,C.S. Trevigliese,56064,,,0.22415940224159403,0.11207970112079702,0.33623910336239105,19.6
1065486,24/25,Palermo Primavera,Primavera 2 - B,28.0,3.0,0.0,805.0,,2006-08-10,Italy,Midfield - Central Midfield,Midfield,,0.0,Palermo Primavera,11493,75000.0,2025-05-27,0.3354037267080745,0.0,0.3354037267080745,20.0
810188,24/25,Walsall FC,League Two,44.0,2.0,5.0,1881.0,David Okagbue (810188),2004-02-04,Ireland  Nigeria,Defender - Centre-Back,Defender,right,184.0,Peterborough United,1072,275000.0,2025-06-29,0.09569377990430623,0.23923444976076555,0.3349282296650718,22.5
829253,24/25,Kickers Offenbach,Regionalliga Südwest,29.0,1.0,3.0,1076.0,Almin Mesanovic (829253),2004-01-17,Bosnia-Herzegovina  Germany,Midfield - Central Midfield,Midfield,left,182.0,SC Verl,93,125000.0,2025-06-10,0.08364312267657992,0.25092936802973975,0.33457249070631967,22.6
1188643,24/25,Parma Under 18,Under 18,33.0,3.0,0.0,807.0,Giorgio Chimezie (1188643),2007-08-09,Italy  Nigeria,Midfield - Right Midfield,Midfield,right,0.0,Parma Primavera,5243,,,0.33457249070631967,0.0,0.33457249070631967,19.0
921460,24/25,Hannover 96 U19,U19 Nachwuchsliga - Liga A,9.0,1.0,2.0,810.0,Anton Lange (921460),2006-05-25,Germany,Defender - Centre-Back,Defender,right,0.0,Hannover 96 II,1065,75000.0,2025-09-05,0.1111111111111111,0.2222222222222222,0.3333333333333333,20.2
988532,24/25,Volgar Astrakhan,2. Division A (Phase 1),15.0,1.0,2.0,812.0,Danil Anosov (988532),2005-02-26,Russia,Midfield - Left Midfield,Midfield,right,175.0,Tekstilshchik Ivanovo,11125,125000.0,2025-06-01,0.11083743842364532,0.22167487684729065,0.33251231527093594,21.5
1049890,24/25,Leeds United U21,Premier League 2,14.0,1.0,2.0,813.0,Josh McDonald (1049890),2007-03-06,Scotland,Attack - Left Winger,Attack,,0.0,Leeds United U21,20116,,,0.11070110701107011,0.22140221402214022,0.33210332103321033,19.5
1049104,2025,Orlando City B,MLS Next Pro,15.0,1.0,4.0,1356.0,Zakaria Taifi (1049104),2005-10-01,United States  Morocco,Midfield - Defensive Midfield,Midfield,right,0.0,Orlando City SC,45604,,,0.0663716814159292,0.2654867256637168,0.331858407079646,20.9
1318504,24/25,Virtus Entella Primavera,Primavera 2 - A,23.0,1.0,4.0,1356.0,Andrea Traniello (1318504),2007-06-19,Italy,Attack - Right Winger,Attack,right,187.0,Virtus Entella Primavera,27354,,,0.0663716814159292,0.2654867256637168,0.331858407079646,19.2
745502,24/25,KF Teuta,Kategoria Superiore,32.0,2.0,2.0,1087.0,Rrok Toma (745502),2004-02-27,Albania,Attack - Centre-Forward,Attack,right,184.0,FK Partizani,4040,150000.0,2025-05-29,0.1655933762649494,0.1655933762649494,0.3311867525298988,22.5
1130074,24/25,Derby County U18,U18 Premier League,19.0,2.0,1.0,818.0,Marsel Tola (1130074),2007-03-31,England  Albania,Midfield - Central Midfield,Midfield,,0.0,Derby County U21,39337,,,0.2200488997555012,0.1100244498777506,0.3300733496332518,19.4
652632,24/25,SK Sturm Graz,Bundesliga,24.0,1.0,5.0,1639.0,Max Johnston (652632),2003-12-26,Scotland  England,Defender - Right-Back,Defender,right,185.0,Derby County,22,3500000.0,2025-06-05,0.05491153142159853,0.2745576571079927,0.32946918852959123,22.6
747571,24/25,Altrincham FC,National League,34.0,1.0,3.0,1096.0,Kahrel Reddin (747571),2004-01-13,England,Attack - Right Winger,Attack,right,171.0,Altrincham FC,2962,,,0.08211678832116788,0.24635036496350365,0.3284671532846715,22.6
925838,24/25,Vis Pesaro 1898,Serie C-B,29.0,3.0,0.0,823.0,Francesco Coppola (925838),2005-04-11,Italy  Cuba,Defender - Centre-Back,Defender,right,195.0,Pisa Sporting Club,4172,2500000.0,2025-06-18,0.32806804374240583,0.0,0.32806804374240583,21.4
889459,24/25,Racing Santander,LaLiga2,32.0,3.0,0.0,827.0,Mario García (889459),2003-10-02,Spain,Defender - Left-Back,Defender,left,172.0,Racing Santander,630,900000.0,2025-06-23,0.3264812575574365,0.0,0.3264812575574365,22.9
1160599,24/25,SC União Torreense,Liga Portugal 2,29.0,2.0,1.0,832.0,David Costa (1160599),2004-01-12,Cape Verde  Portugal,Midfield - Attacking Midfield,Midfield,right,170.0,SC União Torreense,2432,800000.0,2025-06-22,0.21634615384615385,0.10817307692307693,0.3245192307692308,22.6
882172,24/25,Tottenham Hotspur U21,Premier League 2,19.0,1.0,3.0,1112.0,Rio Kyerematen (882172),2005-06-09,England  Ghana,Midfield - Central Midfield,Midfield,,0.0,Tottenham Hotspur U21,9254,,,0.08093525179856116,0.24280575539568347,0.32374100719424465,21.2
912745,24/25,NK Tabor Sezana,Druga Liga,13.0,1.0,2.0,834.0,Teodor Georgiev (912745),2004-01-31,Bulgaria,Midfield - Attacking Midfield,Midfield,right,185.0,Marek Dupnitsa,5284,50000.0,2025-05-26,0.1079136690647482,0.2158273381294964,0.3237410071942446,22.5
1077436,2025,Dinamo Tbilisi,Erovnuli Liga,17.0,1.0,2.0,834.0,Vakhtang Salia (1077436),2007-08-30,Georgia,Attack - Centre-Forward,Attack,right,181.0,Newcastle United U21,9253,800000.0,2025-05-25,0.1079136690647482,0.2158273381294964,0.3237410071942446,19.0
1170679,24/25,Reading FC U21,Premier League 2,15.0,1.0,3.0,1113.0,Emmanuel Osho (1170679),2007-04-09,England  Nigeria,Attack - Right Winger,Attack,right,0.0,Reading FC,1032,,,0.08086253369272238,0.24258760107816713,0.3234501347708895,19.4
893198,24/25,Empoli Primavera,Primavera 1,31.0,3.0,0.0,835.0,Noah El Biache (893198),2005-02-13,Belgium  Morocco,Midfield - Right Midfield,Midfield,right,0.0,Empoli Primavera,8492,200000.0,2025-06-26,0.32335329341317365,0.0,0.32335329341317365,21.5
1002286,24/25,Crewe Alexandra,League Two,33.0,3.0,0.0,835.0,Jamie Knight-Lebel (1002286),2004-12-24,Canada,Defender - Centre-Back,Defender,right,188.0,Swindon Town,352,200000.0,2025-06-29,0.32335329341317365,0.0,0.32335329341317365,21.7
727495,24/25,Botev Plovdiv,efbet Liga,23.0,1.0,2.0,836.0,Nikola Iliev (727495),2004-06-06,Bulgaria,Midfield - Attacking Midfield,Midfield,both,183.0,Botev Plovdiv,2531,800000.0,2025-06-01,0.10765550239234449,0.21531100478468898,0.32296650717703346,22.2
922463,24/25,Sunderland AFC U21,Premier League 2,17.0,1.0,4.0,1397.0,Ben Middlemas (922463),2004-12-13,England,Midfield - Central Midfield,Midfield,right,182.0,Sunderland AFC U21,9264,,,0.06442376521116679,0.25769506084466715,0.3221188260558339,21.7
866084,2025,FC Tulsa,USLC,22.0,1.0,5.0,1678.0,Owen Damm (866084),2003-08-22,United States,Defender - Right-Back,Defender,right,183.0,FC Tulsa,24260,150000.0,2025-05-07,0.05363528009535161,0.26817640047675806,0.3218116805721097,23.0
707499,24/25,Torino Under 18,Under 18,13.0,1.0,2.0,839.0,Igor Brzyski (707499),2007-03-15,Poland,Midfield - Defensive Midfield,Midfield,both,188.0,Torino Primavera,12130,,,0.10727056019070322,0.21454112038140644,0.3218116805721096,19.4
837269,24/25,Crusaders FC,Premiership,27.0,2.0,1.0,840.0,Harry Jewitt-White (837269),2004-03-26,Wales  England,Midfield - Central Midfield,Midfield,,0.0,Crusaders FC,21532,125000.0,2025-05-19,0.2142857142857143,0.10714285714285715,0.32142857142857145,22.4
938729,24/25,Athletic Bilbao,LaLiga,34.0,2.0,2.0,1122.0,Mikel Jauregizar (938729),2003-11-13,Spain,Midfield - Central Midfield,Midfield,right,177.0,Athletic Bilbao,621,30000000.0,2025-06-08,0.16042780748663102,0.16042780748663102,0.32085561497326204,22.8
1009616,24/25,Parma Primavera,Primavera 2 - A,22.0,2.0,1.0,845.0,Dominik Drobnic (1009616),2007-04-05,Slovenia,Defender - Centre-Back,Defender,left,0.0,Parma Primavera,5243,,,0.21301775147928995,0.10650887573964497,0.31952662721893493,19.4
1307357,24/25,Terracina 1925,Serie D - G,33.0,3.0,0.0,849.0,Manuel Tonni (1307357),2007-04-01,Italy,Attack - Right Winger,Attack,both,180.0,Sorrento 1945,10118,150000.0,2025-05-14,0.31802120141342755,0.0,0.31802120141342755,19.4
934974,24/25,Parma Primavera,Primavera 2 - A,26.0,2.0,2.0,1133.0,Marlon Mena (934974),2006-10-05,Dominican Republic  Italy,Defender - Right-Back,Defender,right,0.0,Parma Primavera,5243,50000.0,2025-05-27,0.1588702559576346,0.1588702559576346,0.3177405119152692,19.9
961297,24/25,Elche CF,LaLiga2,21.0,1.0,2.0,850.0,Rodrigo Mendoza (961297),2005-03-15,Spain,Midfield - Central Midfield,Midfield,right,182.0,Elche CF,1531,1000000.0,2025-06-23,0.10588235294117646,0.2117647058823529,0.3176470588235294,21.4
985857,24/25,SPAL Primavera,Primavera 2 - A,28.0,2.0,2.0,1143.0,Tommaso Anzolin (985857),2006-05-10,Italy,Midfield - Attacking Midfield,Midfield,,0.0,Cjarlins Muzane,46664,50000.0,2025-05-27,0.15748031496062992,0.15748031496062992,0.31496062992125984,20.3
947460,24/25,RCD Mallorca B,Segunda Federación - Gr. III,29.0,2.0,1.0,858.0,Pau Mascaró (947460),2004-10-20,Spain,Attack - Centre-Forward,Attack,,0.0,UE Porreres,119962,25000.0,2025-06-24,0.2097902097902098,0.1048951048951049,0.3146853146853147,21.8
685657,2025,BK Häcken,Allsvenskan,20.0,2.0,1.0,859.0,Silas Andersen (685657),2004-06-13,Denmark,Midfield - Defensive Midfield,Midfield,right,190.0,BK Häcken,1109,700000.0,2025-06-17,0.20954598370197905,0.10477299185098952,0.31431897555296856,22.2
818900,24/25,Portogruaro Calcio,Serie D - C,25.0,2.0,1.0,859.0,Andrea Rossi (818900),2005-05-23,Italy,Attack - Left Winger,Attack,,0.0,Without Club,515,75000.0,2025-05-14,0.20954598370197905,0.10477299185098952,0.31431897555296856,21.2
746554,24/25,Charlton Athletic,League One,39.0,2.0,3.0,1433.0,Thierry Small (746554),2004-08-01,England  Panama,Defender - Left-Back,Defender,left,177.0,Preston North End,466,600000.0,2025-06-17,0.1256106071179344,0.1884159106769016,0.31402651779483604,22.0
1079286,24/25,Würzburger FV 04,Bayernliga Nord,32.0,2.0,3.0,1440.0,Marcel Fischer (1079286),2004-08-03,Germany,Midfield - Central Midfield,Midfield,right,183.0,TSV Aubstadt,1316,25000.0,2025-09-04,0.125,0.1875,0.3125,22.0
1192068,24/25,Como Primavera,Primavera 2 - A,16.0,1.0,4.0,1440.0,Tommaso Nucifero (1192068),2006-05-03,Italy,Defender - Left-Back,Defender,,0.0,AS Giana Erminio,44223,50000.0,2025-05-27,0.0625,0.25,0.3125,20.3
866255,24/25,Lazio U20,Primavera 1,24.0,1.0,4.0,1441.0,Valerio Farcomeni (866255),2006-01-18,Italy,Midfield - Central Midfield,Midfield,right,176.0,Lazio U20,12816,100000.0,2025-06-26,0.062456627342123525,0.2498265093684941,0.31228313671061764,20.6
805121,24/25,SK Sturm Graz II,2. Liga,28.0,2.0,2.0,1153.0,Senad Mustafic (805121),2005-09-07,Bosnia-Herzegovina  Austria,Defender - Right-Back,Defender,,0.0,SK Sturm Graz II,4443,200000.0,2025-05-29,0.15611448395490027,0.15611448395490027,0.31222896790980054,20.9
854837,24/25,Barrow AFC,League Two,17.0,1.0,2.0,865.0,Neo Eccleston (854837),2003-08-11,England,Defender - Right-Back,Defender,,177.0,Grimsby Town,1034,75000.0,2024-12-29,0.10404624277456648,0.20809248554913296,0.31213872832369943,23.0
906428,24/25,Yeovil Town,National League,15.0,1.0,2.0,865.0,Kyrell Wilson (906428),2004-12-01,England,Attack - Right Winger,Attack,,0.0,Falkirk FC,1191,,,0.10404624277456648,0.20809248554913296,0.31213872832369943,21.7
915842,24/25,Istres Football Club,National 2 - Grp. A,30.0,3.0,0.0,866.0,Nolan Binet (915842),2004-03-21,France,Midfield - Defensive Midfield,Midfield,right,180.0,US Boulogne,7042,150000.0,2025-08-25,0.3117782909930716,0.0,0.3117782909930716,22.4
652635,24/25,Everton FC U21,Premier League 2,12.0,1.0,2.0,868.0,Luke Butterfield (652635),2003-09-29,Scotland  England,Midfield - Defensive Midfield,Midfield,,189.0,Chesterfield FC,1219,,,0.10368663594470046,0.2073732718894009,0.31105990783410137,22.9
1016808,24/25,Quevilly - Rouen Métropole,Championnat National,27.0,1.0,2.0,869.0,Noah Adekalom (1016808),2004-01-07,France  Réunion,Attack - Centre-Forward,Attack,right,187.0,Quevilly - Rouen Métropole,7124,100000.0,2025-05-25,0.10356731875719218,0.20713463751438435,0.31070195627157654,22.6
699488,2025,Real Salt Lake City,MLS,17.0,1.0,2.0,870.0,Dominik Marczuk (699488),2003-11-01,Poland,Attack - Right Winger,Attack,both,177.0,FC Cincinnati,51772,1800000.0,2025-09-11,0.10344827586206896,0.20689655172413793,0.3103448275862069,22.8
941357,24/25,Adelaide United,A-League Men,26.0,2.0,2.0,1164.0,Ethan Alagich (941357),2003-12-18,Australia,Midfield - Central Midfield,Midfield,left,178.0,Adelaide United,875,450000.0,2025-06-02,0.15463917525773196,0.15463917525773196,0.30927835051546393,22.7
945507,24/25,NK Opatija,Prva NL,20.0,1.0,2.0,873.0,Tomislav Glavan (945507),2004-10-09,Croatia  Australia,Attack - Centre-Forward,Attack,left,198.0,Floridsdorfer AC,7443,50000.0,2025-06-26,0.10309278350515465,0.2061855670103093,0.30927835051546393,21.9
1070004,24/25,Fenerbahce U19,U19 Süper Lig,28.0,2.0,2.0,1169.0,Fırat Başkaya (1070004),2006-01-31,Türkiye,Defender - Right-Back,Defender,right,174.0,Altinordu FK,12374,,,0.15397775876817793,0.15397775876817793,0.30795551753635586,20.5
976210,24/25,Asd Puteolana 1902,Serie D - G,20.0,1.0,3.0,1172.0,Stefano Bombaci (976210),2006-01-05,Italy,Defender - Left-Back,Defender,left,0.0,ACR Messina,1104,50000.0,2025-05-14,0.07679180887372014,0.2303754266211604,0.30716723549488056,20.6
1026007,24/25,Heart of Midlothian FC B,Lowland League,10.0,1.0,2.0,883.0,Adam Forrester (1026007),2005-03-31,Scotland,Defender - Right-Back,Defender,right,175.0,St. Johnstone FC,2578,400000.0,2025-06-16,0.10192525481313704,0.20385050962627407,0.3057757644394111,21.4
918362,24/25,Rot-Weiß Oberhausen,Regionalliga West,31.0,3.0,0.0,884.0,Kerem Yalcin (918362),2004-12-02,Germany  Türkiye,Defender - Centre-Back,Defender,right,183.0,SC Paderborn 07,127,150000.0,2025-06-22,0.3054298642533937,0.0,0.3054298642533937,21.7
1112522,24/25,Aston Villa U18,U18 Premier League,18.0,1.0,3.0,1179.0,Alfie Lynskey (1112522),2007-12-26,Ireland  England,Midfield - Central Midfield,Midfield,,0.0,Aston Villa U18,6933,,,0.07633587786259542,0.22900763358778628,0.3053435114503817,18.6
956920,24/25,Grasshopper Club Zurich,Super League,19.0,1.0,3.0,1182.0,Nestory Irankunda (956920),2006-02-09,Australia  Burundi,Attack - Right Winger,Attack,right,175.0,Watford FC,1010,4000000.0,2025-06-09,0.07614213197969542,0.22842639593908629,0.3045685279187817,20.5
1237768,24/25,AC Tuttocuoio,Serie D - D,17.0,1.0,3.0,1183.0,Ignacio Casari (1237768),2006-02-10,Argentina  Chile,Attack - Right Winger,Attack,right,178.0,Albalonga,29490,75000.0,2025-05-14,0.0760777683854607,0.22823330515638207,0.3043110735418428,20.5
818896,24/25,Forlì FC,Serie D - D,33.0,2.0,2.0,1188.0,Nicola Mandrelli (818896),2004-04-30,Italy,Defender - Right-Back,Defender,right,185.0,Forlì FC,9816,150000.0,2025-05-14,0.15151515151515152,0.15151515151515152,0.30303030303030304,22.3
874902,24/25,Aston Villa U21,Premier League 2,11.0,1.0,2.0,893.0,Travis Patterson (874902),2005-10-06,England,Defender - Left-Back,Defender,,0.0,Aston Villa U21,12124,,,0.10078387458006718,0.20156774916013437,0.3023516237402015,20.9
1054347,24/25,Inter Milan Primavera,Primavera 1,23.0,1.0,4.0,1491.0,Mattia Zanchetta (1054347),2006-03-18,Italy,Midfield - Defensive Midfield,Midfield,left,0.0,Inter U23,41119,450000.0,2025-06-26,0.060362173038229376,0.2414486921529175,0.30181086519114686,20.4
1066196,24/25,Genoa U20,Primavera 1,33.0,3.0,0.0,896.0,Matteo Barbini (1066196),2006-12-11,Italy,Defender - Centre-Back,Defender,right,198.0,Dolomiti Bellunesi,91510,500000.0,2025-06-26,0.3013392857142857,0.0,0.3013392857142857,19.7
1152997,24/25,Atalanta U23,Serie C-A,25.0,1.0,3.0,1196.0,Mateo Scheffer Bracco (1152997),2004-10-07,Argentina  Italy,Midfield - Right Midfield,Midfield,right,177.0,SEF Torres 1903,2253,250000.0,2025-06-18,0.07525083612040134,0.22575250836120403,0.3010033444816054,21.9
943893,24/25,Crewe Alexandra,League Two,41.0,2.0,3.0,1495.0,Joel Tabiner (943893),2003-11-30,England,Midfield - Central Midfield,Midfield,left,182.0,Crewe Alexandra,1042,325000.0,2025-06-29,0.12040133779264213,0.1806020066889632,0.3010033444816053,22.7
916451,24/25,Venezia Primavera,Primavera 2 - A,22.0,2.0,1.0,898.0,Alberto Chiesurin (916451),2005-01-23,Italy,Midfield - Right Midfield,Midfield,right,180.0,Venezia Primavera,17257,25000.0,2025-05-27,0.20044543429844097,0.10022271714922049,0.30066815144766146,21.6
1044871,24/25,SCU Torreense Sub-23,Liga Revelação,10.0,1.0,2.0,900.0,Vasco Sousa (1044871),2004-04-06,Portugal,Defender - Left-Back,Defender,left,184.0,SD Ponferradina,4032,150000.0,2025-06-22,0.1,0.2,0.30000000000000004,22.4
828895,24/25,Polonia Bytom,Betclic 2 Liga,22.0,2.0,1.0,901.0,Szymon Michalski (828895),2004-03-08,Poland,Defender - Centre-Back,Defender,right,192.0,Warta Poznan,7146,0.0,2023-07-25,0.1997780244173141,0.09988901220865705,0.29966703662597116,22.4
1078699,24/25,Solihull Moors,National League,11.0,1.0,2.0,903.0,Michael Adu-Poku (1078699),2005-09-22,England  Ghana,Attack - Right Winger,Attack,right,0.0,Barrow AFC,6168,,,0.09966777408637874,0.19933554817275748,0.29900332225913623,20.9
921829,24/25,Nottingham Forest U21,Premier League 2,8.0,1.0,1.0,602.0,Joel Ndala (921829),2006-05-31,England  DR Congo,Attack - Left Winger,Attack,right,178.0,Hull City,3008,3000000.0,2025-05-29,0.14950166112956811,0.14950166112956811,0.29900332225913623,20.2
1053205,24/25,Racing Club de France U19,National U19 - Grp. A,16.0,2.0,0.0,602.0,Ilies Ardjani (1053205),2006-03-27,France  Algeria,Attack,Attack,,168.0,Racing Club de France U19,23391,,,0.29900332225913623,0.0,0.29900332225913623,20.4
572926,24/25,Recreativo Granada,Segunda Federación - Gr. IV,10.0,1.0,1.0,603.0,João Pereira (572926),2004-03-31,Portugal,Defender - Centre-Back,Defender,right,196.0,Without Club,515,50000.0,2025-06-24,0.1492537313432836,0.1492537313432836,0.2985074626865672,22.4
1004488,24/25,Genoa U20,Primavera 1,27.0,2.0,1.0,905.0,Tommaso Fazio (1004488),2006-11-25,Italy,Midfield - Central Midfield,Midfield,right,0.0,Genoa U20,8517,175000.0,2025-06-26,0.1988950276243094,0.0994475138121547,0.2983425414364641,19.7
1010043,24/25,FC Mondercange,BGL Ligue,12.0,1.0,2.0,905.0,Djebril Danhach (1010043),2004-02-09,France  Morocco,Attack,Attack,right,179.0,Without Club,515,25000.0,2025-06-18,0.0994475138121547,0.1988950276243094,0.2983425414364641,22.5
929526,24/25,Tonbridge Angels,National League South,41.0,3.0,1.0,1215.0,Ronny Nelson (929526),2003-08-28,England,Defender - Centre-Back,Defender,left,195.0,Ebbsfleet United,2797,,,0.2222222222222222,0.07407407407407407,0.2962962962962963,23.0
1013889,24/25,1.FC Fuchsstadt,LL Bayern-N/W,21.0,2.0,0.0,608.0,Maurice Volz (1013889),2004-04-21,Germany,Attack,Attack,,0.0,1.FC Fuchsstadt,11968,,,0.29605263157894735,0.0,0.29605263157894735,22.3
1049338,24/25,GSD Ghiviborgo VDS,Serie D - E,14.0,1.0,1.0,608.0,Hamza Larhrib (1049338),2003-09-17,Morocco  Italy,Midfield - Attacking Midfield,Midfield,right,174.0,Varesina Calcio,50258,50000.0,2025-05-14,0.14802631578947367,0.14802631578947367,0.29605263157894735,22.9
935054,24/25,Shakhtar Donetsk UEFA U19,UEFA Youth League,7.0,1.0,1.0,609.0,Anton Drozd (935054),2005-08-06,Ukraine,Defender - Right-Back,Defender,right,186.0,FC Oleksandriya,18303,,,0.14778325123152708,0.14778325123152708,0.29556650246305416,21.0
738516,24/25,Sparta Rotterdam U21,Tweede Divisie,11.0,1.0,2.0,914.0,Mike Kleijn (738516),2005-02-09,Netherlands,Defender - Left-Back,Defender,left,175.0,Sparta Rotterdam,468,250000.0,2025-05-27,0.09846827133479212,0.19693654266958424,0.29540481400437635,21.5
687464,24/25,NK Rudes,Prva NL,11.0,1.0,1.0,610.0,Franko Sabljic (687464),2003-09-17,Bosnia-Herzegovina  Croatia,Attack - Centre-Forward,Attack,left,195.0,AS Trencin,7918,150000.0,2025-06-03,0.14754098360655737,0.14754098360655737,0.29508196721311475,22.9
894456,24/25,Cremonese Primavera,Primavera 1,29.0,2.0,2.0,1221.0,Dachi Lordkipanidze (894456),2005-03-08,Georgia,Midfield - Central Midfield,Midfield,both,186.0,US Cremonese,2239,100000.0,2025-06-01,0.14742014742014742,0.14742014742014742,0.29484029484029484,21.4
1214452,24/25,Chievo Verona,Serie D - B,32.0,2.0,2.0,1221.0,Lorenzo Prandini (1214452),2005-07-05,Italy,Midfield - Central Midfield,Midfield,,0.0,Chievo Verona,862,100000.0,2025-05-14,0.14742014742014742,0.14742014742014742,0.29484029484029484,21.1
1056234,24/25,Forlì FC,Serie D - D,14.0,1.0,2.0,916.0,Marco Falasca (1056234),2006-02-20,Italy,Defender - Left-Back,Defender,left,0.0,Foligno Calcio 1928,83391,100000.0,2025-05-14,0.0982532751091703,0.1965065502183406,0.2947598253275109,20.5
1150370,24/25,FC Erzgebirge Aue U19,U19 Nachwuchsliga - Liga B,8.0,1.0,1.0,611.0,Lukas Schimkus (1150370),2007-10-05,Germany,Midfield - Right Midfield,Midfield,left,185.0,FC Erzgebirge Aue U19,7552,,,0.14729950900163666,0.14729950900163666,0.2945990180032733,18.9
1183668,24/25,Bologna Under 17,Under 17 - A,17.0,2.0,0.0,611.0,Adomas Buikus (1183668),2008-06-11,Lithuania,Midfield - Central Midfield,Midfield,,0.0,Bologna Under 18,91714,,,0.2945990180032733,0.0,0.2945990180032733,18.2
909026,24/25,Portmore United FC,Jamaica Premier League,33.0,3.0,0.0,917.0,Tarick Ximines (909026),2004-10-07,Jamaica,Defender - Right-Back,Defender,right,0.0,Portmore United FC,4292,0.0,2024-06-08,0.29443838604143946,0.0,0.29443838604143946,21.9
1041169,24/25,FC Oliveira do Hospital,Liga 3 - Relegation round,10.0,1.0,1.0,612.0,Tomás Silva (1041169),2003-10-25,Portugal,Midfield - Central Midfield,Midfield,left,185.0,Académico Viseu FC,7788,150000.0,2025-05-29,0.14705882352941177,0.14705882352941177,0.29411764705882354,22.8
1062691,24/25,AlbinoLeffe Primavera,Primavera 2 - A,17.0,2.0,0.0,612.0,Tommaso Paganessi (1062691),2006-06-17,Italy,Midfield - Central Midfield,Midfield,,0.0,UC AlbinoLeffe,4541,25000.0,2025-05-27,0.29411764705882354,0.0,0.29411764705882354,20.2
1065043,2025,BK Häcken,Allsvenskan,17.0,1.0,2.0,924.0,Pontus Dahbo (1065043),2005-10-11,Sweden,Midfield - Attacking Midfield,Midfield,left,185.0,BK Häcken,1109,2500000.0,2025-06-17,0.09740259740259741,0.19480519480519481,0.29220779220779225,20.9
1056555,24/25,Ascoli Picchio Primavera,Primavera 2 - B,28.0,2.0,0.0,616.0,Francesco De Witt (1056555),2007-07-28,Italy,Midfield - Attacking Midfield,Midfield,right,0.0,Ascoli Picchio Primavera,14909,,,0.29220779220779225,0.0,0.29220779220779225,19.1
708070,24/25,Cavese 1919,Serie C-C,28.0,2.0,2.0,1233.0,Pietro Saio (708070),2003-08-04,Italy,Defender - Centre-Back,Defender,right,193.0,Benevento Calcio,4171,175000.0,2025-06-18,0.14598540145985403,0.14598540145985403,0.29197080291970806,23.0
1019528,24/25,UD Llanera,Segunda Federación - Gr. I,16.0,2.0,0.0,617.0,Charbel Wehbe (1019528),2004-05-08,Dominican Republic,Defender - Right-Back,Defender,right,183.0,CD Castellón B,12826,100000.0,2025-06-24,0.2917341977309562,0.0,0.2917341977309562,22.3
934502,24/25,Brescia Primavera,Primavera 2 - A,12.0,1.0,2.0,926.0,Carlo Ghidini (934502),2006-09-09,Italy,Midfield - Central Midfield,Midfield,,0.0,Pro Palazzolo,4552,175000.0,2025-05-14,0.09719222462203024,0.19438444924406048,0.2915766738660907,19.9
1074989,24/25,Inter Under 17,Under 17 - B,25.0,2.0,1.0,927.0,Lamberto Peletti (1074989),2008-02-23,Italy,Defender - Centre-Back,Defender,,0.0,Inter Under 18,75868,,,0.19417475728155337,0.09708737864077668,0.2912621359223301,18.5
1062743,24/25,Arsenal FC U18,U18 Premier League,16.0,1.0,2.0,929.0,,2006-11-22,Egypt  England,Defender - Left-Back,Defender,,0.0,Arsenal FC U21,9249,,,0.0968783638320775,0.193756727664155,0.2906350914962325,19.7
1119392,24/25,Olympique Lyon B,National 3 - Grp. I,26.0,2.0,1.0,929.0,Lilian Coponat (1119392),2005-07-20,France,Midfield - Defensive Midfield,Midfield,right,0.0,GFA Rumilly Vallières,58267,,,0.193756727664155,0.0968783638320775,0.2906350914962325,21.1
739885,24/25,Serik Belediyespor,2.Lig Kirmizi,24.0,2.0,0.0,620.0,Bilal Ceylan (739885),2003-09-07,Türkiye,Defender - Right-Back,Defender,right,174.0,Serik Spor,50845,100000.0,2025-06-19,0.2903225806451613,0.0,0.2903225806451613,22.9
802515,24/25,Bröndby IF,Superliga,19.0,1.0,3.0,1241.0,Noah Nartey (802515),2005-10-05,Denmark  Ghana,Midfield - Central Midfield,Midfield,right,180.0,Bröndby IF,206,5000000.0,2025-06-15,0.072522159548751,0.21756647864625303,0.290088638195004,20.9
1115074,24/25,LNZ Cherkasy,Premier Liga,25.0,1.0,3.0,1244.0,Mollo Bessala (1115074),2003-10-10,Cameroon,Attack - Right Winger,Attack,right,181.0,FC Sheriff Tiraspol,2481,500000.0,2025-06-09,0.07234726688102894,0.21704180064308684,0.28938906752411575,22.9
984948,24/25,Linares Deportivo,Segunda Federación - Gr. IV,21.0,1.0,2.0,935.0,Isra García (984948),2004-01-29,Spain,Midfield - Attacking Midfield,Midfield,both,183.0,Linares Deportivo,12351,25000.0,2025-06-24,0.0962566844919786,0.1925133689839572,0.2887700534759358,22.6
802639,24/25,Tonbridge Angels,National League South,29.0,2.0,2.0,1249.0,Ethan Sutcliffe (802639),2004-02-20,England,Defender - Centre-Back,Defender,,0.0,AFC Wimbledon,3884,0.0,2025-03-17,0.14411529223378702,0.14411529223378702,0.28823058446757405,22.5
866655,24/25,Southampton FC,Premier League,33.0,2.0,1.0,937.0,Tyler Dibling (866655),2006-02-17,England,Attack - Right Winger,Attack,left,178.0,Everton FC,29,25000000.0,2025-05-29,0.192102454642476,0.096051227321238,0.288153681963714,20.5
1239712,24/25,Perugia Primavera,Primavera 2 - B,29.0,2.0,2.0,1250.0,Christian Dottori (1239712),2008-11-09,Italy,Midfield - Central Midfield,Midfield,both,0.0,Perugia Primavera,14926,,,0.14400000000000002,0.14400000000000002,0.28800000000000003,17.8
931677,24/25,Mérida AD,Primera Federación - Gr. II,15.0,1.0,1.0,625.0,Miguel Carvalho (931677),2005-03-09,Spain  Brazil,Midfield - Attacking Midfield,Midfield,left,183.0,Al-Hazem SC,9131,300000.0,2025-06-24,0.14400000000000002,0.14400000000000002,0.28800000000000003,21.4
989137,24/25,Cosenza Primavera,Primavera 2 - B,23.0,2.0,1.0,938.0,Edoardo Contiero (989137),2006-02-03,Italy,Midfield - Central Midfield,Midfield,right,169.0,Cosenza Calcio,4031,125000.0,2025-05-27,0.19189765458422176,0.09594882729211088,0.28784648187633266,20.5
722375,24/25,Viborg FF,Superliga,11.0,1.0,1.0,626.0,Srdjan Kuzmic (722375),2004-01-16,Slovenia,Defender - Right-Back,Defender,right,183.0,Viborg FF,1063,1300000.0,2025-06-15,0.1437699680511182,0.1437699680511182,0.2875399361022364,22.6
989998,24/25,FC Twente Enschede U21,U21 Div. 1 Fall,7.0,1.0,1.0,626.0,Diego van Oorschot (989998),2005-10-02,Netherlands,Attack - Centre-Forward,Attack,right,173.0,VVV-Venlo,1426,100000.0,2025-05-27,0.1437699680511182,0.1437699680511182,0.2875399361022364,20.9
668966,24/25,SC União Torreense,Liga Portugal 2,25.0,2.0,1.0,940.0,,2004-04-22,Cote d'Ivoire,Defender - Centre-Back,Defender,right,188.0,Stade Reims,1421,1000000.0,2025-06-22,0.19148936170212766,0.09574468085106383,0.2872340425531915,22.3
922488,24/25,Olympique de Marseille B,National 3 - Grp. J,15.0,2.0,0.0,628.0,,2004-03-11,Comoros  France,Defender - Centre-Back,Defender,right,184.0,Valenciennes FC B,16663,50000.0,2025-06-02,0.28662420382165604,0.0,0.28662420382165604,22.4
1083889,2025,CR Vasco da Gama U20,CBF Brasileiro U20,14.0,2.0,0.0,628.0,Lyncon (1083889),2005-05-07,Brazil,Defender - Centre-Back,Defender,right,186.0,Volta Redonda Futebol Clube (RJ),4176,100000.0,2024-12-08,0.28662420382165604,0.0,0.28662420382165604,21.3
1064015,24/25,FC Bayern Munich U19,U19 Nachwuchsliga - Gr. G,12.0,1.0,2.0,945.0,Ljubo Puljic (1064015),2007-05-31,Croatia,Defender - Centre-Back,Defender,left,194.0,FC Bayern Munich II,28,,,0.09523809523809525,0.1904761904761905,0.28571428571428575,19.2
928394,24/25,Go Ahead Eagles Deventer U21,U21 Div. 1 Spring,14.0,2.0,0.0,630.0,Hugo Lacroix (928394),2006-01-16,Netherlands,Defender - Centre-Back,Defender,,0.0,FC Twente Enschede U21,18026,,,0.2857142857142857,0.0,0.2857142857142857,20.6
934256,24/25,Ternana Primavera,Primavera 2 - B,14.0,2.0,0.0,630.0,Marco Bonugli (934256),2005-03-03,Italy,Defender - Centre-Back,Defender,right,0.0,Flaminia Civita Castellana,23051,75000.0,2025-05-27,0.2857142857142857,0.0,0.2857142857142857,21.5
1049905,24/25,Aston Villa UEFA U19,UEFA Youth League,7.0,1.0,1.0,630.0,Aidan Borland (1049905),2007-04-25,Scotland,Midfield - Central Midfield,Midfield,,177.0,Aston Villa U21,12124,,,0.14285714285714285,0.14285714285714285,0.2857142857142857,19.3
1078918,24/25,SL Benfica UEFA U19,UEFA Youth League,7.0,1.0,1.0,630.0,Gonçalo Oliveira (1078918),2006-07-04,Portugal,Defender - Centre-Back,Defender,left,183.0,SL Benfica,294,,,0.14285714285714285,0.14285714285714285,0.2857142857142857,20.1
1108049,24/25,Liverpool FC UEFA U19,UEFA Youth League,7.0,1.0,1.0,630.0,Amara Nallo (1108049),2006-11-18,England  Sierra Leone,Defender - Centre-Back,Defender,both,186.0,Liverpool FC U21,9252,1000000.0,2025-05-29,0.14285714285714285,0.14285714285714285,0.2857142857142857,19.8
1203570,25/26,Hannover 96 II,Regionalliga Nord,7.0,1.0,1.0,630.0,Ilias Ebnoutalib (1203570),2005-09-06,Morocco  Germany,Defender - Centre-Back,Defender,,0.0,Hannover 96 II,1065,50000.0,2025-06-10,0.14285714285714285,0.14285714285714285,0.2857142857142857,21.0
822959,24/25,TSG 1899 Hoffenheim,Europa League,8.0,1.0,1.0,631.0,Tom Bischof (822959),2005-06-28,Germany,Midfield - Central Midfield,Midfield,left,176.0,Bayern Munich,27,30000000.0,2025-06-04,0.14263074484944532,0.14263074484944532,0.28526148969889065,21.1
1078171,24/25,Spezia Primavera,Primavera 2 - B,17.0,2.0,0.0,631.0,Filippo Piras (1078171),2007-06-02,Italy,Defender - Centre-Back,Defender,left,183.0,Spezia Primavera,14893,,,0.28526148969889065,0.0,0.28526148969889065,19.2
1022057,2025,Goiás EC,Série B,20.0,1.0,3.0,1263.0,Pedrinho (1022057),2004-03-23,Brazil,Attack - Right Winger,Attack,right,182.0,Goiás EC,3197,600000.0,2025-06-26,0.07125890736342043,0.2137767220902613,0.2850356294536817,22.4
996884,2025,Shanghai Port B,League Two North,10.0,1.0,1.0,633.0,Jingchao Meng (996884),2004-01-09,China,Midfield - Defensive Midfield,Midfield,right,181.0,Shanghai Port B,115122,50000.0,2025-06-18,0.14218009478672985,0.14218009478672985,0.2843601895734597,22.6
998205,24/25,Club NXT,CPL,24.0,1.0,4.0,1586.0,Alejandro Granados (998205),2006-05-30,Spain  United States,Midfield - Central Midfield,Midfield,left,180.0,Club Brugge KV,2282,700000.0,2025-04-23,0.05674653215636822,0.22698612862547288,0.2837326607818411,20.2
871231,24/25,Aberystwyth Town,Cymru Premier,24.0,2.0,1.0,952.0,Rico Patterson (871231),2003-10-06,England,Midfield - Central Midfield,Midfield,right,173.0,Without Club,515,50000.0,2025-05-18,0.18907563025210083,0.09453781512605042,0.28361344537815125,22.9
1110645,24/25,Lazio U20,Primavera 1,24.0,2.0,1.0,952.0,Filipe Bordon (1110645),2005-06-24,Brazil  Italy,Defender - Centre-Back,Defender,right,193.0,FC Südtirol,4554,800000.0,2025-06-16,0.18907563025210083,0.09453781512605042,0.28361344537815125,21.2
1134347,24/25,Inter Under 18,Under 18,25.0,2.0,1.0,954.0,Ilari Kangasniemi (1134347),2007-04-22,Finland,Defender - Centre-Back,Defender,,0.0,FC Inter Turku,8042,,,0.18867924528301888,0.09433962264150944,0.28301886792452835,19.3
741257,24/25,Milan Futuro,Serie C-B,15.0,2.0,0.0,636.0,Álex Jiménez (741257),2005-05-08,Spain,Defender - Right-Back,Defender,right,177.0,AFC Bournemouth,989,15000000.0,2025-06-16,0.2830188679245283,0.0,0.2830188679245283,21.3
1004860,24/25,ND Gorica U19,NextGen Liga,15.0,2.0,0.0,636.0,Ilija Batričević (1004860),2006-04-02,Montenegro  Serbia,Attack - Centre-Forward,Attack,right,191.0,Without Club,515,,,0.2830188679245283,0.0,0.2830188679245283,20.4
717594,24/25,Wisla Kraków,Betclic 1 Liga,13.0,1.0,2.0,956.0,Mariusz Kutwa (717594),2004-02-17,Poland,Defender - Centre-Back,Defender,right,185.0,Wisla Kraków,422,200000.0,2025-06-05,0.09414225941422594,0.18828451882845187,0.2824267782426778,22.5
960941,24/25,Empoli Primavera,Primavera 1,24.0,2.0,1.0,957.0,Jacopo Bacci (960941),2005-06-19,Italy,Midfield - Central Midfield,Midfield,right,173.0,Calcio Padova,3037,800000.0,2025-03-24,0.18808777429467086,0.09404388714733543,0.2821316614420063,21.2
1044893,24/25,Stade Reims,Ligue 1,12.0,1.0,1.0,638.0,Yaya Fofana (1044893),2004-06-12,Cote d'Ivoire  Mali,Midfield - Central Midfield,Midfield,right,180.0,Stade Reims,1421,4000000.0,2025-06-02,0.14106583072100312,0.14106583072100312,0.28213166144200624,22.2
1073199,24/25,Young Reds,1ste Nationale VV,22.0,2.0,0.0,639.0,Obed Agyapong (1073199),2004-12-21,Belgium,Attack - Right Winger,Attack,right,0.0,Jong KV Mechelen,44424,,,0.28169014084507044,0.0,0.28169014084507044,21.7
929746,24/25,Lazio U20,Primavera 1,35.0,3.0,0.0,960.0,Leonardo Di Tommaso (929746),2005-02-13,Italy,Midfield - Right Midfield,Midfield,left,193.0,Casertana FC,4106,225000.0,2025-06-26,0.28125,0.0,0.28125,21.5
816020,24/25,Albalonga Calcio,Serie D - G,11.0,1.0,1.0,640.0,Alessio Maccari (816020),2004-02-07,Italy,Midfield - Right Midfield,Midfield,right,176.0,Flaminia Civita Castellana,23051,75000.0,2025-05-14,0.140625,0.140625,0.28125,22.5
923831,24/25,Manchester United,Europa League,8.0,1.0,1.0,641.0,Leny Yoro (923831),2005-11-13,France  Cote d'Ivoire,Defender - Centre-Back,Defender,right,190.0,Manchester United,985,55000000.0,2025-05-29,0.14040561622464898,0.14040561622464898,0.28081123244929795,20.8
1321676,24/25,FC Sochaux-Montbéliard B,National 3 - Grp. H,17.0,2.0,0.0,641.0,Honoré Bayanginisa (1321676),2005-04-27,DR Congo,Midfield - Defensive Midfield,Midfield,right,180.0,FC Sochaux-Montbéliard,750,,,0.28081123244929795,0.0,0.28081123244929795,21.3
648899,24/25,Zalaegerszegi TE FC,NB I.,28.0,1.0,3.0,1286.0,Balázs Bakti (648899),2004-12-31,Hungary,Midfield - Attacking Midfield,Midfield,both,171.0,Zalaegerszegi TE FC,1391,225000.0,2025-05-27,0.06998444790046657,0.2099533437013997,0.27993779160186627,21.6
1118784,24/25,FC Matera,Serie D - H,30.0,2.0,2.0,1288.0,Bryan Bello (1118784),2006-11-08,Italy,Defender - Right-Back,Defender,right,177.0,Union Clodiense Chioggia,41146,125000.0,2025-05-14,0.13975155279503104,0.13975155279503104,0.2795031055900621,19.8
1099708,24/25,Adelaide United,A-League Men,22.0,2.0,1.0,970.0,Panagiotis Kikianis (1099708),2005-03-08,Australia  Greece,Defender - Centre-Back,Defender,right,185.0,Adelaide United,875,450000.0,2025-06-02,0.18556701030927836,0.09278350515463918,0.27835051546391754,21.4
1176346,24/25,Stade de Reims U19,National U19 - Grp. B,19.0,2.0,0.0,648.0,Valentin Taramelli (1176346),2006-07-11,France  Italy,Midfield,Midfield,right,0.0,Without Club,515,,,0.2777777777777778,0.0,0.2777777777777778,20.1
788445,24/25,FC Nordsjaelland,Superliga,21.0,1.0,1.0,649.0,Zidan Sertdemir (788445),2005-02-04,Denmark  Türkiye,Midfield - Central Midfield,Midfield,left,186.0,Preußen Münster,91,2000000.0,2025-06-15,0.13867488443759632,0.13867488443759632,0.27734976887519264,21.5
925540,24/25,Efeler 09 Spor FK,3.Lig Grup 3,15.0,2.0,0.0,649.0,Hasan Berat Kayalı (925540),2005-04-15,Türkiye,Defender - Centre-Back,Defender,right,182.0,Altinordu FK,12374,100000.0,2025-01-02,0.27734976887519264,0.0,0.27734976887519264,21.3
1001652,24/25,CF Os Belenenses,Liga 3,10.0,1.0,1.0,649.0,Afonso Pinto (1001652),2004-04-15,Portugal,Defender - Centre-Back,Defender,right,194.0,CF Os Belenenses,68608,,,0.13867488443759632,0.13867488443759632,0.27734976887519264,22.3
1081167,24/25,Newcastle United U18,U18 Premier League,15.0,2.0,0.0,649.0,Logan Watts (1081167),2007-01-22,England,Defender - Centre-Back,Defender,,0.0,Newcastle United U21,9253,,,0.27734976887519264,0.0,0.27734976887519264,19.6
688042,2025,Hammarby IF,Allsvenskan,22.0,2.0,1.0,974.0,Markus Karlsson (688042),2004-01-20,Sweden,Midfield - Central Midfield,Midfield,right,180.0,Hammarby IF,1059,4000000.0,2025-06-17,0.18480492813141686,0.09240246406570843,0.2772073921971253,22.6
1020191,24/25,FC Annecy,Ligue 2,12.0,1.0,2.0,974.0,Ismaëlo Ganiou (1020191),2005-03-14,Burkina Faso  France,Defender - Centre-Back,Defender,right,185.0,RC Lens,826,1000000.0,2025-06-01,0.09240246406570843,0.18480492813141686,0.2772073921971253,21.4
1230202,24/25,Cádiz CF Mirandilla,Segunda Federación - Gr. IV,17.0,1.0,3.0,1301.0,Borja Vázquez (1230202),2005-01-18,Spain,Attack - Centre-Forward,Attack,,0.0,SD Ponferradina,4032,50000.0,2025-06-24,0.06917755572636433,0.207532667179093,0.2767102229054573,21.6
1119655,24/25,Parma Primavera,Primavera 2 - A,16.0,2.0,0.0,651.0,Nicolas Trabucchi (1119655),2007-08-17,Italy,Defender - Centre-Back,Defender,right,185.0,Parma Calcio 1913,130,250000.0,2025-06-20,0.2764976958525346,0.0,0.2764976958525346,19.0
1307070,24/25,Pescara Primavera,Primavera 2 - B,18.0,2.0,0.0,651.0,Alessandro Valente (1307070),2006-03-26,Italy  Canada,Defender - Centre-Back,Defender,both,188.0,Pescara Primavera,8525,50000.0,2025-05-27,0.2764976958525346,0.0,0.2764976958525346,20.4
1034646,24/25,MVV Maastricht,Keuken Kampioen Divisie,19.0,1.0,2.0,977.0,Andréa Librici (1034646),2004-12-09,Belgium,Defender - Right-Back,Defender,right,182.0,MVV Maastricht U21,18285,175000.0,2025-06-08,0.09211873080859775,0.1842374616171955,0.27635619242579323,21.7
555065,24/25,MKS Kluczbork,Betclic 3 Liga - Group III,32.0,2.0,2.0,1305.0,Maksymilian Nowak (555065),2004-08-03,Poland,Midfield - Defensive Midfield,Midfield,,181.0,MKS Kluczbork,23113,0.0,2023-10-06,0.13793103448275862,0.13793103448275862,0.27586206896551724,22.0
1250522,24/25,CE Sabadell FC,Segunda Federación - Gr. III,24.0,2.0,0.0,653.0,Javi Morcillo (1250522),2006-03-15,Spain,Midfield - Central Midfield,Midfield,,183.0,Atlético Madrileño,3679,100000.0,2025-06-24,0.27565084226646247,0.0,0.27565084226646247,20.4
1305673,24/25,Olbia Calcio 1905,Serie D - G,16.0,1.0,1.0,653.0,León Cabrera (1305673),2005-02-21,Argentina,Attack - Left Winger,Attack,,0.0,Olbia Calcio 1905,9826,50000.0,2025-05-14,0.13782542113323124,0.13782542113323124,0.27565084226646247,21.5
927025,24/25,BK Frem,2.Division,15.0,2.0,0.0,654.0,Zamir Aliji (927025),2004-04-08,Denmark  Albania,Midfield - Central Midfield,Midfield,both,177.0,Hvidovre IF,1894,100000.0,2025-06-15,0.27522935779816515,0.0,0.27522935779816515,22.4
689022,24/25,Admira Wacker,2. Liga,16.0,1.0,1.0,655.0,Nadir Ajanovic (689022),2005-11-28,Austria  Bosnia-Herzegovina,Midfield - Attacking Midfield,Midfield,right,183.0,Admira Wacker,503,150000.0,2025-05-29,0.13740458015267176,0.13740458015267176,0.2748091603053435,20.7
964580,2025,CR Flamengo,Série A,11.0,1.0,2.0,983.0,Wesley (964580),2003-09-06,Brazil,Defender - Right-Back,Defender,right,178.0,AS Roma,12,20000000.0,2025-06-05,0.09155645981688708,0.18311291963377416,0.2746693794506612,23.0
1135016,2025,Sporting Kansas City II,MLS Next Pro,21.0,2.0,1.0,983.0,Cielo Tschantret (1135016),2006-02-22,United States,Midfield - Defensive Midfield,Midfield,,0.0,Sporting Kansas City II,51604,,,0.18311291963377416,0.09155645981688708,0.2746693794506612,20.5
789252,24/25,VfL Wolfsburg,Bundesliga,21.0,1.0,3.0,1312.0,Bence Dárdai (789252),2006-01-24,Hungary  Germany,Midfield - Attacking Midfield,Midfield,right,189.0,VfL Wolfsburg,82,12000000.0,2025-06-04,0.06859756097560976,0.20579268292682926,0.27439024390243905,20.6
667287,24/25,Brighton & Hove Albion,Premier League,34.0,2.0,1.0,984.0,Yasin Ayari (667287),2003-10-06,Sweden  Tunisia,Midfield - Central Midfield,Midfield,right,172.0,Brighton & Hove Albion,1237,22000000.0,2025-05-29,0.1829268292682927,0.09146341463414635,0.27439024390243905,22.9
832898,24/25,FC Zlin B,MSFL,16.0,1.0,3.0,1313.0,Simon Polasek (832898),2004-06-18,Czech Republic,Defender - Right-Back,Defender,right,179.0,1.SK Prostejov,13718,150000.0,2025-06-16,0.06854531607006854,0.20563594821020564,0.2741812642802742,22.2
1237404,24/25,Crotone Primavera,Primavera 2 - B,22.0,2.0,0.0,659.0,Davide Bianchi (1237404),2007-06-07,Italy,Midfield,Midfield,,0.0,Crotone Primavera,25964,,,0.27314112291350534,0.0,0.27314112291350534,19.2
654158,24/25,Reading FC U21,Premier League 2,11.0,1.0,2.0,990.0,Louie Holzman (654158),2003-11-16,England,Defender - Centre-Back,Defender,right,186.0,Eastleigh FC,10391,,,0.09090909090909091,0.18181818181818182,0.2727272727272727,22.8
924304,24/25,Újpest FC,NB I.,16.0,1.0,1.0,660.0,Adrián Dénes (924304),2004-04-15,Hungary  Poland,Attack - Right Winger,Attack,left,184.0,Budapesti VSC - Zugló,22516,200000.0,2025-05-27,0.13636363636363635,0.13636363636363635,0.2727272727272727,22.3
694790,24/25,Hallescher FC,Regionalliga Northeast,30.0,1.0,4.0,1651.0,Lucas Halangk (694790),2003-09-22,Germany,Midfield - Right Midfield,Midfield,right,176.0,Rot-Weiß Oberhausen,57,100000.0,2025-06-22,0.054512416717141125,0.2180496668685645,0.2725620835857056,22.9
938687,24/25,FC Utrecht U21,Keuken Kampioen Divisie,27.0,2.0,1.0,992.0,Massien Ghaddari (938687),2005-05-27,Netherlands  Morocco,Defender - Right-Back,Defender,right,170.0,FC Utrecht U21,17596,275000.0,2025-06-08,0.1814516129032258,0.0907258064516129,0.27217741935483875,21.2
815445,24/25,US Lusitanos Saint-Maur,National 3 - Grp. G,12.0,1.0,2.0,993.0,Hugo Lamy (815445),2004-01-16,France  Switzerland,Defender - Right-Back,Defender,right,178.0,FC Nantes B,10850,0.0,2025-02-06,0.09063444108761329,0.18126888217522658,0.27190332326283984,22.6
1039751,2025,Arsenal-2 Tula,2. Division B,15.0,1.0,2.0,994.0,Denis Grigorjev (1039751),2007-02-15,Russia,Defender - Centre-Back,Defender,left,186.0,Arsenal-2 Tula,37311,,,0.09054325955734407,0.18108651911468815,0.2716297786720322,19.5
820561,24/25,Sora Calcio 1907,Serie D - F,11.0,1.0,1.0,664.0,Evan Bouabre (820561),2003-12-23,Italy  Cote d'Ivoire,Midfield - Right Midfield,Midfield,right,185.0,Sassari Latte Dolce,45353,75000.0,2025-05-14,0.13554216867469882,0.13554216867469882,0.27108433734939763,22.7
906420,24/25,Blackburn Rovers U21,Premier League 2,17.0,2.0,0.0,665.0,,2004-12-09,England  Ireland,Midfield - Central Midfield,Midfield,,0.0,Oldham Athletic,1078,,,0.27067669172932335,0.0,0.27067669172932335,21.7
1247237,2025,FC Tver,2. Division B,12.0,1.0,2.0,998.0,Ivan Belikov (1247237),2004-07-25,Russia  Ukraine,Midfield - Defensive Midfield,Midfield,,195.0,Baltika Kaliningrad,2741,150000.0,2025-08-10,0.09018036072144288,0.18036072144288576,0.27054108216432865,22.1
1116502,24/25,Roma U20,Primavera 1,23.0,2.0,0.0,666.0,Mohamed Seck (1116502),2006-04-20,Senegal  Italy,Defender - Centre-Back,Defender,,0.0,Roma U20,11997,100000.0,2025-06-26,0.2702702702702703,0.0,0.2702702702702703,20.3
986234,24/25,Hellas Verona Primavera,Primavera 1,35.0,2.0,2.0,1334.0,Davide De Battisti (986234),2006-03-21,Italy,Defender - Left-Back,Defender,left,0.0,Hellas Verona Primavera,16996,200000.0,2025-06-26,0.13493253373313344,0.13493253373313344,0.2698650674662669,20.4
889435,2025,Seattle Sounders FC,MLS,23.0,2.0,1.0,1002.0,Obed Vargas (889435),2005-08-05,Mexico  United States,Midfield - Central Midfield,Midfield,right,175.0,Seattle Sounders FC,9636,6000000.0,2025-06-04,0.17964071856287422,0.08982035928143711,0.26946107784431134,21.0
935053,24/25,Shakhtar Donetsk U19,U19 Premier Liga,25.0,2.0,1.0,1003.0,Mykola Ogarkov (935053),2005-02-18,Ukraine,Defender - Centre-Back,Defender,left,186.0,FC Oleksandriya,18303,100000.0,2025-06-09,0.17946161515453637,0.08973080757726819,0.26919242273180455,21.5
1281210,24/25,Stoke City U18,U18 Premier League,23.0,2.0,1.0,1003.0,Oghosaiwi Enabulele (1281210),2007-09-14,England,Midfield - Central Midfield,Midfield,right,188.0,Stoke City U18,14494,,,0.17946161515453637,0.08973080757726819,0.26919242273180455,18.9
845654,24/25,Juventus FC,Champions League,10.0,1.0,1.0,669.0,Kenan Yıldız (845654),2005-05-04,Türkiye  Germany,Attack - Left Winger,Attack,both,187.0,Juventus FC,506,50000000.0,2025-06-16,0.13452914798206278,0.13452914798206278,0.26905829596412556,21.3
1040075,24/25,US Corticella,Serie D - D,28.0,2.0,1.0,1004.0,Giovanni Brighi (1040075),2006-07-20,Italy,Defender - Left-Back,Defender,left,183.0,San Marino Calcio,92250,75000.0,2025-05-14,0.17928286852589642,0.08964143426294821,0.2689243027888446,20.1
864608,2025,FC Sochi-2,2. Division B,19.0,1.0,3.0,1340.0,Aleksandr Metsiev (864608),2006-04-06,Russia,Midfield - Central Midfield,Midfield,right,177.0,FC Sochi-2,127239,,,0.06716417910447761,0.20149253731343283,0.26865671641791045,20.4
1120780,24/25,AlbinoLeffe Primavera,Primavera 2 - A,18.0,1.0,2.0,1006.0,Nikita Marchesini (1120780),2005-09-26,Italy,Attack - Centre-Forward,Attack,,0.0,C.S. Trevigliese,56064,25000.0,2025-05-27,0.08946322067594432,0.17892644135188865,0.268389662027833,20.9
805486,24/25,FC Biel-Bienne 1896,Promotion League,27.0,1.0,3.0,1342.0,Lois Ndema (805486),2004-10-03,Switzerland  Cameroon,Midfield - Central Midfield,Midfield,right,179.0,FC Rapperswil-Jona,8463,200000.0,2025-06-09,0.06706408345752608,0.20119225037257824,0.26825633383010433,21.9
956414,24/25,Somaspor,2.Lig Kirmizi,28.0,2.0,1.0,1008.0,Enes Aydın (956414),2004-03-12,Türkiye,Defender - Centre-Back,Defender,left,191.0,Bandirmaspor,20760,125000.0,2025-06-19,0.17857142857142855,0.08928571428571427,0.2678571428571428,22.4
897489,24/25,FC Bayern Munich II,Regionalliga Bayern,26.0,1.0,4.0,1682.0,Kurt Rüger (897489),2006-02-15,Germany,Midfield - Central Midfield,Midfield,right,182.0,FC Bayern Munich II,28,300000.0,2025-06-23,0.0535077288941736,0.2140309155766944,0.267538644470868,20.5
670852,2025,Western Springs AFC,National League - North,16.0,2.0,0.0,673.0,Jordan Hackett (670852),2004-02-20,England,Defender - Left-Back,Defender,left,180.0,Western Springs AFC,41673,125000.0,2025-06-10,0.2674591381872214,0.0,0.2674591381872214,22.5
1314288,24/25,Genoa Under 17,Under 17 - A,23.0,2.0,1.0,1010.0,Filippo Toscano (1314288),2008-06-23,Italy,Defender - Left-Back,Defender,left,0.0,Genoa Under 18,76092,,,0.1782178217821782,0.0891089108910891,0.26732673267326734,18.2
1043978,2025,Strømsgodset IF,Eliteserien,20.0,1.0,3.0,1348.0,Fredrik Ardraa (1043978),2006-10-07,Norway,Attack - Right Winger,Attack,right,176.0,Strømsgodset IF,2817,700000.0,2025-06-17,0.06676557863501484,0.20029673590504452,0.26706231454005935,19.9
1140557,24/25,Lyngby BK U19,U19 Boys League,18.0,2.0,0.0,674.0,Frederik Kongslev (1140557),2006-01-27,Denmark,Defender - Left-Back,Defender,left,184.0,Monopoli Primavera,100631,,,0.26706231454005935,0.0,0.26706231454005935,20.6
965604,2025,Oakleigh Cannons FC,NPL Victoria,26.0,1.0,5.0,2023.0,Matt Dench (965604),2003-12-08,Australia,Defender - Left-Back,Defender,left,175.0,Oakleigh Cannons FC,11427,0.0,2024-07-31,0.044488383588729606,0.22244191794364807,0.2669303015323777,22.7
1020837,2025,CA Barracas Central,Apertura,15.0,2.0,0.0,675.0,Kevin Jappert (1020837),2004-02-25,Argentina  Italy,Defender - Centre-Back,Defender,right,189.0,CA Barracas Central,25184,2000000.0,2025-06-01,0.26666666666666666,0.0,0.26666666666666666,22.5
962154,24/25,Atalanta U23,Serie C-A,31.0,2.0,2.0,1354.0,Albert Navarro (962154),2007-05-24,Spain,Defender - Centre-Back,Defender,left,188.0,Atalanta U23,41110,2000000.0,2025-06-18,0.1329394387001477,0.1329394387001477,0.2658788774002954,19.2
648908,24/25,CD Estepona FS,Segunda Federación - Gr. IV,22.0,2.0,0.0,677.0,Eric Gómez (648908),2004-02-24,Spain,Defender - Left-Back,Defender,left,175.0,Real Madrid C,92878,50000.0,2025-06-24,0.2658788774002954,0.0,0.2658788774002954,22.5
1074926,24/25,FC Sochaux-Montbéliard,Championnat National,11.0,1.0,1.0,679.0,Alex Daho (1074926),2003-10-04,France  Cote d'Ivoire,Attack - Left Winger,Attack,right,175.0,USL Dunkerque,9202,350000.0,2025-05-25,0.1325478645066274,0.1325478645066274,0.2650957290132548,22.9
908104,2025,CA Los Andes,Primera Nacional,23.0,2.0,0.0,680.0,Matias Gómez (908104),2003-09-23,Argentina,Midfield - Central Midfield,Midfield,right,170.0,CA Los Andes,5208,75000.0,2025-05-21,0.2647058823529412,0.0,0.2647058823529412,22.9
819081,24/25,Empoli Primavera,Primavera 1,28.0,2.0,1.0,1024.0,Ernesto Matteazzi (819081),2005-01-11,Italy,Midfield - Central Midfield,Midfield,right,0.0,Virtus Entella,20519,100000.0,2025-06-26,0.17578125,0.087890625,0.263671875,21.6
1007813,2025,Stabæk Fotball,OBOS-ligaen,21.0,1.0,3.0,1366.0,Sebastian Olderheim (1007813),2007-07-08,Norway,Midfield - Attacking Midfield,Midfield,right,177.0,Stabæk Fotball,1274,3000000.0,2025-06-25,0.06588579795021962,0.19765739385065886,0.2635431918008785,19.1
817747,2025,FC Sochi-2,2. Division B,18.0,1.0,2.0,1026.0,Mark Nosatiy (817747),2005-03-14,Russia,Midfield - Defensive Midfield,Midfield,right,194.0,FC Sochi-2,127239,,,0.08771929824561403,0.17543859649122806,0.2631578947368421,21.4
576346,24/25,Western Sydney Wanderers,A-League Men,9.0,1.0,1.0,684.0,Dylan Scicluna (576346),2004-06-10,Malta  Australia,Midfield - Central Midfield,Midfield,right,175.0,Western Sydney Wanderers,36100,325000.0,2025-06-02,0.13157894736842105,0.13157894736842105,0.2631578947368421,22.2
831728,24/25,Guidonia Montecelio 1937 FC,Serie D - G,14.0,1.0,1.0,684.0,Francesco Parisi (831728),2004-02-23,Italy,Defender - Right-Back,Defender,right,177.0,Campobasso FC,18642,75000.0,2025-05-14,0.13157894736842105,0.13157894736842105,0.2631578947368421,22.5
1295919,24/25,Parma Under 17,Under 17 - A,24.0,2.0,1.0,1027.0,Andrea Brizi (1295919),2008-02-14,Italy,Midfield - Central Midfield,Midfield,,0.0,Parma Under 18,84451,,,0.17526777020447906,0.08763388510223953,0.2629016553067186,18.5
772349,24/25,Admira Wacker,2. Liga,17.0,1.0,1.0,685.0,Fabian Feiner (772349),2006-01-01,Austria,Defender - Centre-Back,Defender,right,185.0,Admira Wacker,503,150000.0,2025-05-29,0.1313868613138686,0.1313868613138686,0.2627737226277372,20.6
814976,24/25,ESTAC Troyes,Ligue 2,23.0,1.0,2.0,1029.0,Martin Adeline (814976),2003-12-02,France,Midfield - Central Midfield,Midfield,right,180.0,ESTAC Troyes,1095,700000.0,2025-06-01,0.08746355685131195,0.1749271137026239,0.26239067055393583,22.7
1138480,24/25,Karpaty Lviv U19,U19 Premier Liga,25.0,2.0,1.0,1030.0,Mykola Kyrychok (1138480),2006-05-16,Ukraine,Defender - Centre-Back,Defender,right,184.0,Karpaty Lviv U19,120394,100000.0,2025-09-09,0.17475728155339806,0.08737864077669903,0.2621359223300971,20.3
1292845,24/25,Gil Vicente U23,Revelação U23 - Championship,14.0,1.0,2.0,1032.0,Gui Beleza (1292845),2006-12-09,Portugal,Midfield - Defensive Midfield,Midfield,left,181.0,Gil Vicente FC,2424,,,0.0872093023255814,0.1744186046511628,0.2616279069767442,19.7
969447,24/25,KV Kortrijk,Jupiler Pro League,9.0,1.0,1.0,688.0,Dermane Karim (969447),2003-12-26,Togo,Midfield - Defensive Midfield,Midfield,right,193.0,FC Lorient,1158,3000000.0,2025-06-11,0.1308139534883721,0.1308139534883721,0.2616279069767442,22.6
990836,24/25,Southampton FC U21,Premier League 2,18.0,2.0,0.0,688.0,Romeo Akachukwu (990836),2006-07-28,Ireland  Nigeria,Midfield - Central Midfield,Midfield,right,0.0,Southampton FC U21,36546,150000.0,2025-05-29,0.2616279069767442,0.0,0.2616279069767442,20.1
1000301,24/25,SV Werder Bremen II,Regionalliga Nord,26.0,2.0,1.0,1033.0,Ethan Kohler (1000301),2005-05-20,United States,Defender - Centre-Back,Defender,,183.0,SC Verl,93,150000.0,2025-06-23,0.17424975798644723,0.08712487899322362,0.26137463697967084,21.2
704423,24/25,Caldiero Terme,Serie C-A,28.0,1.0,3.0,1378.0,Mattia Florio (704423),2003-09-05,Italy,Attack - Second Striker,Attack,right,182.0,ASD Team Altamura,22408,125000.0,2025-06-18,0.06531204644412192,0.19593613933236573,0.2612481857764877,23.0
878164,25/26,Kolding IF,1.Division,8.0,1.0,1.0,689.0,Villads Westh (878164),2004-04-25,Denmark,Midfield - Central Midfield,Midfield,left,0.0,Silkeborg IF,1177,450000.0,2025-06-15,0.13062409288824384,0.13062409288824384,0.2612481857764877,22.3
1039196,24/25,Sporting Club de Toulon,National 2 - Grp. A,13.0,1.0,1.0,689.0,Gabriel Oualengbe (1039196),2004-05-21,Central African Republic  France,Midfield - Defensive Midfield,Midfield,left,188.0,Sporting Club de Toulon,494,50000.0,2025-06-29,0.13062409288824384,0.13062409288824384,0.2612481857764877,22.2
1268764,24/25,Recreativo Huelva,Primera Federación - Gr. II,32.0,2.0,1.0,1034.0,Davinchi (1268764),2007-10-16,Spain,Defender - Left-Back,Defender,left,182.0,Getafe CF,3709,300000.0,2025-06-24,0.17408123791102514,0.08704061895551257,0.2611218568665377,18.8
904001,2025,The Town FC,MLS Next Pro,22.0,2.0,1.0,1035.0,Alejandro Cano (904001),2004-05-21,El Salvador  United States,Defender - Centre-Back,Defender,right,185.0,The Town FC,95338,,,0.17391304347826086,0.08695652173913043,0.2608695652173913,22.2
918494,24/25,Club NXT,CPL,16.0,1.0,1.0,690.0,Benjamin Faraas (918494),2005-09-08,Norway,Attack - Second Striker,Attack,right,180.0,Fredrikstad FK,3837,350000.0,2025-06-17,0.13043478260869565,0.13043478260869565,0.2608695652173913,20.9
964580,2025,CR Flamengo,Campeonato Carioca,8.0,1.0,1.0,690.0,Wesley (964580),2003-09-06,Brazil,Defender - Right-Back,Defender,right,178.0,AS Roma,12,20000000.0,2025-06-05,0.13043478260869565,0.13043478260869565,0.2608695652173913,23.0
648041,24/25,Brighton & Hove Albion U21,Premier League 2,16.0,1.0,3.0,1381.0,Jamie Mullins (648041),2004-09-29,Ireland,Midfield - Attacking Midfield,Midfield,right,0.0,Wycombe Wanderers,2805,150000.0,2025-05-29,0.06517016654598116,0.19551049963794354,0.2606806661839247,21.9
704234,24/25,Cjarlins Muzane,Serie D - C,21.0,1.0,3.0,1382.0,Diego Fornari (704234),2003-08-26,Italy,Defender - Right-Back,Defender,right,0.0,FC Calvi Noale,42308,50000.0,2025-05-14,0.06512301013024602,0.19536903039073808,0.26049204052098407,23.0
1066134,24/25,Genoa U20,Primavera 1,24.0,1.0,2.0,1038.0,Jacopo Grossi (1066134),2006-10-06,Italy,Midfield - Defensive Midfield,Midfield,right,0.0,Genoa U20,8517,75000.0,2025-06-26,0.08670520231213873,0.17341040462427745,0.26011560693641617,19.9
896270,24/25,Gyirmót FC Győr,NB II.,20.0,1.0,2.0,1040.0,Norbert Kiss (896270),2004-04-03,Hungary,Midfield - Defensive Midfield,Midfield,right,0.0,Gyirmót FC Győr,22610,75000.0,2025-05-27,0.08653846153846154,0.17307692307692307,0.2596153846153846,22.4
1054296,24/25,Parma Primavera,Primavera 2 - A,11.0,1.0,1.0,694.0,Edoardo Tigani (1054296),2006-07-06,Italy,Midfield - Central Midfield,Midfield,right,0.0,Parma Primavera,5243,25000.0,2025-05-27,0.12968299711815562,0.12968299711815562,0.25936599423631124,20.1
1144158,24/25,FC Brentford U21,Premier League Cup,8.0,1.0,1.0,694.0,Benjamin Arthur (1144158),2005-10-09,England,Defender - Centre-Back,Defender,right,192.0,Brentford FC,1148,,,0.12968299711815562,0.12968299711815562,0.25936599423631124,20.9
751659,24/25,West Bromwich Albion U21,Premier League 2,13.0,1.0,2.0,1044.0,Alex Williams (751659),2005-01-02,Wales,Defender - Right-Back,Defender,right,0.0,West Bromwich Albion U21,29990,,,0.08620689655172413,0.17241379310344826,0.2586206896551724,21.6
923836,24/25,Olympique de Marseille B,National 3 - Grp. J,17.0,1.0,2.0,1045.0,Alexis Kabamba (923836),2005-10-15,France  DR Congo,Attack - Right Winger,Attack,left,180.0,GFC Ajaccio,3558,,,0.0861244019138756,0.1722488038277512,0.2583732057416268,20.8
964702,24/25,Fulham FC U21,Premier League 2,18.0,1.0,2.0,1047.0,Chibuzo Nwoko (964702),2005-12-05,England  Nigeria,Midfield - Central Midfield,Midfield,,0.0,Fulham FC U21,9262,,,0.08595988538681948,0.17191977077363896,0.25787965616045844,20.7
878151,24/25,Arsenal FC U21,Premier League 2,10.0,1.0,1.0,698.0,Josh Robinson (878151),2004-12-20,England,Defender - Right-Back,Defender,right,0.0,Without Club,515,,,0.12893982808022922,0.12893982808022922,0.25787965616045844,21.7
1134838,2025,Dalian Yingbo,Super League,17.0,1.0,1.0,698.0,Weijie Mao (1134838),2005-05-28,China,Midfield - Attacking Midfield,Midfield,right,175.0,Dalian Yingbo,98080,375000.0,2025-06-18,0.12893982808022922,0.12893982808022922,0.25787965616045844,21.2
888638,24/25,Chelsea FC U18,U18 Premier League,12.0,1.0,2.0,1048.0,Leo Cardoso (888638),2006-10-18,Portugal  England,Midfield - Attacking Midfield,Midfield,right,173.0,Chelsea FC U21,9250,,,0.08587786259541984,0.17175572519083968,0.2576335877862595,19.8
964561,24/25,Arsenal FC U21,Premier League 2,12.0,1.0,2.0,1048.0,Ismeal Kabia (964561),2005-12-10,Netherlands  Sierra Leone,Attack - Right Winger,Attack,right,175.0,Shrewsbury Town,3054,,,0.08587786259541984,0.17175572519083968,0.2576335877862595,20.7
1086916,24/25,Udinese Primavera,Primavera 1,17.0,1.0,2.0,1050.0,Vincenzo Di Leva (1086916),2005-08-20,Netherlands  Italy,Midfield - Central Midfield,Midfield,left,0.0,Empoli Primavera,8492,50000.0,2025-06-26,0.08571428571428572,0.17142857142857143,0.2571428571428571,21.0
815838,24/25,Hamburger SV II,Regionalliga Nord,26.0,2.0,1.0,1052.0,Joel Agyekum (815838),2005-03-08,Germany  Ghana,Defender - Centre-Back,Defender,left,190.0,FC Viktoria Köln,1622,200000.0,2025-06-23,0.17110266159695817,0.08555133079847908,0.25665399239543724,21.4
815010,24/25,Arnavutköy Belediyesi FSK,2.Lig Kirmizi,23.0,2.0,0.0,702.0,İsmail Tarım (815010),2004-01-28,Türkiye,Defender - Centre-Back,Defender,right,190.0,Bodrum FK,44006,100000.0,2025-06-19,0.25641025641025644,0.0,0.25641025641025644,22.6
988993,24/25,Juventus Primavera,Primavera 1,29.0,2.0,1.0,1055.0,Francesco Verde (988993),2007-02-21,Italy,Defender - Centre-Back,Defender,right,0.0,Juventus Primavera,11008,,,0.17061611374407584,0.08530805687203792,0.2559241706161138,19.5
813437,24/25,PSV Eindhoven U21,Keuken Kampioen Divisie,12.0,1.0,2.0,1056.0,Isaac Babadi (813437),2005-04-06,Netherlands  Sierra Leone,Midfield - Attacking Midfield,Midfield,right,179.0,Royal Antwerp FC,1096,3000000.0,2025-05-27,0.08522727272727273,0.17045454545454547,0.25568181818181823,21.4
817330,24/25,AC Carpi,Serie C-B,26.0,2.0,1.0,1057.0,Nicolò Contiliano (817330),2004-08-06,Italy,Midfield - Defensive Midfield,Midfield,left,175.0,Cosenza Calcio,4031,200000.0,2025-06-18,0.17029328287606432,0.08514664143803216,0.25543992431409646,22.0
581672,24/25,Middlesbrough FC,Championship,16.0,1.0,2.0,1058.0,Samuel Iling-Junior (581672),2003-10-04,England  DR Congo,Attack - Left Winger,Attack,left,182.0,West Bromwich Albion,984,10000000.0,2025-05-26,0.08506616257088848,0.17013232514177695,0.2551984877126654,22.9
961086,24/25,Atlético de Madrid UEFA U19,UEFA Youth League,8.0,1.0,1.0,706.0,Jorge Castillo (961086),2006-05-23,Spain,Midfield - Central Midfield,Midfield,right,180.0,Atlético Madrileño,3679,,,0.1274787535410765,0.1274787535410765,0.254957507082153,20.2
979235,24/25,Cádiz CF,LaLiga2,22.0,2.0,0.0,707.0,Moussa Diakité (979235),2003-11-04,Mali,Midfield - Central Midfield,Midfield,,189.0,Cádiz CF,2687,300000.0,2025-06-23,0.2545968882602546,0.0,0.2545968882602546,22.8
1202401,24/25,Derby County U18,U18 Premier League,14.0,1.0,1.0,707.0,Israel Green (1202401),2008-08-11,England,Attack - Centre-Forward,Attack,right,0.0,Derby County U18,10002,,,0.1272984441301273,0.1272984441301273,0.2545968882602546,18.0
1369269,24/25,Cremonese Under 17,Under 17 - B,11.0,1.0,1.0,707.0,Lionel Scocco (1369269),2008-09-27,Italy  Argentina,Midfield,Midfield,,0.0,Cremonese Under 18,131869,,,0.1272984441301273,0.1272984441301273,0.2545968882602546,17.9
896526,24/25,Doncaster Rovers,League Two,30.0,2.0,0.0,708.0,Patrick Kelly (896526),2004-10-02,Northern Ireland,Midfield - Defensive Midfield,Midfield,,183.0,Barnsley FC,349,250000.0,2025-06-29,0.2542372881355932,0.0,0.2542372881355932,21.9
1279225,24/25,Monza Under 17,Under 17 - B,20.0,2.0,0.0,708.0,Daniele Ganci (1279225),2008-08-19,Italy,Midfield - Defensive Midfield,Midfield,,0.0,Monza Primavera,84400,,,0.2542372881355932,0.0,0.2542372881355932,18.0
1035645,24/25,West Ham United U21,Premier League 2,19.0,1.0,3.0,1418.0,Tyron Akpata (1035645),2006-08-12,England  Nigeria,Midfield - Central Midfield,Midfield,left,0.0,West Ham United U21,9267,,,0.06346967559943582,0.19040902679830748,0.2538787023977433,20.0
913067,2025,AV Alta FC,USL1,13.0,1.0,1.0,709.0,Javier Mariona (913067),2004-10-17,Philippines  El Salvador,Midfield - Right Midfield,Midfield,right,168.0,AV Alta FC,119858,75000.0,2025-05-07,0.12693935119887165,0.12693935119887165,0.2538787023977433,21.8
720948,24/25,SG Dynamo Dresden,3. Liga,18.0,1.0,1.0,710.0,Mika Baur (720948),2004-07-09,Germany,Attack - Left Winger,Attack,both,172.0,SC Paderborn 07,127,900000.0,2025-06-10,0.1267605633802817,0.1267605633802817,0.2535211267605634,22.1
1120692,24/25,Juventus Under 17,Under 17 - A,13.0,1.0,1.0,710.0,Stefano Precupanu (1120692),2008-12-20,Romania  Italy,Defender - Left-Back,Defender,left,0.0,Südtirol Primavera,19334,,,0.1267605633802817,0.1267605633802817,0.2535211267605634,17.7
983138,24/25,AC Trento,Serie C-A,13.0,1.0,2.0,1066.0,Mattia Maffei (983138),2004-12-08,Italy,Defender - Left-Back,Defender,left,0.0,AC Trento,4095,125000.0,2025-06-18,0.08442776735459662,0.16885553470919323,0.25328330206378985,21.7
1188648,24/25,Parma Under 18,Under 18,20.0,2.0,0.0,711.0,Marco Campatelli (1188648),2007-01-03,Italy,Midfield - Central Midfield,Midfield,,0.0,Chievo Verona,862,,,0.25316455696202533,0.0,0.25316455696202533,19.6
1319944,24/25,Atlético de Madrid UEFA U19,UEFA Youth League,8.0,1.0,1.0,711.0,Pablo Pan (1319944),2006-08-07,Spain,Defender - Centre-Back,Defender,left,188.0,Atlético Madrid C,12666,,,0.12658227848101267,0.12658227848101267,0.25316455696202533,20.0
1186650,24/25,Monopoli Primavera,Primavera 2 - B,16.0,2.0,0.0,713.0,Christian Mancino (1186650),2006-11-01,Italy  Romania,Defender - Centre-Back,Defender,right,187.0,Monopoli Primavera,100631,100000.0,2025-05-27,0.25245441795231416,0.0,0.25245441795231416,19.8
1018395,24/25,Pogon Szczecin,Ekstraklasa,27.0,1.0,3.0,1430.0,Adrian Przyborek (1018395),2007-01-01,Poland,Midfield - Attacking Midfield,Midfield,right,184.0,Pogon Szczecin,324,4000000.0,2025-06-05,0.06293706293706294,0.1888111888111888,0.2517482517482518,19.6
890718,24/25,Arsenal FC U21,Premier League 2,18.0,1.0,3.0,1431.0,Jimi Gower (890718),2004-10-01,England,Midfield - Central Midfield,Midfield,right,181.0,Moreirense FC,979,,,0.06289308176100629,0.18867924528301888,0.25157232704402516,21.9
983525,24/25,CD Lugo,Primera Federación - Gr. I,28.0,1.0,2.0,1074.0,Martín Ochoa (983525),2004-12-20,Spain,Attack - Centre-Forward,Attack,right,178.0,CD Arenteiro,58946,200000.0,2025-06-24,0.08379888268156424,0.16759776536312848,0.25139664804469275,21.7
820282,24/25,Sporting CP U23,Liga Revelação,9.0,1.0,1.0,716.0,João Assunção (820282),2004-05-27,Portugal  Brazil,Midfield - Defensive Midfield,Midfield,right,181.0,Leixões SC,3345,,,0.12569832402234637,0.12569832402234637,0.25139664804469275,22.2
1094296,24/25,SC Braga U23,Liga Revelação,12.0,1.0,1.0,716.0,Francisco França (1094296),2006-05-04,Portugal,Attack - Left Winger,Attack,left,185.0,SC Braga B,10789,,,0.12569832402234637,0.12569832402234637,0.25139664804469275,20.3
1086466,24/25,FC Rousset SVO,National 3 - Grp. J,24.0,2.0,1.0,1075.0,Idris Mohamed (1086466),2003-11-25,France  Comoros,Defender - Centre-Back,Defender,right,194.0,Le Puy Foot 43 Auvergne,26863,,,0.16744186046511628,0.08372093023255814,0.25116279069767444,22.7
976206,24/25,Lazio U20,Primavera 1,18.0,1.0,1.0,717.0,Cristian Cuzzarella (976206),2006-12-15,Italy,Attack - Left Winger,Attack,right,0.0,Lazio U20,12816,75000.0,2025-06-26,0.12552301255230125,0.12552301255230125,0.2510460251046025,19.7
1300170,24/25,FK TSC Backa Topola U19,Omladinska liga,25.0,2.0,1.0,1078.0,Valentin Visinka (1300170),2006-05-17,Serbia  Hungary,Defender - Centre-Back,Defender,,0.0,Tiszakécskei LC,40173,,,0.16697588126159554,0.08348794063079777,0.2504638218923933,20.3
816271,24/25,Kotwica Kolobrzeg,Betclic 1 Liga,19.0,2.0,0.0,719.0,Marcel Bykowski (816271),2004-11-29,Poland,Attack - Left Winger,Attack,right,178.0,GKS Jastrzebie,9104,0.0,2025-07-31,0.25034770514603616,0.0,0.25034770514603616,21.7
1111045,24/25,Valenciennes FC,Championnat National,16.0,2.0,0.0,719.0,Souleymane Basse (1111045),2003-11-06,Senegal,Defender - Left-Back,Defender,left,182.0,Valenciennes FC,1423,400000.0,2025-05-25,0.25034770514603616,0.0,0.25034770514603616,22.8
814526,24/25,Port Vale FC,League Two,19.0,2.0,0.0,720.0,Brandon Cover (814526),2003-09-25,Jamaica  England,Midfield - Defensive Midfield,Midfield,right,187.0,Leicester City U21,39341,175000.0,2025-06-29,0.25,0.0,0.25,22.9
933017,24/25,Nottingham Forest U21,Premier League 2,16.0,2.0,0.0,720.0,Zach Abbott (933017),2006-05-13,England,Defender - Centre-Back,Defender,right,180.0,Nottingham Forest,703,300000.0,2025-05-29,0.25,0.0,0.25,20.3
988406,24/25,AZ Alkmaar UEFA U19,UEFA Youth League,8.0,1.0,1.0,720.0,Kasper Boogaard (988406),2006-01-29,Netherlands,Midfield - Defensive Midfield,Midfield,right,187.0,AZ Alkmaar U21,11368,200000.0,2025-06-08,0.125,0.125,0.25,20.6
715897,24/25,Admira Wacker Panthers,LL Niederösterreich,9.0,1.0,1.0,723.0,Yannick Maierhofer (715897),2005-04-10,Austria,Midfield - Defensive Midfield,Midfield,,0.0,FCM Traiskirchen,20113,,,0.12448132780082988,0.12448132780082988,0.24896265560165975,21.4
966678,24/25,Fleetwood Town,League Two,24.0,1.0,2.0,1085.0,Owen Devonport (966678),2005-01-02,England,Attack - Centre-Forward,Attack,right,186.0,FC Halifax Town,1127,,,0.08294930875576037,0.16589861751152074,0.2488479262672811,21.6
925417,24/25,Estoril Praia U23,Liga Revelação,13.0,1.0,2.0,1086.0,Tiago Parente (925417),2004-01-14,Portugal,Defender - Left-Back,Defender,left,178.0,GD Estoril Praia,1465,,,0.08287292817679558,0.16574585635359115,0.24861878453038672,22.6
986258,24/25,Amiens SC,Ligue 2,22.0,2.0,0.0,724.0,Siaka Bakayoko (986258),2005-05-26,France  Cote d'Ivoire,Defender - Centre-Back,Defender,right,188.0,Amiens SC,1416,400000.0,2025-06-01,0.24861878453038672,0.0,0.24861878453038672,21.2
886363,24/25,Lommel SK,CPL,13.0,1.0,2.0,1089.0,Sam De Grand (886363),2004-10-05,Netherlands,Defender - Left-Back,Defender,left,178.0,Lommel SK,5026,700000.0,2025-04-23,0.08264462809917356,0.1652892561983471,0.24793388429752067,21.9
1105918,24/25,Beerschot VA U23,3de Nationale VV A,21.0,2.0,0.0,727.0,Lukas Rocha Torres (1105918),2005-03-03,Belgium,Attack - Centre-Forward,Attack,,0.0,Beerschot VA U21,54951,,,0.24759284731774417,0.0,0.24759284731774417,21.5
744600,24/25,VfL Bochum II,Oberliga Westfalen,18.0,1.0,3.0,1455.0,Niklas Jahn (744600),2004-07-26,Germany,Midfield - Defensive Midfield,Midfield,right,172.0,VfL Bochum II,446,200000.0,2025-06-04,0.061855670103092786,0.18556701030927836,0.24742268041237114,22.1
796303,24/25,Shrewsbury Town,League One,23.0,2.0,0.0,728.0,Leo Castledine (796303),2005-08-20,England,Midfield - Attacking Midfield,Midfield,right,175.0,Huddersfield Town,1110,1000000.0,2025-06-17,0.24725274725274726,0.0,0.24725274725274726,21.0
1064288,24/25,AC Ajaccio U19,National U19 - Grp. D,17.0,2.0,0.0,728.0,Jérémy De Bessa (1064288),2006-04-21,France  Portugal,Defender - Left-Back,Defender,,0.0,AC Ajaccio U19,10884,,,0.24725274725274726,0.0,0.24725274725274726,20.3
914715,24/25,FK Csikszereda Miercurea Ciuc,Liga 2,11.0,1.0,1.0,730.0,Szabolcs Szilágyi (914715),2003-09-23,Romania  Hungary,Midfield - Central Midfield,Midfield,right,183.0,FK Csikszereda Miercurea Ciuc,37255,175000.0,2025-06-15,0.12328767123287672,0.12328767123287672,0.24657534246575344,22.9
982574,24/25,Leixões SC U23,Liga Revelação,13.0,1.0,1.0,732.0,Roka (982574),2004-01-28,Portugal,Attack - Right Winger,Attack,right,170.0,Leixões SC U23,75123,,,0.12295081967213115,0.12295081967213115,0.2459016393442623,22.6
1055067,24/25,Avellino Primavera,Primavera 2 - B,19.0,2.0,0.0,733.0,Diego Beruschi (1055067),2006-01-04,Italy,Defender - Centre-Back,Defender,,0.0,US Recanatese,27624,10000.0,2025-05-27,0.24556616643929058,0.0,0.24556616643929058,20.6
1083960,24/25,Polissya Zhytomyr,Premier Liga,16.0,1.0,1.0,733.0,Cauã Paixão (1083960),2004-05-27,Brazil,Attack - Centre-Forward,Attack,right,181.0,Clube de Regatas Vasco da Gama,978,600000.0,2025-06-09,0.12278308321964529,0.12278308321964529,0.24556616643929058,22.2
1005835,24/25,Jong KAA Gent,1ste Nationale VV,18.0,2.0,0.0,735.0,Gilles De Meyer (1005835),2006-09-17,Belgium,Defender - Right-Back,Defender,right,179.0,KAA Gent,157,700000.0,2025-06-11,0.24489795918367346,0.0,0.24489795918367346,19.9
1070612,24/25,US Castanéenne,National 3 - Grp. A,23.0,2.0,0.0,735.0,Yannis Wilibona (1070612),2003-12-02,France,Midfield,Midfield,right,0.0,Without Club,515,,,0.24489795918367346,0.0,0.24489795918367346,22.7
647583,24/25,Naestved Boldklub,2.Division,13.0,1.0,1.0,741.0,Angelo Nehmé (647583),2004-01-23,Denmark  Lebanon,Attack - Left Winger,Attack,both,0.0,Trelleborgs FF,701,100000.0,2025-06-15,0.1214574898785425,0.1214574898785425,0.242914979757085,22.6
1004723,24/25,Como Primavera,Primavera 2 - A,9.0,1.0,1.0,741.0,Fellipe Jack (1004723),2006-01-12,Italy  Brazil,Defender - Centre-Back,Defender,left,190.0,Spezia Calcio,3522,1400000.0,2025-06-16,0.1214574898785425,0.1214574898785425,0.242914979757085,20.6
1159813,24/25,AC Ajaccio B,National 3 - Grp. D,22.0,2.0,0.0,741.0,Bilal Merouga (1159813),2005-04-27,France  Morocco,Midfield - Attacking Midfield,Midfield,right,173.0,AC Ajaccio B,8305,,,0.242914979757085,0.0,0.242914979757085,21.3
1132953,24/25,Bologna Primavera,Primavera 1,17.0,2.0,0.0,742.0,Jovan Ivanisevic (1132953),2005-01-19,Canada  Croatia,Defender - Centre-Back,Defender,right,0.0,NK Istra 1961,999,200000.0,2025-06-26,0.24258760107816713,0.0,0.24258760107816713,21.6
1150390,24/25,FC Erzgebirge Aue U19,U19 Nachwuchsliga - Gr. H,13.0,1.0,2.0,1114.0,Fabian Mehlitz (1150390),2007-09-16,Germany,Defender - Centre-Back,Defender,right,191.0,FC Erzgebirge Aue U19,7552,,,0.08078994614003591,0.16157989228007183,0.24236983842010773,18.9
902487,2025,Stabæk Fotball,OBOS-ligaen,21.0,1.0,4.0,1858.0,Aleksander Andresen (902487),2005-04-06,Norway,Midfield - Left Midfield,Midfield,left,175.0,Stabæk Fotball,1274,700000.0,2025-06-25,0.04843918191603875,0.193756727664155,0.24219590958019374,21.4
944052,2025,Sollentuna FK,Ettan Norra,18.0,1.0,3.0,1487.0,Johannes Danho (944052),2004-06-17,Sweden,Defender - Left-Back,Defender,left,177.0,Sollentuna FK,23224,0.0,2024-03-18,0.0605245460659045,0.18157363819771352,0.242098184263618,22.2
917792,24/25,1.FC Köln II,Regionalliga West,20.0,2.0,0.0,744.0,Neo Telle (917792),2005-04-24,Germany  Cameroon,Defender - Centre-Back,Defender,right,183.0,1.FC Köln,3,300000.0,2025-06-18,0.24193548387096775,0.0,0.24193548387096775,21.3
1042811,24/25,AC Renate,Serie C-A,29.0,2.0,0.0,744.0,Lorenzo De Leo (1042811),2005-07-09,Italy,Attack - Centre-Forward,Attack,,201.0,AC Renate,24898,150000.0,2025-06-18,0.24193548387096775,0.0,0.24193548387096775,21.1
1163958,24/25,Lazio Under 18,Under 18,26.0,2.0,1.0,1119.0,Valerio Battisti (1163958),2007-11-24,Italy,Midfield - Central Midfield,Midfield,right,0.0,Lazio U20,12816,,,0.16085790884718498,0.08042895442359249,0.24128686327077747,18.7
1044538,24/25,Bonnyrigg Rose FC,League Two,27.0,2.0,0.0,746.0,Mark Ferrie (1044538),2005-12-02,Scotland,Attack - Centre-Forward,Attack,,180.0,Without Club,515,0.0,2024-09-25,0.24128686327077747,0.0,0.24128686327077747,20.7
1223890,24/25,Fiorentina Under 17,Under 17 - C,12.0,1.0,1.0,746.0,Alessandro Perrotti (1223890),2008-01-30,Italy,Defender - Left-Back,Defender,left,0.0,Fiorentina Under 18,75901,,,0.12064343163538874,0.12064343163538874,0.24128686327077747,18.6
1122053,24/25,Cagliari Under 18,Under 18,28.0,2.0,0.0,747.0,Renato Piga (1122053),2007-01-05,Italy,Midfield - Central Midfield,Midfield,right,171.0,Monastir,51513,,,0.24096385542168675,0.0,0.24096385542168675,19.6
1188084,24/25,Palermo Primavera,Primavera 2 - B,22.0,2.0,0.0,748.0,Andrea Occhione (1188084),2007-05-03,Italy,Defender - Right-Back,Defender,right,0.0,Palermo Primavera,11493,,,0.24064171122994651,0.0,0.24064171122994651,19.3
945709,24/25,Villarreal CF B,Primera Federación - Gr. II,28.0,2.0,1.0,1124.0,Dani Requena (945709),2004-02-12,Spain,Midfield - Central Midfield,Midfield,right,186.0,Córdoba CF,993,400000.0,2025-06-24,0.16014234875444838,0.08007117437722419,0.24021352313167257,22.5
951437,24/25,Aquila Montevarchi 1902,Serie D - E,29.0,1.0,3.0,1499.0,Lorenzo Boncompagni (951437),2004-11-20,Italy,Attack - Right Winger,Attack,left,0.0,Aquila Montevarchi 1902,4339,75000.0,2025-05-14,0.0600400266844563,0.18012008005336894,0.24016010673782523,21.7
819184,24/25,FC Bassano,Serie D - C,23.0,2.0,0.0,750.0,Andrea Zanata (819184),2004-03-22,Italy,Defender - Centre-Back,Defender,right,0.0,Calcio Schio,55789,0.0,2025-07-10,0.24,0.0,0.24,22.4
980575,24/25,Pau FC,Ligue 2,26.0,2.0,0.0,750.0,Oumar Ngom (980575),2004-03-09,Mauritania  France,Midfield - Central Midfield,Midfield,right,190.0,CF Estrela Amadora,2431,600000.0,2025-06-01,0.24,0.0,0.24,22.4
981133,24/25,Varesina Calcio,Serie D - B,17.0,1.0,1.0,752.0,Simone Bobbo (981133),2006-03-22,Italy,Defender - Right-Back,Defender,right,184.0,Solbiatese Calcio 1911,5515,75000.0,2025-05-14,0.11968085106382978,0.11968085106382978,0.23936170212765956,20.4
670684,24/25,SC Braga U23,Revelação U23 - Qualif. round,13.0,1.0,2.0,1135.0,Dinis Gama (670684),2004-01-16,Portugal,Midfield - Defensive Midfield,Midfield,right,185.0,SC Braga B,10789,,,0.07929515418502203,0.15859030837004406,0.2378854625550661,22.6
1119008,2025,Fluminense FC U20,CBF Brasileiro U20,17.0,2.0,0.0,757.0,Julio Fidelis (1119008),2006-11-06,Brazil,Defender - Right-Back,Defender,right,0.0,Fluminense FC U20,14702,300000.0,2025-09-04,0.23778071334214002,0.0,0.23778071334214002,19.8
632083,24/25,Union Saint-Gilloise U23,1ste Nationale ACFF,18.0,2.0,0.0,759.0,Yari Stevens (632083),2003-12-18,Belgium,Defender - Right-Back,Defender,right,0.0,Union Saint-Gilloise U23,10666,0.0,2024-06-30,0.23715415019762848,0.0,0.23715415019762848,22.7
934878,24/25,Genoa CFC,Serie A,24.0,1.0,1.0,759.0,Jeff Ekhator (934878),2006-11-11,Italy  Nigeria,Attack - Centre-Forward,Attack,right,188.0,Genoa CFC,252,5000000.0,2025-06-16,0.11857707509881424,0.11857707509881424,0.23715415019762848,19.8
1291486,2025,Philadelphia Union II,MLS Next Pro,14.0,1.0,1.0,760.0,Jordan Griffin (1291486),2008-10-25,United States,Defender - Left-Back,Defender,,0.0,Philadelphia Union Academy,29826,,,0.11842105263157894,0.11842105263157894,0.23684210526315788,17.8
1119932,24/25,Racing Besançon,National 3 - Grp. H,24.0,1.0,2.0,1143.0,Ryan Cherradi (1119932),2005-01-06,France  Morocco,Midfield - Defensive Midfield,Midfield,,0.0,Racing Besançon,2967,,,0.07874015748031496,0.15748031496062992,0.23622047244094488,21.6
1294653,24/25,Fatih Karagümrük,1.Lig,36.0,2.0,2.0,1527.0,Maruis Tresor Doh (1294653),2003-12-17,Cote d'Ivoire,Midfield - Defensive Midfield,Midfield,right,177.0,Fatih Karagümrük,6646,1500000.0,2025-06-24,0.11787819253438114,0.11787819253438114,0.2357563850687623,22.7
668529,24/25,FC Copenhagen,Superliga Championship round,9.0,1.0,1.0,765.0,Rodrigo Huescas (668529),2003-09-18,Mexico,Defender - Right-Back,Defender,right,172.0,FC Copenhagen,190,6000000.0,2025-06-15,0.11764705882352941,0.11764705882352941,0.23529411764705882,22.9
888136,24/25,AZ Picerno,Serie C-C,24.0,1.0,1.0,765.0,Karim Cardoni (888136),2004-02-14,Italy,Attack - Right Winger,Attack,,189.0,AZ Picerno,49430,100000.0,2025-06-18,0.11764705882352941,0.11764705882352941,0.23529411764705882,22.5
1130514,24/25,Racing Strasbourg B,National 3 - Grp. H,9.0,1.0,1.0,765.0,Samir El Mourabet (1130514),2005-10-06,Morocco  France,Midfield - Central Midfield,Midfield,left,186.0,RC Strasbourg Alsace,667,50000.0,2025-06-02,0.11764705882352941,0.11764705882352941,0.23529411764705882,20.9
941938,24/25,FC Vizela U23,Liga Revelação,13.0,1.0,2.0,1148.0,Boloto (941938),2004-04-27,Portugal,Midfield - Central Midfield,Midfield,right,166.0,Varzim SC,4297,,,0.078397212543554,0.156794425087108,0.235191637630662,22.3
1309913,24/25,Lecce Under 18,Under 18,27.0,2.0,1.0,1148.0,Alessandro Bozzolo (1309913),2008-09-09,Italy,Defender - Centre-Back,Defender,,0.0,Lecce Primavera,5618,,,0.156794425087108,0.078397212543554,0.235191637630662,17.9
685679,24/25,Vendsyssel FF,NordicBet LIGA,19.0,1.0,3.0,1532.0,Gustav Mortensen (685679),2004-03-19,Denmark,Defender - Left-Back,Defender,left,175.0,Lyngby Boldklub,369,550000.0,2025-06-15,0.0587467362924282,0.1762402088772846,0.2349869451697128,22.4
1049512,24/25,FC Aarau U19,U19 Elite League,18.0,2.0,0.0,766.0,Berdan Senyurt (1049512),2006-09-05,Switzerland,Defender - Left-Back,Defender,right,178.0,FC Wohlen,1978,50000.0,2025-06-09,0.2349869451697128,0.0,0.2349869451697128,20.0
999299,2025,Philadelphia Union,MLS,22.0,1.0,3.0,1535.0,Frankie Westfield (999299),2005-12-09,United States,Defender - Right-Back,Defender,,170.0,Philadelphia Union,25467,600000.0,2025-06-04,0.05863192182410424,0.1758957654723127,0.23452768729641693,20.7
1207774,24/25,Pescara Primavera,Primavera 2 - B,22.0,2.0,0.0,768.0,Cristian Guaragna (1207774),2007-05-19,Italy,Midfield,Midfield,,0.0,Pescara Primavera,8525,,,0.234375,0.0,0.234375,19.3
814835,24/25,FC Utrecht U21,Keuken Kampioen Divisie,25.0,1.0,2.0,1158.0,Mees Akkerman (814835),2005-01-26,Netherlands,Attack - Right Winger,Attack,right,186.0,FC Volendam U21,20299,200000.0,2025-06-08,0.07772020725388601,0.15544041450777202,0.23316062176165803,21.6
937669,24/25,Genoa U20,Primavera 1,30.0,1.0,5.0,2319.0,Edoardo Meconi (937669),2005-02-09,Italy,Defender - Left-Back,Defender,left,183.0,AC Trento,4095,75000.0,2025-06-26,0.0388098318240621,0.19404915912031045,0.23285899094437257,21.5
650999,24/25,AC Trento,Serie C-A,16.0,1.0,1.0,774.0,Federico Accornero (650999),2004-02-05,Italy,Attack - Left Winger,Attack,right,0.0,Carrarese Calcio 1908,4159,400000.0,2025-06-18,0.11627906976744186,0.11627906976744186,0.23255813953488372,22.5
1122334,24/25,Adana Demirspor U19,U19 Süper Lig,21.0,2.0,0.0,774.0,Gökdeniz Tunç (1122334),2006-08-07,Türkiye,Attack - Left Winger,Attack,left,0.0,Adana Demirspor,3840,,,0.23255813953488372,0.0,0.23255813953488372,20.0
741580,24/25,SKN St. Pölten,2. Liga,18.0,1.0,1.0,775.0,Dario Naamo (741580),2005-05-14,Finland  Iraq,Defender - Right-Back,Defender,both,174.0,Dundee United FC,1519,200000.0,2025-05-29,0.11612903225806452,0.11612903225806452,0.23225806451612904,21.3
1149302,24/25,Aubagne Football Club,Championnat National,30.0,2.0,1.0,1164.0,Esteban Mouton (1149302),2003-09-10,France,Defender - Right-Back,Defender,right,174.0,US Orléans,10868,300000.0,2025-05-25,0.15463917525773196,0.07731958762886598,0.23195876288659795,22.9
1046498,24/25,Team BEJUNE U19,U19 Elite League,20.0,2.0,0.0,776.0,Tiago Holzer (1046498),2006-09-11,Switzerland,Midfield - Defensive Midfield,Midfield,,0.0,FC La Chaux-de-Fonds,2055,,,0.23195876288659795,0.0,0.23195876288659795,19.9
1052292,24/25,AS Saint-Étienne B,National 3 - Grp. I,10.0,1.0,1.0,776.0,Jebryl Sahraoui (1052292),2005-02-04,Algeria  France,Midfield - Central Midfield,Midfield,,0.0,AS Saint-Étienne B,8515,,,0.11597938144329897,0.11597938144329897,0.23195876288659795,21.5
1056172,24/25,Avellino Primavera,Primavera 2 - B,22.0,2.0,0.0,776.0,Ugo De Salvo (1056172),2006-02-08,Italy,Midfield - Defensive Midfield,Midfield,right,0.0,US Vibonese,8077,25000.0,2025-05-27,0.23195876288659795,0.0,0.23195876288659795,20.5
1170843,24/25,Brescia Primavera,Primavera 2 - A,29.0,2.0,1.0,1165.0,Marco Leandri (1170843),2007-01-31,Italy,Midfield - Central Midfield,Midfield,left,0.0,Atalanta Primavera,11998,,,0.15450643776824033,0.07725321888412016,0.23175965665236048,19.5
1063520,24/25,Beerschot VA U23,3de Nationale VV A,24.0,2.0,0.0,778.0,Keano De Stobbeleir (1063520),2005-02-19,Belgium,Midfield - Attacking Midfield,Midfield,,0.0,HRS Haasdonk,64270,0.0,2024-12-10,0.2313624678663239,0.0,0.2313624678663239,21.5
1234406,24/25,Roma Under 17,Under 17 - C,20.0,2.0,0.0,778.0,Christian Mariani (1234406),2008-01-04,Italy,Midfield - Central Midfield,Midfield,,0.0,Roma Under 18,76094,,,0.2313624678663239,0.0,0.2313624678663239,18.6
914629,24/25,SCU Torreense Sub-23,Revelação U23 - Championship,13.0,1.0,2.0,1170.0,André Simões (914629),2003-08-17,Portugal,Midfield - Attacking Midfield,Midfield,right,176.0,SC União Torreense,2432,250000.0,2025-06-22,0.07692307692307693,0.15384615384615385,0.23076923076923078,23.0
820807,24/25,Arzignano Valchiampo,Serie C-A,16.0,1.0,1.0,781.0,Francesco Toniolo (820807),2003-10-27,Italy,Defender - Left-Back,Defender,left,0.0,Arzignano Valchiampo,46619,150000.0,2025-06-18,0.11523687580025607,0.11523687580025607,0.23047375160051214,22.8
1062767,24/25,FK Hodonin,MSFL,29.0,1.0,1.0,781.0,Lukas Hamrle (1062767),2005-03-08,Czech Republic,Attack - Centre-Forward,Attack,,0.0,FK Blansko,46811,,,0.11523687580025607,0.11523687580025607,0.23047375160051214,21.4
1203570,24/25,FC Gießen,Regionalliga Südwest,24.0,2.0,0.0,781.0,Ilias Ebnoutalib (1203570),2005-09-06,Morocco  Germany,Defender - Centre-Back,Defender,,0.0,Hannover 96 II,1065,50000.0,2025-06-10,0.23047375160051214,0.0,0.23047375160051214,21.0
743624,24/25,LD Alajuelense,Primera División Apertura,9.0,1.0,1.0,782.0,Santiago van der Putten (743624),2004-06-25,Costa Rica  Netherlands,Defender - Centre-Back,Defender,right,186.0,LD Alajuelense,6478,450000.0,2025-06-11,0.11508951406649617,0.11508951406649617,0.23017902813299235,22.1
1200427,24/25,Toulouse FC U19,National U19 - Grp. D,21.0,2.0,0.0,782.0,Alexis Vossah (1200427),2008-03-11,France  Togo,Midfield - Central Midfield,Midfield,,181.0,Toulouse FC U19,9372,100000.0,2025-08-25,0.23017902813299235,0.0,0.23017902813299235,18.4
1108739,24/25,AC Crema 1908,Serie D - B,31.0,1.0,3.0,1568.0,Riccardo Pavesi (1108739),2006-10-19,Italy,Midfield - Central Midfield,Midfield,right,0.0,AC Crema 1908,22188,75000.0,2025-05-14,0.057397959183673464,0.1721938775510204,0.22959183673469385,19.8
977868,24/25,Bergerac Périgord FC,National 2 - Grp. A,18.0,1.0,1.0,785.0,Sean Tormin (977868),2004-05-19,France  Guadeloupe,Attack - Centre-Forward,Attack,right,176.0,FC Rousset SVO,64053,,,0.11464968152866241,0.11464968152866241,0.22929936305732482,22.3
919236,24/25,AC Ajaccio,Ligue 2,21.0,2.0,0.0,786.0,Everson Jr (919236),2003-11-07,France  Brazil,Midfield - Defensive Midfield,Midfield,right,178.0,Montpellier HSC,969,500000.0,2025-06-01,0.22900763358778628,0.0,0.22900763358778628,22.8
1089015,24/25,Avellino Primavera,Primavera 2 - B,27.0,2.0,1.0,1180.0,Donato Solaro (1089015),2006-01-31,Italy,Defender - Centre-Back,Defender,right,188.0,FC Sarnese 1926,35626,50000.0,2025-05-27,0.15254237288135591,0.07627118644067796,0.22881355932203387,20.5
805309,24/25,HB Köge,1.Division Relegation,9.0,1.0,1.0,787.0,Sebastian Larsen (805309),2004-05-25,Denmark,Defender - Right-Back,Defender,right,0.0,HB Köge,23297,350000.0,2025-06-15,0.11435832274459976,0.11435832274459976,0.2287166454891995,22.2
623772,24/25,FC Midtjylland,Superliga,11.0,1.0,1.0,788.0,Victor Bak (623772),2003-10-03,Denmark,Defender - Left-Back,Defender,left,179.0,FC Midtjylland,865,1500000.0,2025-06-15,0.11421319796954314,0.11421319796954314,0.22842639593908629,22.9
743624,24/25,LD Alajuelense,Primera División Clausura,18.0,2.0,0.0,790.0,Santiago van der Putten (743624),2004-06-25,Costa Rica  Netherlands,Defender - Centre-Back,Defender,right,186.0,LD Alajuelense,6478,450000.0,2025-06-11,0.22784810126582278,0.0,0.22784810126582278,22.1
1182001,24/25,Adana Demirspor U19,U19 Süper Lig,22.0,2.0,0.0,792.0,Ahmet Yılmaz (1182001),2006-05-05,Türkiye,Midfield - Attacking Midfield,Midfield,left,0.0,Adana Demirspor,3840,50000.0,2025-06-17,0.2272727272727273,0.0,0.2272727272727273,20.3
798983,2025,FK Panevėžys,A Lyga,26.0,1.0,3.0,1594.0,Faustas Steponavičius (798983),2004-06-08,Lithuania,Attack - Centre-Forward,Attack,right,189.0,FK Panevėžys,49149,300000.0,2025-06-12,0.05646173149309912,0.16938519447929737,0.22584692597239647,22.2
919995,24/25,Berliner AK 07,NOFV-Oberliga Nord,10.0,1.0,1.0,797.0,Alper Aksoy (919995),2005-01-20,Germany  Türkiye,Midfield - Central Midfield,Midfield,,0.0,Altinordu FK,12374,,,0.11292346298619824,0.11292346298619824,0.22584692597239647,21.6
1109953,2025,Real Salt Lake City,MLS,20.0,1.0,1.0,797.0,Ariath Piol (1109953),2004-10-11,Australia  Sudan,Attack - Centre-Forward,Attack,right,176.0,Real Salt Lake City,6643,500000.0,2025-06-04,0.11292346298619824,0.11292346298619824,0.22584692597239647,21.9
903213,24/25,Hellas Verona Primavera,Primavera 1,31.0,2.0,1.0,1196.0,Adi Kurti (903213),2006-01-17,Albania,Defender - Centre-Back,Defender,right,194.0,Hellas Verona Primavera,16996,250000.0,2025-06-26,0.1505016722408027,0.07525083612040134,0.22575250836120403,20.6
979760,24/25,US Concarneau,Championnat National,25.0,1.0,4.0,1995.0,Rayan Bamba (979760),2004-05-14,France  Cote d'Ivoire,Defender - Right-Back,Defender,right,185.0,AS Nancy-Lorraine,1159,400000.0,2025-05-25,0.045112781954887216,0.18045112781954886,0.22556390977443608,22.3
1045828,24/25,Izmir Coruhlu Futbol Kulübü,3.Lig Grup 4,22.0,2.0,0.0,798.0,Yusuf Talga (1045828),2005-10-05,Türkiye,Attack - Right Winger,Attack,left,175.0,Izmir Coruhlu Futbol Kulübü,37947,0.0,2024-09-26,0.22556390977443608,0.0,0.22556390977443608,20.9
1100553,24/25,SS Lazio U17,Under 17 - C,22.0,1.0,3.0,1599.0,Lorenzo Calvani (1100553),2008-02-19,Italy,Defender - Left-Back,Defender,,0.0,Lazio U20,12816,,,0.05628517823639775,0.16885553470919323,0.225140712945591,18.5
845723,24/25,Real Unión Club,Primera Federación - Gr. I,24.0,1.0,3.0,1601.0,Finley Munroe (845723),2005-02-08,England,Defender - Left-Back,Defender,left,181.0,Swindon Town,352,150000.0,2025-06-24,0.056214865708931916,0.16864459712679578,0.2248594628357277,21.5
1165891,24/25,Académico de Viseu Sub-23,Revelação U23 - Qualif. round,13.0,1.0,1.0,806.0,Afonso Sousa (1165891),2005-02-21,Portugal,Attack - Left Winger,Attack,right,177.0,Académico de Viseu Sub-23,110988,,,0.11166253101736973,0.11166253101736973,0.22332506203473945,21.5
1064506,24/25,Elche Ilicitano,Segunda Federación - Gr. III,18.0,1.0,2.0,1211.0,Adam Boayar (1064506),2005-10-13,Morocco  Spain,Attack - Second Striker,Attack,right,180.0,Elche CF,1531,500000.0,2025-06-23,0.07431874483897605,0.1486374896779521,0.22295623451692814,20.8
1049992,24/25,US Savoia 1908,Serie D - G,12.0,1.0,1.0,808.0,Pasquale Iaccarino (1049992),2004-10-31,Italy,Attack - Left Winger,Attack,left,174.0,Pineto Calcio,46337,100000.0,2025-05-14,0.11138613861386139,0.11138613861386139,0.22277227722772278,21.8
636695,24/25,FC Barcelona,LaLiga,23.0,1.0,3.0,1616.0,Marc Casadó (636695),2003-09-14,Spain,Midfield - Defensive Midfield,Midfield,right,172.0,FC Barcelona,131,30000000.0,2025-06-08,0.055693069306930694,0.16707920792079206,0.22277227722772275,22.9
937567,24/25,Ascoli Calcio,Serie C-B,20.0,1.0,3.0,1618.0,Francesco Cozzoli (937567),2004-07-09,Italy,Defender - Left-Back,Defender,left,183.0,Ascoli Calcio,408,150000.0,2025-06-18,0.055624227441285534,0.16687268232385663,0.22249690976514216,22.1
939523,24/25,Peterborough Sports,National League North,21.0,1.0,3.0,1618.0,Oisín Gallagher (939523),2004-12-02,Ireland  Northern Ireland,Midfield - Central Midfield,Midfield,right,180.0,Lincoln City,1198,50000.0,2025-06-17,0.055624227441285534,0.16687268232385663,0.22249690976514216,21.7
935173,24/25,USD Sestri Levante 1919,Serie C-B,31.0,2.0,1.0,1215.0,Manuel Rosetti (935173),2005-03-07,Italy,Midfield - Central Midfield,Midfield,left,174.0,AC Carpi,4102,200000.0,2025-06-18,0.14814814814814814,0.07407407407407407,0.2222222222222222,21.5
933025,24/25,Stoke City U21,Premier League 2,9.0,1.0,1.0,810.0,Josh Bickerton (933025),2005-09-25,England,Defender - Left-Back,Defender,left,0.0,Stoke City U21,24219,,,0.1111111111111111,0.1111111111111111,0.2222222222222222,20.9
992701,24/25,Cittadella Primavera,Primavera 2 - A,17.0,1.0,1.0,810.0,Nichita Caragheorghi (992701),2007-10-04,Moldova  Bulgaria,Attack - Right Winger,Attack,left,184.0,Without Club,515,,,0.1111111111111111,0.1111111111111111,0.2222222222222222,18.9
1073604,24/25,FC Vizela U23,Revelação U23 - Championship,9.0,1.0,1.0,810.0,José Sampaio (1073604),2005-01-04,Portugal,Defender - Centre-Back,Defender,right,192.0,FC Vizela,6912,,,0.1111111111111111,0.1111111111111111,0.2222222222222222,21.6
895562,24/25,Pineto Calcio,Serie C-B,16.0,1.0,1.0,812.0,Simone Ienco (895562),2005-05-12,Italy,Defender - Left-Back,Defender,left,184.0,Pineto Calcio,46337,50000.0,2025-06-18,0.11083743842364532,0.11083743842364532,0.22167487684729065,21.3
817307,24/25,Piacenza Calcio 1919,Serie D - D,31.0,2.0,1.0,1218.0,Simone Iob (817307),2004-07-24,Italy,Defender - Right-Back,Defender,,0.0,Siracusa Calcio,8373,150000.0,2025-05-14,0.14778325123152708,0.07389162561576354,0.22167487684729062,22.1
1030153,24/25,US Concarneau,Championnat National,12.0,1.0,1.0,813.0,Justin Bourgault (1030153),2005-09-14,France,Defender - Left-Back,Defender,left,185.0,Stade Brestois 29,3911,800000.0,2025-06-02,0.11070110701107011,0.11070110701107011,0.22140221402214022,20.9
901603,24/25,Yeni Malatyaspor U19,U19 Süper Lig,20.0,2.0,0.0,815.0,Murat Şamil Güler (901603),2006-06-06,Türkiye,Midfield - Central Midfield,Midfield,,0.0,Yeni Malatyaspor,19789,25000.0,2025-06-24,0.22085889570552147,0.0,0.22085889570552147,20.2
855279,24/25,Nottingham Forest U21,Premier League 2,15.0,1.0,2.0,1230.0,Josh Powell (855279),2005-01-09,England,Defender - Left-Back,Defender,left,0.0,Colchester United,1060,,,0.07317073170731707,0.14634146341463414,0.2195121951219512,21.6
729165,24/25,Hamburger SV II,Regionalliga Nord,19.0,1.0,3.0,1642.0,Nicolas Oliveira (729165),2004-02-06,Germany  Spain,Defender - Right-Back,Defender,right,183.0,SSV Jahn Regensburg,109,300000.0,2025-06-18,0.05481120584652862,0.16443361753958585,0.21924482338611448,22.5
816702,24/25,SR Delémont,Promotion League,26.0,2.0,0.0,821.0,Valton Behrami (816702),2004-03-16,Kosovo  Switzerland,Defender - Left-Back,Defender,left,182.0,FC Bulle,2053,75000.0,2025-06-09,0.21924482338611448,0.0,0.21924482338611448,22.4
957822,24/25,Fiorentina Primavera,Primavera 1,35.0,2.0,1.0,1233.0,Eddy Kouadio (957822),2006-05-07,Italy  Cote d'Ivoire,Defender - Centre-Back,Defender,right,191.0,ACF Fiorentina,430,275000.0,2025-06-26,0.14598540145985403,0.07299270072992702,0.21897810218978103,20.3
1039927,24/25,FC Francavilla 1931,Serie D - H,22.0,2.0,0.0,822.0,Riccardo Bastianelli (1039927),2006-01-27,Italy,Attack - Left Winger,Attack,right,,FC Pistoiese,1307,50000.0,2025-05-14,0.21897810218978103,0.0,0.21897810218978103,20.6
929132,24/25,AZ Alkmaar U21,Keuken Kampioen Divisie,23.0,1.0,2.0,1235.0,Jeremiah Esajas (929132),2005-05-19,Netherlands  Suriname,Defender - Left-Back,Defender,left,0.0,AZ Alkmaar U21,11368,225000.0,2025-06-08,0.0728744939271255,0.145748987854251,0.2186234817813765,21.3
1033102,24/25,Manchester City U21,Premier League 2,17.0,1.0,2.0,1237.0,Seb Naylor (1033102),2005-09-10,England,Defender - Left-Back,Defender,,0.0,Manchester City U21,9265,,,0.07275666936135812,0.14551333872271624,0.21827000808407437,20.9
919173,24/25,Cercle Brugge,Jupiler Pro League,22.0,2.0,0.0,825.0,Ibrahim Diakité (919173),2003-10-31,Guinea  France,Defender - Right-Back,Defender,right,180.0,Cercle Brugge,520,1200000.0,2025-06-11,0.21818181818181817,0.0,0.21818181818181817,22.8
703794,24/25,FC Francavilla 1931,Serie D - H,14.0,1.0,2.0,1240.0,Mirco Musumeci (703794),2003-09-05,Italy,Defender - Centre-Back,Defender,left,185.0,FC Francavilla 1931,27657,150000.0,2025-05-14,0.07258064516129033,0.14516129032258066,0.217741935483871,23.0
1176157,24/25,US Avranches U19,National U19 - Grp. C,19.0,2.0,0.0,827.0,Romain Pigouchet (1176157),2006-06-12,France,Midfield - Central Midfield,Midfield,right,179.0,US Avranches B,58608,,,0.21765417170495766,0.0,0.21765417170495766,20.2
1151753,24/25,Budapest Honvéd FC,NB II.,14.0,1.0,1.0,828.0,Ádám Szamosi (1151753),2006-12-11,Hungary,Midfield - Defensive Midfield,Midfield,,0.0,Budapest Honvéd FC,709,75000.0,2025-05-27,0.10869565217391304,0.10869565217391304,0.21739130434782608,19.7
874081,24/25,Charlton Athletic,League One,38.0,2.0,0.0,829.0,Karoy Anderson (874081),2004-10-01,Jamaica  England,Midfield - Central Midfield,Midfield,right,180.0,Charlton Athletic,358,350000.0,2025-06-17,0.21712907117008443,0.0,0.21712907117008443,21.9
1022218,24/25,Adana Demirspor U19,U19 Süper Lig,22.0,2.0,0.0,829.0,Yusuf Demirkıran (1022218),2006-03-22,Türkiye,Defender - Centre-Back,Defender,right,0.0,Adana Demirspor,3840,50000.0,2025-06-17,0.21712907117008443,0.0,0.21712907117008443,20.4
1058981,24/25,AC Campodarsego,Serie D - C,12.0,1.0,1.0,829.0,Giorgio Bailo (1058981),2006-06-03,Italy,Defender - Right-Back,Defender,right,0.0,Valmontone 1921,37981,100000.0,2025-05-14,0.10856453558504221,0.10856453558504221,0.21712907117008443,20.2
802230,24/25,Braintree Town,National League,20.0,1.0,3.0,1663.0,Aidan Francis-Clarke (802230),2004-07-02,England,Defender - Right-Back,Defender,right,181.0,Braintree Town,6340,,,0.054119061936259774,0.16235718580877934,0.2164762477450391,22.1
1219689,2025,Fortaleza EC U20,CBF Brasileiro U20,19.0,2.0,0.0,832.0,Landerson (1219689),2006-12-12,Brazil,Attack - Left Winger,Attack,right,168.0,Moreirense FC,979,,,0.21634615384615385,0.0,0.21634615384615385,19.7
1283533,24/25,Podlasie Biala Podlaska,Betclic 3 Liga - Group IV,12.0,1.0,1.0,833.0,Kamil Lipinski (1283533),2005-01-14,Poland,Midfield - Defensive Midfield,Midfield,,181.0,Ruch Chorzow,318,,,0.10804321728691475,0.10804321728691475,0.2160864345738295,21.6
930152,24/25,FC Legnago Salus,Serie C-B,17.0,1.0,1.0,836.0,Enrico Casarotti (930152),2003-08-15,Italy,Midfield - Defensive Midfield,Midfield,,0.0,AC Vigasio,44326,50000.0,2025-06-18,0.10765550239234449,0.10765550239234449,0.21531100478468898,23.0
1025972,24/25,Bologna Primavera,Primavera 1,17.0,1.0,1.0,836.0,Jan Labedzki (1025972),2006-02-11,Poland,Midfield - Attacking Midfield,Midfield,right,186.0,Bologna Primavera,14848,200000.0,2025-06-26,0.10765550239234449,0.10765550239234449,0.21531100478468898,20.5
929745,24/25,AC Bra,Serie D - A,18.0,1.0,1.0,838.0,Giordano Cannatelli (929745),2005-04-19,Italy,Defender - Right-Back,Defender,right,0.0,Without Club,515,100000.0,2025-05-14,0.10739856801909309,0.10739856801909309,0.21479713603818618,21.3
1071521,24/25,Ternana Primavera,Primavera 2 - B,21.0,2.0,0.0,838.0,Luca Montenegro (1071521),2007-05-06,Italy,Midfield - Central Midfield,Midfield,right,0.0,Fiorentina Primavera,8505,,,0.21479713603818618,0.0,0.21479713603818618,19.3
1130624,24/25,Parma Under 17,Under 17 - A,19.0,2.0,0.0,838.0,Djibril Diallo (1130624),2009-03-09,Italy  Guinea,Defender - Centre-Back,Defender,right,0.0,Parma Under 18,84451,,,0.21479713603818618,0.0,0.21479713603818618,17.4
925850,24/25,FC Pro Vercelli 1892,Serie C-A,27.0,1.0,2.0,1259.0,Mattia Rutigliano (925850),2005-12-15,Italy,Midfield - Central Midfield,Midfield,left,173.0,FC Pro Vercelli 1892,26789,175000.0,2025-06-18,0.07148530579825257,0.14297061159650515,0.21445591739475772,20.7
1211582,24/25,Pogon Szczecin U19,Youth League POL,20.0,2.0,0.0,840.0,Jakub Zawadzki (1211582),2008-09-22,Poland,Defender - Left-Back,Defender,,178.0,Pogon Szczecin,324,,,0.2142857142857143,0.0,0.2142857142857143,17.9
865678,24/25,Nocerina Calcio,Serie D - H,30.0,2.0,1.0,1261.0,Andrea Padalino (865678),2004-10-14,Italy,Defender - Right-Back,Defender,right,183.0,US Pergolettese 1932,4553,125000.0,2025-05-14,0.14274385408406026,0.07137192704203013,0.2141157811260904,21.8
923064,24/25,FC Eilenburg,Regionalliga Northeast,19.0,1.0,2.0,1261.0,Sören Acker (923064),2005-05-24,Germany,Defender - Left-Back,Defender,both,181.0,SV Bühlertal,27491,0.0,2025-08-17,0.07137192704203013,0.14274385408406026,0.2141157811260904,21.2
948938,24/25,Celtic FC B,Lowland League,29.0,2.0,1.0,1261.0,Mitchel Frame (948938),2006-01-25,Scotland,Defender - Left-Back,Defender,left,178.0,Aberdeen FC,370,,,0.14274385408406026,0.07137192704203013,0.2141157811260904,20.6
1056043,24/25,Benevento Primavera,Primavera 2 - B,19.0,2.0,0.0,841.0,Matteo Donatiello (1056043),2006-03-01,Italy,Midfield - Central Midfield,Midfield,,172.0,Benevento Primavera,26332,25000.0,2025-05-27,0.2140309155766944,0.0,0.2140309155766944,20.5
745461,24/25,Burnley FC,Championship,28.0,2.0,0.0,842.0,Luca Koleosho (745461),2004-09-15,Italy  United States,Attack - Right Winger,Attack,right,175.0,RCD Espanyol Barcelona,714,12000000.0,2025-05-26,0.2137767220902613,0.0,0.2137767220902613,21.9
1137980,24/25,FC Bayern Munich II,Regionalliga Bayern,11.0,1.0,1.0,842.0,Julien Yanda (1137980),2007-08-28,Germany,Defender - Left-Back,Defender,left,183.0,FC Bayern Munich II,28,250000.0,2025-06-23,0.10688836104513065,0.10688836104513065,0.2137767220902613,19.0
974982,24/25,Sporting CP,Liga Portugal,31.0,2.0,1.0,1264.0,Ousmane Diomande (974982),2003-12-04,Cote d'Ivoire,Defender - Centre-Back,Defender,right,190.0,Sporting CP,336,45000000.0,2025-05-29,0.14240506329113925,0.07120253164556962,0.2136075949367089,22.7
917255,24/25,SV Rödinghausen,Regionalliga West,14.0,1.0,1.0,844.0,Kevin Wiethaup (917255),2005-08-06,Germany  Nigeria,Midfield - Attacking Midfield,Midfield,right,175.0,VfL Osnabrück,81,125000.0,2025-06-22,0.1066350710900474,0.1066350710900474,0.2132701421800948,21.0
928630,24/25,ADO Den Haag,Keuken Kampioen Divisie,21.0,1.0,1.0,844.0,Finn de Bruin (928630),2004-04-05,Netherlands,Midfield - Attacking Midfield,Midfield,right,175.0,ADO Den Haag,1268,200000.0,2025-06-08,0.1066350710900474,0.1066350710900474,0.2132701421800948,22.4
1301508,24/25,Monza Under 17,Under 17 - B,25.0,1.0,1.0,844.0,Tommaso Cassina (1301508),2008-04-30,Italy,Attack - Left Winger,Attack,,0.0,Monza Under 18,84679,,,0.1066350710900474,0.1066350710900474,0.2132701421800948,18.3
933725,24/25,FC Copenhagen U19,U19 Boys League,20.0,2.0,0.0,847.0,Waylon Renecke (933725),2006-05-12,South Africa  England,Defender - Centre-Back,Defender,left,184.0,Örgryte IS,1118,,,0.21251475796930341,0.0,0.21251475796930341,20.3
1063601,24/25,UD Logroñés,Segunda Federación - Gr. II,29.0,1.0,2.0,1271.0,Riki de Moraes (1063601),2004-02-19,Brazil,Midfield - Attacking Midfield,Midfield,,0.0,Real Valladolid Promesas,7078,100000.0,2025-06-24,0.07081038552321008,0.14162077104642015,0.21243115656963024,22.5
843453,24/25,Flint Town United,Cymru Premier,24.0,1.0,1.0,848.0,Luke Mariette (843453),2003-10-08,Wales,Midfield - Central Midfield,Midfield,right,183.0,Buckley Town,8931,0.0,2025-09-07,0.1061320754716981,0.1061320754716981,0.2122641509433962,22.9
1052006,24/25,Belediye Derince Spor,2.Lig Kirmizi,23.0,1.0,1.0,849.0,Bedirhan Yıldız (1052006),2005-01-30,Türkiye,Attack - Right Winger,Attack,right,179.0,Söke 1970 Spor Kulübü,79085,25000.0,2025-06-19,0.10600706713780918,0.10600706713780918,0.21201413427561835,21.5
1086286,24/25,Bari Primavera,Primavera 2 - B,26.0,2.0,0.0,849.0,Pantaleo Spadavecchia (1086286),2007-02-09,Italy,Defender - Right-Back,Defender,right,180.0,Bari Primavera,14907,,,0.21201413427561835,0.0,0.21201413427561835,19.5
1089767,24/25,Spezia Primavera,Primavera 2 - B,22.0,2.0,0.0,851.0,Emmanuele Lorenzelli (1089767),2007-05-11,Italy,Midfield - Defensive Midfield,Midfield,right,186.0,Spezia Primavera,14893,,,0.21151586368977673,0.0,0.21151586368977673,19.3
1325674,2025,Toronto FC II,MLS Next Pro,16.0,1.0,1.0,852.0,Jahmarie Nolan (1325674),2009-11-11,Jamaica,Attack,Attack,,183.0,Toronto FC II,46823,,,0.1056338028169014,0.1056338028169014,0.2112676056338028,16.8
847257,24/25,Pau FC,Ligue 2,19.0,2.0,0.0,855.0,Ange Ahoussou (847257),2003-12-22,Cote d'Ivoire,Defender - Centre-Back,Defender,left,194.0,Rapid Vienna,170,1500000.0,2025-06-05,0.2105263157894737,0.0,0.2105263157894737,22.7
917158,24/25,Renate Primavera,Primavera 2 - A,19.0,2.0,0.0,855.0,Davide Ziu (917158),2005-05-07,Albania  Italy,Defender - Centre-Back,Defender,right,0.0,AC Renate,24898,75000.0,2025-06-18,0.2105263157894737,0.0,0.2105263157894737,21.3
840640,24/25,Leicester City U21,Premier League 2,10.0,1.0,1.0,857.0,Sammy Braybrooke (840640),2004-03-12,England,Midfield - Defensive Midfield,Midfield,right,0.0,Newport County,3716,300000.0,2025-05-29,0.10501750291715285,0.10501750291715285,0.2100350058343057,22.4
1004681,24/25,AC Ajaccio,Ligue 2,28.0,1.0,3.0,1718.0,Tony Strata (1004681),2004-09-07,Romania  France,Defender - Right-Back,Defender,right,177.0,Vitória Guimarães SC,2420,400000.0,2025-06-01,0.05238649592549476,0.15715948777648428,0.20954598370197905,21.9
961053,24/25,Standard de Liège 16 FC,1ste Nationale ACFF,20.0,2.0,0.0,860.0,Rabby Mateta Pepa (961053),2006-07-13,Belgium  DR Congo,Midfield - Central Midfield,Midfield,left,0.0,DAC Dunajska Streda,4529,0.0,2024-12-19,0.20930232558139533,0.0,0.20930232558139533,20.1
1303920,24/25,SS Lazio U17,Under 17 - C,18.0,1.0,1.0,860.0,Francesco Macerata (1303920),2008-05-18,Italy,Defender - Left-Back,Defender,left,185.0,Lazio Under 18,82685,,,0.10465116279069767,0.10465116279069767,0.20930232558139533,18.3
817688,24/25,Norwich City,Championship,40.0,1.0,7.0,3442.0,Callum Doyle (817688),2003-10-03,England,Defender - Centre-Back,Defender,left,190.0,Wrexham AFC,1112,15000000.0,2025-05-26,0.026147588611272515,0.1830331202789076,0.20918070889018012,22.9
1108253,24/25,Bologna Primavera,Primavera 1,35.0,1.0,5.0,2584.0,Dimitar Papazov (1108253),2006-07-15,Bulgaria,Defender - Left-Back,Defender,left,184.0,Bologna Primavera,14848,100000.0,2025-06-26,0.0348297213622291,0.17414860681114552,0.20897832817337464,20.1
1245800,2025,Portland Timbers 2,MLS Next Pro,20.0,1.0,2.0,1296.0,Daniel Núñez (1245800),2008-12-04,Mexico  United States,Attack - Right Winger,Attack,right,0.0,Portland Timbers 2,46719,,,0.06944444444444445,0.1388888888888889,0.20833333333333334,17.7
926975,24/25,FC Utrecht U21,Keuken Kampioen Divisie,27.0,1.0,2.0,1302.0,Emil Rohd (926975),2004-11-04,Denmark,Attack - Right Winger,Attack,right,0.0,FK Haugesund,2761,250000.0,2025-06-17,0.06912442396313365,0.1382488479262673,0.20737327188940094,21.8
1311839,24/25,Roma Under 17,Under 17 - C,19.0,1.0,2.0,1303.0,Luca Pallassini (1311839),2008-06-07,Italy,Midfield - Defensive Midfield,Midfield,,0.0,Roma Under 18,76094,,,0.06907137375287797,0.13814274750575595,0.20721412125863392,18.2
934459,24/25,USD Castellanzese 1921,Serie D - B,27.0,2.0,0.0,869.0,Ludovico Rodolfo Masera (934459),2005-04-28,Italy,Defender - Right-Back,Defender,right,182.0,RC Codogno 1908,56808,100000.0,2025-05-14,0.20713463751438435,0.0,0.20713463751438435,21.3
1188653,24/25,Parma Under 18,Under 18,28.0,2.0,0.0,869.0,Luca De Oliveira (1188653),2007-01-04,Brazil,Midfield - Defensive Midfield,Midfield,,0.0,Catanzaro Primavera,93168,,,0.20713463751438435,0.0,0.20713463751438435,19.6
1178476,24/25,USL Dunkerque,Ligue 2,26.0,1.0,1.0,870.0,Antoine Sekongo (1178476),2004-06-13,Mali  Cote d'Ivoire,Midfield - Attacking Midfield,Midfield,left,178.0,USL Dunkerque,9202,300000.0,2025-06-01,0.10344827586206896,0.10344827586206896,0.20689655172413793,22.2
981196,24/25,Club Brugge KV,Jupiler Pro League,25.0,2.0,0.0,874.0,Joaquin Seys (981196),2005-03-28,Belgium,Defender - Left-Back,Defender,left,178.0,Club Brugge KV,2282,8000000.0,2025-06-11,0.20594965675057209,0.0,0.20594965675057209,21.4
925104,24/25,Nottingham Forest U21,Premier League 2,20.0,1.0,3.0,1749.0,Jack Perkins (925104),2003-10-26,England,Midfield - Central Midfield,Midfield,left,178.0,Northampton Town,1302,,,0.051457975986277875,0.15437392795883362,0.2058319039451115,22.8
1021422,24/25,Olympique de Marseille B,National 3 - Grp. J,14.0,1.0,1.0,875.0,Alexandre Tunkadi (1021422),2005-10-20,France  DR Congo,Midfield - Attacking Midfield,Midfield,left,183.0,Olympique de Marseille B,8524,0.0,2024-06-02,0.10285714285714287,0.10285714285714287,0.20571428571428574,20.8
1200586,24/25,Piacenza Calcio 1919,Serie D - D,28.0,1.0,4.0,2190.0,Antonio Napoletano (1200586),2006-08-11,Italy,Defender - Right-Back,Defender,right,0.0,Chievo Verona,862,125000.0,2025-05-14,0.0410958904109589,0.1643835616438356,0.2054794520547945,20.0
955223,24/25,Deportivo Guadalajara,Liga MX Clausura,15.0,1.0,1.0,876.0,Hugo Camberos (955223),2007-01-21,Mexico,Attack - Right Winger,Attack,right,167.0,Deportivo Guadalajara,6711,2500000.0,2025-05-25,0.10273972602739725,0.10273972602739725,0.2054794520547945,19.6
741258,24/25,FC Barcelona Atlètic,Primera Federación - Gr. I,19.0,1.0,2.0,1319.0,Sergi Domínguez (741258),2005-04-01,Spain,Defender - Centre-Back,Defender,right,191.0,GNK Dinamo Zagreb,419,1000000.0,2025-06-24,0.06823351023502654,0.13646702047005307,0.2047005307050796,21.4
985441,24/25,Ural Yekaterinburg,1.Division,26.0,1.0,2.0,1319.0,Ilya Ishkov (985441),2005-05-25,Russia,Midfield - Attacking Midfield,Midfield,left,175.0,Ural Yekaterinburg,11127,700000.0,2025-06-01,0.06823351023502654,0.13646702047005307,0.2047005307050796,21.2
1235201,24/25,Team BEJUNE U19,U19 Elite League,22.0,2.0,0.0,882.0,Shiloh Reinhard (1235201),2007-10-03,Switzerland,Defender - Centre-Back,Defender,right,187.0,Team BEJUNE U19,110605,,,0.20408163265306123,0.0,0.20408163265306123,18.9
802422,24/25,AFC Fylde,National League,26.0,2.0,0.0,884.0,Will Hugill (802422),2003-11-06,England,Midfield - Central Midfield,Midfield,,183.0,FC Halifax Town,1127,,,0.20361990950226247,0.0,0.20361990950226247,22.8
1201294,24/25,Adana Demirspor,Süper Lig,29.0,1.0,1.0,884.0,Ozan Demirbağ (1201294),2008-02-12,Türkiye,Attack - Centre-Forward,Attack,right,178.0,Adana Demirspor,3840,175000.0,2025-06-17,0.10180995475113123,0.10180995475113123,0.20361990950226247,18.5
726634,24/25,Crewe Alexandra,League Two,38.0,1.0,5.0,2654.0,Matus Holicek (726634),2005-01-25,Slovakia,Midfield - Central Midfield,Midfield,,183.0,Crewe Alexandra,1042,275000.0,2025-06-29,0.03391107761868877,0.16955538809344387,0.20346646571213264,21.6
1005837,24/25,KAS Eupen U23,2de Nationale ACFF,23.0,2.0,0.0,887.0,Raphael Di Matteo (1005837),2006-01-23,Belgium,Midfield - Defensive Midfield,Midfield,,0.0,KAS Eupen,1245,50000.0,2025-04-23,0.2029312288613303,0.0,0.2029312288613303,20.6
964757,24/25,Slask Wroclaw II,Betclic 3 Liga - Group III,22.0,1.0,3.0,1778.0,Krzysztof Kurowski (964757),2006-08-29,Poland,Defender - Left-Back,Defender,left,180.0,Slask Wroclaw,759,200000.0,2025-06-05,0.05061867266591676,0.15185601799775028,0.20247469066366705,20.0
821112,24/25,Villa Valle,Serie D - C,21.0,2.0,0.0,889.0,Umberto Ventura (821112),2004-06-03,Italy,Defender - Centre-Back,Defender,,0.0,Villa Valle,48988,175000.0,2025-05-14,0.20247469066366705,0.0,0.20247469066366705,22.2
671668,24/25,MVV Maastricht,Keuken Kampioen Divisie,27.0,1.0,1.0,890.0,Ferre Slegers (671668),2004-12-01,Belgium,Midfield - Attacking Midfield,Midfield,left,182.0,SK Beveren,28643,250000.0,2025-06-08,0.10112359550561799,0.10112359550561799,0.20224719101123598,21.7
907469,24/25,Fortuna Düsseldorf II,Regionalliga West,14.0,1.0,1.0,890.0,Tom Barth (907469),2005-05-11,Germany,Defender - Right-Back,Defender,right,181.0,Fortuna Düsseldorf II,4690,100000.0,2025-06-22,0.10112359550561799,0.10112359550561799,0.20224719101123598,21.3
821905,24/25,Forfar Athletic FC,League Two,11.0,1.0,1.0,891.0,Alex Ferguson (821905),2003-09-10,Scotland,Midfield - Central Midfield,Midfield,right,0.0,Kelty Hearts FC,3804,50000.0,2024-12-02,0.10101010101010102,0.10101010101010102,0.20202020202020204,22.9
926307,24/25,Aldershot Town,National League,20.0,1.0,3.0,1786.0,Luca Woodhouse (926307),2004-07-25,England,Defender - Centre-Back,Defender,left,188.0,Exeter City,6699,50000.0,2025-06-17,0.05039193729003359,0.15117581187010076,0.20156774916013437,22.1
1063291,2025,Husqvarna FF,Ettan Södra,20.0,1.0,3.0,1788.0,Noel Sernelius (1063291),2006-07-24,Sweden,Midfield - Central Midfield,Midfield,,0.0,Husqvarna FF,7556,250000.0,2024-12-19,0.050335570469798654,0.15100671140939598,0.20134228187919462,20.1
1189140,24/25,Torino Under 18,Under 18,32.0,2.0,1.0,1344.0,Tommaso Gatto (1189140),2007-03-06,Italy,Defender - Right-Back,Defender,right,0.0,Torino Primavera,12130,,,0.13392857142857142,0.06696428571428571,0.20089285714285715,19.5
875114,24/25,Beykoz Anadolu Spor,2.Lig Beyaz,27.0,1.0,1.0,896.0,Arda Çağdaş (875114),2004-01-01,Türkiye,Midfield - Attacking Midfield,Midfield,left,177.0,Beykoz Anadolu Spor,39805,50000.0,2025-06-19,0.10044642857142856,0.10044642857142856,0.20089285714285712,22.6
1058533,24/25,AC Horsens,NordicBet LIGA,22.0,1.0,2.0,1346.0,Adam Herdonsson (1058533),2004-04-07,Sweden,Midfield - Defensive Midfield,Midfield,right,0.0,AC Horsens,2414,600000.0,2025-06-15,0.06686478454680535,0.1337295690936107,0.20059435364041606,22.4
1058139,24/25,Racing Club de France U19,National U19 - Grp. A,21.0,2.0,0.0,898.0,Grégory Ayem (1058139),2006-01-12,France  Cameroon,Midfield - Attacking Midfield,Midfield,right,185.0,Racing Club de France B,100833,,,0.20044543429844097,0.0,0.20044543429844097,20.6
858251,24/25,SL Benfica B,Liga Portugal 2,25.0,1.0,3.0,1797.0,Nuno Félix (858251),2004-03-16,Portugal,Midfield - Defensive Midfield,Midfield,right,182.0,SL Benfica B,10330,1700000.0,2025-06-22,0.05008347245409015,0.15025041736227046,0.2003338898163606,22.4
898715,24/25,SC Braga B,Liga 3,14.0,1.0,1.0,899.0,Vasconcelos (898715),2005-02-26,Portugal,Midfield - Attacking Midfield,Midfield,left,180.0,SC Braga B,10789,2000000.0,2025-05-29,0.10011123470522804,0.10011123470522804,0.20022246941045607,21.5
1119338,24/25,AJ Auxerre B,National 3 - Grp. G,23.0,1.0,3.0,1800.0,Rayan Mandengue (1119338),2006-01-06,Cameroon,Attack - Left Winger,Attack,,0.0,Quevilly - Rouen Métropole,7124,,,0.05,0.15000000000000002,0.2,20.6
676114,2025,Sollentuna FK,Ettan Norra,20.0,2.0,0.0,900.0,Wilgot Marshage (676114),2004-08-08,Sweden,Midfield - Defensive Midfield,Midfield,right,184.0,Sollentuna FK,23224,0.0,2024-06-12,0.2,0.0,0.2,22.0
969141,24/25,Scarborough Athletic,National League North,23.0,2.0,0.0,900.0,Mackenzie Maltby (969141),2004-12-04,England  Scotland,Defender - Centre-Back,Defender,,0.0,Sheffield Wednesday U21,37758,,,0.2,0.0,0.2,21.7
981342,24/25,Middlesbrough FC U21,Premier League 2,10.0,1.0,1.0,900.0,Law McCabe (981342),2006-01-16,England,Midfield - Central Midfield,Midfield,,173.0,Plymouth Argyle,2262,,,0.1,0.1,0.2,20.6
1057574,24/25,Sassuolo Primavera,Primavera 1,21.0,1.0,2.0,1351.0,Christian Frangella (1057574),2006-11-25,Italy,Midfield - Central Midfield,Midfield,,0.0,Sassuolo Primavera,19114,175000.0,2025-06-26,0.06661732050333086,0.1332346410066617,0.19985196150999257,19.7
1057843,24/25,Fiorentina Under 18,Under 18,16.0,1.0,1.0,901.0,Edoardo Sturli (1057843),2007-01-12,Italy,Defender - Right-Back,Defender,right,186.0,Fiorentina Primavera,8505,,,0.09988901220865705,0.09988901220865705,0.1997780244173141,19.6
965743,24/25,Connah's Quay Nomads,Cymru Premier,12.0,1.0,1.0,904.0,Max Woodcock (965743),2005-07-29,Scotland  England,Attack - Centre-Forward,Attack,right,178.0,Connah's Quay Nomads,22499,50000.0,2025-05-18,0.09955752212389381,0.09955752212389381,0.19911504424778761,21.1
936734,24/25,Virtus Ciserano Bergamo 1909,Serie D - C,30.0,1.0,3.0,1812.0,Gabriele Chiggiato (936734),2005-04-16,Italy,Defender - Right-Back,Defender,right,187.0,Without Club,515,25000.0,2025-05-14,0.04966887417218543,0.1490066225165563,0.19867549668874174,21.3
1053975,24/25,Gateshead FC,National League,21.0,1.0,2.0,1359.0,Liam Humbles (1053975),2003-12-05,England  United States,Midfield - Central Midfield,Midfield,right,177.0,Rochdale AFC,1088,0.0,2024-12-20,0.06622516556291391,0.13245033112582782,0.19867549668874174,22.7
854825,24/25,Peterborough United,League One,20.0,1.0,1.0,906.0,,2004-01-15,England,Midfield - Central Midfield,Midfield,left,174.0,Peterborough United,1072,150000.0,2025-06-17,0.09933774834437085,0.09933774834437085,0.1986754966887417,22.6
957890,24/25,Wisla Plock,Betclic 1 Liga,13.0,1.0,1.0,907.0,Oskar Tomczyk (957890),2006-01-25,Poland,Attack - Centre-Forward,Attack,both,181.0,Wisla Plock,2118,250000.0,2025-06-26,0.09922822491730982,0.09922822491730982,0.19845644983461963,20.6
1060024,24/25,UE Cornellà,Segunda Federación - Gr. III,31.0,1.0,5.0,2727.0,Izan González (1060024),2004-11-05,Spain,Midfield - Central Midfield,Midfield,right,0.0,CE Europa,20528,50000.0,2025-06-24,0.033003300330033,0.16501650165016502,0.19801980198019803,21.8
1102426,24/25,Pro Sesto 1913,Serie D - B,25.0,2.0,0.0,909.0,Alessandro Santambrogio (1102426),2005-06-12,Italy,Defender - Right-Back,Defender,,0.0,Pro Sesto 1913,2254,100000.0,2025-05-14,0.198019801980198,0.0,0.198019801980198,21.2
555057,24/25,Lech Poznan,Ekstraklasa,34.0,1.0,5.0,2733.0,Antoni Kozubal (555057),2004-08-18,Poland,Midfield - Defensive Midfield,Midfield,right,177.0,Lech Poznan,238,5000000.0,2025-06-05,0.03293084522502744,0.16465422612513722,0.19758507135016468,22.0
1063700,24/25,Aurora Pro Patria,Serie C-A,31.0,2.0,1.0,1367.0,Ervin Bashi (1063700),2005-07-24,Albania  Italy,Defender - Centre-Back,Defender,right,192.0,US Catanzaro,4097,200000.0,2025-06-18,0.13167520117044623,0.06583760058522312,0.19751280175566935,21.1
1176519,24/25,Real Valladolid Promesas,Segunda Federación - Gr. I,20.0,1.0,2.0,1369.0,Adrián Arnu (1176519),2007-03-04,Spain,Attack - Centre-Forward,Attack,,185.0,Real Valladolid CF,366,500000.0,2025-06-24,0.06574141709276844,0.13148283418553688,0.19722425127830534,19.5
1046867,24/25,Legia Warszawa,Ekstraklasa,19.0,1.0,2.0,1373.0,Jan Ziolkowski (1046867),2005-06-05,Poland,Defender - Centre-Back,Defender,right,194.0,AS Roma,12,4000000.0,2025-06-05,0.06554989075018208,0.13109978150036417,0.19664967225054625,21.2
964562,24/25,Odense Boldklub U19,U19 Boys League,23.0,2.0,0.0,916.0,Magnus Andersen (964562),2006-04-03,Denmark,Attack - Left Winger,Attack,,0.0,Odense Boldklub,173,25000.0,2025-06-15,0.1965065502183406,0.0,0.1965065502183406,20.4
864112,24/25,NEC Nijmegen,Eredivisie,33.0,1.0,2.0,1375.0,Başar Önal (864112),2004-07-06,Türkiye  Netherlands,Attack - Left Winger,Attack,right,179.0,NEC Nijmegen,467,700000.0,2025-05-27,0.06545454545454545,0.1309090909090909,0.19636363636363635,22.1
958649,2025,Sandefjord Fotball,Eliteserien,16.0,1.0,2.0,1375.0,Zinedin Smajlović (958649),2003-12-20,Sweden  Bosnia-Herzegovina,Defender - Centre-Back,Defender,left,191.0,Sandefjord Fotball,6399,900000.0,2025-09-07,0.06545454545454545,0.1309090909090909,0.19636363636363635,22.7
952716,24/25,Fulham FC U21,Premier League 2,14.0,1.0,1.0,921.0,Brad de Jesus (952716),2006-01-14,Portugal  England,Defender - Right-Back,Defender,right,178.0,Fulham FC U21,9262,,,0.09771986970684039,0.09771986970684039,0.19543973941368079,20.6
1184099,24/25,UCAM Murcia CF,Segunda Federación - Gr. IV,20.0,1.0,1.0,921.0,Marcos Sevila (1184099),2004-06-24,Spain,Defender - Left-Back,Defender,,0.0,UCAM Murcia CF,34148,50000.0,2025-06-24,0.09771986970684039,0.09771986970684039,0.19543973941368079,22.2
738490,24/25,Arsenal FC U21,Premier League 2,15.0,1.0,1.0,923.0,,2005-01-11,Morocco  Netherlands,Midfield - Central Midfield,Midfield,right,178.0,Without Club,515,,,0.09750812567713976,0.09750812567713976,0.19501625135427952,21.6
898721,24/25,SC Braga B,Liga 3,16.0,1.0,2.0,1386.0,Chissumba (898721),2005-05-29,Portugal  Mozambique,Defender - Left-Back,Defender,left,180.0,FC Alverca,2521,5000000.0,2025-05-29,0.06493506493506493,0.12987012987012986,0.1948051948051948,21.2
749970,2025,Asociación Deportivo Pasto,Liga DIMAYOR I,17.0,1.0,1.0,925.0,Juan Castilla (749970),2004-07-27,Colombia  United States,Midfield - Central Midfield,Midfield,left,179.0,CD La Equidad Seguros SA,17425,450000.0,2025-06-19,0.0972972972972973,0.0972972972972973,0.1945945945945946,22.1
999127,2025,Inter Miami CF,MLS,22.0,1.0,2.0,1388.0,Benja Cremaschi (999127),2005-03-02,United States  Italy,Midfield - Central Midfield,Midfield,right,180.0,Parma Calcio 1913,130,5000000.0,2025-06-04,0.06484149855907781,0.12968299711815562,0.19452449567723343,21.5
744078,24/25,NK Osijek,SuperSport HNL,19.0,1.0,1.0,927.0,Ivan Cvijanovic (744078),2003-10-09,Croatia,Defender - Left-Back,Defender,left,185.0,NK Osijek,327,400000.0,2025-06-08,0.09708737864077668,0.09708737864077668,0.19417475728155337,22.9
960943,24/25,FC Bayern Munich II,Regionalliga Bayern,16.0,1.0,1.0,929.0,Adin Licina (960943),2007-01-06,Germany,Attack - Right Winger,Attack,left,0.0,FC Bayern Munich II,28,700000.0,2025-06-23,0.0968783638320775,0.0968783638320775,0.193756727664155,19.6
966681,24/25,Accrington Stanley,League Two,28.0,1.0,1.0,930.0,Alex Henderson (966681),2004-09-25,England,Midfield - Attacking Midfield,Midfield,right,182.0,Accrington Stanley,3688,100000.0,2025-06-29,0.0967741935483871,0.0967741935483871,0.1935483870967742,21.9
1281526,24/25,Alemannia Aachen U19,U19 Nachwuchsliga - Gr. F,13.0,1.0,1.0,935.0,Mika Pobric (1281526),2007-06-10,Germany  Bosnia-Herzegovina,Midfield - Central Midfield,Midfield,,185.0,Alemannia Aachen,8,,,0.0962566844919786,0.0962566844919786,0.1925133689839572,19.2
806504,24/25,Pineto Calcio,Serie C-B,26.0,1.0,2.0,1406.0,Federico Baggi (806504),2003-09-10,Italy,Defender - Right-Back,Defender,right,178.0,Pineto Calcio,46337,100000.0,2025-06-18,0.06401137980085349,0.12802275960170698,0.19203413940256048,22.9
686941,2025,Phoenix Rising FC,USLC,17.0,1.0,2.0,1407.0,Collin Smith (686941),2003-12-04,United States,Defender - Right-Back,Defender,right,180.0,Phoenix Rising FC,33414,200000.0,2025-05-07,0.06396588486140725,0.1279317697228145,0.19189765458422176,22.7
1281440,24/25,Aston Villa U18,U18 Premier League,23.0,1.0,2.0,1409.0,Teddie Bloomfield (1281440),2007-11-10,England,Defender - Left-Back,Defender,,0.0,Aston Villa U18,6933,,,0.063875088715401,0.127750177430802,0.191625266146203,18.8
1006089,24/25,Città di Sant'Agata,Serie D - I,27.0,2.0,0.0,940.0,Francesco Bova (1006089),2003-10-08,Italy,Midfield - Right Midfield,Midfield,left,178.0,ASD Asti,56330,75000.0,2025-05-14,0.19148936170212766,0.0,0.19148936170212766,22.9
1020450,24/25,CS Pays Vert Ostiches Ath,2de Nationale ACFF,27.0,2.0,0.0,941.0,Noah De Moerloose (1020450),2004-02-18,Belgium,Midfield - Attacking Midfield,Midfield,left,173.0,RSC Tilffois,87289,,,0.19128586609989373,0.0,0.19128586609989373,22.5
919703,24/25,FC Schalke 04 II,Regionalliga West,16.0,1.0,2.0,1413.0,Vitalie Becker (919703),2005-03-03,Germany,Defender - Left-Back,Defender,left,179.0,FC Schalke 04,33,100000.0,2025-06-18,0.06369426751592357,0.12738853503184713,0.1910828025477707,21.5
624264,24/25,Linfield FC,Premiership,20.0,1.0,1.0,943.0,Charlie Allen (624264),2003-11-22,Northern Ireland,Midfield - Central Midfield,Midfield,right,185.0,Linfield FC,3471,125000.0,2025-05-19,0.09544008483563098,0.09544008483563098,0.19088016967126195,22.7
745601,24/25,1.FC Nuremberg,2. Bundesliga,27.0,1.0,2.0,1415.0,Rafael Lubach (745601),2005-01-11,Germany,Midfield - Central Midfield,Midfield,right,178.0,1.FC Nuremberg,4,1500000.0,2025-06-18,0.0636042402826855,0.127208480565371,0.1908127208480565,21.6
1057276,24/25,SSD Imperia 1923,Serie D - A,35.0,2.0,1.0,1417.0,Vincenzo Fabio De Simone (1057276),2006-03-13,Italy,Defender - Left-Back,Defender,right,184.0,Acerrana 1926,56819,100000.0,2025-05-14,0.12702893436838392,0.06351446718419196,0.19054340155257588,20.4
923758,24/25,Toulouse FC B,National 3 - Grp. A,22.0,1.0,3.0,1892.0,Ylies Aradj (923758),2005-06-05,France  Algeria,Defender - Left-Back,Defender,left,179.0,Stade Lavallois,1080,0.0,2024-06-02,0.04756871035940804,0.1427061310782241,0.19027484143763215,21.2
924778,24/25,FC Ingolstadt 04 II,Bayernliga Nord,13.0,1.0,1.0,951.0,Emre Gül (924778),2005-01-09,Türkiye  Germany,Midfield - Defensive Midfield,Midfield,both,177.0,FC Ingolstadt 04,4795,125000.0,2025-06-10,0.0946372239747634,0.0946372239747634,0.1892744479495268,21.6
1173605,24/25,FC Sochaux-Montbéliard U19,National U19 - Grp. B,22.0,2.0,0.0,951.0,Bryan Leal Moreira (1173605),2006-06-14,France  Cape Verde,Midfield - Defensive Midfield,Midfield,right,181.0,FC Sochaux-Montbéliard B,10825,,,0.1892744479495268,0.0,0.1892744479495268,20.2
1170802,24/25,Inter Under 18,Under 18,22.0,2.0,0.0,952.0,Lamine Ballo (1170802),2007-05-10,Italy  Cote d'Ivoire,Defender - Right-Back,Defender,right,0.0,Inter Milan Primavera,5380,,,0.18907563025210083,0.0,0.18907563025210083,19.3
1019167,24/25,Newcastle United U21,Premier League 2,12.0,1.0,1.0,953.0,Anthony Munda (1019167),2006-09-08,England  DR Congo,Midfield - Central Midfield,Midfield,,0.0,Newcastle United U21,9253,,,0.0944386149003148,0.0944386149003148,0.1888772298006296,19.9
867042,24/25,Botev Vratsa,efbet Liga,20.0,1.0,1.0,955.0,Antoan Stoyanov (867042),2005-01-17,Bulgaria,Midfield - Central Midfield,Midfield,right,184.0,Botev Vratsa,26462,250000.0,2025-06-01,0.0942408376963351,0.0942408376963351,0.1884816753926702,21.6
815532,24/25,AC Carpi,Serie C-B,13.0,1.0,1.0,956.0,Mattia Rigo (815532),2004-10-16,Italy,Defender - Left-Back,Defender,left,170.0,AC Carpi,4102,150000.0,2025-06-18,0.09414225941422594,0.09414225941422594,0.18828451882845187,21.8
1031810,2025,Toronto FC II,MLS Next Pro,21.0,2.0,0.0,958.0,Marko Stojadinovic (1031810),2004-05-03,Canada  Serbia,Defender - Right-Back,Defender,both,182.0,Toronto FC II,46823,,,0.1878914405010438,0.0,0.1878914405010438,22.3
914006,24/25,Benevento Primavera,Primavera 2 - B,22.0,2.0,0.0,959.0,Vincenzo Avolio (914006),2005-04-21,Italy,Defender - Centre-Back,Defender,,189.0,Termoli Calcio 1920,31872,100000.0,2025-06-18,0.18769551616266944,0.0,0.18769551616266944,21.3
936222,24/25,SPAL Primavera,Primavera 2 - A,13.0,1.0,1.0,959.0,Alessio Marrale (936222),2005-04-11,Italy,Midfield - Defensive Midfield,Midfield,left,0.0,Sora Calcio 1907,4544,100000.0,2025-05-14,0.09384775808133472,0.09384775808133472,0.18769551616266944,21.4
976198,24/25,Real Monterotondo,Serie D - G,30.0,2.0,0.0,959.0,Alessandro Ceccarelli (976198),2006-02-18,Italy,Defender - Right-Back,Defender,right,0.0,Ancona Calcio,1388,125000.0,2025-05-14,0.18769551616266944,0.0,0.18769551616266944,20.5
1054169,24/25,Fiorentina Primavera,Primavera 1,34.0,1.0,4.0,2407.0,Giulio Scuderi (1054169),2005-12-09,Italy,Defender - Left-Back,Defender,left,184.0,Alcione Milano,52687,75000.0,2025-06-26,0.03739094308267553,0.14956377233070212,0.18695471541337766,20.7
927907,24/25,Cosenza Primavera,Primavera 2 - B,22.0,2.0,0.0,964.0,Jean Paul Touadi (927907),2005-09-15,Italy  Congo,Defender - Centre-Back,Defender,right,194.0,Cosenza Primavera,26337,100000.0,2025-05-27,0.18672199170124482,0.0,0.18672199170124482,20.9
1385069,2025,Minnesota United FC 2,MLS Next Pro,19.0,1.0,1.0,964.0,Muba Nour (1385069),2004-04-07,United States  Somalia,Attack,Attack,,0.0,Minnesota United FC 2,95337,,,0.09336099585062241,0.09336099585062241,0.18672199170124482,22.4
1119839,24/25,Stade Rennais FC B,National 3 - Grp. C,22.0,2.0,0.0,968.0,Jonathan Do Marcolino (1119839),2006-05-10,France  Gabon,Defender - Left-Back,Defender,right,0.0,Football Bourg-en-Bresse Péronnas 01,2972,,,0.1859504132231405,0.0,0.1859504132231405,20.3
1083759,24/25,Fulham FC U18,U18 Premier League,12.0,1.0,1.0,970.0,Jayden Quashie (1083759),2006-09-11,Grenada  England,Midfield - Central Midfield,Midfield,,0.0,Fulham FC U21,9262,,,0.09278350515463918,0.09278350515463918,0.18556701030927836,19.9
816757,24/25,Union Clodiense Chioggia,Serie C-A,31.0,1.0,4.0,2444.0,Alberto Lattanzio (816757),2004-03-22,Italy,Defender - Right-Back,Defender,right,172.0,SEF Torres 1903,2253,150000.0,2025-06-18,0.036824877250409165,0.14729950900163666,0.18412438625204583,22.4
883152,24/25,Sutton United,National League,35.0,2.0,1.0,1467.0,Finley Barbrook (883152),2004-12-04,England,Midfield - Defensive Midfield,Midfield,right,0.0,Lincoln City,1198,,,0.12269938650306748,0.06134969325153374,0.18404907975460122,21.7
709962,24/25,AC Nardò,Serie D - H,30.0,1.0,3.0,1957.0,Pol Muñoz (709962),2004-02-09,Spain,Defender - Right-Back,Defender,right,175.0,AFC Chindia Targoviste,12680,100000.0,2025-05-14,0.045988758303525806,0.13796627491057742,0.18395503321410323,22.5
732117,24/25,Burton Albion,League One,26.0,1.0,2.0,1468.0,Dylan Williams (732117),2003-09-13,England,Defender - Left-Back,Defender,left,177.0,Burton Albion,2963,300000.0,2025-06-17,0.061307901907356945,0.12261580381471389,0.18392370572207084,22.9
934769,24/25,FC Pistoiese,Serie D - D,18.0,1.0,1.0,981.0,Mateo Stickler (934769),2005-10-12,Peru  Austria,Attack - Right Winger,Attack,right,180.0,San Marino Calcio,92250,125000.0,2025-05-14,0.09174311926605505,0.09174311926605505,0.1834862385321101,20.9
937721,24/25,Sporting CP U23,Liga Revelação,14.0,1.0,1.0,986.0,Rayhan Momade (937721),2006-01-05,Portugal,Defender - Left-Back,Defender,left,181.0,Sporting CP U23,67909,,,0.09127789046653144,0.09127789046653144,0.18255578093306288,20.6
670861,24/25,Wigan Athletic,League One,12.0,1.0,1.0,987.0,Luke Chambers (670861),2004-06-24,England,Defender - Centre-Back,Defender,left,181.0,Liverpool FC U21,9252,1500000.0,2025-06-17,0.09118541033434652,0.09118541033434652,0.18237082066869303,22.2
1049965,24/25,FC Sion,Super League,24.0,2.0,0.0,988.0,Gora Diouf (1049965),2003-09-20,Senegal,Defender - Centre-Back,Defender,left,185.0,KV Mechelen,354,4000000.0,2025-06-09,0.18218623481781376,0.0,0.18218623481781376,22.9
1187720,24/25,AlbinoLeffe Primavera,Primavera 2 - A,19.0,1.0,2.0,1486.0,Filippo Delcarro (1187720),2007-09-16,Italy,Midfield - Central Midfield,Midfield,,0.0,AlbinoLeffe Primavera,14861,,,0.06056527590847914,0.12113055181695828,0.1816958277254374,18.9
1044516,24/25,Wolverhampton Wanderers U21,Premier League 2,13.0,1.0,1.0,992.0,Ethan Sutherland (1044516),2006-04-25,Scotland  Zimbabwe,Midfield - Left Midfield,Midfield,left,189.0,Wolverhampton Wanderers U21,24226,,,0.0907258064516129,0.0907258064516129,0.1814516129032258,20.3
741501,2025,Chicago Fire FC,MLS,17.0,1.0,1.0,993.0,Leonardo Barroso (741501),2005-06-12,Portugal,Defender - Right-Back,Defender,both,170.0,Chicago Fire FC,432,1000000.0,2025-06-04,0.09063444108761329,0.09063444108761329,0.18126888217522658,21.2
848494,24/25,FC Utrecht U21,Keuken Kampioen Divisie,19.0,1.0,1.0,996.0,Jesper van Riel (848494),2004-09-22,Netherlands,Defender - Left-Back,Defender,left,184.0,FC Utrecht U21,17596,150000.0,2025-06-08,0.09036144578313252,0.09036144578313252,0.18072289156626503,21.9
891813,24/25,Cagliari Primavera,Primavera 1,13.0,1.0,1.0,996.0,Matteo Langella (891813),2005-02-07,Italy,Defender - Left-Back,Defender,left,0.0,Virtus Entella Giovanili,45873,75000.0,2025-06-26,0.09036144578313252,0.09036144578313252,0.18072289156626503,21.5
1229092,24/25,Virtus Entella Primavera,Primavera 2 - A,24.0,2.0,0.0,996.0,Andrea Bottaro (1229092),2007-04-07,Italy,Defender - Centre-Back,Defender,,0.0,Virtus Entella,20519,,,0.18072289156626503,0.0,0.18072289156626503,19.4
1022997,24/25,FC Zbrojovka Brno,ChNL,26.0,1.0,2.0,1495.0,Lucas Kubr (1022997),2004-02-25,Czech Republic  Belgium,Defender - Left-Back,Defender,left,179.0,FC Hradec Kralove,1897,200000.0,2025-06-16,0.060200668896321065,0.12040133779264213,0.1806020066889632,22.5
1200856,24/25,Kolos Kovalivka U19,U19 Premier Liga,28.0,1.0,4.0,2495.0,Andriy Boyko (1200856),2005-04-11,Ukraine,Defender - Right-Back,Defender,,178.0,Kolos-2 Kovalivka,120839,,,0.036072144288577156,0.14428857715430862,0.18036072144288579,21.4
930046,24/25,KFC Uerdingen 05,Regionalliga West,22.0,1.0,2.0,1497.0,Adam Tolba (930046),2005-05-30,Egypt  Germany,Attack - Left Winger,Attack,left,180.0,KFC Uerdingen 05,95,0.0,2025-08-14,0.06012024048096193,0.12024048096192386,0.18036072144288579,21.2
961050,24/25,RSCA Futures,CPL,26.0,2.0,0.0,998.0,Ismaël Baouf (961050),2006-09-17,Morocco  Belgium,Defender - Centre-Back,Defender,right,0.0,SC Cambuur Leeuwarden,133,500000.0,2025-04-23,0.18036072144288576,0.0,0.18036072144288576,19.9
1138818,24/25,SO Romorantin,National 3 - Grp. F,22.0,1.0,1.0,998.0,Timéo Pepion (1138818),2005-05-08,France,Attack - Centre-Forward,Attack,,0.0,Les Genêts d'Anglet,17665,,,0.09018036072144288,0.09018036072144288,0.18036072144288576,21.3
1209480,24/25,Reggina 1914,Serie D - I,24.0,1.0,2.0,1499.0,Gianfranco Giuliodori (1209480),2004-06-11,Argentina  Italy,Defender - Right-Back,Defender,right,0.0,Audace Cerignola,22249,125000.0,2025-05-14,0.0600400266844563,0.1200800533689126,0.1801200800533689,22.2
671548,24/25,Górnik Zabrze,Ekstraklasa,28.0,1.0,1.0,1001.0,Lukas Ambros (671548),2004-06-05,Czech Republic,Midfield - Attacking Midfield,Midfield,left,182.0,Górnik Zabrze,428,550000.0,2025-06-05,0.0899100899100899,0.0899100899100899,0.1798201798201798,22.2
819549,24/25,KAS Eupen U23,2de Nationale ACFF,26.0,2.0,0.0,1001.0,David Widlarz (819549),2005-03-03,Poland  Germany,Attack - Right Winger,Attack,both,0.0,KAS Eupen,1245,100000.0,2025-04-23,0.1798201798201798,0.0,0.1798201798201798,21.5
1223926,24/25,Cagliari Under 17,Under 17 - B,25.0,2.0,0.0,1002.0,Gabriele Correnti (1223926),2008-09-09,Italy,Midfield - Central Midfield,Midfield,,0.0,Cagliari Primavera,11676,,,0.17964071856287422,0.0,0.17964071856287422,17.9
1002038,2025,FK Haugesund,Eliteserien,18.0,1.0,1.0,1004.0,Sander Håvik Innvær (1002038),2004-10-11,Norway,Attack - Left Winger,Attack,right,180.0,Tromsø IL,1293,350000.0,2025-09-07,0.08964143426294821,0.08964143426294821,0.17928286852589642,21.9
1070591,24/25,Olympique Marseille U19,National U19 - Grp. D,23.0,2.0,0.0,1006.0,Hilan Hamzaoui Slimani (1070591),2006-02-15,France  Algeria,Defender - Centre-Back,Defender,right,187.0,Olympique de Marseille B,8524,,,0.17892644135188865,0.0,0.17892644135188865,20.5
1292281,2025,New England Revolution II,MLS Next Pro,15.0,1.0,1.0,1008.0,Javaun Mussenden (1292281),2007-09-05,United States,Midfield - Central Midfield,Midfield,,0.0,New England Revolution Academy,30842,,,0.08928571428571427,0.08928571428571427,0.17857142857142855,19.0
719670,24/25,Admira Wacker,2. Liga,22.0,1.0,2.0,1519.0,Matthew Anderson (719670),2004-01-25,Scotland,Defender - Left-Back,Defender,left,176.0,KV Kortrijk,601,350000.0,2025-05-29,0.05924950625411455,0.1184990125082291,0.17774851876234365,22.6
962125,24/25,Roma U20,Primavera 1,13.0,1.0,1.0,1014.0,Buba Sangaré (962125),2007-08-06,Spain  Mali,Defender - Right-Back,Defender,right,183.0,AS Roma,12,1000000.0,2025-06-16,0.08875739644970415,0.08875739644970415,0.1775147928994083,19.0
843595,24/25,Manchester City U21,Premier League 2,17.0,1.0,2.0,1523.0,Max Alleyne (843595),2005-07-21,England  Barbados,Defender - Centre-Back,Defender,both,185.0,Watford FC,1010,500000.0,2025-05-29,0.05909389363099146,0.11818778726198292,0.17728168089297439,21.1
883055,24/25,AC Milan Primavera,Primavera 1,24.0,2.0,0.0,1016.0,Matteo Duțu (883055),2005-11-23,Romania  Italy,Defender - Centre-Back,Defender,right,192.0,Milan Futuro,41107,175000.0,2025-06-26,0.17716535433070865,0.0,0.17716535433070865,20.7
650568,24/25,SL Benfica,Liga Portugal,23.0,1.0,3.0,2036.0,António Silva (650568),2003-10-30,Portugal,Defender - Centre-Back,Defender,right,187.0,SL Benfica,294,32000000.0,2025-05-29,0.04420432220039292,0.13261296660117877,0.1768172888015717,22.8
1088076,24/25,Manchester United U18,U18 Premier League,13.0,1.0,1.0,1019.0,Reece Munro (1088076),2006-12-16,England  Grenada,Defender - Centre-Back,Defender,,0.0,Manchester United U21,9251,,,0.08832188420019627,0.08832188420019627,0.17664376840039253,19.7
1108471,24/25,Chelsea FC U18,U18 Premier League,12.0,1.0,1.0,1019.0,Landon Emenalo (1108471),2008-01-18,England  United States,Midfield - Defensive Midfield,Midfield,left,180.0,Chelsea FC U21,9250,,,0.08832188420019627,0.08832188420019627,0.17664376840039253,18.6
749942,24/25,Arminia Bielefeld,3. Liga,23.0,1.0,1.0,1020.0,Felix Hagmann (749942),2004-01-29,Germany,Defender - Right-Back,Defender,right,177.0,Arminia Bielefeld,10,350000.0,2025-06-10,0.08823529411764705,0.08823529411764705,0.1764705882352941,22.6
940095,24/25,FC Volendam,Keuken Kampioen Divisie,26.0,1.0,1.0,1020.0,Nordin Bukala (940095),2005-09-18,Netherlands  Morocco,Midfield - Central Midfield,Midfield,,184.0,FC Volendam,724,275000.0,2025-06-08,0.08823529411764705,0.08823529411764705,0.1764705882352941,20.9
940858,24/25,Newcastle United U21,Premier League 2,13.0,1.0,1.0,1020.0,Leo Shahar (940858),2007-03-18,England,Defender - Right-Back,Defender,right,0.0,Newcastle United U21,9253,,,0.08823529411764705,0.08823529411764705,0.1764705882352941,19.4
741545,24/25,Atalanta Primavera,Primavera 1,30.0,2.0,0.0,1021.0,Daniel Armstrong (741545),2005-03-24,Finland  England,Midfield - Central Midfield,Midfield,left,187.0,Atalanta U23,41110,100000.0,2025-06-26,0.1762977473065622,0.0,0.1762977473065622,21.4
973665,24/25,FC Pistoiese,Serie D - D,28.0,1.0,1.0,1022.0,Andrea Grilli (973665),2004-04-17,Italy,Midfield - Defensive Midfield,Midfield,right,0.0,Camaiore Calcio,31914,50000.0,2025-05-14,0.08806262230919765,0.08806262230919765,0.1761252446183953,22.3
1157429,24/25,Académico de Viseu Sub-23,Revelação U23 - Qualif. round,13.0,1.0,1.0,1023.0,Gu Costa (1157429),2005-09-15,Portugal,Defender - Left-Back,Defender,left,180.0,Académico de Viseu Sub-23,110988,,,0.08797653958944282,0.08797653958944282,0.17595307917888564,20.9
1105078,2025,Los Angeles FC 2,MLS Next Pro,20.0,1.0,2.0,1540.0,Érick Díaz (1105078),2006-03-04,Panama,Defender - Centre-Back,Defender,left,183.0,Los Angeles FC 2,102400,100000.0,2024-12-02,0.05844155844155844,0.11688311688311688,0.17532467532467533,20.5
834444,2025,Sport Club Internacional,Campeonato Gaúcho,12.0,1.0,1.0,1027.0,Victor Gabriel (834444),2004-04-28,Brazil,Defender - Centre-Back,Defender,left,185.0,Sport Club Internacional,6600,5000000.0,2025-06-05,0.08763388510223953,0.08763388510223953,0.17526777020447906,22.3
646707,24/25,AZ Alkmaar,Eredivisie,26.0,1.0,3.0,2056.0,Wouter Goes (646707),2004-06-10,Netherlands,Defender - Centre-Back,Defender,right,185.0,AZ Alkmaar,1090,10000000.0,2025-05-27,0.04377431906614786,0.13132295719844359,0.17509727626459143,22.2
941853,24/25,Real Madrid Castilla,Primera Federación - Gr. II,29.0,2.0,0.0,1028.0,Kike Ribes (941853),2004-01-16,Spain,Defender - Centre-Back,Defender,,185.0,RC Celta Fortuna,8733,200000.0,2025-06-24,0.17509727626459143,0.0,0.17509727626459143,22.6
1056746,24/25,Torino Under 18,Under 18,20.0,1.0,1.0,1031.0,Wisdom Acquah (1056746),2007-02-07,Italy  Ghana,Midfield - Defensive Midfield,Midfield,left,0.0,Torino Primavera,12130,,,0.08729388942774007,0.08729388942774007,0.17458777885548013,19.5
1233280,24/25,Kasimpasa U19,U19 Süper Lig,24.0,2.0,0.0,1031.0,Berkay Muratoğlu (1233280),2008-01-02,Türkiye,Defender - Right-Back,Defender,right,183.0,Kasimpasa,10484,75000.0,2025-06-17,0.17458777885548013,0.0,0.17458777885548013,18.6
1299898,24/25,Bergerac Périgord FC,National 2 - Grp. A,22.0,1.0,1.0,1033.0,Antton Mouledous (1299898),2007-04-26,France,Midfield - Central Midfield,Midfield,right,0.0,FC Lorient B,16662,,,0.08712487899322362,0.08712487899322362,0.17424975798644723,19.3
1046447,24/25,Perugia Primavera,Primavera 2 - B,25.0,2.0,0.0,1034.0,Matteo Giorgetti (1046447),2006-04-08,Italy,Midfield - Central Midfield,Midfield,,0.0,Perugia Primavera,14926,50000.0,2025-05-27,0.17408123791102514,0.0,0.17408123791102514,20.4
1188670,24/25,Cosenza Under 17,Under 17 - C,23.0,2.0,0.0,1035.0,Andrea Curatelo (1188670),2008-06-05,Italy,Defender - Centre-Back,Defender,right,0.0,Genoa Under 18,76092,,,0.17391304347826086,0.0,0.17391304347826086,18.2
932737,24/25,Cesena Primavera,Primavera 1,25.0,2.0,0.0,1036.0,Enea Pitti (932737),2005-03-19,Italy,Defender - Left-Back,Defender,left,187.0,AC Carpi,4102,50000.0,2025-06-01,0.17374517374517376,0.0,0.17374517374517376,21.4
1017914,24/25,Fulham FC U21,Premier League 2,14.0,1.0,1.0,1036.0,Jonathan Esenga (1017914),2007-02-09,England,Defender - Left-Back,Defender,left,178.0,Fulham FC U21,9262,,,0.08687258687258688,0.08687258687258688,0.17374517374517376,19.5
1058988,24/25,SC Ligorna 1922,Serie D - A,25.0,1.0,2.0,1555.0,Daniel Ghinassi (1058988),2006-01-11,Italy,Midfield - Left Midfield,Midfield,left,0.0,Caldiero Terme,46293,100000.0,2025-05-14,0.057877813504823156,0.11575562700964631,0.17363344051446947,20.6
945753,24/25,Atlético Madrileño,Primera Federación - Gr. II,32.0,2.0,0.0,1040.0,Julio Díaz (945753),2005-01-10,Spain,Defender - Left-Back,Defender,left,174.0,Atlético Madrileño,3679,400000.0,2025-06-24,0.17307692307692307,0.0,0.17307692307692307,21.6
910582,24/25,Hamburger SV II,Regionalliga Nord,30.0,1.0,3.0,2082.0,Omar Megeed (910582),2005-08-19,Egypt  Germany,Midfield - Attacking Midfield,Midfield,right,193.0,Hamburger SV II,389,200000.0,2025-06-23,0.043227665706051875,0.12968299711815562,0.1729106628242075,21.0
1300631,24/25,Inter Under 17,Under 17 - B,25.0,2.0,0.0,1043.0,Federico Pavan (1300631),2008-07-15,Italy,Defender - Centre-Back,Defender,right,185.0,Inter Under 18,75868,,,0.1725790987535954,0.0,0.1725790987535954,18.1
1040079,24/25,Cesena Primavera,Primavera 1,32.0,1.0,2.0,1567.0,Riccardo Domeniconi (1040079),2006-02-01,Italy,Defender - Left-Back,Defender,right,0.0,Cesena Primavera,20106,75000.0,2025-06-26,0.05743458838544991,0.11486917677089982,0.17230376515634974,20.5
998204,2025,Orlando City B,MLS Next Pro,23.0,2.0,0.0,1047.0,Tahir Reid-Brown (998204),2006-07-02,United States,Defender - Left-Back,Defender,left,188.0,Orlando City SC,45604,75000.0,2025-06-04,0.17191977077363896,0.0,0.17191977077363896,20.1
1137980,24/25,FC St. Pauli U19,U19 Nachwuchsliga - Gr. B,12.0,1.0,1.0,1047.0,Julien Yanda (1137980),2007-08-28,Germany,Defender - Left-Back,Defender,left,183.0,FC Bayern Munich II,28,250000.0,2025-06-23,0.08595988538681948,0.08595988538681948,0.17191977077363896,19.0
892101,24/25,Inter Milan Primavera,Primavera 1,25.0,1.0,3.0,2095.0,Mike Aidoo (892101),2005-05-30,Italy  Ghana,Defender - Right-Back,Defender,right,170.0,US Pergolettese 1932,4553,500000.0,2025-06-26,0.042959427207637235,0.1288782816229117,0.17183770883054894,21.2
790238,24/25,K Lierse SK,CPL,12.0,1.0,1.0,1048.0,Bo De Kerf (790238),2003-11-21,Belgium,Defender - Centre-Back,Defender,right,190.0,K Lierse SK,28107,250000.0,2025-04-23,0.08587786259541984,0.08587786259541984,0.17175572519083968,22.7
1043639,24/25,Derby County U21,Premier League 2,15.0,1.0,1.0,1050.0,Jack Perry (1043639),2006-03-04,England,Defender - Right-Back,Defender,,0.0,Derby County U21,39337,,,0.08571428571428572,0.08571428571428572,0.17142857142857143,20.5
1161421,24/25,Jong Genk,CPL,23.0,1.0,1.0,1050.0,Saif Eddien Lazar (1161421),2006-12-11,Belgium  Morocco,Attack - Left Winger,Attack,,181.0,Jong Genk,46736,250000.0,2025-04-23,0.08571428571428572,0.08571428571428572,0.17142857142857143,19.7
1123206,24/25,Sassuolo Under 18,Under 18,31.0,2.0,0.0,1051.0,Gabriele Papaserio (1123206),2007-02-20,Italy,Midfield - Central Midfield,Midfield,right,182.0,Gelbison,30326,,,0.1712654614652712,0.0,0.1712654614652712,19.5
880607,24/25,FC Twente Enschede U21,U21 Div. 1 Spring,14.0,1.0,1.0,1052.0,Jort Ribbers (880607),2005-01-16,Netherlands,Attack - Right Winger,Attack,left,0.0,FC Twente Enschede U21,18026,,,0.08555133079847908,0.08555133079847908,0.17110266159695817,21.6
986310,24/25,Toulouse FC B,National 3 - Grp. A,13.0,1.0,1.0,1052.0,Mathis Saka (986310),2006-09-20,France,Midfield - Attacking Midfield,Midfield,right,172.0,Rodez AF,11273,50000.0,2025-06-02,0.08555133079847908,0.08555133079847908,0.17110266159695817,19.9
994264,2025,The Town FC,MLS Next Pro,15.0,1.0,1.0,1052.0,Edwyn Mendoza (994264),2006-05-03,United States,Midfield - Defensive Midfield,Midfield,,178.0,The Town FC,95338,,,0.08555133079847908,0.08555133079847908,0.17110266159695817,20.3
1167631,24/25,CD Mafra U23,Liga Revelação,13.0,1.0,1.0,1052.0,Tiago Trindade (1167631),2006-02-27,Portugal,Midfield - Attacking Midfield,Midfield,right,181.0,CD Mafra,7056,,,0.08555133079847908,0.08555133079847908,0.17110266159695817,20.5
766723,24/25,Sevilla Atlético,Primera Federación - Gr. II,27.0,1.0,3.0,2105.0,Manu Bueno (766723),2004-07-27,Spain,Midfield - Central Midfield,Midfield,left,178.0,Sevilla Atlético,8519,1500000.0,2025-06-08,0.04275534441805225,0.12826603325415678,0.17102137767220904,22.1
1243014,24/25,Middlesbrough FC U18,U18 Premier League,18.0,1.0,2.0,1583.0,Anton Palmer (1243014),2008-11-27,England,Midfield,Midfield,,0.0,Middlesbrough FC U18,6924,,,0.05685407454200884,0.11370814908401768,0.17056222362602652,17.7
612749,24/25,West Bromwich Albion,Championship,15.0,1.0,1.0,1056.0,Isaac Price (612749),2003-09-26,Northern Ireland  England,Midfield - Central Midfield,Midfield,right,188.0,West Bromwich Albion,984,3000000.0,2025-05-26,0.08522727272727273,0.08522727272727273,0.17045454545454547,22.9
817363,2025,FC Rostov 2,2. Division B,12.0,1.0,1.0,1056.0,Evgeniy Tonevitskiy (817363),2004-02-03,Russia,Defender - Centre-Back,Defender,right,189.0,Chernomorets Novorossijsk,5287,,,0.08522727272727273,0.08522727272727273,0.17045454545454547,22.5
1062473,24/25,Trabzonspor U19,U19 Süper Lig,31.0,1.0,4.0,2642.0,Oğuzhan Yılmaz (1062473),2006-07-02,Türkiye,Defender - Right-Back,Defender,right,178.0,Sariyer,518,275000.0,2025-03-11,0.03406510219530658,0.13626040878122633,0.17032551097653292,20.1
902629,24/25,RWD Molenbeek,CPL,28.0,1.0,3.0,2118.0,Islamdine Halifa (902629),2004-12-20,France  Comoros,Midfield - Defensive Midfield,Midfield,right,0.0,Red Star FC,1154,750000.0,2025-04-23,0.042492917847025496,0.1274787535410765,0.16997167138810199,21.7
926131,24/25,Dagenham & Redbridge FC,National League,20.0,1.0,1.0,1059.0,Aaron Loupalo-Bi (926131),2005-11-07,England  France,Attack - Centre-Forward,Attack,right,185.0,Fulham FC U21,9262,,,0.08498583569405099,0.08498583569405099,0.16997167138810199,20.8
1255916,24/25,Cagliari Under 17,Under 17 - B,25.0,2.0,0.0,1059.0,,2008-06-11,Italy,Defender - Centre-Back,Defender,,0.0,Cagliari Under 18,91715,,,0.16997167138810199,0.0,0.16997167138810199,18.2
1047344,24/25,Queens Park Rangers,Championship,30.0,1.0,2.0,1593.0,Kieran Morgan (1047344),2006-03-17,England,Midfield - Central Midfield,Midfield,right,185.0,Queens Park Rangers,1039,800000.0,2025-05-26,0.056497175141242945,0.11299435028248589,0.16949152542372883,20.4
929019,24/25,Chievo Verona,Serie D - B,21.0,1.0,1.0,1062.0,Luigi Turano (929019),2004-02-17,Italy,Defender - Right-Back,Defender,right,176.0,Chievo Verona,862,50000.0,2025-05-14,0.0847457627118644,0.0847457627118644,0.1694915254237288,22.5
1013897,24/25,FT Schweinfurt,LL Bayern-N/W,27.0,2.0,0.0,1066.0,Julian Brückner (1013897),2004-09-24,Germany,Midfield - Defensive Midfield,Midfield,,0.0,DJK Don Bosco Bamberg,27193,,,0.16885553470919323,0.0,0.16885553470919323,21.9
1045892,24/25,CD Mafra U23,Liga Revelação,13.0,1.0,1.0,1066.0,Gonçalo Barros (1045892),2005-11-07,Portugal,Defender - Right-Back,Defender,right,183.0,CD Mafra,7056,,,0.08442776735459662,0.08442776735459662,0.16885553470919323,20.8
1061975,24/25,FC Famalicão,Liga Portugal,24.0,1.0,1.0,1069.0,Mathias de Amorim (1061975),2004-12-10,Portugal  France,Midfield - Central Midfield,Midfield,right,174.0,FC Famalicão,3329,1500000.0,2025-05-29,0.08419083255378859,0.08419083255378859,0.16838166510757718,21.7
935518,24/25,AC Milan Primavera,Primavera 1,28.0,2.0,0.0,1070.0,Dorian Paloschi (935518),2005-11-21,Italy,Defender - Centre-Back,Defender,right,192.0,Grasshopper Club Zurich,504,75000.0,2025-06-26,0.16822429906542058,0.0,0.16822429906542058,20.7
1104233,24/25,CD Trofense,Liga 3,17.0,1.0,1.0,1070.0,Semeu Commey (1104233),2004-05-12,Ghana,Defender - Centre-Back,Defender,right,190.0,CF Estrela Amadora,2431,300000.0,2025-05-29,0.08411214953271029,0.08411214953271029,0.16822429906542058,22.3
932742,24/25,US Poggibonsi,Serie D - E,28.0,1.0,2.0,1605.0,Carlo Mignani (932742),2005-07-31,Italy,Midfield - Central Midfield,Midfield,right,0.0,US Follonica Gavorrano,27568,50000.0,2025-05-14,0.056074766355140186,0.11214953271028037,0.16822429906542055,21.1
1303122,24/25,Roma Under 17,Under 17 - C,21.0,1.0,1.0,1076.0,Balagie Darboe (1303122),2008-01-09,The Gambia,Defender - Right-Back,Defender,right,0.0,Roma Under 18,76094,,,0.08364312267657992,0.08364312267657992,0.16728624535315983,18.6
655986,24/25,Everton FC U21,Premier League 2,12.0,1.0,1.0,1080.0,Reece Welch (655986),2003-09-19,England  Jamaica,Defender - Centre-Back,Defender,,0.0,Everton FC U21,9261,350000.0,2025-05-29,0.08333333333333334,0.08333333333333334,0.16666666666666669,22.9
1045959,24/25,SC Freiburg U19,U19 Nachwuchsliga - Liga B,12.0,1.0,1.0,1080.0,Marius Klein (1045959),2006-07-02,Germany,Defender - Centre-Back,Defender,,190.0,SC Freiburg II,245,50000.0,2025-09-04,0.08333333333333334,0.08333333333333334,0.16666666666666669,20.1
1078918,24/25,SL Benfica U23,Liga Revelação,12.0,1.0,1.0,1080.0,Gonçalo Oliveira (1078918),2006-07-04,Portugal,Defender - Centre-Back,Defender,left,183.0,SL Benfica,294,,,0.08333333333333334,0.08333333333333334,0.16666666666666669,20.1
822958,24/25,1.FC Nuremberg,2. Bundesliga,14.0,1.0,1.0,1081.0,Tim Drexler (822958),2005-03-06,Germany,Defender - Centre-Back,Defender,right,186.0,1.FC Nuremberg,4,3000000.0,2025-06-18,0.08325624421831637,0.08325624421831637,0.16651248843663274,21.5
692734,24/25,Hertha BSC,2. Bundesliga,21.0,1.0,2.0,1622.0,Linus Gechter (692734),2004-02-27,Germany,Defender - Centre-Back,Defender,right,191.0,Hertha BSC,44,2500000.0,2025-06-18,0.055487053020961775,0.11097410604192355,0.16646115906288533,22.5
1169044,24/25,Olympique d'Alès en Cévennes,National 3 - Grp. J,15.0,1.0,1.0,1082.0,Ali Mouandhu (1169044),2005-03-12,France  Comoros,Defender - Right-Back,Defender,right,176.0,Vannes OC,1377,,,0.08317929759704251,0.08317929759704251,0.16635859519408502,21.4
646740,24/25,FC Barcelona,LaLiga,26.0,1.0,1.0,1083.0,Gavi (646740),2004-08-05,Spain,Midfield - Central Midfield,Midfield,right,173.0,FC Barcelona,131,60000000.0,2025-06-08,0.08310249307479224,0.08310249307479224,0.16620498614958448,22.0
1050215,24/25,FC Porto B,Liga Portugal 2,24.0,1.0,1.0,1083.0,Gonçalo Sousa (1050215),2006-06-30,Portugal,Attack - Right Winger,Attack,right,186.0,FC Porto B,10331,1500000.0,2025-06-22,0.08310249307479224,0.08310249307479224,0.16620498614958448,20.1
1056750,24/25,Torino Under 18,Under 18,26.0,2.0,0.0,1085.0,Tommaso Gallo (1056750),2007-05-19,Italy,Defender - Centre-Back,Defender,right,0.0,Torino Primavera,12130,,,0.16589861751152074,0.0,0.16589861751152074,19.3
932740,24/25,Fiorentina Primavera,Primavera 1,32.0,1.0,4.0,2716.0,Jonas Harder (932740),2005-09-30,Italy  Germany,Midfield - Central Midfield,Midfield,right,178.0,Calcio Padova,3037,900000.0,2025-06-26,0.03313696612665685,0.1325478645066274,0.16568483063328424,20.9
671678,24/25,Club NXT,CPL,27.0,1.0,3.0,2174.0,Liam De Smet (671678),2004-04-12,Belgium,Midfield - Central Midfield,Midfield,right,0.0,KV Kortrijk,601,500000.0,2025-04-23,0.04139834406623735,0.12419503219871206,0.1655933762649494,22.4
1184841,24/25,Manchester United U18,U18 Premier League,14.0,1.0,1.0,1088.0,Godwill Kukonki (1184841),2008-02-06,England  DR Congo,Defender - Centre-Back,Defender,left,196.0,Manchester United U18,5242,,,0.08272058823529412,0.08272058823529412,0.16544117647058823,18.5
671732,24/25,FC Groningen U21,U21 Div. 1 Fall,14.0,1.0,1.0,1089.0,Djurre Laansma (671732),2004-02-28,Netherlands,Midfield - Central Midfield,Midfield,,0.0,Harkemase Boys,7408,,,0.08264462809917356,0.08264462809917356,0.1652892561983471,22.5
1149465,24/25,Pogon Szczecin II,Betclic 3 Liga - Group II,13.0,1.0,1.0,1090.0,Rafal Jakubowski (1149465),2007-01-27,Poland,Defender - Centre-Back,Defender,,0.0,Pogon Szczecin,324,,,0.08256880733944955,0.08256880733944955,0.1651376146788991,19.6
1187535,24/25,Fiorentina Under 18,Under 18,19.0,1.0,1.0,1090.0,Tommaso Masoni (1187535),2007-04-19,Italy,Defender - Left-Back,Defender,left,0.0,Fiorentina Primavera,8505,,,0.08256880733944955,0.08256880733944955,0.1651376146788991,19.3
748679,24/25,Lecce Primavera,Primavera 1,38.0,1.0,5.0,3273.0,Olaf Gorter (748679),2005-01-31,Netherlands,Midfield - Defensive Midfield,Midfield,right,181.0,Lecce Primavera,5618,200000.0,2025-06-26,0.027497708524289642,0.13748854262144822,0.16498625114573787,21.5
1232071,24/25,Beerschot VA U23,3de Nationale VV A,25.0,2.0,0.0,1091.0,Rayhan El Grafel (1232071),2007-07-31,Belgium,Midfield,Midfield,,0.0,Beerschot VA,41274,,,0.16498625114573787,0.0,0.16498625114573787,19.1
871837,24/25,Crawley Town,League One,33.0,2.0,0.0,1092.0,Bradley Ibrahim (871837),2004-10-21,England,Midfield - Defensive Midfield,Midfield,,185.0,Plymouth Argyle,2262,400000.0,2025-06-17,0.16483516483516483,0.0,0.16483516483516483,21.8
741289,24/25,Real Madrid Castilla,Primera Federación - Gr. II,35.0,1.0,4.0,2745.0,Youssef Enríquez (741289),2005-10-07,Morocco  Spain,Defender - Left-Back,Defender,left,170.0,Deportivo Alavés,1108,500000.0,2025-06-24,0.03278688524590164,0.13114754098360656,0.1639344262295082,20.9
961885,2025,Club Deportivo Maipú,Primera Nacional,13.0,1.0,1.0,1102.0,Juan De la Reta (961885),2005-05-02,Argentina,Defender,Defender,,0.0,Club Deportivo Maipú II,87623,0.0,2023-11-12,0.08166969147005444,0.08166969147005444,0.16333938294010888,21.3
1046130,24/25,SV Ried II,Regional League Central,25.0,2.0,0.0,1102.0,Nermin Mesic (1046130),2006-01-23,Germany  Bosnia-Herzegovina,Midfield - Central Midfield,Midfield,,0.0,SV Ried,266,,,0.16333938294010888,0.0,0.16333938294010888,20.6
1025798,24/25,Jong Essevee,2de Nat. VV A,26.0,2.0,0.0,1106.0,Arthur Harinck (1025798),2004-12-11,Belgium,Defender - Right-Back,Defender,right,0.0,SK Roeselare,64099,0.0,2024-12-19,0.162748643761302,0.0,0.162748643761302,21.7
896424,24/25,Hellas Verona Primavera,Primavera 1,27.0,2.0,0.0,1109.0,Samuel John Nwachukwu (896424),2005-11-04,Italy  Nigeria,Defender - Centre-Back,Defender,right,191.0,US Livorno 1915,1210,200000.0,2025-06-26,0.1623083859332732,0.0,0.1623083859332732,20.8
980081,24/25,AC Milan Primavera,Primavera 1,14.0,1.0,1.0,1110.0,Demirel Hodzic (980081),2005-03-08,Sweden  Bosnia-Herzegovina,Midfield - Central Midfield,Midfield,left,194.0,Milan Futuro,41107,100000.0,2025-06-18,0.08108108108108109,0.08108108108108109,0.16216216216216217,21.4
1153383,2025,Toronto FC II,MLS Next Pro,17.0,1.0,1.0,1113.0,Micah Chisholm (1153383),2004-11-19,Canada,Defender - Centre-Back,Defender,,0.0,Toronto FC II,46823,0.0,2024-09-24,0.08086253369272238,0.08086253369272238,0.16172506738544476,21.7
1298960,24/25,Brescia Under 17,Under 17 - B,26.0,1.0,2.0,1676.0,Leonardo Gaffurini (1298960),2008-04-05,Italy,Midfield - Attacking Midfield,Midfield,,0.0,Without Club,515,,,0.053699284009546544,0.10739856801909309,0.16109785202863963,18.4
1045570,24/25,FC Famalicão U23,Revelação U23 - Championship,14.0,1.0,1.0,1119.0,Hélder Silva (1045570),2004-12-09,Portugal,Attack - Right Winger,Attack,right,170.0,Brito SC,14080,,,0.08042895442359249,0.08042895442359249,0.16085790884718498,21.7
1182081,24/25,Lecce Under 18,Under 18,27.0,1.0,1.0,1120.0,Marco Arsena (1182081),2007-02-21,Italy,Defender - Centre-Back,Defender,,0.0,Lecce Under 18,100461,,,0.08035714285714285,0.08035714285714285,0.1607142857142857,19.5
1096184,24/25,Cagliari Under 18,Under 18,29.0,2.0,0.0,1122.0,Luca Pintus (1096184),2007-06-04,Italy,Defender - Centre-Back,Defender,,0.0,Cagliari Primavera,11676,,,0.16042780748663102,0.0,0.16042780748663102,19.2
1088892,24/25,Cagliari Primavera,Primavera 1,29.0,1.0,1.0,1123.0,Roberto Malfitano (1088892),2007-06-18,Italy,Midfield - Central Midfield,Midfield,,0.0,Cagliari Primavera,11676,,,0.08014247551202137,0.08014247551202137,0.16028495102404275,19.2
958975,24/25,Sporting CP U23,Revelação U23 - Championship,13.0,1.0,1.0,1126.0,Rafael Mota (958975),2007-02-07,Portugal,Defender - Centre-Back,Defender,left,190.0,Sporting CP U23,67909,,,0.07992895204262877,0.07992895204262877,0.15985790408525755,19.5
1040204,2025,Liverpool FC Montevideo,Liga AUF Apertura,14.0,1.0,1.0,1126.0,Nicolás Vallejo (1040204),2004-01-03,Argentina,Attack - Right Winger,Attack,right,170.0,Liverpool FC Montevideo,10663,900000.0,2025-06-09,0.07992895204262877,0.07992895204262877,0.15985790408525755,22.6
1047471,24/25,Derby County U21,Premier League 2,15.0,1.0,1.0,1128.0,Tristan Gill (1047471),2006-10-04,England,Defender - Left-Back,Defender,left,0.0,Derby County U21,39337,,,0.0797872340425532,0.0797872340425532,0.1595744680851064,19.9
637783,24/25,FC Porto B,Liga Portugal 2,20.0,1.0,1.0,1130.0,André Oliveira (637783),2005-10-01,Portugal,Midfield - Defensive Midfield,Midfield,right,186.0,FC Porto B,10331,800000.0,2025-06-22,0.07964601769911504,0.07964601769911504,0.1592920353982301,20.9
979858,24/25,Udinese Primavera,Primavera 1,33.0,2.0,0.0,1131.0,Manuel Conti (979858),2006-08-04,Italy,Midfield - Defensive Midfield,Midfield,right,0.0,Udinese Primavera,10959,175000.0,2025-06-26,0.15915119363395225,0.0,0.15915119363395225,20.0
1030194,24/25,Racing Club de France,National 3 - Grp. G,26.0,2.0,0.0,1131.0,Emmanuel Louisir (1030194),2006-04-27,France  Guadeloupe,Defender - Centre-Back,Defender,,184.0,Racing Club de France,3318,,,0.15915119363395225,0.0,0.15915119363395225,20.3
707229,24/25,Grand Ouest Association Lyonnaise FC,National 2 - Grp. A,28.0,2.0,0.0,1132.0,Carmel Mabanza (707229),2003-08-13,DR Congo  France,Midfield - Defensive Midfield,Midfield,right,187.0,Racing FC Union Luxembourg,13467,,,0.15901060070671377,0.0,0.15901060070671377,23.0
1065690,24/25,UC AlbinoLeffe,Serie C-A,29.0,1.0,1.0,1132.0,Mattia Agostinelli (1065690),2004-07-19,Italy,Midfield - Defensive Midfield,Midfield,,185.0,UC AlbinoLeffe,4541,175000.0,2025-06-18,0.07950530035335689,0.07950530035335689,0.15901060070671377,22.1
998365,2025,Austin FC II,MLS Next Pro,22.0,1.0,1.0,1134.0,Diego Abarca (998365),2005-06-19,United States  Chile,Midfield - Central Midfield,Midfield,left,168.0,Austin FC II,104630,0.0,2025-05-27,0.07936507936507936,0.07936507936507936,0.15873015873015872,21.2
817127,24/25,Paternò Calcio,Serie D - I,27.0,1.0,2.0,1702.0,Angelo Panarello (817127),2003-08-08,Italy,Defender - Centre-Back,Defender,right,187.0,AVC Vogherese,22266,75000.0,2025-05-14,0.052878965922444184,0.10575793184488837,0.15863689776733256,23.0
957531,24/25,Hannover 96 II,3. Liga,34.0,1.0,4.0,2839.0,Hayate Matsuda (957531),2003-10-02,Japan,Midfield - Right Midfield,Midfield,left,173.0,Hannover 96,42,250000.0,2025-06-10,0.03170130327580134,0.12680521310320536,0.1585065163790067,22.9
981179,2025,FC Ozgon,Kyrgyz Premier League,17.0,1.0,1.0,1136.0,César Benavides (981179),2004-05-01,Colombia,Defender - Centre-Back,Defender,,187.0,FC Ozgon,126682,75000.0,2025-06-19,0.07922535211267606,0.07922535211267606,0.15845070422535212,22.3
1216187,24/25,AlbinoLeffe Primavera,Primavera 2 - A,19.0,1.0,1.0,1136.0,Lorenzo Farina (1216187),2007-06-02,Italy,Midfield - Attacking Midfield,Midfield,,0.0,AlbinoLeffe Primavera,14861,,,0.07922535211267606,0.07922535211267606,0.15845070422535212,19.2
1136279,24/25,Milan Under 17,Under 17 - B,21.0,1.0,2.0,1717.0,Valeri Vladimirov (1136279),2008-06-05,Bulgaria,Defender - Centre-Back,Defender,right,190.0,Milan Futuro,41107,,,0.052417006406523005,0.10483401281304601,0.15725101921956902,18.2
1047043,24/25,Blau-Weiß Lohne,Regionalliga Nord,27.0,1.0,1.0,1145.0,Tjark Reinert (1047043),2003-08-30,Germany,Attack - Right Winger,Attack,right,178.0,Blau-Weiß Lohne,4883,25000.0,2025-06-23,0.07860262008733625,0.07860262008733625,0.1572052401746725,23.0
1174593,24/25,SC Bastia B,National 3 - Grp. D,26.0,2.0,0.0,1148.0,Donovan Basset (1174593),2004-01-05,France,Defender - Centre-Back,Defender,left,0.0,SC Bastia,595,,,0.156794425087108,0.0,0.156794425087108,22.6
1254123,24/25,Arsenal FC U18,U18 Premier League,18.0,1.0,1.0,1149.0,Josh Ogunnaike (1254123),2008-04-04,England,Defender - Left-Back,Defender,,0.0,Arsenal FC U18,5679,,,0.0783289817232376,0.0783289817232376,0.1566579634464752,18.4
883168,2025,North Texas SC,MLS Next Pro,14.0,1.0,1.0,1151.0,Aaron Essel (883168),2005-07-30,Ghana,Midfield - Defensive Midfield,Midfield,right,179.0,North Texas SC,71021,250000.0,2024-12-02,0.07819287576020852,0.07819287576020852,0.15638575152041703,21.1
1097604,24/25,Beerschot VA U23,3de Nationale VV A,26.0,2.0,0.0,1153.0,Xander Joosen (1097604),2006-06-10,Belgium,Midfield - Defensive Midfield,Midfield,right,185.0,Beerschot VA,41274,,,0.15611448395490027,0.0,0.15611448395490027,20.2
1064464,24/25,Zaglebie Lubin II,Betclic 2 Liga,21.0,1.0,2.0,1731.0,Mateusz Dziewiatowski (1064464),2007-06-28,Poland,Midfield - Defensive Midfield,Midfield,left,187.0,Zaglebie Lubin,168,400000.0,2025-06-05,0.05199306759098787,0.10398613518197573,0.1559792027729636,19.1
982403,24/25,SC Bastia,Ligue 2,29.0,1.0,3.0,2326.0,Zakaria Ariss (982403),2004-06-17,Morocco  France,Defender - Left-Back,Defender,left,178.0,SC Bastia,595,2000000.0,2025-06-01,0.03869303525365434,0.11607910576096303,0.15477214101461736,22.2
878164,24/25,Kolding IF,NordicBet LIGA,21.0,1.0,1.0,1163.0,Villads Westh (878164),2004-04-25,Denmark,Midfield - Central Midfield,Midfield,left,0.0,Silkeborg IF,1177,450000.0,2025-06-15,0.07738607050730868,0.07738607050730868,0.15477214101461736,22.3
908951,24/25,Hannover 96 II,3. Liga,24.0,1.0,1.0,1163.0,Noah Engelbreth (908951),2005-06-12,Germany,Midfield - Defensive Midfield,Midfield,,0.0,Hannover 96 II,1065,200000.0,2025-06-10,0.07738607050730868,0.07738607050730868,0.15477214101461736,21.2
790320,2025,Charlotte Independence,USL1,23.0,1.0,2.0,1745.0,Rafael Jauregui (790320),2004-12-20,United States,Attack - Left Winger,Attack,,178.0,Charlotte Independence,46717,200000.0,2025-05-07,0.051575931232091685,0.10315186246418337,0.15472779369627504,21.7
685651,24/25,CD Mafra,Liga Portugal 2,15.0,1.0,1.0,1164.0,Pontus Texel (685651),2004-02-27,Denmark,Defender - Right-Back,Defender,right,182.0,Kolding IF,12275,300000.0,2025-06-23,0.07731958762886598,0.07731958762886598,0.15463917525773196,22.5
960655,24/25,Olympique de Marseille B,National 3 - Grp. J,15.0,1.0,1.0,1165.0,Raimane Daou (960655),2004-11-20,Comoros  France,Midfield - Defensive Midfield,Midfield,right,182.0,SC Aubagne Air Bel,42609,100000.0,2025-06-02,0.07725321888412016,0.07725321888412016,0.15450643776824033,21.7
883411,2025,CSD Tristan Suarez,Primera Nacional,25.0,1.0,2.0,1749.0,Lautaro Villegas (883411),2003-12-30,Argentina,Midfield - Central Midfield,Midfield,,178.0,CSD Tristan Suarez,1771,75000.0,2025-05-21,0.051457975986277875,0.10291595197255575,0.15437392795883362,22.6
583054,24/25,FC Winterthur,Super League,26.0,2.0,0.0,1170.0,Loïc Lüthi (583054),2003-09-30,Switzerland,Defender - Centre-Back,Defender,right,189.0,FC Winterthur,242,1000000.0,2025-06-09,0.15384615384615385,0.0,0.15384615384615385,22.9
698548,24/25,FK TSC Backa Topola,Super liga Srbije,25.0,1.0,1.0,1171.0,Marko Lazetić (698548),2004-01-22,Serbia,Attack - Centre-Forward,Attack,right,192.0,Aberdeen FC,370,800000.0,2025-06-11,0.07685738684884715,0.07685738684884715,0.1537147736976943,22.6
1299491,24/25,Eastbourne Borough,National League South,25.0,1.0,2.0,1764.0,Brayden Johnson (1299491),2006-07-13,England  Ghana,Midfield - Central Midfield,Midfield,right,0.0,Middlesbrough FC U21,9256,,,0.05102040816326531,0.10204081632653061,0.15306122448979592,20.1
951695,24/25,24 Erzincanspor,2.Lig Beyaz,14.0,1.0,1.0,1181.0,Eren Emre Aydın (951695),2004-08-20,Türkiye,Midfield - Central Midfield,Midfield,right,188.0,12 Bingöl Spor,45238,125000.0,2025-06-19,0.07620660457239627,0.07620660457239627,0.15241320914479253,22.0
1069159,24/25,Milan Under 18,Under 18,27.0,1.0,3.0,2370.0,Mattia Cappelletti (1069159),2007-06-10,Italy,Defender - Right-Back,Defender,right,0.0,AC Milan Primavera,10958,,,0.0379746835443038,0.11392405063291139,0.1518987341772152,19.2
939297,24/25,Terracina 1925,Serie D - G,33.0,2.0,0.0,1186.0,Giuseppe Pecchia (939297),2004-08-21,Italy,Midfield - Central Midfield,Midfield,,0.0,Sora Calcio 1907,4544,100000.0,2025-05-14,0.15177065767284992,0.0,0.15177065767284992,22.0
1016552,24/25,Reading FC U21,Premier League 2,17.0,1.0,1.0,1187.0,Joe Barough (1016552),2006-04-03,England,Midfield - Attacking Midfield,Midfield,right,170.0,Reading FC U21,36123,,,0.07582139848357203,0.07582139848357203,0.15164279696714406,20.4
1024557,24/25,TSV Rain/Lech,Bayernliga Süd,28.0,2.0,0.0,1191.0,Leo Haas (1024557),2004-08-27,Germany,Midfield - Central Midfield,Midfield,right,177.0,FC Ingolstadt 04 II,7681,0.0,2024-08-14,0.15113350125944583,0.0,0.15113350125944583,22.0
1116267,24/25,Eintracht Frankfurt U19,U19 Nachwuchsliga - Gr. D,14.0,1.0,1.0,1194.0,Kristian Mandic (1116267),2007-10-02,Croatia  Germany,Defender - Centre-Back,Defender,left,186.0,1.FC Nuremberg,4,250000.0,2025-09-04,0.07537688442211056,0.07537688442211056,0.15075376884422112,18.9
723487,24/25,KAA Gent,Jupiler Pro League,28.0,1.0,3.0,2397.0,Mathias Delorge (723487),2004-07-31,Belgium,Midfield - Central Midfield,Midfield,left,189.0,KAA Gent,157,9000000.0,2025-06-11,0.03754693366708385,0.11264080100125157,0.1501877346683354,22.1
1303918,24/25,SS Lazio U17,Under 17 - C,23.0,1.0,1.0,1199.0,Alessandro De Cortes (1303918),2008-05-29,Italy,Midfield - Central Midfield,Midfield,left,0.0,Lazio Under 18,82685,,,0.0750625521267723,0.0750625521267723,0.1501251042535446,18.2
805772,24/25,FC Vaduz,Challenge League,10.0,1.0,0.0,600.0,Malik Deme (805772),2005-03-16,Switzerland,Attack - Right Winger,Attack,right,182.0,Neuchâtel Xamax FCS,625,300000.0,2025-06-09,0.15000000000000002,0.0,0.15000000000000002,21.4
1047410,24/25,Arminia Bielefeld U19,U19 Nachwuchsliga - Liga B,7.0,1.0,0.0,600.0,Justin Lukas (1047410),2006-01-06,Germany,Defender - Left-Back,Defender,left,186.0,Arminia Bielefeld,10,75000.0,2025-06-10,0.15000000000000002,0.0,0.15000000000000002,20.6
1171934,24/25,FC Sochaux-Montbéliard U19,National U19 - Grp. B,14.0,1.0,1.0,1202.0,,2006-02-15,France  Cote d'Ivoire,Defender - Right-Back,Defender,right,182.0,FC Sochaux-Montbéliard B,10825,,,0.07487520798668885,0.07487520798668885,0.1497504159733777,20.5
806015,24/25,FC Schaffhausen,Challenge League,10.0,1.0,0.0,601.0,Adriano Onyegbule (806015),2006-06-23,Germany  Nigeria,Midfield - Attacking Midfield,Midfield,right,184.0,FC Basel 1893,26,400000.0,2025-06-09,0.1497504159733777,0.0,0.1497504159733777,20.2
1006916,24/25,RB Leipzig U19,U19 Nachwuchsliga - Gr. H,7.0,1.0,0.0,601.0,Jonathan Norbye (1006916),2007-03-26,Norway,Defender - Centre-Back,Defender,left,194.0,Arminia Bielefeld,10,,,0.1497504159733777,0.0,0.1497504159733777,19.4
955359,24/25,Yverdon Sport FC,Super League,28.0,1.0,1.0,1204.0,Fodé Sylla (955359),2006-04-16,France  Guinea,Midfield - Defensive Midfield,Midfield,right,182.0,RC Lens,826,1000000.0,2025-06-09,0.07475083056478406,0.07475083056478406,0.14950166112956811,20.3
953067,24/25,FK Bodø/Glimt,Europa League,11.0,1.0,0.0,602.0,Villads Nielsen (953067),2005-01-29,Denmark,Defender - Centre-Back,Defender,right,192.0,FK Bodø/Glimt,501,2700000.0,2025-09-07,0.14950166112956811,0.0,0.14950166112956811,21.6
1089609,2025,Fluminense FC U20,CBF Brasileiro U20,9.0,1.0,0.0,602.0,Kayky Almeida (1089609),2005-05-01,Brazil,Defender - Centre-Back,Defender,left,185.0,Clube do Remo (PA),10997,600000.0,2025-06-26,0.14950166112956811,0.0,0.14950166112956811,21.3
1201529,24/25,Real Sociedad B,Primera Federación - Gr. I,12.0,1.0,0.0,602.0,Lander Astiazaran (1201529),2006-04-07,Spain,Midfield - Attacking Midfield,Midfield,right,0.0,Real Sociedad B,9899,150000.0,2025-06-24,0.14950166112956811,0.0,0.14950166112956811,20.4
796300,24/25,Aberdeen FC,Premiership,9.0,1.0,0.0,603.0,Alfie Dorrington (796300),2005-04-20,England,Defender - Centre-Back,Defender,,0.0,Aberdeen FC,370,700000.0,2025-06-16,0.1492537313432836,0.0,0.1492537313432836,21.3
1055320,24/25,Venados FC Yucatán,Liga Expansión MX Cl.,14.0,1.0,0.0,603.0,Waldo Madrid (1055320),2003-08-25,Mexico,Midfield - Defensive Midfield,Midfield,right,182.0,Venados FC Yucatán,18662,100000.0,2025-05-18,0.1492537313432836,0.0,0.1492537313432836,23.0
1180821,24/25,Oud-Heverlee Leuven U18,U18 Elite 1,7.0,1.0,0.0,603.0,Mohamed Yassine Azzouz (1180821),2007-05-17,Morocco  Belgium,Midfield - Attacking Midfield,Midfield,,0.0,Oud-Heverlee Leuven U23,52563,,,0.1492537313432836,0.0,0.1492537313432836,19.3
716786,24/25,Admira Wacker Panthers,LL Niederösterreich,9.0,1.0,0.0,604.0,Danny Kleinböck (716786),2006-01-02,Austria,Defender - Centre-Back,Defender,right,0.0,FC Marchfeld Donauauen,19578,,,0.1490066225165563,0.0,0.1490066225165563,20.6
810092,24/25,Paris Saint-Germain,Champions League,13.0,1.0,0.0,604.0,Warren Zaïre-Emery (810092),2006-03-08,France  Martinique,Midfield - Central Midfield,Midfield,right,178.0,Paris Saint-Germain,583,55000000.0,2025-06-02,0.1490066225165563,0.0,0.1490066225165563,20.4
1099742,24/25,West Bromwich Albion U18,U18 Premier League,7.0,1.0,0.0,604.0,Iddrisa Dauda Amihere (1099742),2008-01-08,Italy  England,Midfield - Defensive Midfield,Midfield,right,0.0,West Bromwich Albion U18,6951,,,0.1490066225165563,0.0,0.1490066225165563,18.6
819036,24/25,Aurora Pro Patria,Serie C-A,23.0,1.0,0.0,605.0,Dennis Curatolo (819036),2004-04-03,Italy,Attack - Centre-Forward,Attack,right,0.0,Without Club,515,75000.0,2025-06-18,0.1487603305785124,0.0,0.1487603305785124,22.4
934154,24/25,MC Algiers,Ligue Professionnelle 1,18.0,1.0,0.0,605.0,Amine Messoussa (934154),2004-10-12,Algeria  France,Attack - Centre-Forward,Attack,right,180.0,MC Algiers,8850,275000.0,2025-06-25,0.1487603305785124,0.0,0.1487603305785124,21.9
727089,24/25,Union Saint-Gilloise,Jupiler Pro League,29.0,1.0,3.0,2424.0,Noah Sadiki (727089),2004-12-17,DR Congo  Belgium,Midfield - Central Midfield,Midfield,right,173.0,Sunderland AFC,289,12000000.0,2025-06-11,0.03712871287128713,0.11138613861386139,0.1485148514851485,21.7
927906,24/25,Como Primavera,Primavera 2 - A,29.0,1.0,3.0,2424.0,William Feola (927906),2006-01-04,Italy,Defender - Right-Back,Defender,right,182.0,Hellas Verona Primavera,16996,75000.0,2025-05-27,0.03712871287128713,0.11138613861386139,0.1485148514851485,20.6
747951,24/25,Sheffield Wednesday,Championship,43.0,1.0,5.0,3639.0,Shea Charles (747951),2003-11-05,Northern Ireland  England,Midfield - Defensive Midfield,Midfield,right,189.0,Southampton FC,180,10000000.0,2025-05-26,0.0247320692497939,0.1236603462489695,0.1483924154987634,22.8
899544,24/25,Sasso Marconi 1924,Serie D - D,16.0,1.0,1.0,1213.0,Davide Balleello (899544),2005-01-06,Italy,Attack - Left Winger,Attack,right,0.0,FC Vigor Senigallia,60872,150000.0,2025-05-14,0.0741962077493817,0.0741962077493817,0.1483924154987634,21.6
1059519,24/25,Pro Vercelli Primavera,Primavera 2 - A,17.0,1.0,1.0,1213.0,Brendi Malaj (1059519),2006-04-26,Albania,Midfield - Central Midfield,Midfield,right,0.0,Pro Vercelli Primavera,26370,25000.0,2025-05-27,0.0741962077493817,0.0741962077493817,0.1483924154987634,20.3
929347,24/25,FC Volendam U21,U21 Div. 2 Fall,8.0,1.0,0.0,607.0,Imran Nazih (929347),2006-01-25,Morocco  Netherlands,Midfield - Central Midfield,Midfield,,178.0,Without Club,515,100000.0,2025-06-08,0.14827018121911037,0.0,0.14827018121911037,20.6
817338,2025,Dynamo 2 Moscow,2. Division A (Phase 2),15.0,1.0,1.0,1217.0,Maksim Balakhonov (817338),2005-01-15,Russia,Defender - Left-Back,Defender,right,177.0,Dynamo 2 Moscow,54443,150000.0,2025-06-17,0.07395234182415776,0.07395234182415776,0.14790468364831552,21.6
1047099,24/25,RC Lens B,National 3 - Grp. E,19.0,1.0,1.0,1218.0,Alpha Diallo (1047099),2006-02-25,France  Guinea,Midfield - Attacking Midfield,Midfield,right,179.0,RC Lens,826,,,0.07389162561576354,0.07389162561576354,0.14778325123152708,20.5
925216,24/25,FC Basel 1893 U19,U19 Elite League,7.0,1.0,0.0,609.0,Demir Xhemalija (925216),2006-06-07,Switzerland  Kosovo,Midfield - Defensive Midfield,Midfield,left,180.0,FC Luzern,434,200000.0,2025-06-09,0.14778325123152708,0.0,0.14778325123152708,20.2
1046049,24/25,SSV Jahn Regensburg II,Bayernliga Nord,29.0,2.0,0.0,1220.0,Volodymyr Kharabara (1046049),2004-09-16,Ukraine,Attack - Right Winger,Attack,right,183.0,SSV Jahn Regensburg II,2552,,,0.14754098360655737,0.0,0.14754098360655737,21.9
1059529,24/25,Seravezza Pozzi Calcio,Serie D - E,13.0,1.0,0.0,612.0,Samuele Sava (1059529),2006-05-08,Italy,Attack - Right Winger,Attack,right,180.0,ASD Cairese,50223,50000.0,2025-05-14,0.14705882352941177,0.0,0.14705882352941177,20.3
698164,24/25,Portsmouth FC,Championship,37.0,1.0,4.0,3063.0,Freddie Potts (698164),2003-09-12,England,Midfield - Defensive Midfield,Midfield,right,183.0,West Ham United,379,1400000.0,2025-05-26,0.029382957884427033,0.11753183153770813,0.14691478942213515,22.9
1030272,24/25,SV Meppen II,OL Niedersachsen,11.0,1.0,0.0,613.0,Luca Köster (1030272),2005-06-21,Germany,Defender - Centre-Back,Defender,,0.0,SV Meppen II,7430,0.0,2025-06-23,0.1468189233278956,0.0,0.1468189233278956,21.2
934098,24/25,USD Lavagnese 1919,Serie D - A,32.0,1.0,3.0,2457.0,Michele Lupinacci (934098),2005-09-17,Italy,Midfield - Left Midfield,Midfield,left,183.0,FC Vado,11483,200000.0,2025-05-14,0.03663003663003663,0.10989010989010989,0.14652014652014653,20.9
859954,24/25,Derby County U21,Premier League 2,16.0,1.0,1.0,1233.0,Riley Moloney (859954),2005-08-30,England,Defender - Left-Back,Defender,,0.0,North Carolina State Wolfpack (NC State Univ.),33705,,,0.07299270072992702,0.07299270072992702,0.14598540145985403,21.0
1047109,24/25,APO Levadiakos,Super League 1,17.0,1.0,1.0,1234.0,Georgios Katris (1047109),2005-10-14,Greece,Defender - Centre-Back,Defender,right,0.0,APO Levadiakos,2672,400000.0,2025-05-22,0.07293354943273905,0.07293354943273905,0.1458670988654781,20.8
666131,24/25,Club NXT,CPL,16.0,1.0,1.0,1236.0,Denzel De Roeve (666131),2004-08-10,Belgium,Defender - Right-Back,Defender,right,180.0,SK Brann,1100,400000.0,2025-06-17,0.07281553398058253,0.07281553398058253,0.14563106796116507,22.0
1188646,24/25,Parma Under 18,Under 18,30.0,2.0,0.0,1236.0,Giulio Baciocchi (1188646),2007-06-15,Italy,Defender - Centre-Back,Defender,,0.0,Perugia Primavera,14926,,,0.14563106796116507,0.0,0.14563106796116507,19.2
1049828,24/25,Inter Milan Primavera,Primavera 1,18.0,1.0,0.0,618.0,Manuel Pinotti (1049828),2006-10-29,Italy,Attack - Left Winger,Attack,right,0.0,Inter Milan Primavera,5380,125000.0,2025-06-26,0.14563106796116507,0.0,0.14563106796116507,19.8
1242124,24/25,Brighton & Hove Albion U18,U18 Premier League,15.0,1.0,1.0,1237.0,Darius Lane (1242124),2007-10-16,United States  France,Midfield - Central Midfield,Midfield,right,0.0,Brighton & Hove Albion U21,39336,,,0.07275666936135812,0.07275666936135812,0.14551333872271624,18.8
907430,25/26,Atlético de San Luis U21,Liga MX U21 Apertura,7.0,1.0,0.0,619.0,Jonantán Villal (907430),2005-01-06,Mexico  United States,Midfield - Attacking Midfield,Midfield,right,165.0,Atlético de San Luis,40188,500000.0,2025-05-25,0.14539579967689822,0.0,0.14539579967689822,21.6
927903,24/25,US Follonica Gavorrano,Serie D - E,14.0,1.0,0.0,619.0,Andrea Morgantini (927903),2005-03-29,Italy,Defender - Centre-Back,Defender,right,182.0,Without Club,515,50000.0,2025-05-14,0.14539579967689822,0.0,0.14539579967689822,21.4
1135364,24/25,Leicester City U18,U18 Premier League,7.0,1.0,0.0,619.0,Olabade Aluko (1135364),2006-11-30,England,Defender - Right-Back,Defender,right,0.0,Leicester City,1003,,,0.14539579967689822,0.0,0.14539579967689822,19.7
1072761,24/25,South Shields FC,National League North,35.0,1.0,3.0,2477.0,Ashton Mee (1072761),2006-05-02,England,Midfield - Attacking Midfield,Midfield,,0.0,Stockport County,1098,,,0.03633427533306419,0.10900282599919257,0.14533710133225675,20.3
876386,2025,Minnesota United FC 2,MLS Next Pro,22.0,1.0,2.0,1858.0,Britton Fischer (876386),2004-02-25,United States,Defender - Centre-Back,Defender,right,193.0,Minnesota United FC 2,95337,0.0,2023-03-06,0.04843918191603875,0.0968783638320775,0.14531754574811626,22.5
670716,24/25,Gil Vicente U23,Revelação U23 - Championship,14.0,1.0,1.0,1240.0,Luís Martins (670716),2004-04-26,Portugal,Defender - Right-Back,Defender,right,178.0,UD Almería B,11986,,,0.07258064516129033,0.07258064516129033,0.14516129032258066,22.3
1137865,2025,San Diego FC,MLS,23.0,1.0,2.0,1863.0,Luca Bombino (1137865),2006-07-10,United States  Italy,Defender - Left-Back,Defender,left,170.0,San Diego FC,114977,1200000.0,2025-09-11,0.04830917874396135,0.0966183574879227,0.14492753623188406,20.1
667511,24/25,Dorking Wanderers,National League South,23.0,1.0,1.0,1242.0,Morgan Williams (667511),2004-12-11,Wales,Midfield - Central Midfield,Midfield,right,183.0,King's Lynn Town,38899,50000.0,2025-06-29,0.07246376811594203,0.07246376811594203,0.14492753623188406,21.7
859941,24/25,Derby County U21,Premier League 2,14.0,1.0,1.0,1242.0,Darren Robinson (859941),2004-12-29,Northern Ireland,Midfield - Defensive Midfield,Midfield,right,177.0,St. Patrick's Athletic,1189,100000.0,2025-05-26,0.07246376811594203,0.07246376811594203,0.14492753623188406,21.6
930998,24/25,FC Emmen,Keuken Kampioen Divisie,17.0,1.0,0.0,621.0,Yannick Eduardo (930998),2006-01-23,Czech Republic  Netherlands,Attack - Centre-Forward,Attack,left,193.0,FC Dordrecht,1455,200000.0,2025-06-08,0.14492753623188406,0.0,0.14492753623188406,20.6
726668,24/25,AS Trencin,Niké Liga,20.0,1.0,1.0,1243.0,Tadeas Hajovsky (726668),2005-09-30,Slovakia,Midfield - Central Midfield,Midfield,right,176.0,AS Trencin,7918,375000.0,2025-06-19,0.07240547063555913,0.07240547063555913,0.14481094127111827,20.9
818887,24/25,US Corticella,Serie D - D,29.0,1.0,2.0,1865.0,Jacopo Casadei (818887),2004-02-16,Italy  San Marino,Midfield - Central Midfield,Midfield,left,179.0,US Corticella,56642,75000.0,2025-05-14,0.0482573726541555,0.096514745308311,0.1447721179624665,22.5
787264,25/26,Club León U21,Liga MX U21 Apertura,7.0,1.0,0.0,622.0,Héctor Uribe (787264),2004-06-04,Mexico,Attack - Right Winger,Attack,,171.0,Club León FC,4941,,,0.14469453376205788,0.0,0.14469453376205788,22.2
1078156,24/25,Manchester City U18,U18 Premier League,23.0,1.0,2.0,1868.0,Kaden Braithwaite (1078156),2008-02-08,England  Jamaica,Defender - Centre-Back,Defender,,0.0,Manchester City U18,6930,,,0.048179871520342615,0.09635974304068523,0.14453961456102785,18.5
851962,24/25,Airdrieonians FC,Championship,13.0,1.0,0.0,623.0,Murray Aiken (851962),2004-08-05,Scotland,Midfield - Central Midfield,Midfield,right,177.0,Without Club,515,0.0,2025-03-17,0.14446227929373998,0.0,0.14446227929373998,22.0
1136725,24/25,Skala 1911 Stryi,Druga Liga,8.0,1.0,0.0,623.0,Denys Garkavenko (1136725),2004-03-11,Ukraine,Defender - Centre-Back,Defender,left,190.0,Skala 1911 Stryi,86787,,,0.14446227929373998,0.0,0.14446227929373998,22.4
1193919,24/25,SSD Zenith Prato,Serie D - D,23.0,1.0,1.0,1248.0,Matteo Toci (1193919),2007-05-08,Italy,Midfield - Attacking Midfield,Midfield,right,0.0,Frosinone Primavera,17664,50000.0,2025-05-14,0.07211538461538461,0.07211538461538461,0.14423076923076922,19.3
803421,24/25,Crewe Alexandra,League Two,46.0,2.0,1.0,1875.0,Max Conway (803421),2003-09-05,England  South Africa,Defender - Left-Back,Defender,left,182.0,Bolton Wanderers,355,175000.0,2024-12-29,0.096,0.048,0.14400000000000002,23.0
1363293,24/25,Stade Reims B,National 3 - Grp. E,8.0,1.0,0.0,625.0,Zabi (1363293),2006-09-24,Cote d'Ivoire,Midfield - Central Midfield,Midfield,right,191.0,Stade Reims,1421,100000.0,2025-06-02,0.14400000000000002,0.0,0.14400000000000002,19.9
834898,2025,FC RFS II,Nakotnes Liga,8.0,1.0,0.0,627.0,Vitinho (834898),2004-11-11,Brazil,Midfield - Defensive Midfield,Midfield,,178.0,FC RFS,33783,200000.0,2025-06-12,0.14354066985645933,0.0,0.14354066985645933,21.8
934136,24/25,Lecce Primavera,Primavera 1,21.0,1.0,0.0,627.0,Francesco Minerva (934136),2005-12-27,Italy,Midfield - Central Midfield,Midfield,right,181.0,AC Nardò,22344,50000.0,2025-06-26,0.14354066985645933,0.0,0.14354066985645933,20.6
965954,24/25,Rochdale AFC,National League,25.0,1.0,1.0,1255.0,Jake Burger (965954),2004-10-06,England,Midfield - Central Midfield,Midfield,,0.0,Rochdale AFC,1088,0.0,2024-03-06,0.07171314741035857,0.07171314741035857,0.14342629482071714,21.9
896101,24/25,FC Concordia Basel,1. Liga gr. 2,28.0,2.0,0.0,1260.0,Pablo Perera (896101),2005-08-09,Switzerland,Defender - Centre-Back,Defender,,0.0,Simon Fraser Clan (Simon Fraser University),66403,,,0.14285714285714285,0.0,0.14285714285714285,21.0
929334,24/25,FC Porto B,Liga Portugal 2,14.0,0.0,2.0,1260.0,Gonçalo Ribeiro (929334),2006-01-15,Portugal,Goalkeeper,Goalkeeper,right,190.0,FC Porto B,10331,1000000.0,2025-06-22,0.0,0.14285714285714285,0.14285714285714285,20.6
988272,24/25,Racing Strasbourg B,National 3 - Grp. H,14.0,1.0,1.0,1260.0,Yoni Gomis (988272),2005-09-23,France  Senegal,Defender - Centre-Back,Defender,left,186.0,SK Beveren,28643,700000.0,2025-06-02,0.07142857142857142,0.07142857142857142,0.14285714285714285,20.9
749187,2025,Baltika-2 Kaliningrad,2. Division B,7.0,1.0,0.0,630.0,Nikita Bozov (749187),2005-01-28,Russia,Defender - Centre-Back,Defender,right,186.0,Shinnik Yaroslavl,2374,150000.0,2025-06-01,0.14285714285714285,0.0,0.14285714285714285,21.6
819078,24/25,Oltrepò FBC,Serie D - A,8.0,1.0,0.0,630.0,Mattia Giammarresi (819078),2004-04-13,Italy,Defender - Centre-Back,Defender,right,185.0,USD Sestri Levante 1919,26883,100000.0,2025-05-14,0.14285714285714285,0.0,0.14285714285714285,22.3
858521,25/26,Siarka Tarnobrzeg,Betclic 3 Liga - Group IV,7.0,1.0,0.0,630.0,Michael Wyparlo (858521),2003-09-25,Poland  United States,Defender - Centre-Back,Defender,both,191.0,Siarka Tarnobrzeg,711,0.0,2024-06-30,0.14285714285714285,0.0,0.14285714285714285,22.9
930986,24/25,NEC Nijmegen U21,U21 Div. 2 Spring,8.0,1.0,0.0,630.0,Dion Markx (930986),2005-06-29,Indonesia  Netherlands,Defender - Centre-Back,Defender,right,188.0,NEC Nijmegen U21,11154,,,0.14285714285714285,0.0,0.14285714285714285,21.1
948915,24/25,Burnley FC U21,Premier League Cup,7.0,1.0,0.0,630.0,Murray Campbell (948915),2006-07-25,Scotland,Defender - Centre-Back,Defender,,0.0,Burnley FC U21,24214,,,0.14285714285714285,0.0,0.14285714285714285,20.1
1011132,24/25,Liverpool FC UEFA U19,UEFA Youth League,7.0,1.0,0.0,630.0,Carter Pinnington (1011132),2007-02-21,England,Defender - Centre-Back,Defender,right,0.0,Liverpool FC U21,9252,,,0.14285714285714285,0.0,0.14285714285714285,19.5
1142175,25/26,Karkonosze Jelenia Gora,Betclic 3 Liga - Group III,7.0,0.0,1.0,630.0,Marcel Potoczny (1142175),2006-06-29,Poland,Goalkeeper,Goalkeeper,right,184.0,Karkonosze Jelenia Gora,31394,25000.0,2024-12-04,0.0,0.14285714285714285,0.14285714285714285,20.1
1154911,24/25,Reggiana Primavera,Primavera 2 - A,10.0,1.0,0.0,630.0,Nuhu Shaibu (1154911),2004-01-01,Nigeria,Midfield - Central Midfield,Midfield,,185.0,FC Pompei,38410,25000.0,2025-05-27,0.14285714285714285,0.0,0.14285714285714285,22.6
1178475,24/25,Stade Reims B,National 3 - Grp. E,7.0,1.0,0.0,630.0,Mohamed Bamba (1178475),2004-10-08,Cote d'Ivoire,Midfield - Defensive Midfield,Midfield,left,188.0,Gil Vicente FC,2424,3000000.0,2025-05-29,0.14285714285714285,0.0,0.14285714285714285,21.9
701057,24/25,Manchester City,Premier League,28.0,1.0,2.0,1893.0,Rico Lewis (701057),2004-11-21,England,Defender - Right-Back,Defender,right,170.0,Manchester City,281,40000000.0,2025-05-29,0.04754358161648178,0.09508716323296355,0.14263074484944532,21.7
894172,24/25,Feralpisalò Primavera,Primavera 2 - A,16.0,1.0,0.0,632.0,Klaus Kashari (894172),2006-10-11,Albania,Midfield - Attacking Midfield,Midfield,right,180.0,Without Club,515,,,0.14240506329113925,0.0,0.14240506329113925,19.9
1222308,2025,EC Água Santa (SP),Campeonato Paulista,9.0,1.0,0.0,633.0,Davi Gomes (1222308),2005-06-06,Brazil,Attack - Left Winger,Attack,right,174.0,RB Bragantino U20,19325,400000.0,2025-09-04,0.14218009478672985,0.0,0.14218009478672985,21.2
983553,24/25,SL Benfica U23,Liga Revelação,10.0,1.0,0.0,634.0,Guilherme Peixoto (983553),2006-05-25,Portugal,Defender - Right-Back,Defender,right,180.0,Twente Enschede FC,317,,,0.14195583596214512,0.0,0.14195583596214512,20.2
724067,24/25,Juventus Primavera,Primavera 1,27.0,1.0,2.0,1905.0,Diego Ripani (724067),2005-09-12,Italy,Midfield - Defensive Midfield,Midfield,left,176.0,Forlì FC,9816,325000.0,2025-06-26,0.047244094488188976,0.09448818897637795,0.14173228346456693,20.9
816795,24/25,Club Milano,Serie D - B,13.0,1.0,0.0,636.0,Stefano Di Pentima (816795),2004-09-21,Italy,Defender - Left-Back,Defender,left,0.0,Club Milano,83737,50000.0,2025-05-14,0.14150943396226415,0.0,0.14150943396226415,21.9
1269378,2025,São Paulo FC U20,CBF Brasileiro U20,9.0,1.0,0.0,636.0,Lucca (1269378),2007-06-14,Brazil,Attack - Left Winger,Attack,right,172.0,São Paulo Futebol Clube,585,2000000.0,2025-06-05,0.14150943396226415,0.0,0.14150943396226415,19.2
1316199,24/25,Deportivo Guadalajara U23,Liga MX U23 Clausura,11.0,1.0,0.0,636.0,Diego Latorre (1316199),2005-07-18,Mexico,Attack - Centre-Forward,Attack,,175.0,Deportivo Guadalajara U21,110459,,,0.14150943396226415,0.0,0.14150943396226415,21.1
712117,24/25,Red Bull Salzburg,Bundesliga,17.0,1.0,0.0,637.0,Bobby Clark (712117),2005-02-07,England,Midfield - Central Midfield,Midfield,right,178.0,Derby County,22,4500000.0,2025-06-05,0.141287284144427,0.0,0.141287284144427,21.5
765027,24/25,PSV Eindhoven U21,Keuken Kampioen Divisie,31.0,1.0,2.0,1915.0,Muhlis Dağaşan (765027),2004-08-09,Türkiye  Netherlands,Defender - Centre-Back,Defender,right,180.0,Istanbulspor,924,250000.0,2025-06-08,0.04699738903394256,0.09399477806788512,0.14099216710182766,22.0
1306984,24/25,Monopoli Primavera,Primavera 2 - B,19.0,1.0,0.0,639.0,Carlo Di Cagno (1306984),2007-04-04,Italy,Attack,Attack,,0.0,Monopoli Primavera,100631,,,0.14084507042253522,0.0,0.14084507042253522,19.4
1150261,2025,Malmö FF,Allsvenskan,13.0,1.0,0.0,640.0,Adrian Skogmar (1150261),2005-11-23,Sweden  Thailand,Defender - Right-Back,Defender,right,175.0,Malmö FF,496,550000.0,2025-06-17,0.140625,0.0,0.140625,20.7
1290066,24/25,CD Mafra U23,Revelação U23 - Qualif. round,12.0,1.0,0.0,640.0,Miguel Penisga (1290066),2005-12-22,Portugal,Defender - Centre-Back,Defender,right,195.0,SCU Torreense Sub-23,109718,,,0.140625,0.0,0.140625,20.7
929742,24/25,Lazio U20,Primavera 1,36.0,1.0,3.0,2561.0,Marco Nazzaro (929742),2005-06-11,Italy,Midfield - Defensive Midfield,Midfield,left,184.0,ASD Team Altamura,22408,125000.0,2025-06-26,0.035142522452167126,0.10542756735650136,0.14057008980866847,21.2
1064224,24/25,Bologna Under 17,Under 17 - A,12.0,1.0,0.0,642.0,Dimitar Mrankov (1064224),2008-05-22,Bulgaria,Attack - Centre-Forward,Attack,right,0.0,Bologna Under 18,91714,,,0.14018691588785046,0.0,0.14018691588785046,18.2
1119455,24/25,FC Nantes B,National 3 - Grp. B,9.0,1.0,0.0,642.0,Enzo Mongo (1119455),2005-04-08,France  Congo,Defender - Centre-Back,Defender,,185.0,FC Nantes B,10850,,,0.14018691588785046,0.0,0.14018691588785046,21.4
1187426,24/25,Genoa Under 18,Viareggio Cup,7.0,1.0,0.0,642.0,Matteo Pallavicini (1187426),2007-07-09,Italy,Defender - Left-Back,Defender,left,0.0,Genoa U20,8517,,,0.14018691588785046,0.0,0.14018691588785046,19.1
1304531,24/25,Empoli Under 17,Under 17 - C,18.0,1.0,0.0,642.0,Birahim Diousse (1304531),2008-02-02,Senegal  Italy,Midfield - Central Midfield,Midfield,,0.0,Empoli Primavera,8492,,,0.14018691588785046,0.0,0.14018691588785046,18.5
860054,24/25,Valenciennes FC B,National 3 - Grp. E,16.0,1.0,1.0,1286.0,Yacine El Amri (860054),2004-07-22,Morocco  France,Attack - Right Winger,Attack,right,180.0,Without Club,515,50000.0,2024-12-01,0.06998444790046657,0.06998444790046657,0.13996889580093314,22.1
724439,2025,CF Montréal,MLS,10.0,1.0,0.0,645.0,Jalen Neal (724439),2003-08-24,United States,Defender - Centre-Back,Defender,right,191.0,CF Montréal,4078,800000.0,2025-06-04,0.13953488372093023,0.0,0.13953488372093023,23.0
832898,24/25,FC Zlin,ChNL,24.0,1.0,0.0,645.0,Simon Polasek (832898),2004-06-18,Czech Republic,Defender - Right-Back,Defender,right,179.0,1.SK Prostejov,13718,150000.0,2025-06-16,0.13953488372093023,0.0,0.13953488372093023,22.2
1262865,24/25,Roma Under 17,Under 17 - C,16.0,1.0,0.0,645.0,Matteo Forni (1262865),2008-03-13,Italy,Midfield - Central Midfield,Midfield,,0.0,Roma Under 18,76094,,,0.13953488372093023,0.0,0.13953488372093023,18.4
650568,24/25,SL Benfica,Taça de Portugal,7.0,1.0,0.0,646.0,António Silva (650568),2003-10-30,Portugal,Defender - Centre-Back,Defender,right,187.0,SL Benfica,294,32000000.0,2025-05-29,0.1393188854489164,0.0,0.1393188854489164,22.8
607226,24/25,SS Lazio,Serie A,24.0,1.0,0.0,647.0,Loum Tchaouna (607226),2003-09-08,France  Chad,Attack - Right Winger,Attack,left,180.0,Burnley FC,1132,10000000.0,2025-06-16,0.1391035548686244,0.0,0.1391035548686244,22.9
829769,24/25,SC Freiburg II,Regionalliga Südwest,13.0,1.0,0.0,647.0,Luca Marino (829769),2005-03-17,Germany  Italy,Midfield - Defensive Midfield,Midfield,,177.0,SC Freiburg II,245,300000.0,2025-06-10,0.1391035548686244,0.0,0.1391035548686244,21.4
1118086,24/25,Lecce Primavera,Primavera 1,29.0,2.0,0.0,1295.0,Sebastian Esposito (1118086),2005-04-21,Australia  Italy,Defender - Centre-Back,Defender,right,191.0,Melbourne Victory,7006,200000.0,2025-06-16,0.138996138996139,0.0,0.138996138996139,21.3
986918,24/25,7 Eylül Turgutlu 1984,3.Lig Grup 4,30.0,2.0,0.0,1297.0,Mert Önal (986918),2004-05-27,Türkiye,Midfield - Defensive Midfield,Midfield,right,186.0,Erzurumspor FK,39722,,,0.13878180416345412,0.0,0.13878180416345412,22.2
974564,24/25,1.FC Nuremberg II,Regionalliga Bayern,15.0,1.0,1.0,1298.0,Winners Osawe (974564),2006-11-29,Germany  Nigeria,Midfield - Defensive Midfield,Midfield,right,189.0,1.FC Nuremberg,4,500000.0,2025-06-18,0.06933744221879816,0.06933744221879816,0.13867488443759632,19.7
1321938,2025,IFK Värnamo,Allsvenskan,8.0,1.0,0.0,649.0,Rufai Mohammed (1321938),2006-03-15,Ghana,Defender - Centre-Back,Defender,,0.0,IFK Värnamo,3622,,,0.13867488443759632,0.0,0.13867488443759632,20.4
1173403,24/25,Samsunspor U19,U19 Süper Lig,23.0,1.0,2.0,1947.0,Kerem Fidan (1173403),2006-04-07,Türkiye,Defender - Centre-Back,Defender,left,189.0,Samsunspor U19,83792,,,0.046224961479198766,0.09244992295839753,0.1386748844375963,20.4
802727,24/25,US Città di Pontedera,Serie C-B,20.0,1.0,1.0,1299.0,Michele Ambrosini (802727),2003-09-01,Italy,Attack - Left Winger,Attack,left,179.0,UC AlbinoLeffe,4541,125000.0,2025-06-18,0.06928406466512702,0.06928406466512702,0.13856812933025403,23.0
812851,24/25,FC Groningen U21,U21 Div. 1 Fall,13.0,1.0,0.0,650.0,Samuel Dikos (812851),2006-03-13,Slovakia,Midfield - Attacking Midfield,Midfield,right,175.0,FC Groningen U21,14725,,,0.13846153846153847,0.0,0.13846153846153847,20.4
1143066,2025,FK Haugesund,Eliteserien,16.0,1.0,0.0,650.0,Ismaël Seone (1143066),2005-04-26,Burkina Faso,Attack - Centre-Forward,Attack,right,184.0,FK Haugesund,2761,200000.0,2025-06-17,0.13846153846153847,0.0,0.13846153846153847,21.3
924308,24/25,AC Ospitaletto,Serie D - B,37.0,1.0,4.0,3252.0,Matteo Gualandris (924308),2004-07-04,Italy,Midfield - Central Midfield,Midfield,right,0.0,CPR Ospitaletto,5542,200000.0,2025-05-14,0.027675276752767528,0.11070110701107011,0.13837638376383765,22.1
907430,24/25,Atlético de San Luis U23,Liga MX U23 Clausura,8.0,1.0,0.0,651.0,Jonantán Villal (907430),2005-01-06,Mexico  United States,Midfield - Attacking Midfield,Midfield,right,165.0,Atlético de San Luis,40188,500000.0,2025-05-25,0.1382488479262673,0.0,0.1382488479262673,21.6
1037744,2025,FC Rostov 2,2. Division B,12.0,1.0,0.0,651.0,Andrey Amosov (1037744),2006-05-01,Russia,Midfield - Defensive Midfield,Midfield,right,177.0,FC Rostov 2,82969,,,0.1382488479262673,0.0,0.1382488479262673,20.3
1103917,24/25,San Marino Calcio,Serie D - D,17.0,1.0,0.0,652.0,Cristiano Giometti (1103917),2006-12-15,Italy,Attack - Centre-Forward,Attack,right,0.0,Fossombrone Calcio,27535,25000.0,2025-05-14,0.13803680981595093,0.0,0.13803680981595093,19.7
1291930,24/25,Stade Reims B,National 3 - Grp. E,10.0,1.0,0.0,652.0,Amos Ochoche (1291930),2006-03-22,Nigeria,Defender - Right-Back,Defender,right,0.0,Stade Reims B,11204,,,0.13803680981595093,0.0,0.13803680981595093,20.4
864370,24/25,Young Reds,1ste Nationale VV,10.0,1.0,0.0,653.0,Alexandre Stanic (864370),2004-12-28,Belgium  Serbia,Attack - Centre-Forward,Attack,right,198.0,Zébra Élites,43618,200000.0,2025-06-11,0.13782542113323124,0.0,0.13782542113323124,21.6
1221388,2025,Athletico Paranaense U20,CBF Brasileiro U20,8.0,1.0,0.0,654.0,Diogo Riquelme (1221388),2005-04-23,Brazil,Midfield - Defensive Midfield,Midfield,both,181.0,Athletico Paranaense U20,15038,,,0.13761467889908258,0.0,0.13761467889908258,21.3
911736,2025,Rosenborg BK,Eliteserien,9.0,1.0,0.0,655.0,Sverre Nypan (911736),2006-12-19,Norway,Midfield - Central Midfield,Midfield,both,182.0,Middlesbrough FC,641,15000000.0,2025-06-17,0.13740458015267176,0.0,0.13740458015267176,19.7
896352,24/25,Eintracht Frankfurt II,Regionalliga Südwest,22.0,1.0,0.0,657.0,Anas Alaoui (896352),2006-04-20,Morocco  Germany,Attack - Centre-Forward,Attack,right,187.0,Calcio Lecco 1912,5514,100000.0,2025-06-10,0.136986301369863,0.0,0.136986301369863,20.3
964087,24/25,Hellas Verona Primavera,Primavera 1,8.0,1.0,0.0,657.0,Alphadjo Cissè (964087),2006-10-22,Italy  Guinea,Midfield - Attacking Midfield,Midfield,,181.0,US Catanzaro,4097,1000000.0,2025-06-16,0.136986301369863,0.0,0.136986301369863,19.8
1056486,24/25,HNK Hajduk Split U19,Prva HNL - Juniori,9.0,1.0,0.0,657.0,Noa Skoko (1056486),2006-01-12,Croatia  Australia,Midfield - Attacking Midfield,Midfield,right,0.0,HNK Hajduk Split,447,50000.0,2025-06-08,0.136986301369863,0.0,0.136986301369863,20.6
1206368,24/25,Stade Plabennecois,National 3 - Grp. C,20.0,1.0,1.0,1316.0,Colas Gilles (1206368),2006-06-19,France,Defender - Right-Back,Defender,right,175.0,FC Villefranche-Beaujolais B,77570,,,0.06838905775075987,0.06838905775075987,0.13677811550151975,20.2
1177907,24/25,FC Lausanne-Sport II,1. Liga gr. 1,9.0,1.0,0.0,658.0,Ethan Bruchez (1177907),2008-04-07,Switzerland,Midfield - Attacking Midfield,Midfield,right,182.0,FC Lausanne-Sport,527,100000.0,2025-06-09,0.13677811550151975,0.0,0.13677811550151975,18.4
1013473,2025,North Texas SC,MLS Next Pro,15.0,1.0,0.0,663.0,Alejandro Urzua (1013473),2006-04-03,United States,Midfield - Central Midfield,Midfield,right,0.0,FC Dallas,8816,50000.0,2025-06-04,0.13574660633484165,0.0,0.13574660633484165,20.4
805503,24/25,SV Ried,2. Liga,18.0,1.0,0.0,664.0,Fabian Rossdorfer (805503),2005-11-09,Austria,Midfield - Left Midfield,Midfield,right,180.0,SV Ried,266,175000.0,2025-05-29,0.13554216867469882,0.0,0.13554216867469882,20.8
1047257,24/25,Crystal Palace U21,Premier League 2,14.0,1.0,0.0,664.0,Rio Cardines (1047257),2006-07-01,Trinidad and Tobago  England,Defender - Left-Back,Defender,left,0.0,Crystal Palace,873,100000.0,2025-07-03,0.13554216867469882,0.0,0.13554216867469882,20.1
1310489,24/25,Catanzaro Under 17,Under 17 - C,8.0,1.0,0.0,664.0,Silvio Cambrini (1310489),2008-01-03,Italy,Midfield - Attacking Midfield,Midfield,right,0.0,Napoli Under 18,100431,,,0.13554216867469882,0.0,0.13554216867469882,18.6
918043,24/25,Tonbridge Angels,National League South,22.0,1.0,1.0,1329.0,Bailey Akehurst (918043),2003-09-08,England,Defender - Left-Back,Defender,left,180.0,Tonbridge Angels,14672,0.0,2023-06-30,0.06772009029345372,0.06772009029345372,0.13544018058690743,22.9
814861,24/25,Hereford FC,National League North,16.0,1.0,1.0,1334.0,Ryan Bartley (814861),2003-11-18,England  Jamaica,Defender - Right-Back,Defender,right,187.0,Maidenhead United,7123,,,0.06746626686656672,0.06746626686656672,0.13493253373313344,22.8
800477,24/25,Willem II Tilburg U21,U21 Div. 2 Fall,14.0,1.0,0.0,667.0,Emre Eksi (800477),2004-09-10,Netherlands,Attack - Right Winger,Attack,,0.0,Willem II Tilburg U21,9005,,,0.13493253373313344,0.0,0.13493253373313344,21.9
1225943,24/25,Frosinone Primavera,Primavera 2 - B,9.0,1.0,0.0,667.0,Abdoulie Ndow (1225943),2005-01-06,The Gambia,Midfield - Attacking Midfield,Midfield,,0.0,Frosinone Calcio,8970,10000.0,2025-05-27,0.13493253373313344,0.0,0.13493253373313344,21.6
1227093,24/25,Racing Strasbourg U19,National U19 - Grp. B,9.0,1.0,0.0,667.0,Sacha Lung (1227093),2008-05-10,France,Defender - Centre-Back,Defender,right,0.0,Racing Strasbourg U19,11199,,,0.13493253373313344,0.0,0.13493253373313344,18.3
1087009,24/25,Parma Primavera,Primavera 2 - A,23.0,1.0,1.0,1335.0,Abdou-Salam Konate (1087009),2006-11-25,Senegal  France,Midfield - Central Midfield,Midfield,right,0.0,Parma Primavera,5243,50000.0,2025-05-27,0.06741573033707865,0.06741573033707865,0.1348314606741573,19.7
1182058,24/25,Lazio Under 18,Under 18,30.0,2.0,0.0,1335.0,Leonardo Pernaselci (1182058),2007-05-11,Italy,Defender - Centre-Back,Defender,right,0.0,Lazio U20,12816,,,0.1348314606741573,0.0,0.1348314606741573,19.3
895074,24/25,Peterborough United,League One,15.0,1.0,0.0,670.0,Mahamadou Susoho (895074),2005-01-20,Spain  England,Midfield - Defensive Midfield,Midfield,right,175.0,Livingston FC,1241,1200000.0,2025-06-17,0.13432835820895522,0.0,0.13432835820895522,21.6
1273447,24/25,Arenas Club,Segunda Federación - Gr. II,19.0,1.0,0.0,671.0,Galder Herranz (1273447),2005-10-19,Spain,Defender - Centre-Back,Defender,,0.0,Arenas Club,16122,50000.0,2025-06-24,0.13412816691505217,0.0,0.13412816691505217,20.8
1149462,24/25,Pogon Szczecin II,Betclic 3 Liga - Group II,10.0,1.0,0.0,672.0,Maciej Wojciechowski (1149462),2007-05-17,Poland,Midfield - Attacking Midfield,Midfield,,178.0,Pogon Szczecin,324,,,0.13392857142857142,0.0,0.13392857142857142,19.3
1075576,24/25,Amiens SC U19,National U19 - Grp. A,9.0,1.0,0.0,673.0,Nathan Talbot (1075576),2007-09-12,France,Defender - Right-Back,Defender,right,0.0,Amiens SC U19,12767,,,0.1337295690936107,0.0,0.1337295690936107,18.9
667425,24/25,Reading FC U21,Premier League 2,19.0,1.0,1.0,1348.0,Jack Senga (667425),2004-01-27,Belgium  DR Congo,Midfield - Defensive Midfield,Midfield,right,190.0,FK Sarajevo B,132265,0.0,2025-05-26,0.06676557863501484,0.06676557863501484,0.13353115727002968,22.6
834445,2025,Botafogo de Futebol e Regatas,Campeonato Carioca,8.0,1.0,0.0,674.0,Serafim (834445),2004-05-16,Brazil,Defender - Centre-Back,Defender,right,185.0,Al-Dhafra FC,14456,,,0.13353115727002968,0.0,0.13353115727002968,22.3
1027722,24/25,Sandecja Nowy Sacz,Betclic 3 Liga - Group IV,31.0,2.0,0.0,1350.0,Piotr Kowalik (1027722),2006-06-19,Poland,Defender - Centre-Back,Defender,right,190.0,Stal Mielec,22431,,,0.13333333333333333,0.0,0.13333333333333333,20.2
839031,2025,CA Huracán,Copa Sudamericana,8.0,1.0,0.0,675.0,Leonel Pérez (839031),2004-08-09,Argentina,Midfield - Defensive Midfield,Midfield,right,186.0,CA Huracán,2063,4500000.0,2025-06-01,0.13333333333333333,0.0,0.13333333333333333,22.0
1250365,24/25,Polissya-2 Zhytomyr,Druga Liga,10.0,1.0,0.0,676.0,Mykhaylo Rasko (1250365),2004-11-22,Ukraine,Midfield - Attacking Midfield,Midfield,right,174.0,Polissya-2 Zhytomyr,119780,50000.0,2025-06-09,0.1331360946745562,0.0,0.1331360946745562,21.7
818962,24/25,Sant'Angelo,Serie D - B,26.0,1.0,0.0,678.0,Samuele Grossi (818962),2005-04-30,Italy,Attack - Right Winger,Attack,left,172.0,Real Calepina FC,82583,50000.0,2025-05-14,0.1327433628318584,0.0,0.1327433628318584,21.3
942815,24/25,Reggina 1914,Serie D - I,18.0,1.0,0.0,678.0,Luigi Forciniti (942815),2006-02-24,Italy,Midfield - Central Midfield,Midfield,right,0.0,Giugliano Calcio 1928,9818,10000.0,2025-05-14,0.1327433628318584,0.0,0.1327433628318584,20.5
907082,24/25,SC Freiburg II,Regionalliga Südwest,22.0,1.0,1.0,1358.0,Karl Steinmann (907082),2005-12-13,Germany,Defender - Right-Back,Defender,right,186.0,SC Freiburg II,245,75000.0,2025-06-10,0.0662739322533137,0.0662739322533137,0.1325478645066274,20.7
954685,24/25,Spezia Primavera,Primavera 2 - B,13.0,1.0,0.0,679.0,Thomas Tognoni (954685),2006-02-05,Italy,Midfield - Attacking Midfield,Midfield,left,0.0,Spezia Primavera,14893,25000.0,2025-05-27,0.1325478645066274,0.0,0.1325478645066274,20.5
1051737,24/25,Frosinone Primavera,Primavera 2 - B,8.0,1.0,0.0,679.0,Kevin Barcella (1051737),2006-06-17,Italy,Attack - Right Winger,Attack,,0.0,Frosinone Calcio,8970,400000.0,2025-06-01,0.1325478645066274,0.0,0.1325478645066274,20.2
1200417,24/25,Toulouse FC U19,National U19 - Grp. D,9.0,1.0,0.0,682.0,Ilyas Azizi (1200417),2008-04-13,France  Morocco,Attack - Left Winger,Attack,right,173.0,FC Toulouse,415,,,0.13196480938416422,0.0,0.13196480938416422,18.3
810092,24/25,Paris Saint-Germain,Ligue 1,29.0,1.0,2.0,2052.0,Warren Zaïre-Emery (810092),2006-03-08,France  Martinique,Midfield - Central Midfield,Midfield,right,178.0,Paris Saint-Germain,583,55000000.0,2025-06-02,0.043859649122807015,0.08771929824561403,0.13157894736842105,20.4
1171981,24/25,ESTAC Troyes U19,National U19 - Grp. B,8.0,1.0,0.0,684.0,Mathys Detourbet (1171981),2007-04-29,France,Attack - Centre-Forward,Attack,right,0.0,ESTAC Troyes,1095,200000.0,2025-06-01,0.13157894736842105,0.0,0.13157894736842105,19.3
925862,24/25,PSV Eindhoven U21,Keuken Kampioen Divisie,9.0,1.0,0.0,685.0,Esmir Bajraktarević (925862),2005-03-10,Bosnia-Herzegovina  United States,Attack - Right Winger,Attack,left,175.0,PSV Eindhoven,383,3000000.0,2025-05-27,0.1313868613138686,0.0,0.1313868613138686,21.4
1220010,2025,SC Internacional U20,CBF Brasileiro U20,9.0,1.0,0.0,686.0,Yago Noal (1220010),2007-02-05,Brazil,Midfield - Attacking Midfield,Midfield,right,171.0,SC Internacional U20,15083,500000.0,2025-09-04,0.13119533527696792,0.0,0.13119533527696792,19.5
1208378,24/25,Adana Demirspor U19,U19 Süper Lig,31.0,2.0,0.0,1373.0,Ali Fidan (1208378),2006-08-04,Türkiye,Defender - Centre-Back,Defender,left,0.0,Adana Demirspor,3840,,,0.13109978150036417,0.0,0.13109978150036417,20.0
887638,24/25,Milan Futuro,Serie C-B,25.0,1.0,2.0,2063.0,Davide Bartesaghi (887638),2005-12-29,Italy,Defender - Left-Back,Defender,left,193.0,AC Milan,5,1800000.0,2025-06-18,0.043625787687833255,0.08725157537566651,0.13087736306349976,20.6
926307,24/25,Dagenham & Redbridge FC,National League,14.0,1.0,0.0,690.0,Luca Woodhouse (926307),2004-07-25,England,Defender - Centre-Back,Defender,left,188.0,Exeter City,6699,50000.0,2025-06-17,0.13043478260869565,0.0,0.13043478260869565,22.1
942925,24/25,FC Porto B,Liga Portugal 2,11.0,1.0,0.0,690.0,Luís Gomes (942925),2005-04-13,Portugal,Defender - Centre-Back,Defender,right,189.0,FC Porto B,10331,200000.0,2025-06-22,0.13043478260869565,0.0,0.13043478260869565,21.3
902301,24/25,Yeni Malatyaspor,1.Lig,24.0,1.0,0.0,691.0,Osman Katipoğlu (902301),2006-02-12,Türkiye,Attack - Centre-Forward,Attack,right,184.0,Yeni Malatyaspor,19789,75000.0,2025-06-24,0.13024602026049203,0.0,0.13024602026049203,20.5
1110414,24/25,Hilleröd Fodbold,1.Division Relegation,9.0,1.0,0.0,691.0,William Glindtvad (1110414),2006-09-02,Denmark,Defender - Centre-Back,Defender,,0.0,Hilleröd Fodbold,49675,200000.0,2025-06-15,0.13024602026049203,0.0,0.13024602026049203,20.0
718882,24/25,RZ Deportivo Aragón,Segunda Federación - Gr. II,30.0,1.0,1.0,1384.0,Pablo Cortés (718882),2004-05-28,Spain,Attack - Right Winger,Attack,,0.0,RC Deportivo Fabril,11603,150000.0,2025-06-24,0.06502890173410404,0.06502890173410404,0.13005780346820808,22.2
723771,24/25,Calcio Foggia 1920,Serie C-C,17.0,1.0,0.0,693.0,Amadou Sarr (723771),2004-06-28,Senegal  Italy,Attack - Centre-Forward,Attack,left,190.0,UC AlbinoLeffe,4541,150000.0,2025-06-18,0.12987012987012986,0.0,0.12987012987012986,22.1
931841,24/25,Willem II Tilburg,Eredivisie,22.0,1.0,0.0,693.0,Amar Fatah (931841),2004-02-19,Sweden  Somalia,Attack - Left Winger,Attack,right,180.0,Dundee United FC,1519,450000.0,2025-05-27,0.12987012987012986,0.0,0.12987012987012986,22.5
1220468,2025,CR Vasco da Gama U20,CBF Brasileiro U20,8.0,1.0,0.0,693.0,Luiz Gustavo (1220468),2006-04-12,Brazil,Defender - Centre-Back,Defender,left,188.0,Esporte Clube Bahia,10010,300000.0,2025-06-05,0.12987012987012986,0.0,0.12987012987012986,20.4
1200416,24/25,SM Caen U19,National U19 - Grp. A,19.0,1.0,1.0,1389.0,Soan Ameline (1200416),2008-05-29,France  Algeria,Midfield - Central Midfield,Midfield,right,0.0,SM Caen B,12770,,,0.06479481641468682,0.06479481641468682,0.12958963282937364,18.2
903442,24/25,Cove Rangers FC,League One,20.0,1.0,1.0,1390.0,Liam Parker (903442),2004-05-10,Scotland,Defender - Centre-Back,Defender,left,195.0,Cove Rangers FC,8933,,,0.06474820143884892,0.06474820143884892,0.12949640287769784,22.3
968724,24/25,Fossano Calcio,Serie D - A,27.0,1.0,1.0,1392.0,Matteo Cociobanu (968724),2006-01-15,Italy  Romania,Midfield - Right Midfield,Midfield,,0.0,Forza e Coraggio Alessandria,2721,0.0,2025-07-16,0.06465517241379311,0.06465517241379311,0.12931034482758622,20.6
908061,25/26,1.SK Prostejov,ChNL,8.0,1.0,0.0,696.0,Vojtech Hranos (908061),2006-05-08,Czech Republic,Attack - Left Winger,Attack,right,185.0,1.SK Prostejov,13718,400000.0,2025-06-16,0.12931034482758622,0.0,0.12931034482758622,20.3
675623,24/25,AZ Alkmaar U21,Keuken Kampioen Divisie,34.0,2.0,0.0,1394.0,Job Kalisvaart (675623),2004-06-10,Netherlands,Midfield - Defensive Midfield,Midfield,right,0.0,Almere City FC,723,350000.0,2025-06-08,0.1291248206599713,0.0,0.1291248206599713,22.2
989960,24/25,CS Entité Manageoise,2de Nationale ACFF,26.0,1.0,0.0,697.0,Younes Enegued (989960),2004-01-28,Belgium,Midfield - Defensive Midfield,Midfield,,0.0,CS Entité Manageoise,57094,,,0.1291248206599713,0.0,0.1291248206599713,22.6
1190851,24/25,Montpellier HSC B,National 3 - Grp. J,10.0,1.0,0.0,698.0,Yvan Djemba Mbappé (1190851),2005-04-14,Cameroon,Midfield - Defensive Midfield,Midfield,,183.0,Montpellier HSC B,6572,,,0.12893982808022922,0.0,0.12893982808022922,21.3
1241211,24/25,AJ Auxerre U19,National U19 - Grp. B,9.0,1.0,0.0,698.0,Rudy Matondo (1241211),2008-03-13,France  Congo,Midfield - Central Midfield,Midfield,right,180.0,AJ Auxerre,290,300000.0,2025-06-02,0.12893982808022922,0.0,0.12893982808022922,18.4
1131117,24/25,VfB Stuttgart II,3. Liga,14.0,1.0,0.0,699.0,Mirza Catovic (1131117),2007-05-01,Serbia  Bosnia-Herzegovina,Midfield - Defensive Midfield,Midfield,left,190.0,VfB Stuttgart II,102,800000.0,2025-06-10,0.12875536480686695,0.0,0.12875536480686695,19.3
1228715,24/25,AD Alcorcón,Primera Federación - Gr. II,25.0,1.0,2.0,2098.0,Samu Rodríguez (1228715),2004-12-08,Spain,Defender - Left-Back,Defender,left,182.0,AD Alcorcón,11596,200000.0,2025-06-24,0.042897998093422304,0.08579599618684461,0.1286939942802669,21.7
581106,24/25,Aarhus GF,Superliga Championship round,9.0,1.0,0.0,700.0,Kristian Arnstad (581106),2003-09-07,Norway,Midfield - Central Midfield,Midfield,right,175.0,Aarhus GF,678,2500000.0,2025-06-15,0.12857142857142856,0.0,0.12857142857142856,22.9
1119866,24/25,Stade Brest 29 U19,National U19 - Grp. C,9.0,1.0,0.0,700.0,Nathan Moineau (1119866),2006-10-30,France,Attack - Left Winger,Attack,,0.0,Stade Brest 29 B,16674,,,0.12857142857142856,0.0,0.12857142857142856,19.8
985345,2025,América Futebol Clube (MG),Série B,20.0,1.0,1.0,1401.0,Júlio (985345),2003-09-28,Brazil,Defender - Centre-Back,Defender,right,186.0,América Futebol Clube (MG),2863,250000.0,2025-06-26,0.06423982869379015,0.06423982869379015,0.1284796573875803,22.9
936866,24/25,Southampton FC U18,U18 Premier League,24.0,1.0,2.0,2105.0,Tommy Dobson-Ventura (936866),2006-09-03,England  Spain,Defender - Centre-Back,Defender,right,191.0,Southampton FC U21,36546,,,0.04275534441805225,0.0855106888361045,0.12826603325415675,20.0
847321,2025,Busan IPark,K League 2,10.0,1.0,0.0,702.0,Uk-hyeon Hong (847321),2004-01-06,"Korea, South",Defender - Centre-Back,Defender,,188.0,Busan IPark,2582,125000.0,2025-06-02,0.12820512820512822,0.0,0.12820512820512822,22.6
894608,24/25,Monopoli Primavera,Primavera 2 - B,9.0,1.0,0.0,703.0,Diego Brasili (894608),2005-01-13,Italy,Attack - Centre-Forward,Attack,right,0.0,Flaminia Civita Castellana,23051,0.0,2025-05-14,0.12802275960170698,0.0,0.12802275960170698,21.6
982071,24/25,Ternana Primavera,Primavera 2 - B,25.0,1.0,0.0,703.0,Nicolò Guaglianone (982071),2007-04-18,Italy,Midfield - Central Midfield,Midfield,,0.0,Ternana Primavera,8513,,,0.12802275960170698,0.0,0.12802275960170698,19.3
812133,24/25,Wolverhampton Wanderers U21,Premier League 2,14.0,1.0,0.0,704.0,Filozofe Mabete (812133),2005-03-14,DR Congo  England,Defender - Centre-Back,Defender,right,0.0,Swindon Town,352,,,0.1278409090909091,0.0,0.1278409090909091,21.4
859949,25/26,Leamington FC,National League North,8.0,1.0,0.0,704.0,Owen Farmer (859949),2005-05-22,England,Attack - Centre-Forward,Attack,,0.0,Leamington FC,23226,,,0.1278409090909091,0.0,0.1278409090909091,21.2
776915,24/25,Olympique de Marseille B,National 3 - Grp. J,20.0,1.0,0.0,705.0,Sayha Seha (776915),2005-01-15,Madagascar  France,Attack - Left Winger,Attack,right,174.0,US Catanzaro,4097,,,0.12765957446808512,0.0,0.12765957446808512,21.6
865993,24/25,Derby County,Championship,10.0,1.0,0.0,705.0,David Ozoh (865993),2005-05-06,England  Spain,Midfield - Defensive Midfield,Midfield,right,189.0,Derby County,22,700000.0,2025-05-26,0.12765957446808512,0.0,0.12765957446808512,21.3
1015705,2025,FK Haugesund,Eliteserien,12.0,1.0,0.0,705.0,Mikkel Hope (1015705),2006-08-08,Norway,Defender - Right-Back,Defender,right,174.0,FK Haugesund,2761,800000.0,2025-06-17,0.12765957446808512,0.0,0.12765957446808512,20.0
944422,24/25,Benevento Primavera,Primavera 2 - B,11.0,1.0,0.0,706.0,Vincenzo Guerra (944422),2006-12-27,Italy,Defender - Centre-Back,Defender,right,184.0,Scafatese Calcio 1922,22048,100000.0,2025-05-14,0.1274787535410765,0.0,0.1274787535410765,19.6
1045100,24/25,Middlesbrough FC U21,Premier League 2,18.0,1.0,0.0,706.0,Rio Patterson-Powell (1045100),2005-11-02,England  Jamaica,Midfield - Right Midfield,Midfield,right,0.0,Middlesbrough FC U21,9256,,,0.1274787535410765,0.0,0.1274787535410765,20.8
1123309,2025,Club de Gimnasia y Esgrima La Plata II,Copa Proyección Apertura,10.0,1.0,0.0,706.0,Nicolás Barros Schelotto (1123309),2006-09-22,Argentina,Midfield - Attacking Midfield,Midfield,left,0.0,Club de Gimnasia y Esgrima La Plata II,16981,,,0.1274787535410765,0.0,0.1274787535410765,19.9
1129712,24/25,San Donato Tavarnelle,Serie D - E,12.0,1.0,0.0,707.0,Lapo Calonaci (1129712),2006-08-20,Italy,Midfield,Midfield,,0.0,San Donato Tavarnelle,39818,50000.0,2025-02-26,0.1272984441301273,0.0,0.1272984441301273,20.0
1133978,24/25,Manchester United U21,Premier League 2,9.0,1.0,0.0,707.0,Sékou Koné (1133978),2006-02-03,Mali,Midfield - Defensive Midfield,Midfield,right,176.0,Manchester United U21,9251,,,0.1272984441301273,0.0,0.1272984441301273,20.5
940462,24/25,UD Ibiza,Primera Federación - Gr. II,20.0,1.0,0.0,708.0,Pau Ferrer (940462),2003-10-17,Spain,Attack - Centre-Forward,Attack,left,0.0,SD Ponferradina,4032,150000.0,2025-06-24,0.1271186440677966,0.0,0.1271186440677966,22.8
1164609,24/25,FC Wohlen,1. Liga gr. 2,18.0,1.0,0.0,708.0,Sergio Casale (1164609),2005-11-04,Italy,Midfield,Midfield,left,168.0,FC Rothrist,14357,,,0.1271186440677966,0.0,0.1271186440677966,20.8
897610,24/25,FC Vado,Serie D - A,19.0,1.0,0.0,709.0,Angelo Mameli (897610),2005-02-04,Italy,Midfield - Defensive Midfield,Midfield,left,0.0,Olbia Calcio 1905,9826,75000.0,2025-05-14,0.12693935119887165,0.0,0.12693935119887165,21.5
1218974,2025,Hamarkameratene II,Norsk Tipping-Ligaen avd. 3,9.0,1.0,0.0,709.0,Leo Haug Utkilen (1218974),2005-04-02,Norway,Midfield - Central Midfield,Midfield,right,181.0,Stjørdals-Blink Fotball,36249,,,0.12693935119887165,0.0,0.12693935119887165,21.4
1005510,2025,Vancouver Whitecaps FC,MLS,22.0,1.0,1.0,1420.0,Tate Johnson (1005510),2005-07-10,United States,Defender - Left-Back,Defender,left,170.0,Vancouver Whitecaps FC,6321,800000.0,2025-06-04,0.06338028169014084,0.06338028169014084,0.1267605633802817,21.1
1054634,24/25,Vitesse Arnhem U21,U21 Div. 2 Fall,10.0,1.0,0.0,711.0,Anass Zarrouk (1054634),2006-07-18,Netherlands  Morocco,Midfield - Attacking Midfield,Midfield,right,175.0,Willem II Tilburg,403,250000.0,2025-06-08,0.12658227848101267,0.0,0.12658227848101267,20.1
1059630,24/25,Nyva Ternopil,Persha Liga,9.0,1.0,0.0,712.0,Vitaliy Mykhayliv (1059630),2005-10-11,Ukraine,Midfield - Central Midfield,Midfield,right,165.0,Nyva Ternopil,2712,50000.0,2025-06-09,0.12640449438202248,0.0,0.12640449438202248,20.9
1226503,24/25,Lecce Under 17,Under 17 - C,16.0,1.0,0.0,712.0,Roko Lerga (1226503),2008-01-10,Croatia,Midfield - Central Midfield,Midfield,,0.0,Lecce Under 18,100461,,,0.12640449438202248,0.0,0.12640449438202248,18.6
795762,24/25,FC Blau-Weiss Linz,Bundesliga,12.0,1.0,0.0,713.0,Elias Bakatukanda (795762),2004-04-13,Germany  DR Congo,Defender - Centre-Back,Defender,both,193.0,FC Blau-Weiss Linz,2157,400000.0,2025-06-05,0.12622720897615708,0.0,0.12622720897615708,22.3
846310,24/25,Eintracht Frankfurt,Bundesliga,20.0,1.0,0.0,713.0,Oscar Højlund (846310),2005-01-04,Denmark,Midfield - Central Midfield,Midfield,right,187.0,Eintracht Frankfurt,24,7500000.0,2025-06-04,0.12622720897615708,0.0,0.12622720897615708,21.6
878150,24/25,Blackburn Rovers,Championship,22.0,1.0,0.0,713.0,Amario Cozier-Duberry (878150),2005-05-29,England  Montserrat,Attack - Right Winger,Attack,left,170.0,Bolton Wanderers,355,2000000.0,2025-05-26,0.12622720897615708,0.0,0.12622720897615708,21.2
982393,24/25,Montpellier HSC,Ligue 1,10.0,1.0,0.0,714.0,Lucas Mincarelli (982393),2004-01-05,France,Defender - Left-Back,Defender,left,179.0,Montpellier HSC,969,900000.0,2025-06-02,0.12605042016806722,0.0,0.12605042016806722,22.6
1048392,24/25,Aalborg BK,Superliga Relegation round,10.0,1.0,0.0,714.0,Mads Bomholt (1048392),2005-12-30,Denmark,Midfield - Central Midfield,Midfield,left,178.0,Aalborg BK,1053,900000.0,2025-06-15,0.12605042016806722,0.0,0.12605042016806722,20.6
1058353,24/25,Bayer 04 Leverkusen U19,U19 Nachwuchsliga - Liga A,8.0,1.0,0.0,714.0,Andrea Natali (1058353),2008-01-28,Italy,Defender - Centre-Back,Defender,right,186.0,AZ Alkmaar U21,11368,,,0.12605042016806722,0.0,0.12605042016806722,18.6
1226641,24/25,Empoli Under 17,Under 17 - C,19.0,1.0,1.0,1429.0,Federico Guglielmino (1226641),2008-03-23,Italy,Defender - Left-Back,Defender,,0.0,Empoli Primavera,8492,,,0.06298110566829951,0.06298110566829951,0.12596221133659902,18.4
1233348,24/25,Widzew Lodz,Ekstraklasa,26.0,1.0,1.0,1429.0,Kamil Cybulski (1233348),2005-12-02,Poland,Attack - Left Winger,Attack,right,174.0,Widzew Lodz,88,650000.0,2025-06-05,0.06298110566829951,0.06298110566829951,0.12596221133659902,20.7
1070366,24/25,Manchester City U18,U18 Premier League,13.0,1.0,0.0,717.0,Harrison Miles (1070366),2008-07-28,England,Midfield - Central Midfield,Midfield,,0.0,Manchester City U18,6930,,,0.12552301255230125,0.0,0.12552301255230125,18.1
1223221,2025,São Paulo FC U20,CBF Brasileiro U20,11.0,1.0,0.0,717.0,Igão (1223221),2007-08-19,Brazil,Defender - Centre-Back,Defender,right,187.0,São Paulo FC U20,14708,,,0.12552301255230125,0.0,0.12552301255230125,19.0
670681,24/25,Paris Saint-Germain,Champions League,17.0,1.0,1.0,1436.0,João Neves (670681),2004-09-27,Portugal,Midfield - Central Midfield,Midfield,right,174.0,Paris Saint-Germain,583,80000000.0,2025-06-02,0.06267409470752089,0.06267409470752089,0.12534818941504178,21.9
990732,24/25,Valenciennes FC,Championnat National,16.0,1.0,1.0,1440.0,Ousmane Touré (990732),2005-02-18,France  Mali,Defender - Centre-Back,Defender,right,187.0,LOSC Lille,1082,500000.0,2025-05-25,0.0625,0.0625,0.125,21.5
807897,24/25,FC Wil 1900 II,2. Liga Inter - Gr. 4,8.0,1.0,0.0,720.0,Leo Buljan (807897),2004-03-01,Switzerland,Midfield - Defensive Midfield,Midfield,right,194.0,FC Zürich U21,5501,100000.0,2025-06-09,0.125,0.0,0.125,22.5
929337,25/26,Hampton & Richmond Borough,National League South,8.0,1.0,0.0,720.0,Charlie Sayers (929337),2004-03-29,England,Defender - Left-Back,Defender,left,183.0,Hampton & Richmond Borough,8820,0.0,2025-03-13,0.125,0.0,0.125,22.4
995520,24/25,1.FC Union Berlin U19,U19 Nachwuchsliga - Gr. B,8.0,1.0,0.0,720.0,Oluwaseun Ogbemudia (995520),2006-07-18,Germany  Nigeria,Defender - Centre-Back,Defender,right,188.0,1.FC Union Berlin,89,,,0.125,0.0,0.125,20.1
1050912,24/25,Cittadella Primavera,Primavera 2 - A,8.0,0.0,1.0,720.0,Riccardo Rossi (1050912),2006-11-10,Italy,Goalkeeper,Goalkeeper,,0.0,AC Este 1920,27462,50000.0,2025-05-14,0.0,0.125,0.125,19.8
1175955,24/25,Reading FC U21,Premier League 2,8.0,1.0,0.0,720.0,Ashqar Ahmed (1175955),2007-08-31,England  Tanzania,Defender - Right-Back,Defender,right,191.0,Reading FC,1032,,,0.125,0.0,0.125,19.0
1208520,24/25,Real Madrid UEFA U19,UEFA Youth League,8.0,1.0,0.0,720.0,Diego Aguado (1208520),2007-02-07,Spain,Defender - Centre-Back,Defender,left,184.0,Real Madrid Castilla,6767,1000000.0,2025-05-04,0.125,0.0,0.125,19.5
865730,24/25,NAC Breda U21,U21 Div. 1 Fall,11.0,1.0,0.0,722.0,Chakir Chouradi (865730),2005-01-25,Netherlands  Morocco,Attack - Left Winger,Attack,right,0.0,NAC Breda U21,8523,,,0.12465373961218837,0.0,0.12465373961218837,21.6
1022057,2025,Goiás EC,Campeonato Goiano,13.0,1.0,0.0,722.0,Pedrinho (1022057),2004-03-23,Brazil,Attack - Right Winger,Attack,right,182.0,Goiás EC,3197,600000.0,2025-06-26,0.12465373961218837,0.0,0.12465373961218837,22.4
887432,24/25,Aston Villa U21,Premier League 2,12.0,1.0,0.0,723.0,Kyrie Pierre (887432),2005-06-17,England  Jamaica,Midfield - Central Midfield,Midfield,,0.0,Brentford FC B,54704,,,0.12448132780082988,0.0,0.12448132780082988,21.2
1020188,24/25,Bergerac Périgord FC,National 2 - Grp. A,12.0,1.0,0.0,723.0,Dimitri Roszak (1020188),2004-03-31,France  Cote d'Ivoire,Defender - Right-Back,Defender,right,180.0,USL Dunkerque B,56578,0.0,2024-06-13,0.12448132780082988,0.0,0.12448132780082988,22.4
1150389,24/25,1.FSV Mainz 05 U17,U17 Nachwuchsliga - Liga A,9.0,1.0,0.0,723.0,Domenic Köppel (1150389),2008-05-13,Germany,Defender - Centre-Back,Defender,right,0.0,1.FSV Mainz 05 U19,5369,,,0.12448132780082988,0.0,0.12448132780082988,18.3
1004507,24/25,Pau FC B,National 3 - Grp. A,19.0,1.0,1.0,1448.0,Titouan Nihouarn (1004507),2004-07-28,France,Midfield - Attacking Midfield,Midfield,right,0.0,Pau FC B,56695,,,0.06215469613259668,0.06215469613259668,0.12430939226519336,22.1
708090,24/25,Enna Calcio,Serie D - I,13.0,1.0,0.0,724.0,Klajdi Lusha (708090),2003-10-13,Albania  Italy,Attack - Centre-Forward,Attack,right,0.0,Orvietana Calcio,22257,125000.0,2025-05-14,0.12430939226519336,0.0,0.12430939226519336,22.9
1010855,24/25,Nîmes Olympique,Championnat National,10.0,1.0,0.0,724.0,Aboubacar Ali (1010855),2006-04-02,Comoros  France,Attack - Left Winger,Attack,right,183.0,Francs Borains,2974,200000.0,2025-06-22,0.12430939226519336,0.0,0.12430939226519336,20.4
874888,24/25,Burnley FC U21,Premier League Cup,9.0,1.0,0.0,725.0,Joe Bauress (874888),2006-03-01,England,Midfield - Central Midfield,Midfield,,0.0,Accrington Stanley,3688,,,0.12413793103448274,0.0,0.12413793103448274,20.5
943770,24/25,FC Slovan Liberec B,CFL,9.0,1.0,0.0,726.0,Sebastian Kop (943770),2005-08-11,Czech Republic,Midfield - Defensive Midfield,Midfield,,0.0,FK Pribram,2598,,,0.12396694214876033,0.0,0.12396694214876033,21.0
989188,24/25,United Riccione,Serie D - D,10.0,1.0,0.0,726.0,,2006-08-22,Italy,Attack - Centre-Forward,Attack,right,0.0,FC Vado,11483,75000.0,2025-05-14,0.12396694214876033,0.0,0.12396694214876033,20.0
1222880,24/25,Angers SCO U19,National U19 - Grp. C,15.0,1.0,0.0,726.0,Ylies Ounissi (1222880),2007-08-02,France  Algeria,Midfield - Defensive Midfield,Midfield,right,185.0,Angers SCO B,16672,,,0.12396694214876033,0.0,0.12396694214876033,19.0
677834,2025,Loudoun United FC,USLC,15.0,1.0,0.0,727.0,Moses Nyeman (677834),2003-11-05,United States  Liberia,Midfield - Defensive Midfield,Midfield,right,165.0,Loudoun United FC,68031,200000.0,2025-05-07,0.12379642365887208,0.0,0.12379642365887208,22.8
1202400,24/25,Derby County U18,U18 Premier League,11.0,1.0,0.0,727.0,Khace Gordon (1202400),2008-06-23,England,Defender - Right-Back,Defender,,0.0,Derby County U18,10002,,,0.12379642365887208,0.0,0.12379642365887208,18.2
1267571,24/25,SC Heerenveen U21,U21 Div. 2 Spring,12.0,1.0,0.0,727.0,Jimmy Martens (1267571),2005-08-22,Netherlands,Midfield - Attacking Midfield,Midfield,,180.0,SC Heerenveen U21,24368,,,0.12379642365887208,0.0,0.12379642365887208,21.0
887816,24/25,HNK Hajduk Split,SuperSport HNL,30.0,1.0,1.0,1456.0,Rokas Pukstas (887816),2004-08-25,United States  Lithuania,Midfield - Attacking Midfield,Midfield,right,181.0,HNK Hajduk Split,447,5000000.0,2025-06-08,0.061813186813186816,0.061813186813186816,0.12362637362637363,22.0
1119417,24/25,Clermont Foot 63 B,National 3 - Grp. I,14.0,1.0,0.0,729.0,Ilan Ihaddadene (1119417),2005-05-29,France  Algeria,Midfield - Attacking Midfield,Midfield,right,170.0,Lyon - La Duchère,17768,,,0.12345679012345678,0.0,0.12345679012345678,21.2
660860,24/25,Hellas Verona,Serie A,34.0,2.0,0.0,1463.0,Diego Coppola (660860),2003-12-28,Italy  Netherlands,Defender - Centre-Back,Defender,right,193.0,Brighton & Hove Albion,1237,10000000.0,2025-06-16,0.12303485987696515,0.0,0.12303485987696515,22.6
1017551,24/25,Samsunspor U19,U19 Süper Lig,9.0,1.0,0.0,732.0,Bedirhan Çetin (1017551),2006-06-29,Türkiye,Defender - Centre-Back,Defender,right,182.0,Samsunspor,152,175000.0,2025-06-17,0.12295081967213115,0.0,0.12295081967213115,20.1
874090,24/25,Bromley FC,League Two,17.0,1.0,1.0,1468.0,Deji Elerewe (874090),2003-09-14,England  Nigeria,Defender - Centre-Back,Defender,,195.0,Bromley FC,8981,75000.0,2025-06-29,0.061307901907356945,0.061307901907356945,0.12261580381471389,22.9
933069,24/25,USD Fezzanese,Serie D - E,27.0,1.0,1.0,1469.0,Alessandro Campana (933069),2005-01-23,Italy,Midfield - Left Midfield,Midfield,,0.0,USD Fezzanese,22202,75000.0,2025-05-14,0.06126616746085772,0.06126616746085772,0.12253233492171545,21.6
797572,24/25,Red Star Belgrade,Super liga Srbije,9.0,1.0,0.0,735.0,Stefan Leković (797572),2004-01-09,Serbia,Defender - Centre-Back,Defender,right,192.0,Red Star Belgrade,159,1700000.0,2025-06-16,0.12244897959183673,0.0,0.12244897959183673,22.6
1307510,24/25,Stade de Reims U19,National U19 - Grp. B,15.0,1.0,0.0,735.0,Parfait-Anthony Ndzana (1307510),2007-04-17,France  Cameroon,Defender,Defender,,0.0,Stade de Reims U19,12774,,,0.12244897959183673,0.0,0.12244897959183673,19.3
704338,24/25,Alcione Milano,Serie C-A,33.0,2.0,0.0,1473.0,Paolo Chierichetti (704338),2003-09-07,Italy,Defender - Right-Back,Defender,right,185.0,Alcione Milano,52687,250000.0,2025-06-18,0.12219959266802444,0.0,0.12219959266802444,22.9
1093489,2025,Odds BK,OBOS-ligaen,12.0,1.0,0.0,737.0,Noah Kojo (1093489),2006-01-30,Norway,Midfield - Central Midfield,Midfield,,0.0,Odds BK,1058,250000.0,2025-06-25,0.12211668928086837,0.0,0.12211668928086837,20.6
913894,24/25,Derthona FBC,Serie D - A,19.0,1.0,0.0,738.0,Leonardo Disegni (913894),2004-04-12,Italy,Midfield - Defensive Midfield,Midfield,left,188.0,Derthona FBC,22204,25000.0,2025-05-14,0.12195121951219512,0.0,0.12195121951219512,22.4
1119878,24/25,AC Le Havre U19,National U19 - Grp. A,12.0,1.0,0.0,738.0,Alramid Assoumani (1119878),2006-01-26,France  Comoros,Midfield - Attacking Midfield,Midfield,right,0.0,Without Club,515,,,0.12195121951219512,0.0,0.12195121951219512,20.6
1013475,2025,Columbus Crew 2,MLS Next Pro,8.0,0.0,1.0,739.0,Stanislav Lapkes (1013475),2006-03-03,Belarus,Goalkeeper,Goalkeeper,,194.0,Columbus Crew,813,,,0.0,0.12178619756427606,0.12178619756427606,20.5
1169718,24/25,Modena Primavera,Primavera 2 - A,9.0,1.0,0.0,739.0,Franck Guiyong (1169718),2006-01-05,France,Defender - Centre-Back,Defender,,0.0,Modena Primavera,14908,25000.0,2025-05-27,0.12178619756427606,0.0,0.12178619756427606,20.6
1303962,24/25,Yeni Malatyaspor U19,U19 Süper Lig,12.0,1.0,0.0,739.0,Muhammed Mustafa Tatar (1303962),2008-02-21,Türkiye,Midfield - Defensive Midfield,Midfield,,0.0,Yeni Malatyaspor,19789,,,0.12178619756427606,0.0,0.12178619756427606,18.5
1170851,24/25,Cagliari Under 18,Under 18,24.0,1.0,1.0,1480.0,Filippo Bortolato (1170851),2007-08-28,Italy,Midfield - Defensive Midfield,Midfield,,0.0,Pro Sesto Primavera,86383,,,0.060810810810810814,0.060810810810810814,0.12162162162162163,19.0
926995,24/25,Aalborg BK U19,U19 Boys League,18.0,1.0,1.0,1482.0,Amar Diagne (926995),2006-01-02,Denmark  Senegal,Attack - Left Winger,Attack,right,175.0,Aalborg BK,1053,25000.0,2025-06-15,0.06072874493927125,0.06072874493927125,0.1214574898785425,20.6
684315,24/25,Eintracht Frankfurt,Bundesliga,24.0,1.0,1.0,1484.0,Nnamdi Collins (684315),2004-01-10,Germany  Nigeria,Defender - Centre-Back,Defender,right,191.0,Eintracht Frankfurt,24,10000000.0,2025-06-04,0.06064690026954178,0.06064690026954178,0.12129380053908356,22.6
955606,24/25,Pisa Primavera,Primavera 2 - B,12.0,1.0,0.0,742.0,Adrian Raychev (955606),2006-04-19,Bulgaria,Attack - Right Winger,Attack,right,183.0,Frosinone Calcio,8970,100000.0,2025-06-18,0.12129380053908356,0.0,0.12129380053908356,20.3
936226,24/25,SPAL Primavera,Primavera 2 - A,28.0,1.0,2.0,2229.0,Alberto Osti (936226),2006-01-13,Italy,Defender - Right-Back,Defender,right,185.0,AC Este 1920,27462,50000.0,2025-05-27,0.040376850605652756,0.08075370121130551,0.12113055181695827,20.6
719680,24/25,Marine FC,National League North,17.0,1.0,1.0,1487.0,Kristi Montgomery (719680),2004-05-31,Scotland,Midfield - Central Midfield,Midfield,right,184.0,Blackburn Rovers,164,100000.0,2025-05-26,0.0605245460659045,0.0605245460659045,0.121049092131809,22.2
1096507,2025,RB Bragantino U20,CBF Brasileiro U20,14.0,1.0,0.0,744.0,Alexandre Pena (1096507),2005-02-21,Brazil,Midfield - Attacking Midfield,Midfield,right,0.0,RB Bragantino U20,19325,,,0.12096774193548387,0.0,0.12096774193548387,21.5
1330788,2025,Hammarby TFF,Ettan Norra,10.0,1.0,0.0,744.0,Wilson Lindberg Uhrström (1330788),2006-03-23,Sweden,Midfield - Attacking Midfield,Midfield,,175.0,Hammarby IF,1059,150000.0,2025-06-17,0.12096774193548387,0.0,0.12096774193548387,20.4
646746,24/25,CD Lugo,Primera Federación - Gr. I,34.0,1.0,2.0,2235.0,Roger Martínez (646746),2004-04-05,Spain,Midfield - Central Midfield,Midfield,right,177.0,FC Barcelona Atlètic,2464,300000.0,2025-06-24,0.04026845637583893,0.08053691275167786,0.1208053691275168,22.4
678846,24/25,FC Vaduz,Challenge League,10.0,1.0,0.0,745.0,Ronaldo Dantas Fernandes (678846),2004-12-13,Switzerland,Midfield - Attacking Midfield,Midfield,left,169.0,FC Vaduz,163,250000.0,2025-06-09,0.12080536912751677,0.0,0.12080536912751677,21.7
1247615,24/25,Stade de Reims U19,National U19 - Grp. B,9.0,1.0,0.0,745.0,Khalil-Liam Kie (1247615),2008-07-16,France  Cote d'Ivoire,Defender - Centre-Back,Defender,right,188.0,Stade de Reims U19,12774,,,0.12080536912751677,0.0,0.12080536912751677,18.1
671732,24/25,FC Groningen U21,U21 Div. 1 Spring,12.0,1.0,0.0,746.0,Djurre Laansma (671732),2004-02-28,Netherlands,Midfield - Central Midfield,Midfield,,0.0,Harkemase Boys,7408,,,0.12064343163538874,0.0,0.12064343163538874,22.5
1188611,24/25,Torino Under 18,Under 18,17.0,1.0,0.0,746.0,Jean Fiore (1188611),2007-02-23,Italy,Defender - Centre-Back,Defender,,0.0,Seravezza Pozzi Calcio,59318,,,0.12064343163538874,0.0,0.12064343163538874,19.5
818485,24/25,SS Murata,Camp. Sammarinese,9.0,1.0,0.0,749.0,Alessandro Castorina (818485),2004-07-24,Italy,Defender - Centre-Back,Defender,both,190.0,Without Club,515,10000.0,2025-06-09,0.12016021361815754,0.0,0.12016021361815754,22.1
1012075,24/25,Wolverhampton Wanderers U18,U18 Premier League,9.0,1.0,0.0,749.0,Makenzie Bradbury (1012075),2007-08-04,Wales  England,Midfield - Defensive Midfield,Midfield,,0.0,Wolverhampton Wanderers U21,24226,,,0.12016021361815754,0.0,0.12016021361815754,19.0
1056528,24/25,Frosinone Primavera,Primavera 2 - B,10.0,1.0,0.0,751.0,Walter De Filippis (1056528),2007-08-15,Italy,Defender - Left-Back,Defender,right,180.0,Frosinone Primavera,17664,,,0.11984021304926765,0.0,0.11984021304926765,19.0
1054287,24/25,SPAL Primavera,Primavera 2 - A,23.0,1.0,1.0,1503.0,Lorenzo Andreoli (1054287),2006-01-15,Italy,Midfield - Defensive Midfield,Midfield,,0.0,US Adriese 1906,27561,25000.0,2025-05-27,0.059880239520958084,0.059880239520958084,0.11976047904191617,20.6
1164511,24/25,Roma Under 18,Under 18,22.0,1.0,0.0,752.0,Pavle Sarac (1164511),2007-05-28,Bosnia-Herzegovina  Croatia,Midfield - Central Midfield,Midfield,right,0.0,Roma Under 18,76094,,,0.11968085106382978,0.0,0.11968085106382978,19.2
929733,2025,KFUM-Kameratene Oslo II,Norsk Tipping-Ligaen avd. 1,10.0,1.0,0.0,753.0,Michael Clinton Opeyemi (929733),2005-04-17,Norway,Defender - Centre-Back,Defender,left,182.0,KFUM-Kameratene Oslo II,53623,,,0.1195219123505976,0.0,0.1195219123505976,21.3
1086631,2025,América Futebol Clube (MG),Série B,16.0,1.0,0.0,755.0,Kauã Diniz (1086631),2004-03-07,Brazil,Midfield - Defensive Midfield,Midfield,right,186.0,América Futebol Clube (MG),2863,350000.0,2025-06-26,0.11920529801324503,0.0,0.11920529801324503,22.5
725813,24/25,SV Huizen,Derde Divisie A,18.0,1.0,0.0,757.0,Wessel Biljardt (725813),2004-04-20,Netherlands,Attack - Left Winger,Attack,right,0.0,Victoria 1893,62877,,,0.11889035667107001,0.0,0.11889035667107001,22.3
948735,24/25,FC Zürich U19,U19 Elite League,10.0,1.0,0.0,757.0,Mattia Rizzo (948735),2006-10-07,Switzerland  Italy,Defender - Right-Back,Defender,right,0.0,Calcio Lecco 1912,5514,100000.0,2025-06-09,0.11889035667107001,0.0,0.11889035667107001,19.9
1050269,24/25,SO Romorantin,National 3 - Grp. F,23.0,1.0,1.0,1516.0,Noa Courtin (1050269),2004-07-20,France,Defender - Right-Back,Defender,right,0.0,SO Romorantin,5086,,,0.059366754617414245,0.059366754617414245,0.11873350923482849,22.1
969192,24/25,UC Sampdoria,Serie B,35.0,1.0,1.0,1518.0,Ebenezer Akinsanmiro (969192),2004-11-25,Nigeria,Midfield - Central Midfield,Midfield,right,184.0,Pisa Sporting Club,4172,2000000.0,2025-06-01,0.05928853754940712,0.05928853754940712,0.11857707509881424,21.7
866608,24/25,Eintracht Frankfurt U19,U19 Nachwuchsliga - Liga A,9.0,1.0,0.0,760.0,Tamiou Kpebane (866608),2006-05-03,Germany  Italy,Defender - Right-Back,Defender,right,195.0,Sevilla Atlético,8519,,,0.11842105263157894,0.0,0.11842105263157894,20.3
952418,24/25,Oud-Heverlee Leuven U23,1ste Nationale VV,15.0,1.0,0.0,760.0,Soufiane Hassouan (952418),2006-05-10,Belgium  Morocco,Midfield - Central Midfield,Midfield,,0.0,Oud-Heverlee Leuven U23,52563,,,0.11842105263157894,0.0,0.11842105263157894,20.3
1237398,24/25,Salernitana Primavera,Primavera 2 - B,28.0,1.0,2.0,2284.0,Giacomo Paganetti (1237398),2006-01-06,Italy,Midfield - Right Midfield,Midfield,right,181.0,Salernitana Primavera,14968,50000.0,2025-05-27,0.0394045534150613,0.0788091068301226,0.1182136602451839,20.6
1188345,24/25,Udinese Primavera,Primavera 1,24.0,1.0,1.0,1528.0,Lorenzo Del Pino (1188345),2007-10-29,Italy,Defender - Centre-Back,Defender,right,0.0,Udinese Primavera,10959,,,0.05890052356020943,0.05890052356020943,0.11780104712041886,18.8
895724,24/25,Warrington Town,National League North,17.0,1.0,1.0,1530.0,Aaron James (895724),2005-06-30,England,Defender - Right-Back,Defender,,0.0,Wrexham AFC,1112,,,0.058823529411764705,0.058823529411764705,0.11764705882352941,21.1
646706,24/25,NEC Nijmegen U21,U21 Div. 2 Fall,9.0,1.0,0.0,765.0,Tymen Niekel (646706),2004-04-29,Netherlands,Defender - Left-Back,Defender,left,173.0,OJC Rosmalen,2945,,,0.11764705882352941,0.0,0.11764705882352941,22.3
1027067,24/25,Civil Service Strollers FC,Lowland League,12.0,1.0,0.0,765.0,Bayley Klimionek (1027067),2006-02-12,Scotland,Defender - Centre-Back,Defender,left,0.0,Brechin City FC,3194,,,0.11764705882352941,0.0,0.11764705882352941,20.5
897908,24/25,Lentigione Calcio,Serie D - D,18.0,1.0,1.0,1532.0,Alessandro Cavacchioli (897908),2005-01-17,Italy,Defender - Right-Back,Defender,right,0.0,Without Club,515,175000.0,2025-05-14,0.0587467362924282,0.0587467362924282,0.1174934725848564,21.6
811292,24/25,Exeter City,League One,23.0,1.0,0.0,766.0,Sonny Cox (811292),2004-10-11,England,Attack - Centre-Forward,Attack,left,178.0,Exeter City,6699,400000.0,2025-06-17,0.1174934725848564,0.0,0.1174934725848564,21.9
972212,24/25,VfL Osnabrück U19,U19 Nachwuchsliga - Gr. E,14.0,1.0,0.0,766.0,Rohin Shivani (972212),2006-02-19,Germany,Midfield - Attacking Midfield,Midfield,left,182.0,VfB Lübeck,78,25000.0,2025-09-05,0.1174934725848564,0.0,0.1174934725848564,20.5
1029227,2025,Sport Club Corinthians Paulista,Série A,20.0,1.0,1.0,1535.0,Breno Bidon (1029227),2005-02-20,Brazil,Midfield - Central Midfield,Midfield,left,178.0,Sport Club Corinthians Paulista,199,12000000.0,2025-06-05,0.05863192182410424,0.05863192182410424,0.11726384364820848,21.5
694141,24/25,SpVgg Unterhaching II,Bayernliga Süd,12.0,1.0,0.0,769.0,Fynn Seidel (694141),2004-01-31,Germany,Midfield - Attacking Midfield,Midfield,right,175.0,BSG Chemie Leipzig,9572,100000.0,2025-06-22,0.11703511053315994,0.0,0.11703511053315994,22.5
907081,24/25,SC Freiburg II,Regionalliga Südwest,20.0,1.0,1.0,1539.0,David Schopper (907081),2005-05-30,Germany,Defender - Centre-Back,Defender,right,189.0,SC Freiburg II,245,100000.0,2025-06-10,0.05847953216374269,0.05847953216374269,0.11695906432748537,21.2
959294,24/25,VfL Wolfsburg U19,U19 Nachwuchsliga - Gr. B,10.0,1.0,0.0,772.0,Eryk Grzywacz (959294),2006-03-24,Poland,Midfield - Defensive Midfield,Midfield,right,184.0,1.FC Nuremberg,4,100000.0,2025-06-23,0.11658031088082901,0.0,0.11658031088082901,20.4
1249213,24/25,Olympique Saint-Quentin,National 3 - Grp. E,19.0,1.0,0.0,772.0,Evan Garot (1249213),2006-01-05,France,Midfield - Attacking Midfield,Midfield,,0.0,Olympique Saint-Quentin,12276,,,0.11658031088082901,0.0,0.11658031088082901,20.6
718095,2025,Columbus Crew 2,MLS Next Pro,10.0,1.0,0.0,774.0,Keesean Ferdinand (718095),2003-08-17,Canada  Haiti,Defender - Right-Back,Defender,both,183.0,Columbus Crew 2,95333,0.0,2023-12-17,0.11627906976744186,0.0,0.11627906976744186,23.0
1170286,24/25,Olympique Marseille U19,National U19 - Grp. D,9.0,1.0,0.0,774.0,Darryl Bakola (1170286),2007-11-30,France  Congo,Midfield - Attacking Midfield,Midfield,right,178.0,Olympique Marseille,244,200000.0,2025-06-02,0.11627906976744186,0.0,0.11627906976744186,18.7
842217,24/25,VfB Stuttgart II,3. Liga,13.0,1.0,0.0,775.0,Christopher Olivier (842217),2006-01-31,Austria  South Africa,Defender - Right-Back,Defender,right,187.0,VfB Stuttgart II,102,500000.0,2025-06-10,0.11612903225806452,0.0,0.11612903225806452,20.5
895331,24/25,Betis Deportivo Balompié,Primera Federación - Gr. II,30.0,1.0,1.0,1551.0,Dani Pérez (895331),2005-07-26,Spain,Midfield - Attacking Midfield,Midfield,right,173.0,Betis Deportivo Balompié,2865,500000.0,2025-06-24,0.058027079303675046,0.058027079303675046,0.11605415860735009,21.1
868810,2025,Manaus Futebol Clube,Série D,12.0,1.0,0.0,776.0,Weverson (868810),2003-08-11,Brazil,Midfield - Defensive Midfield,Midfield,left,186.0,Manaus Futebol Clube,46022,,,0.11597938144329897,0.0,0.11597938144329897,23.0
1049728,24/25,AS Giana Erminio,Serie C-A,37.0,1.0,3.0,3106.0,Nicolas Previtali (1049728),2004-11-20,Italy,Defender - Right-Back,Defender,right,0.0,AS Giana Erminio,44223,250000.0,2025-06-18,0.028976175144880875,0.08692852543464263,0.11590470057952351,21.7
877620,24/25,ASD Team Altamura,Serie C-C,31.0,1.0,2.0,2330.0,Moussa Mané (877620),2003-11-19,Italy  Senegal,Defender - Right-Back,Defender,right,182.0,SSC Bari,332,125000.0,2025-06-18,0.03862660944206008,0.07725321888412016,0.11587982832618024,22.7
678841,24/25,FC Lausanne-Sport II,1. Liga gr. 1,10.0,1.0,0.0,777.0,Ethan Brandy (678841),2004-11-10,Switzerland  Austria,Defender - Right-Back,Defender,right,182.0,FC Stade Nyonnais,5507,50000.0,2025-06-09,0.11583011583011582,0.0,0.11583011583011582,21.8
808420,24/25,FC Twente Enschede U21,U21 Div. 1 Spring,11.0,1.0,0.0,777.0,Semir Lbenay (808420),2003-10-27,Netherlands,Defender - Left-Back,Defender,left,0.0,Without Club,515,,,0.11583011583011582,0.0,0.11583011583011582,22.8
987360,24/25,FC Twente Enschede U19,U19 Div. 1 Spring,10.0,1.0,0.0,778.0,Benjamin Nagel (987360),2007-11-11,Netherlands  United States,Midfield - Central Midfield,Midfield,right,0.0,FC Twente Enschede U19,6200,,,0.11568123393316194,0.0,0.11568123393316194,18.8
914943,2025,Víkingur Reykjavík,Besta deild,13.0,1.0,0.0,779.0,Stígur Thórdarson (914943),2006-01-04,Iceland,Attack - Left Winger,Attack,right,183.0,Víkingur Reykjavík,5849,75000.0,2025-06-24,0.11553273427471115,0.0,0.11553273427471115,20.6
1175301,24/25,Roma U20,Primavera 1,20.0,1.0,1.0,1560.0,Federico Nardin (1175301),2007-02-18,Italy,Defender - Centre-Back,Defender,right,0.0,Roma U20,11997,,,0.057692307692307696,0.057692307692307696,0.11538461538461539,19.5
1369812,24/25,Standard de Liège 16 FC,1ste NAT ACFF REL PO,10.0,1.0,0.0,780.0,Abdramane Ouedraogo (1369812),2006-10-11,Burkina Faso,Attack - Centre-Forward,Attack,,0.0,Standard de Liège 16 FC,24394,,,0.11538461538461539,0.0,0.11538461538461539,19.9
746976,24/25,De Graafschap Doetinchem U21,U21 Div. 1 Fall,9.0,1.0,0.0,781.0,Anis Yadir (746976),2004-10-29,Netherlands  Morocco,Midfield - Attacking Midfield,Midfield,right,175.0,De Treffers,6160,100000.0,2025-06-08,0.11523687580025607,0.0,0.11523687580025607,21.8
1119940,24/25,FC Metz U19,National U19 - Grp. B,9.0,1.0,0.0,781.0,Tahirys Dos Santos (1119940),2006-06-30,France  Cape Verde,Defender - Left-Back,Defender,,0.0,FC Metz B,8179,,,0.11523687580025607,0.0,0.11523687580025607,20.1
875035,24/25,Lechia Gdansk,Ekstraklasa,23.0,1.0,0.0,782.0,Tomasz Wojtowicz (875035),2003-12-19,Poland,Attack - Left Winger,Attack,right,180.0,Lechia Gdansk,4000,400000.0,2025-06-05,0.11508951406649617,0.0,0.11508951406649617,22.7
947994,24/25,Reggiana Primavera,Primavera 2 - A,19.0,1.0,0.0,782.0,Mattia Legati (947994),2006-04-30,Italy,Midfield - Central Midfield,Midfield,left,0.0,Reggiana Primavera,20406,,,0.11508951406649617,0.0,0.11508951406649617,20.3
959192,24/25,CD Cruz Azul U23,Liga MX U23 Apertura,11.0,1.0,0.0,782.0,Josué Díaz (959192),2004-09-16,Mexico,Defender - Right-Back,Defender,right,172.0,CD Cruz Azul U21,110455,300000.0,2024-12-29,0.11508951406649617,0.0,0.11508951406649617,21.9
1311246,24/25,Frosinone Under 17,Under 17 - C,19.0,1.0,0.0,782.0,Andrea Castellani (1311246),2008-01-20,Italy,Midfield - Central Midfield,Midfield,right,0.0,Frosinone Primavera,17664,,,0.11508951406649617,0.0,0.11508951406649617,18.6
746974,24/25,De Graafschap Doetinchem,Keuken Kampioen Divisie,33.0,1.0,2.0,2349.0,Levi Schoppema (746974),2004-05-27,Netherlands,Defender - Left-Back,Defender,left,179.0,De Graafschap Doetinchem,642,300000.0,2025-06-08,0.03831417624521073,0.07662835249042146,0.1149425287356322,22.2
939564,2025,FK Haugesund II,Norsk Tipping-Ligaen avd. 5,9.0,1.0,0.0,783.0,Almar Grindhaug (939564),2006-02-04,Norway,Midfield - Central Midfield,Midfield,right,180.0,FK Haugesund,2761,250000.0,2025-09-07,0.1149425287356322,0.0,0.1149425287356322,20.5
1097612,24/25,Atlético La Paz,Liga Expansión MX Cl.,10.0,1.0,0.0,783.0,Rolando Flores (1097612),2004-04-08,Mexico,Defender - Centre-Back,Defender,,183.0,Atlético La Paz,100124,25000.0,2025-05-18,0.1149425287356322,0.0,0.1149425287356322,22.4
1086885,24/25,Mazatlán FC U23,Liga MX U23 Clausura,11.0,1.0,0.0,784.0,Héctor López (1086885),2003-08-29,Mexico,Midfield,Midfield,,179.0,Mazatlán FC U21,110456,,,0.11479591836734693,0.0,0.11479591836734693,23.0
1030996,24/25,Brindisi FC,Serie D - H,15.0,1.0,0.0,785.0,Nikita Martinenko (1030996),2006-04-16,Latvia,Defender - Right-Back,Defender,,0.0,Città di Gela,8304,100000.0,2025-05-14,0.11464968152866241,0.0,0.11464968152866241,20.3
886252,24/25,SC Heerenveen U21,U21 Div. 2 Spring,9.0,1.0,0.0,786.0,Isaiah Ahmed (886252),2005-12-28,Curacao  Netherlands,Midfield - Central Midfield,Midfield,right,189.0,SC Heerenveen U21,24368,125000.0,2024-12-16,0.11450381679389314,0.0,0.11450381679389314,20.6
986298,24/25,Southampton FC U21,Premier League 2,9.0,1.0,0.0,786.0,Joachim Kayi Sanda (986298),2006-11-29,France  DR Congo,Defender - Centre-Back,Defender,right,186.0,Red Star FC,1154,1500000.0,2025-05-29,0.11450381679389314,0.0,0.11450381679389314,19.7
1016863,24/25,FC Slovan Liberec,Chance Liga,20.0,1.0,0.0,786.0,Benjamin Nyarko (1016863),2004-01-29,Ghana,Attack - Centre-Forward,Attack,right,180.0,FK Teplice,814,325000.0,2025-06-16,0.11450381679389314,0.0,0.11450381679389314,22.6
1017831,2025,Fana Fotball,Norsk Tipping-Ligaen avd. 4,10.0,1.0,0.0,786.0,Andreas Nordentoft Ekrene (1017831),2005-01-04,Norway,Defender - Centre-Back,Defender,,0.0,Fana Fotball,13428,,,0.11450381679389314,0.0,0.11450381679389314,21.6
910004,24/25,Fratria,Vtora Liga,12.0,1.0,0.0,787.0,Mike Bettinger (910004),2004-01-28,Central African Republic  France,Defender - Right-Back,Defender,right,182.0,Without Club,515,50000.0,2025-06-01,0.11435832274459976,0.0,0.11435832274459976,22.6
826795,24/25,Milan Futuro,Serie C-B,10.0,1.0,0.0,788.0,Dariusz Stalmach (826795),2005-12-08,Poland,Midfield - Central Midfield,Midfield,right,182.0,1.FC Magdeburg,187,500000.0,2025-06-18,0.11421319796954314,0.0,0.11421319796954314,20.7
938148,24/25,FC Barcelona UEFA U19,UEFA Youth League,9.0,1.0,0.0,790.0,Landry Farré (938148),2007-01-07,Spain  Cote d'Ivoire,Defender - Right-Back,Defender,both,178.0,FC Barcelona Atlètic,2464,300000.0,2025-06-24,0.11392405063291139,0.0,0.11392405063291139,19.6
1059499,24/25,Puebla FC U23,Liga MX U23 Apertura,10.0,1.0,0.0,791.0,Pedro Budib (1059499),2004-04-07,Lebanon  Mexico,Defender - Centre-Back,Defender,,192.0,CF Pachuca U21,110447,100000.0,2025-07-27,0.11378002528445007,0.0,0.11378002528445007,22.4
1233143,24/25,Frosinone Under 17,Under 17 - C,18.0,1.0,0.0,792.0,Giordano Borghi (1233143),2008-01-05,Italy,Midfield - Attacking Midfield,Midfield,,0.0,Frosinone Under 18,111246,,,0.11363636363636365,0.0,0.11363636363636365,18.6
1100554,24/25,SS Lazio U17,Under 17 - C,18.0,1.0,1.0,1588.0,Federico Ciucci (1100554),2008-09-15,Italy,Defender - Centre-Back,Defender,,0.0,Lazio U20,12816,,,0.05667506297229219,0.05667506297229219,0.11335012594458438,17.9
895938,24/25,Renate Primavera,Primavera 2 - A,28.0,1.0,2.0,2384.0,Michele Meloni (895938),2005-02-28,Italy,Defender - Left-Back,Defender,left,0.0,AC Renate,24898,50000.0,2025-05-27,0.037751677852348994,0.07550335570469799,0.11325503355704698,21.5
899071,24/25,HNK Orijent Rijeka,Prva NL,16.0,1.0,0.0,795.0,Karlo Valjan (899071),2003-08-30,Croatia,Midfield - Attacking Midfield,Midfield,,185.0,HNK Orijent Rijeka,9554,50000.0,2025-06-26,0.11320754716981131,0.0,0.11320754716981131,23.0
864496,24/25,Blackpool FC,League One,18.0,1.0,0.0,796.0,Dom Ballard (864496),2005-04-01,England,Attack - Centre-Forward,Attack,right,178.0,Leyton Orient,1150,500000.0,2025-06-17,0.11306532663316583,0.0,0.11306532663316583,21.4
1149949,24/25,Chassieu Décines FC,National 3 - Grp. I,19.0,1.0,1.0,1594.0,Jawad Bouderbane (1149949),2005-01-14,France  Algeria,Attack - Right Winger,Attack,,0.0,Chassieu Décines FC,36526,,,0.05646173149309912,0.05646173149309912,0.11292346298619824,21.6
669795,24/25,SS Cosmos,Camp. Sammarinese,10.0,1.0,0.0,797.0,Nicolò Biral (669795),2004-01-01,Italy,Midfield - Central Midfield,Midfield,right,187.0,GSD Ghiviborgo VDS,41692,50000.0,2025-06-09,0.11292346298619824,0.0,0.11292346298619824,22.6
921662,24/25,Brighton & Hove Albion U21,Premier League 2,12.0,1.0,0.0,797.0,Charlie Tasker (921662),2006-02-24,England,Defender - Right-Back,Defender,,0.0,Brighton & Hove Albion U21,39336,200000.0,2025-05-29,0.11292346298619824,0.0,0.11292346298619824,20.5
866001,24/25,FC Rostov,Russian Cup,11.0,1.0,0.0,798.0,Viktor Melekhin (866001),2003-12-16,Russia,Defender - Centre-Back,Defender,right,189.0,FC Rostov,1083,3000000.0,2025-06-03,0.11278195488721804,0.0,0.11278195488721804,22.7
963259,24/25,FC Ingolstadt 04 U19,U19 Nachwuchsliga - Gr. G,9.0,1.0,0.0,798.0,Elias Decker (963259),2006-03-15,Germany,Defender - Centre-Back,Defender,right,193.0,FC Ingolstadt 04,4795,450000.0,2025-06-10,0.11278195488721804,0.0,0.11278195488721804,20.4
837346,24/25,Gornik Polkowice,Betclic 3 Liga - Group III,12.0,1.0,0.0,799.0,Hubert Szulc (837346),2004-08-27,Poland,Attack - Centre-Forward,Attack,left,189.0,Noteć Czarnków,88175,0.0,2024-09-01,0.11264080100125157,0.0,0.11264080100125157,22.0
1128166,2025,Sampaio Corrêa FC (MA),Série D,13.0,1.0,0.0,799.0,Eric (1128166),2003-12-07,Brazil,Attack - Right Winger,Attack,,0.0,Sampaio Corrêa FC (MA),3319,,,0.11264080100125157,0.0,0.11264080100125157,22.7
951623,24/25,Salernitana Primavera,Primavera 2 - B,11.0,1.0,0.0,800.0,Simone Cantoni (951623),2005-05-23,Italy,Midfield - Attacking Midfield,Midfield,right,175.0,Montespaccato Calcio,61144,10000.0,2025-05-27,0.1125,0.0,0.1125,21.2
1304023,24/25,Kasimpasa U19,U19 Süper Lig,12.0,1.0,0.0,800.0,Ömer Efe Ecin (1304023),2008-01-05,Türkiye,Defender - Left-Back,Defender,,0.0,Kasimpasa U19,73905,,,0.1125,0.0,0.1125,18.6
943106,24/25,Inter Milan UEFA U19,UEFA Youth League,9.0,1.0,0.0,803.0,Tommaso Della Mora (943106),2006-07-17,Italy,Defender - Right-Back,Defender,right,0.0,Inter Milan Primavera,5380,200000.0,2025-06-26,0.11207970112079702,0.0,0.11207970112079702,20.1
1059499,24/25,CF Pachuca U23,Liga MX U23 Clausura,10.0,1.0,0.0,803.0,Pedro Budib (1059499),2004-04-07,Lebanon  Mexico,Defender - Centre-Back,Defender,,192.0,CF Pachuca U21,110447,100000.0,2025-07-27,0.11207970112079702,0.0,0.11207970112079702,22.4
735354,24/25,Volos NPS,SL1 Play-out,10.0,1.0,0.0,804.0,Alexios Kalogeropoulos (735354),2004-07-26,Greece,Defender - Centre-Back,Defender,both,187.0,Olympiacos Piraeus,683,1500000.0,2025-05-22,0.11194029850746269,0.0,0.11194029850746269,22.1
1015962,2025,Guarani Futebol Clube (SP),Campeonato Paulista,10.0,1.0,0.0,804.0,Nathan Camargo (1015962),2005-07-25,Brazil,Midfield - Defensive Midfield,Midfield,right,177.0,Clube do Remo (PA),10997,0.0,2024-12-08,0.11194029850746269,0.0,0.11194029850746269,21.1
1057845,24/25,FC Pistoiese,Serie D - D,17.0,1.0,0.0,804.0,Raffaele Cuomo (1057845),2006-04-06,Italy,Defender - Centre-Back,Defender,,180.0,FC Pistoiese,1307,50000.0,2025-05-14,0.11194029850746269,0.0,0.11194029850746269,20.4
659398,24/25,Grasshopper Club Zürich U21,1. Liga gr. 2,9.0,1.0,0.0,805.0,Simone Stroscio (659398),2003-08-20,Switzerland,Midfield - Defensive Midfield,Midfield,right,176.0,Grasshopper Club Zurich,504,100000.0,2025-06-09,0.11180124223602485,0.0,0.11180124223602485,23.0
726705,24/25,Sporting CP B,Liga 3,13.0,1.0,0.0,805.0,Samuel Justo (726705),2004-04-02,Portugal,Midfield - Central Midfield,Midfield,right,178.0,Sporting CP B,10949,400000.0,2025-05-29,0.11180124223602485,0.0,0.11180124223602485,22.4
1162378,24/25,Reggiana Primavera,Primavera 2 - A,9.0,1.0,0.0,805.0,Ousmane Gueye (1162378),2006-01-06,Italy  Senegal,Defender - Right-Back,Defender,right,180.0,US Città di Pontedera,14888,25000.0,2025-05-27,0.11180124223602485,0.0,0.11180124223602485,20.6
1167666,24/25,Napoli Primavera,Primavera 2 - B,11.0,1.0,0.0,805.0,Giuseppe De Martino (1167666),2007-04-23,Italy,Midfield - Central Midfield,Midfield,right,0.0,Napoli Primavera,12819,,,0.11180124223602485,0.0,0.11180124223602485,19.3
1174093,24/25,FC Oliveira do Hospital,Liga 3 - Relegation round,9.0,1.0,0.0,805.0,Gio Almeida (1174093),2004-07-14,Portugal,Midfield - Defensive Midfield,Midfield,right,185.0,SC Farense,4294,300000.0,2024-12-18,0.11180124223602485,0.0,0.11180124223602485,22.1
913486,24/25,FC Twente Enschede U21,U21 Div. 1 Fall,14.0,1.0,0.0,807.0,Derrick Slagveer (913486),2004-11-09,Netherlands  Suriname,Attack - Right Winger,Attack,,0.0,Excelsior Maassluis,3410,,,0.11152416356877323,0.0,0.11152416356877323,21.8
1012513,24/25,Genoa U20,Primavera 1,35.0,1.0,2.0,2423.0,Gracien Deseri (1012513),2006-01-09,Italy  DR Congo,Defender - Right-Back,Defender,right,0.0,Novara FC,6692,175000.0,2025-06-26,0.037144036318613294,0.07428807263722659,0.11143210895583988,20.6
956517,24/25,Barakaldo CF,Primera Federación - Gr. I,29.0,1.0,0.0,809.0,Jesús Martínez (956517),2004-02-08,Spain,Midfield - Central Midfield,Midfield,,0.0,Real Valladolid Promesas,7078,100000.0,2025-06-24,0.11124845488257107,0.0,0.11124845488257107,22.5
1033267,24/25,Deportivo Guadalajara U23,Liga MX U23 Apertura,11.0,1.0,0.0,809.0,Ariel Castro (1033267),2005-01-07,Mexico,Midfield - Defensive Midfield,Midfield,right,170.0,CD Tapatío,13362,,,0.11124845488257107,0.0,0.11124845488257107,21.6
1081155,24/25,Wolverhampton Wanderers U18,U18 Premier League,9.0,1.0,0.0,809.0,Saheed Olagunju (1081155),2007-01-07,England  Nigeria,Defender - Centre-Back,Defender,left,0.0,Wolverhampton Wanderers U21,24226,,,0.11124845488257107,0.0,0.11124845488257107,19.6
673429,24/25,Dynamo Moscow,Premier Liga,9.0,1.0,0.0,810.0,Milan Majstorovic (673429),2005-02-21,Serbia,Defender - Centre-Back,Defender,right,185.0,Dynamo Moscow,121,1800000.0,2025-06-03,0.1111111111111111,0.0,0.1111111111111111,21.5
926369,24/25,LB Châteauroux B,National 3 - Grp. F,9.0,1.0,0.0,810.0,Grégory Kelo (926369),2003-09-03,France,Defender - Centre-Back,Defender,right,190.0,LB Châteauroux B,12761,0.0,2023-10-18,0.1111111111111111,0.0,0.1111111111111111,23.0
995883,2025,Cuiabá Esporte Clube (MT),Campeonato Mato-Grossense,9.0,1.0,0.0,810.0,Gabriel (995883),2003-10-18,Brazil  Poland,Defender - Centre-Back,Defender,right,185.0,Mirassol Futebol Clube (SP),3876,700000.0,2025-06-05,0.1111111111111111,0.0,0.1111111111111111,22.8
1084207,24/25,Zébra Élites,1ste NAT ACFF REL PO,9.0,1.0,0.0,810.0,Rafaël Teugels (1084207),2006-06-07,Belgium,Defender - Left-Back,Defender,,0.0,Zébra Élites,43618,,,0.1111111111111111,0.0,0.1111111111111111,20.2
1191214,25/26,Albion Rovers FC,Lowland League,9.0,1.0,0.0,810.0,Chris Neeson (1191214),2006-10-29,Scotland,Defender - Centre-Back,Defender,,0.0,Albion Rovers FC,3014,,,0.1111111111111111,0.0,0.1111111111111111,19.8
933570,24/25,PEC Zwolle U21,U21 Div. 2 Fall,10.0,0.0,1.0,811.0,Duke Verduin (933570),2003-10-30,Netherlands,Goalkeeper,Goalkeeper,right,195.0,PEC Zwolle,1269,25000.0,2025-05-27,0.0,0.11097410604192355,0.11097410604192355,22.8
1034594,24/25,SV Meppen U19,U19 Nachwuchsliga - Liga B,10.0,1.0,0.0,812.0,Jonas Goldenstein (1034594),2006-12-09,Germany,Defender - Centre-Back,Defender,,0.0,SV Meppen,247,,,0.11083743842364532,0.0,0.11083743842364532,19.7
1307502,24/25,Racing Strasbourg U19,National U19 - Grp. B,14.0,1.0,0.0,812.0,Jayden Nsingi (1307502),2007-11-04,France  DR Congo,Defender,Defender,,0.0,Genoa U20,8517,,,0.11083743842364532,0.0,0.11083743842364532,18.8
899542,24/25,Fiorentina Primavera,Primavera 1,21.0,1.0,1.0,1626.0,Lorenzo Romani (899542),2005-02-28,Italy,Defender - Centre-Back,Defender,left,0.0,Calcio Lecco 1912,5514,125000.0,2025-06-26,0.055350553505535055,0.055350553505535055,0.11070110701107011,21.5
1168297,24/25,Football Bourg-en-Bresse Péronnas 01,Championnat National,21.0,1.0,0.0,813.0,Brown Irabor (1168297),2004-03-30,Nigeria  France,Attack - Centre-Forward,Attack,right,175.0,Le Puy Foot 43 Auvergne,26863,150000.0,2025-05-25,0.11070110701107011,0.0,0.11070110701107011,22.4
1092620,2025,Goiás EC,Série B,21.0,1.0,1.0,1628.0,Diego Caito (1092620),2004-06-07,Brazil,Defender - Right-Back,Defender,right,180.0,Goiás EC,3197,800000.0,2025-06-26,0.05528255528255528,0.05528255528255528,0.11056511056511056,22.2
932758,24/25,Sassuolo Primavera,Primavera 1,19.0,1.0,0.0,815.0,Andrea Moriano (932758),2005-10-29,Italy,Attack - Right Winger,Attack,left,0.0,Without Club,515,10000.0,2025-06-26,0.11042944785276074,0.0,0.11042944785276074,20.8
1283997,2025,Club Cerro Porteño,Primera División Apertura,12.0,1.0,0.0,815.0,Diego León (1283997),2007-04-03,Paraguay,Defender - Left-Back,Defender,left,177.0,Manchester United,985,4000000.0,2025-05-12,0.11042944785276074,0.0,0.11042944785276074,19.4
933236,24/25,Szentlőrinc SE,NB II.,19.0,1.0,0.0,816.0,Csongor Papp (933236),2005-02-22,Hungary,Midfield - Left Midfield,Midfield,left,179.0,Zalaegerszegi TE FC,1391,50000.0,2025-05-27,0.11029411764705882,0.0,0.11029411764705882,21.5
1063198,24/25,Tatabányai SC,NB II.,14.0,1.0,0.0,818.0,Andor Lapu (1063198),2005-05-21,Hungary,Attack - Left Winger,Attack,,0.0,Budafoki MTE,28410,50000.0,2025-05-27,0.1100244498777506,0.0,0.1100244498777506,21.2
1268292,24/25,De Graafschap Doetinchem U21,U21 Div. 2 Spring,11.0,1.0,0.0,819.0,Koen Hillen (1268292),2004-03-30,Netherlands,Defender - Centre-Back,Defender,,0.0,GVVV Veenendaal,19964,,,0.10989010989010989,0.0,0.10989010989010989,22.4
746067,24/25,Leeds United U21,Premier League 2,13.0,1.0,0.0,820.0,Kris Moore (746067),2003-11-13,England,Defender - Centre-Back,Defender,right,0.0,Greenock Morton FC,3026,,,0.10975609756097561,0.0,0.10975609756097561,22.8
1042814,24/25,Renate Primavera,Primavera 2 - A,11.0,1.0,0.0,821.0,Alessandro Pellegrino (1042814),2005-03-01,Italy,Midfield - Left Midfield,Midfield,left,0.0,FC Pistoiese,1307,50000.0,2025-06-18,0.10962241169305724,0.0,0.10962241169305724,21.5
1209287,24/25,Atlético Madrileño,Primera Federación - Gr. II,26.0,1.0,0.0,821.0,Jano Monserrate (1209287),2006-01-28,Spain,Midfield - Attacking Midfield,Midfield,left,177.0,Atlético Madrileño,3679,500000.0,2025-06-24,0.10962241169305724,0.0,0.10962241169305724,20.6
934033,24/25,Almere City FC U23,Tweede Divisie,30.0,1.0,2.0,2466.0,Jaden Pinas (934033),2003-12-28,Netherlands,Defender - Centre-Back,Defender,right,191.0,Almere City FC,723,0.0,2024-05-30,0.03649635036496351,0.07299270072992702,0.10948905109489052,22.6
1030144,24/25,Stade Briochin,National 2 - Grp. B,21.0,1.0,1.0,1647.0,Léo Rouillé (1030144),2004-02-09,France,Defender - Left-Back,Defender,left,176.0,Stade Briochin,1777,0.0,2024-06-27,0.054644808743169404,0.054644808743169404,0.10928961748633881,22.5
938401,24/25,Manchester City U21,Premier League 2,19.0,1.0,1.0,1649.0,Lakyle Samuel (938401),2006-05-06,England  Trinidad and Tobago,Defender - Right-Back,Defender,right,175.0,Bromley FC,8981,,,0.0545785324439054,0.0545785324439054,0.1091570648878108,20.3
1155723,24/25,Club Tijuana,Liga MX Clausura,15.0,1.0,0.0,825.0,Gilberto Mora (1155723),2008-10-14,Mexico,Midfield - Attacking Midfield,Midfield,,168.0,Club Tijuana,13353,3000000.0,2025-05-25,0.10909090909090909,0.0,0.10909090909090909,17.8
609356,24/25,APC Chions,Serie D - C,17.0,1.0,0.0,826.0,Giacomo Zanotel (609356),2004-05-15,Italy,Attack - Second Striker,Attack,,0.0,Fontanafredda,38391,0.0,2025-07-20,0.1089588377723971,0.0,0.1089588377723971,22.3
1279774,2025,North Carolina FC,USLC,19.0,1.0,1.0,1653.0,Finn Sundstrom (1279774),2006-11-19,United States,Defender - Centre-Back,Defender,,0.0,North Carolina FC,11228,,,0.054446460980036304,0.054446460980036304,0.10889292196007261,19.7
997906,24/25,Como Primavera,Primavera 2 - A,20.0,1.0,1.0,1654.0,Alessio Chiesa (997906),2006-06-18,Italy,Defender - Centre-Back,Defender,,0.0,Varesina Calcio,50258,75000.0,2025-05-27,0.054413542926239414,0.054413542926239414,0.10882708585247883,20.2
938729,24/25,Athletic Bilbao,Europa League,11.0,1.0,0.0,827.0,Mikel Jauregizar (938729),2003-11-13,Spain,Midfield - Central Midfield,Midfield,right,177.0,Athletic Bilbao,621,30000000.0,2025-06-08,0.10882708585247883,0.0,0.10882708585247883,22.8
700105,24/25,Fortuna Düsseldorf II,Regionalliga West,17.0,1.0,0.0,829.0,Daniel Bunk (700105),2004-03-25,Germany,Midfield - Central Midfield,Midfield,right,170.0,Without Club,515,100000.0,2025-06-18,0.10856453558504221,0.0,0.10856453558504221,22.4
1037394,24/25,Weymouth FC,National League South,13.0,1.0,0.0,830.0,Christie Ward (1037394),2003-11-09,England,Midfield - Central Midfield,Midfield,,0.0,AFC Totton,20952,75000.0,2025-06-17,0.10843373493975905,0.0,0.10843373493975905,22.8
711999,24/25,Southampton FC,Premier League,26.0,1.0,1.0,1663.0,Lesley Ugochukwu (711999),2004-03-26,France  Nigeria,Midfield - Defensive Midfield,Midfield,right,190.0,Burnley FC,1132,18000000.0,2025-05-29,0.054119061936259774,0.054119061936259774,0.10823812387251955,22.4
1135364,24/25,Leicester City U21,Premier League 2,11.0,1.0,0.0,832.0,Olabade Aluko (1135364),2006-11-30,England,Defender - Right-Back,Defender,right,0.0,Leicester City,1003,,,0.10817307692307693,0.0,0.10817307692307693,19.7
1027993,24/25,Cádiz CF,LaLiga2,22.0,1.0,0.0,833.0,José Antonio de la Rosa (1027993),2004-07-28,Spain,Attack - Left Winger,Attack,right,174.0,Cádiz CF,2687,500000.0,2025-06-23,0.10804321728691475,0.0,0.10804321728691475,22.1
920361,2025,Arsenal-2 Tula,2. Division B,10.0,1.0,0.0,834.0,Ilya Sokolov (920361),2004-10-07,Russia,Midfield - Central Midfield,Midfield,right,177.0,Arsenal-2 Tula,37311,,,0.1079136690647482,0.0,0.1079136690647482,21.9
1003933,24/25,Siracusa Calcio,Serie D - I,21.0,1.0,1.0,1670.0,Mattia Puzone (1003933),2006-08-03,Italy,Defender - Right-Back,Defender,right,0.0,Siracusa Calcio,8373,200000.0,2025-05-14,0.05389221556886228,0.05389221556886228,0.10778443113772455,20.0
1050738,24/25,US Folgore Caratese,Serie D - B,31.0,1.0,1.0,1670.0,Riccardo Rebaudo (1050738),2005-01-28,Italy,Midfield - Attacking Midfield,Midfield,right,180.0,Alcione Milano,52687,75000.0,2025-05-14,0.05389221556886228,0.05389221556886228,0.10778443113772455,21.6
929866,24/25,FC Porto B,Liga Portugal 2,11.0,1.0,0.0,835.0,João Moreira (929866),2004-05-21,Brazil  Portugal,Defender - Right-Back,Defender,right,175.0,FC Porto B,10331,2200000.0,2025-06-22,0.10778443113772455,0.0,0.10778443113772455,22.2
1059717,24/25,Reggiana Primavera,Primavera 2 - A,21.0,1.0,0.0,835.0,Lorenzo Fontanini (1059717),2006-08-05,Italy,Attack - Left Winger,Attack,right,0.0,Reggiana Primavera,20406,10000.0,2025-05-27,0.10778443113772455,0.0,0.10778443113772455,20.0
930584,24/25,US Folgore Caratese,Serie D - B,21.0,1.0,1.0,1672.0,Alessio Mazzone (930584),2005-02-24,Italy,Defender - Centre-Back,Defender,right,0.0,Without Club,515,125000.0,2025-05-14,0.053827751196172245,0.053827751196172245,0.10765550239234449,21.5
805772,24/25,FC Stade Nyonnais,Challenge League,16.0,1.0,0.0,836.0,Malik Deme (805772),2005-03-16,Switzerland,Attack - Right Winger,Attack,right,182.0,Neuchâtel Xamax FCS,625,300000.0,2025-06-09,0.10765550239234449,0.0,0.10765550239234449,21.4
1103406,24/25,FC Juárez U23,Liga MX U23 Apertura,11.0,1.0,0.0,836.0,Diego Barrera (1103406),2004-06-28,Argentina,Attack - Right Winger,Attack,right,171.0,CA Central Córdoba (SdE),31284,250000.0,2025-06-01,0.10765550239234449,0.0,0.10765550239234449,22.1
707421,24/25,FC Locarno,2. Liga Inter - Gr. 3,14.0,1.0,0.0,837.0,Saliou Thioune (707421),2004-02-07,Italy  Senegal,Attack - Centre-Forward,Attack,right,179.0,Hamrun Spartans,17149,100000.0,2024-12-22,0.1075268817204301,0.0,0.1075268817204301,22.5
1233453,24/25,STVV Youth,2de Nat. VV B,10.0,1.0,0.0,837.0,Yorrit Hansen (1233453),2003-11-15,Belgium,Attack - Left Winger,Attack,,0.0,Royal Cappellen FC,8427,,,0.1075268817204301,0.0,0.1075268817204301,22.8
943853,24/25,FC Volendam U21,U21 Div. 2 Fall,13.0,1.0,0.0,838.0,Ghillian Ilaria (943853),2004-04-25,Curacao  Netherlands,Midfield - Central Midfield,Midfield,right,0.0,Without Club,515,,,0.10739856801909309,0.0,0.10739856801909309,22.3
1223408,24/25,Adana Demirspor U19,U19 Süper Lig,12.0,1.0,0.0,838.0,Samet Akif Duyur (1223408),2009-08-12,Türkiye,Attack - Left Winger,Attack,left,0.0,Adana Demirspor,3840,,,0.10739856801909309,0.0,0.10739856801909309,17.0
1280353,24/25,K Lierse SK,CPL,17.0,1.0,0.0,839.0,Emmanuel Da Costa (1280353),2004-06-19,DR Congo  Belgium,Defender - Right-Back,Defender,right,189.0,RFC Seraing,2715,200000.0,2025-04-23,0.10727056019070322,0.0,0.10727056019070322,22.2
910904,24/25,Olympique Lyon B,National 3 - Grp. I,22.0,1.0,1.0,1679.0,Yacine Chaib (910904),2005-01-27,France  Algeria,Defender - Left-Back,Defender,left,0.0,RWDM Brussels,54189,,,0.05360333531864205,0.05360333531864205,0.1072066706372841,21.6
1067659,24/25,Hertha BSC II,Regionalliga Northeast,11.0,1.0,0.0,842.0,Boris Mamuzah Lum (1067659),2007-10-02,Germany  Cameroon,Midfield - Defensive Midfield,Midfield,both,175.0,Hertha BSC,44,500000.0,2025-06-18,0.10688836104513065,0.0,0.10688836104513065,18.9
1314223,24/25,Monza Under 17,Under 17 - B,15.0,1.0,0.0,843.0,Lorenzo Marchioro (1314223),2008-01-09,Italy,Defender - Centre-Back,Defender,,0.0,Venezia Primavera,17257,,,0.10676156583629894,0.0,0.10676156583629894,18.6
1092436,2025,Nova Iguaçu FC (RJ),Série D,12.0,1.0,0.0,845.0,Fernandinho (1092436),2003-12-31,Brazil,Midfield - Defensive Midfield,Midfield,right,185.0,FC Paços de Ferreira,2995,,,0.10650887573964497,0.0,0.10650887573964497,22.6
743498,24/25,Tottenham Hotspur,Premier League,16.0,1.0,0.0,849.0,Wilson Odobert (743498),2004-11-28,France  Martinique,Attack - Left Winger,Attack,right,182.0,Tottenham Hotspur,148,20000000.0,2025-05-29,0.10600706713780918,0.0,0.10600706713780918,21.7
1173278,24/25,Samsunspor U19,U19 Süper Lig,20.0,1.0,1.0,1702.0,Ali Tarkan (1173278),2006-03-18,Türkiye,Defender - Right-Back,Defender,right,185.0,Ankara Demirspor,12524,,,0.052878965922444184,0.052878965922444184,0.10575793184488837,20.4
1337438,24/25,Cracovia U19,Youth League POL,11.0,1.0,0.0,852.0,Mateusz Pomietlo (1337438),2007-07-06,Poland,Midfield - Defensive Midfield,Midfield,right,181.0,Cracovia II,10633,,,0.1056338028169014,0.0,0.1056338028169014,19.1
965621,24/25,Welling United,National League South,18.0,1.0,0.0,853.0,Sahid Kamara (965621),2004-03-09,England  Netherlands,Attack - Right Winger,Attack,,0.0,Braintree Town,6340,,,0.10550996483001171,0.0,0.10550996483001171,22.4
1093049,24/25,Go Ahead Eagles Deventer U21,U21 Div. 1 Fall,11.0,1.0,0.0,853.0,Dielan Ghafour (1093049),2006-01-02,Netherlands  Iraq,Midfield - Defensive Midfield,Midfield,right,182.0,Go Ahead Eagles Deventer U21,18179,,,0.10550996483001171,0.0,0.10550996483001171,20.6
936841,24/25,Chelsea FC U21,Premier League 2,12.0,1.0,0.0,854.0,Kaiden Wilson (936841),2005-09-02,England,Defender - Centre-Back,Defender,right,0.0,Chelsea FC U21,9250,,,0.1053864168618267,0.0,0.1053864168618267,21.0
1100634,24/25,Yeni Malatyaspor,1.Lig,14.0,0.0,1.0,854.0,Çınar Yıldızlı (1100634),2006-06-06,Türkiye,Goalkeeper,Goalkeeper,right,185.0,Yeni Malatyaspor,19789,50000.0,2025-06-24,0.0,0.1053864168618267,0.1053864168618267,20.2
937385,24/25,RSCA Futures,CPL,14.0,1.0,0.0,855.0,Ludovick Wola-Wetshay (937385),2006-09-03,Belgium,Defender - Centre-Back,Defender,left,195.0,RSCA Futures,30857,250000.0,2025-04-23,0.10526315789473685,0.0,0.10526315789473685,20.0
855890,24/25,Chesterfield FC,League Two,28.0,1.0,1.0,1712.0,Jenson Metcalfe (855890),2004-09-06,England,Midfield - Central Midfield,Midfield,right,183.0,Bradford City,1027,175000.0,2025-06-29,0.052570093457943924,0.052570093457943924,0.10514018691588785,21.9
1234292,24/25,Avellino Primavera,Primavera 2 - B,11.0,1.0,0.0,856.0,Vincenzo Arzillo (1234292),2006-05-18,Italy,Midfield - Defensive Midfield,Midfield,right,0.0,Casertana FC,4106,10000.0,2025-05-27,0.10514018691588785,0.0,0.10514018691588785,20.3
719681,24/25,Leeds United U21,Premier League 2,10.0,1.0,0.0,859.0,Jeremiah Chilokoa-Mullen (719681),2004-06-17,Scotland  England,Defender - Centre-Back,Defender,,0.0,Dunfermline Athletic FC,1270,50000.0,2025-06-16,0.10477299185098952,0.0,0.10477299185098952,22.2
921300,24/25,Vineta Wolin,Betclic 3 Liga - Group II,11.0,1.0,0.0,860.0,Kamil Chilinski (921300),2003-10-07,Poland,Attack - Centre-Forward,Attack,right,187.0,Lipno Stęszew,65671,,,0.10465116279069767,0.0,0.10465116279069767,22.9
1168296,24/25,De Graafschap Doetinchem U21,U21 Div. 1 Fall,11.0,1.0,0.0,861.0,Raid Najjar (1168296),2004-09-17,France  Tunisia,Midfield - Attacking Midfield,Midfield,right,0.0,De Graafschap Doetinchem U21,17668,,,0.10452961672473868,0.0,0.10452961672473868,21.9
912959,2025,FK Bodø/Glimt,Eliteserien,20.0,1.0,1.0,1724.0,Fredrik Sjøvold (912959),2003-08-17,Norway,Defender - Right-Back,Defender,right,174.0,FK Bodø/Glimt,501,7000000.0,2025-06-17,0.052204176334106726,0.052204176334106726,0.10440835266821345,23.0
1165805,24/25,SM Caen U19,National U19 - Grp. A,18.0,1.0,0.0,862.0,Andréa Vennettilli (1165805),2006-12-19,France,Midfield - Defensive Midfield,Midfield,right,0.0,SM Caen B,12770,,,0.10440835266821345,0.0,0.10440835266821345,19.7
1170798,24/25,Empoli Under 18,Under 18,17.0,1.0,0.0,862.0,Denny Tassotti (1170798),2007-05-24,Italy,Attack - Second Striker,Attack,right,0.0,Empoli Primavera,8492,,,0.10440835266821345,0.0,0.10440835266821345,19.2
875116,24/25,Manisa FK,1.Lig,22.0,1.0,1.0,1729.0,Umut Erdem (875116),2004-02-05,Türkiye,Defender - Left-Back,Defender,left,182.0,Manisa FK,48913,300000.0,2025-06-24,0.05205320994794679,0.05205320994794679,0.10410641989589357,22.5
1270947,2025,CA Newell's Old Boys II,Copa Proyección Apertura,10.0,1.0,0.0,865.0,Lucas Mihovilcevich (1270947),2004-01-30,Argentina  Croatia,Defender - Centre-Back,Defender,right,180.0,Arsenal FC,4673,,,0.10404624277456648,0.0,0.10404624277456648,22.6
1119940,24/25,FC Metz B,National 3 - Grp. H,22.0,1.0,1.0,1737.0,Tahirys Dos Santos (1119940),2006-06-30,France  Cape Verde,Defender - Left-Back,Defender,,0.0,FC Metz B,8179,,,0.05181347150259068,0.05181347150259068,0.10362694300518135,20.1
1146228,24/25,FC Nordsjaelland U19,U19 Boys League,11.0,1.0,0.0,870.0,Justin Janssen (1146228),2006-07-25,Denmark,Midfield - Defensive Midfield,Midfield,right,181.0,FC Nordsjaelland,2778,400000.0,2025-06-15,0.10344827586206896,0.0,0.10344827586206896,20.1
743516,24/25,FC Versailles 78,Championnat National,22.0,1.0,1.0,1742.0,Ryan Tchato (743516),2004-09-13,Cameroon  France,Defender - Right-Back,Defender,right,183.0,FC Versailles 78,13466,250000.0,2025-05-25,0.05166475315729047,0.05166475315729047,0.10332950631458095,21.9
1185742,24/25,Feralpisalò Primavera,Primavera 2 - A,24.0,1.0,1.0,1742.0,Niccolò Zulberti (1185742),2007-05-08,Italy,Midfield - Central Midfield,Midfield,,0.0,Union Brescia Primavera,133273,,,0.05166475315729047,0.05166475315729047,0.10332950631458095,19.3
990361,24/25,Sassuolo Under 18,Under 18,22.0,1.0,1.0,1743.0,Andrea Mussini (990361),2007-05-02,Italy,Midfield - Central Midfield,Midfield,left,0.0,Sassuolo Primavera,19114,,,0.05163511187607572,0.05163511187607572,0.10327022375215145,19.3
1018754,24/25,MSK Zilina,Niké Liga,22.0,1.0,1.0,1746.0,Samuel Gidi (1018754),2004-04-15,Slovakia  Ghana,Midfield - Central Midfield,Midfield,right,178.0,FC Cincinnati,51772,1800000.0,2025-06-19,0.051546391752577324,0.051546391752577324,0.10309278350515465,22.3
1191030,24/25,Leixões SC U23,Liga Revelação,11.0,1.0,0.0,873.0,Agustin De Armas (1191030),2004-12-10,Italy  United States,Midfield - Defensive Midfield,Midfield,left,184.0,Leixões SC U23,75123,,,0.10309278350515465,0.0,0.10309278350515465,21.7
1031962,24/25,AC Horsens U19,U19 Boys League,23.0,1.0,1.0,1748.0,Philip Rolke (1031962),2006-07-10,Sweden,Defender - Centre-Back,Defender,,0.0,Östersunds FK,9614,0.0,2023-11-12,0.05148741418764302,0.05148741418764302,0.10297482837528604,20.1
1004724,2025,Botafogo FR U20,CBF Brasileiro U20,18.0,1.0,0.0,874.0,Bernardo Valim (1004724),2006-01-30,Brazil,Midfield - Attacking Midfield,Midfield,right,186.0,Botafogo FR U20,16653,,,0.10297482837528604,0.0,0.10297482837528604,20.6
974597,24/25,RB Leipzig U19,U19 Nachwuchsliga - Gr. H,13.0,1.0,0.0,878.0,Leon Koß (974597),2006-09-12,Germany,Defender - Right-Back,Defender,both,189.0,SC Freiburg II,245,50000.0,2025-09-04,0.10250569476082004,0.0,0.10250569476082004,19.9
765467,24/25,CD Castellón,LaLiga2,33.0,1.0,2.0,2640.0,Jozhua Vertrouwd (765467),2004-08-21,Netherlands,Defender - Left-Back,Defender,left,187.0,Rayo Vallecano,367,1000000.0,2025-06-23,0.03409090909090909,0.06818181818181818,0.10227272727272727,22.0
943601,24/25,SC Heerenveen U21,U21 Div. 2 Spring,13.0,1.0,0.0,881.0,Jaedan Gaari (943601),2004-04-20,Netherlands  Curacao,Attack - Left Winger,Attack,right,0.0,ASWH Ambacht,10790,,,0.1021566401816118,0.0,0.1021566401816118,22.3
748505,24/25,Union Saint-Gilloise U23,1ste NAT ACFF REL PO,10.0,1.0,0.0,882.0,Arnaud Dony (748505),2004-05-08,Belgium,Defender - Left-Back,Defender,left,170.0,Patro Eisden Maasmechelen,3225,200000.0,2024-12-10,0.10204081632653061,0.0,0.10204081632653061,22.3
830600,2025,Sporting Kansas City II,MLS Next Pro,22.0,1.0,1.0,1766.0,Nati Clarke (830600),2005-01-29,United States  Ethiopia,Defender - Right-Back,Defender,right,168.0,Sporting Kansas City II,51604,,,0.05096262740656852,0.05096262740656852,0.10192525481313704,21.6
1083054,24/25,LOSC Lille U19,National U19 - Grp. A,11.0,1.0,0.0,883.0,Lilian Baret (1083054),2006-05-25,France,Midfield - Defensive Midfield,Midfield,right,168.0,LOSC Lille B,12765,,,0.10192525481313704,0.0,0.10192525481313704,20.2
1105542,24/25,Jong KAA Gent,1ste Nationale VV,17.0,1.0,0.0,886.0,Mohammed El Âdfaoui (1105542),2008-02-28,Belgium  Morocco,Midfield - Defensive Midfield,Midfield,left,0.0,KAA Gent,157,500000.0,2025-08-24,0.10158013544018057,0.0,0.10158013544018057,18.5
1237939,24/25,FC Oleksandriya U19,U19 Premier Liga,13.0,1.0,0.0,886.0,Ilya Badenko (1237939),2005-03-31,Ukraine,Midfield - Central Midfield,Midfield,right,179.0,FC Oleksandriya-2,120273,,,0.10158013544018057,0.0,0.10158013544018057,21.4
1311842,24/25,Juve Stabia Under 17,Under 17 - C,15.0,1.0,0.0,886.0,Pasquale Rosi (1311842),2008-05-26,Italy,Midfield - Central Midfield,Midfield,right,0.0,Napoli Under 18,100431,,,0.10158013544018057,0.0,0.10158013544018057,18.2
1207330,2025,Arsenal FC,Primera Nacional,24.0,1.0,1.0,1774.0,Valentín Serrano (1207330),2004-02-23,Argentina,Midfield - Left Midfield,Midfield,left,182.0,Arsenal FC,4673,225000.0,2025-05-21,0.050732807215332576,0.050732807215332576,0.10146561443066515,22.5
1017950,24/25,Lecce Primavera,Primavera 1,31.0,1.0,2.0,2663.0,Vernon Addo (1017950),2005-05-24,Netherlands  Ghana,Defender - Left-Back,Defender,left,188.0,Krasava ENY,57870,200000.0,2025-06-16,0.033796470146451374,0.06759294029290275,0.10138941043935412,21.2
982367,24/25,HNK Gorica,SuperSport HNL,16.0,1.0,0.0,889.0,Luka Kapulica (982367),2005-01-18,Croatia,Midfield - Attacking Midfield,Midfield,,0.0,NK Karlovac 1919,10314,450000.0,2025-06-08,0.10123734533183353,0.0,0.10123734533183353,21.6
921431,24/25,1.FC Heidenheim 1846 U19,U19 Nachwuchsliga - Liga A,10.0,1.0,0.0,890.0,Adam Kölle (921431),2006-04-28,Germany,Defender - Centre-Back,Defender,right,195.0,1.FC Heidenheim 1846,2036,,,0.10112359550561799,0.0,0.10112359550561799,20.3
1004380,24/25,AC Ajaccio B,National 3 - Grp. D,19.0,1.0,0.0,891.0,Anthony Fosse (1004380),2005-01-23,France,Attack,Attack,,0.0,AC Ajaccio,1147,0.0,2024-12-03,0.10101010101010102,0.0,0.10101010101010102,21.6
1314284,24/25,Genoa Under 17,Under 17 - A,19.0,1.0,0.0,891.0,Filippo Barbieri (1314284),2008-10-15,Italy,Midfield - Defensive Midfield,Midfield,right,0.0,Genoa Under 18,76092,,,0.10101010101010102,0.0,0.10101010101010102,17.8
1001788,24/25,Amiens SC,Ligue 2,23.0,1.0,0.0,893.0,Ibrahim Fofana (1001788),2003-10-02,Cote d'Ivoire,Midfield - Defensive Midfield,Midfield,right,178.0,Amiens SC,1416,300000.0,2025-06-01,0.10078387458006718,0.0,0.10078387458006718,22.9
1065442,24/25,CA Osasuna Promesas,Primera Federación - Gr. I,26.0,1.0,1.0,1788.0,Iñigo Arguibide (1065442),2005-04-19,Spain,Defender - Right-Back,Defender,right,178.0,CA Osasuna Promesas,8516,200000.0,2025-06-24,0.050335570469798654,0.050335570469798654,0.10067114093959731,21.3
822103,2025,Åsane Fotball,OBOS-ligaen,10.0,1.0,0.0,900.0,Isak Vådebu (822103),2003-08-10,Norway,Defender - Right-Back,Defender,right,185.0,Tromsø IL,1293,200000.0,2025-06-25,0.1,0.0,0.1,23.0
837239,24/25,ACSC FC Arges,Liga 2,10.0,1.0,0.0,900.0,Mario Tudose (837239),2005-01-21,Romania,Defender - Centre-Back,Defender,right,188.0,ACSC FC Arges,41278,350000.0,2025-06-15,0.1,0.0,0.1,21.6
898723,24/25,FC Porto B,Liga Portugal 2,10.0,0.0,1.0,900.0,Diogo Fernandes (898723),2005-02-17,Portugal,Goalkeeper,Goalkeeper,right,185.0,FC Porto B,10331,900000.0,2025-06-22,0.0,0.1,0.1,21.5
1127591,24/25,Deportivo Guadalajara U23,Liga MX U23 Apertura,10.0,0.0,1.0,900.0,Sebastián Liceaga (1127591),2007-04-11,Mexico,Goalkeeper,Goalkeeper,right,185.0,Deportivo Guadalajara U21,110459,,,0.0,0.1,0.1,19.4
1041307,24/25,SG Sonnenhof Großaspach,Oberliga Baden-Württemberg,14.0,1.0,0.0,901.0,Brooklyn Schwarz (1041307),2005-06-13,Germany  United States,Defender - Centre-Back,Defender,right,192.0,New York Red Bulls II,39815,,,0.09988901220865705,0.0,0.09988901220865705,21.2
1167450,24/25,Aston Villa U18,U18 Premier League,23.0,1.0,1.0,1803.0,Max Jenner (1167450),2008-04-05,England,Midfield - Central Midfield,Midfield,,0.0,Aston Villa U18,6933,,,0.04991680532445924,0.04991680532445924,0.09983361064891848,18.4
906069,24/25,FC Groningen U21,U21 Div. 1 Spring,11.0,1.0,0.0,902.0,Joop Oosterhof (906069),2005-01-28,Netherlands,Defender - Right-Back,Defender,right,0.0,FC Groningen U21,14725,,,0.09977827050997783,0.0,0.09977827050997783,21.6
884228,24/25,Inter Milan Primavera,Primavera 1,27.0,1.0,1.0,1805.0,Leonardo Bovo (884228),2005-05-07,Italy,Midfield - Defensive Midfield,Midfield,right,0.0,Inter U23,41119,200000.0,2025-06-26,0.04986149584487535,0.04986149584487535,0.0997229916897507,21.3
1141520,24/25,Stade de Reims U19,National U19 - Grp. B,12.0,1.0,0.0,903.0,Jean Mambuku (1141520),2008-07-08,Italy  DR Congo,Defender - Right-Back,Defender,right,0.0,Stade de Reims U19,12774,,,0.09966777408637874,0.0,0.09966777408637874,18.1
925357,2025,FC Tokyo,J1 League,28.0,1.0,1.0,1807.0,Kota Tawaratsumida (925357),2004-05-14,Japan,Midfield - Left Midfield,Midfield,right,175.0,FC Tokyo,6631,800000.0,2025-05-28,0.04980630879911455,0.04980630879911455,0.0996126175982291,22.3
886913,2025,Vancouver FC,CanPL,21.0,1.0,1.0,1808.0,Matteo Campagna (886913),2004-06-27,Canada  Italy,Defender - Centre-Back,Defender,,190.0,Vancouver FC,94560,175000.0,2025-05-11,0.049778761061946904,0.049778761061946904,0.09955752212389381,22.1
1156560,2025,Grêmio FBPA U20,CBF Brasileiro U20,14.0,1.0,0.0,905.0,João Araújo (1156560),2005-06-20,Brazil,Midfield - Defensive Midfield,Midfield,right,0.0,Grêmio FBPA U20,12690,0.0,2024-08-08,0.0994475138121547,0.0,0.0994475138121547,21.2
1082519,24/25,Cosenza Calcio,Serie B,27.0,1.0,1.0,1813.0,Charlys (1082519),2004-02-19,Brazil,Midfield - Defensive Midfield,Midfield,right,188.0,AC Reggiana 1919,5621,450000.0,2025-06-01,0.049641478212906785,0.049641478212906785,0.09928295642581357,22.5
934937,24/25,Weymouth FC,National League South,11.0,1.0,0.0,907.0,Jaiden Bartolo (934937),2006-02-10,Gibraltar  England,Attack - Centre-Forward,Attack,right,184.0,Wycombe Wanderers,2805,0.0,2023-12-17,0.09922822491730982,0.0,0.09922822491730982,20.5
1025411,24/25,FC Twente Enschede U19,U19 Div. 1 Fall,11.0,1.0,0.0,910.0,Giandro Sambo (1025411),2006-08-28,Curacao  Netherlands,Attack - Left Winger,Attack,right,181.0,Heracles Almelo,1304,50000.0,2025-05-27,0.0989010989010989,0.0,0.0989010989010989,20.0
743556,24/25,Kelty Hearts FC,League One,22.0,1.0,1.0,1821.0,Connor Allan (743556),2004-01-10,Scotland,Defender - Centre-Back,Defender,right,190.0,Falkirk FC,1191,,,0.04942339373970346,0.04942339373970346,0.09884678747940692,22.6
964190,24/25,Real Sociedad B,Primera Federación - Gr. I,32.0,1.0,2.0,2733.0,Luken Beitia (964190),2004-06-30,Spain,Defender - Centre-Back,Defender,,0.0,Real Sociedad B,9899,300000.0,2025-06-24,0.03293084522502744,0.06586169045005488,0.09879253567508232,22.1
957579,24/25,US Livorno 1915,Serie D - E,17.0,1.0,0.0,913.0,Alberto Arcuri (957579),2004-11-06,Italy,Midfield - Left Midfield,Midfield,left,180.0,GSD Ghiviborgo VDS,41692,75000.0,2025-05-14,0.09857612267250822,0.0,0.09857612267250822,21.8
937561,24/25,SSD Atletico Ascoli,Serie D - F,23.0,1.0,1.0,1834.0,Manuel Camilloni (937561),2004-01-01,Italy,Defender - Centre-Back,Defender,right,0.0,SSD Atletico Ascoli,60760,50000.0,2025-05-14,0.04907306434023991,0.04907306434023991,0.09814612868047982,22.6
729293,24/25,Sangiuliano City,Serie D - B,23.0,1.0,1.0,1837.0,Mirko Rettore (729293),2004-01-20,Italy,Defender - Centre-Back,Defender,right,189.0,SSD NovaRomentin,55434,75000.0,2025-05-14,0.048992923244420256,0.048992923244420256,0.09798584648884051,22.6
1233527,24/25,USC Paloma Hamburg,Oberliga Hamburg,33.0,1.0,2.0,2756.0,Colin Ulrich (1233527),2003-12-08,Germany,Midfield - Central Midfield,Midfield,right,180.0,VfB Lübeck,78,25000.0,2025-09-05,0.03265602322206096,0.06531204644412192,0.09796806966618288,22.7
955427,24/25,Atalanta Primavera,Primavera 1,20.0,1.0,0.0,919.0,Henry Camara (955427),2006-05-06,Guinea  France,Attack - Centre-Forward,Attack,right,0.0,Atalanta Primavera,11998,150000.0,2025-06-26,0.09793253536452666,0.0,0.09793253536452666,20.3
1215316,24/25,CF Estrela Amadora U23,Revelação U23 - Championship,11.0,1.0,0.0,919.0,Diogo Farinha (1215316),2005-01-07,Portugal,Defender - Centre-Back,Defender,right,188.0,GD Chaves B,61209,,,0.09793253536452666,0.0,0.09793253536452666,21.6
1243185,24/25,Yeni Malatyaspor U19,U19 Süper Lig,18.0,1.0,0.0,919.0,Miraç Küçük (1243185),2007-05-20,Türkiye,Defender - Left-Back,Defender,,0.0,Yeni Malatyaspor,19789,,,0.09793253536452666,0.0,0.09793253536452666,19.2
885845,24/25,FC Metz B,National 3 - Grp. H,16.0,1.0,0.0,920.0,Diego Duarte (885845),2006-05-03,Luxembourg  Portugal,Midfield - Attacking Midfield,Midfield,left,0.0,FC Metz B,8179,,,0.09782608695652174,0.0,0.09782608695652174,20.3
820659,24/25,FC Pompei,Serie D - I,22.0,1.0,1.0,1845.0,Mattia Vitale (820659),2004-10-17,Italy,Midfield - Central Midfield,Midfield,right,189.0,ASD Giulianova,4254,175000.0,2025-05-14,0.04878048780487805,0.04878048780487805,0.0975609756097561,21.8
692737,24/25,1.FC Union Berlin,Bundesliga,15.0,1.0,0.0,924.0,Aljoscha Kemlein (692737),2004-08-02,Germany,Midfield - Defensive Midfield,Midfield,right,187.0,1.FC Union Berlin,89,7000000.0,2025-06-04,0.09740259740259741,0.0,0.09740259740259741,22.0
880604,24/25,FC Emmen U21,U21 Div. 2 Spring,11.0,1.0,0.0,924.0,Tim Geypens (880604),2005-06-21,Indonesia  Netherlands,Defender - Left-Back,Defender,left,184.0,FC Emmen,1283,75000.0,2025-06-08,0.09740259740259741,0.0,0.09740259740259741,21.2
958934,24/25,SL Benfica U23,Liga Revelação,11.0,1.0,0.0,925.0,Rui Silva (958934),2007-03-18,Portugal,Defender - Centre-Back,Defender,right,189.0,SL Benfica B,10330,,,0.0972972972972973,0.0,0.0972972972972973,19.4
815583,24/25,Club Milano,Serie D - B,30.0,1.0,1.0,1851.0,,2004-02-22,Italy,Midfield - Central Midfield,Midfield,right,0.0,Club Milano,83737,50000.0,2025-05-14,0.04862236628849271,0.04862236628849271,0.09724473257698542,22.5
953864,24/25,Cosenza Primavera,Primavera 2 - B,19.0,1.0,0.0,928.0,Gianmario Delicato (953864),2006-03-13,Italy,Midfield - Defensive Midfield,Midfield,left,0.0,Enna Calcio,30090,25000.0,2025-05-27,0.09698275862068965,0.0,0.09698275862068965,20.4
1043003,24/25,Kasimpasa,Süper Lig,34.0,1.0,2.0,2788.0,Yasin Özcan (1043003),2006-04-20,Türkiye,Defender - Centre-Back,Defender,left,185.0,RSC Anderlecht,58,7500000.0,2025-06-17,0.032281205164992825,0.06456241032998565,0.09684361549497847,20.3
692349,24/25,Milan Futuro,Serie C-B,34.0,1.0,2.0,2790.0,Andrei Coubiș (692349),2003-09-29,Romania  Italy,Defender - Centre-Back,Defender,right,189.0,UC Sampdoria,1038,100000.0,2025-06-18,0.03225806451612903,0.06451612903225806,0.0967741935483871,22.9
1178748,24/25,Cádiz CF Mirandilla,Segunda Federación - Gr. IV,12.0,1.0,0.0,930.0,Álex Morata (1178748),2006-07-06,Spain,Defender - Centre-Back,Defender,right,181.0,Gimnástica Segoviana CF,33306,150000.0,2025-06-24,0.0967741935483871,0.0,0.0967741935483871,20.1
723485,24/25,Standard Liège,Jupiler Pro League,30.0,1.0,1.0,1862.0,Léandre Kuavita (723485),2004-05-31,Belgium  Angola,Midfield - Central Midfield,Midfield,left,180.0,Standard Liège,3057,1500000.0,2025-06-11,0.048335123523093444,0.048335123523093444,0.09667024704618689,22.2
902683,24/25,FC Schötz,1. Liga gr. 2,24.0,1.0,0.0,935.0,Yan Britschgi (902683),2003-10-19,Switzerland  Cameroon,Midfield - Central Midfield,Midfield,,0.0,SC Buochs,5503,0.0,2023-10-18,0.0962566844919786,0.0,0.0962566844919786,22.8
1189244,24/25,Slask Wroclaw II,Betclic 3 Liga - Group III,20.0,1.0,0.0,935.0,Michal Wroblewski (1189244),2007-02-26,Poland,Defender - Left-Back,Defender,left,184.0,Slask Wroclaw,759,,,0.0962566844919786,0.0,0.0962566844919786,19.5
1053933,24/25,Portimonense SAD,Liga Portugal 2,31.0,1.0,1.0,1877.0,Ruan (1053933),2005-05-03,Brazil,Attack - Right Winger,Attack,right,172.0,Alanyaspor,11282,700000.0,2025-06-22,0.04794885455514118,0.04794885455514118,0.09589770911028236,21.3
855215,24/25,AJ Auxerre B,National 3 - Grp. G,13.0,1.0,0.0,940.0,,2003-12-11,Cote d'Ivoire  France,Defender - Right-Back,Defender,right,175.0,Grenoble Foot 38,1290,100000.0,2025-06-02,0.09574468085106383,0.0,0.09574468085106383,22.7
936605,24/25,FC Twente Enschede U21,U21 Div. 1 Fall,11.0,1.0,0.0,940.0,Harrie Kuster (936605),2005-09-11,Netherlands,Midfield - Central Midfield,Midfield,right,183.0,RKC Waalwijk,235,125000.0,2025-05-27,0.09574468085106383,0.0,0.09574468085106383,20.9
685514,24/25,Lentigione Calcio,Serie D - D,15.0,1.0,0.0,941.0,Cristian De Marco (685514),2005-01-23,Italy,Defender - Right-Back,Defender,right,0.0,FC Vigor Senigallia,60872,50000.0,2025-05-14,0.09564293304994687,0.0,0.09564293304994687,21.6
1004609,24/25,US Chauvigny,National 3 - Grp. F,17.0,1.0,0.0,941.0,Abdoulaye Camara (1004609),2004-03-17,France  Guinea,Attack - Right Winger,Attack,both,172.0,US Chauvigny,31360,,,0.09564293304994687,0.0,0.09564293304994687,22.4
746892,24/25,ASD Team Altamura,Serie C-C,20.0,1.0,0.0,942.0,Giuseppe Simone (746892),2004-01-28,Italy,Attack - Second Striker,Attack,right,0.0,ASD Team Altamura,22408,50000.0,2025-06-18,0.09554140127388534,0.0,0.09554140127388534,22.6
848756,24/25,FC Groningen U21,U21 Div. 1 Spring,12.0,1.0,0.0,942.0,Marco Speelman (848756),2006-07-15,Netherlands,Defender - Left-Back,Defender,left,0.0,FC Groningen U21,14725,,,0.09554140127388534,0.0,0.09554140127388534,20.1
1189060,24/25,Galatasaray U19,U19 Süper Lig,24.0,1.0,1.0,1886.0,Hasan Turan (1189060),2008-02-03,Türkiye,Defender - Centre-Back,Defender,left,0.0,Galatasaray U19,41591,,,0.04772004241781549,0.04772004241781549,0.09544008483563098,18.5
937352,24/25,AVC Vogherese,Serie D - A,34.0,1.0,2.0,2834.0,Tommaso Losio (937352),2004-07-14,Italy,Midfield - Left Midfield,Midfield,left,175.0,ASDC Verbania,4671,150000.0,2025-05-14,0.03175723359209598,0.06351446718419196,0.09527170077628794,22.1
1117729,2025,FC Sochi-2,2. Division B,21.0,1.0,1.0,1890.0,Platon Platonov (1117729),2006-06-23,Russia,Defender - Centre-Back,Defender,right,194.0,FC Sochi-2,127239,,,0.04761904761904762,0.04761904761904762,0.09523809523809525,20.2
928394,24/25,Go Ahead Eagles Deventer U21,U21 Div. 1 Fall,11.0,1.0,0.0,945.0,Hugo Lacroix (928394),2006-01-16,Netherlands,Defender - Centre-Back,Defender,,0.0,FC Twente Enschede U21,18026,,,0.09523809523809525,0.0,0.09523809523809525,20.6
1279526,24/25,SC Bastia,Ligue 2,16.0,1.0,0.0,945.0,Christ Inao Oulaï (1279526),2006-04-06,Cote d'Ivoire,Midfield - Central Midfield,Midfield,right,173.0,Trabzonspor,449,600000.0,2025-06-01,0.09523809523809525,0.0,0.09523809523809525,20.4
1180370,24/25,Aurora Pro Patria,Serie C-A,17.0,1.0,0.0,947.0,Pietro Reggiori (1180370),2005-06-07,Italy,Defender - Left-Back,Defender,left,0.0,Aurora Pro Patria,4146,75000.0,2025-06-18,0.09503695881731784,0.0,0.09503695881731784,21.2
1036455,24/25,Tamworth FC,National League,25.0,1.0,1.0,1895.0,Ben Crompton (1036455),2003-12-17,England,Defender - Right-Back,Defender,left,188.0,Ross County FC,2759,,,0.047493403693931395,0.047493403693931395,0.09498680738786279,22.7
895333,24/25,Real Valladolid Promesas,Segunda Federación - Gr. I,28.0,1.0,1.0,1896.0,Koke Iglesias (895333),2005-03-16,Spain,Defender - Right-Back,Defender,right,0.0,Real Valladolid Promesas,7078,200000.0,2025-06-24,0.04746835443037974,0.04746835443037974,0.09493670886075949,21.4
1011935,24/25,Jong Genk,CPL,19.0,1.0,0.0,948.0,Wilson Da Costa (1011935),2007-02-28,Belgium,Attack - Right Winger,Attack,right,165.0,Jong Genk,46736,350000.0,2025-04-23,0.09493670886075949,0.0,0.09493670886075949,19.5
930995,24/25,FC Twente Enschede U21,U21 Div. 1 Fall,13.0,1.0,0.0,950.0,Tiago Codinha (930995),2005-07-20,Canada  Netherlands,Midfield - Attacking Midfield,Midfield,,0.0,FC Volendam U21,20299,,,0.09473684210526316,0.0,0.09473684210526316,21.1
663264,24/25,Plymouth Argyle,Championship,43.0,1.0,2.0,2853.0,Darko Gyabi (663264),2004-02-18,England  Ghana,Midfield - Central Midfield,Midfield,right,196.0,Hull City,3008,1800000.0,2025-05-26,0.03154574132492114,0.06309148264984228,0.09463722397476343,22.5
1111569,24/25,FC Twente Enschede U19,U19 Div. 1 Spring,12.0,1.0,0.0,951.0,Owen Panneflek (1111569),2006-10-04,Netherlands,Attack - Right Winger,Attack,,0.0,RKC Waalwijk,235,,,0.0946372239747634,0.0,0.0946372239747634,19.9
968426,24/25,Yeni Malatyaspor,1.Lig,18.0,1.0,0.0,952.0,Halil Atcı (968426),2006-02-04,Türkiye,Attack - Centre-Forward,Attack,right,182.0,Bursa Yildirim Spor Kulübü,69493,0.0,2025-07-21,0.09453781512605042,0.0,0.09453781512605042,20.5
1083054,24/25,LOSC Lille B,National 3 - Grp. E,13.0,1.0,0.0,952.0,Lilian Baret (1083054),2006-05-25,France,Midfield - Defensive Midfield,Midfield,right,168.0,LOSC Lille B,12765,,,0.09453781512605042,0.0,0.09453781512605042,20.2
1163080,24/25,Go Ahead Eagles Deventer U21,U21 Div. 1 Spring,14.0,1.0,0.0,952.0,Kader Koné (1163080),2005-06-24,Netherlands,Attack,Attack,,0.0,Go Ahead Eagles Deventer U21,18179,,,0.09453781512605042,0.0,0.09453781512605042,21.2
1321626,24/25,Lecce Under 17,Under 17 - C,18.0,1.0,0.0,952.0,Francesco Parente (1321626),2008-08-27,Italy,Midfield - Central Midfield,Midfield,,0.0,Lecce Under 18,100461,,,0.09453781512605042,0.0,0.09453781512605042,18.0
935779,24/25,Monza Primavera,Primavera 1,25.0,1.0,1.0,1905.0,Mario Crasta (935779),2005-05-18,Italy,Defender - Centre-Back,Defender,right,184.0,US Follonica Gavorrano,27568,100000.0,2025-06-26,0.047244094488188976,0.047244094488188976,0.09448818897637795,21.3
795909,24/25,VfB Stuttgart II,3. Liga,14.0,1.0,0.0,954.0,Luan Simnica (795909),2004-01-22,Albania  Germany,Midfield - Defensive Midfield,Midfield,left,182.0,FC Erzgebirge Aue,94,225000.0,2025-06-10,0.09433962264150944,0.0,0.09433962264150944,22.6
1311078,24/25,Fiorentina Under 17,Under 17 - C,24.0,1.0,1.0,1909.0,Federico Matarán (1311078),2008-05-24,Argentina  Spain,Midfield - Defensive Midfield,Midfield,right,184.0,Fiorentina Under 18,75901,,,0.04714510214772132,0.04714510214772132,0.09429020429544265,18.2
1064121,24/25,Marbella FC,Primera Federación - Gr. II,34.0,1.0,1.0,1910.0,Marcos Peña (1064121),2005-01-22,Spain,Midfield - Central Midfield,Midfield,right,180.0,FC Famalicão,3329,500000.0,2025-06-24,0.04712041884816755,0.04712041884816755,0.0942408376963351,21.6
662358,24/25,1.FC Germania Egestorf/Langreder,OL Niedersachsen,21.0,1.0,0.0,955.0,Adrian Becker (662358),2004-05-05,Germany,Midfield - Central Midfield,Midfield,,172.0,1.FC Germania Egestorf/Langreder,10381,0.0,2024-06-30,0.0942408376963351,0.0,0.0942408376963351,22.3
866069,2025,Western Suburbs FC,National League - Central,12.0,1.0,0.0,955.0,Sebastian Sanchez (866069),2003-12-20,United States  Mexico,Midfield - Defensive Midfield,Midfield,right,185.0,Western Suburbs FC,3474,100000.0,2025-06-25,0.0942408376963351,0.0,0.0942408376963351,22.7
882917,24/25,AC Locri 1909,Serie D - I,20.0,1.0,0.0,955.0,Alessio Aprile (882917),2005-05-19,Italy,Attack - Right Winger,Attack,,0.0,ACR Messina,1104,50000.0,2025-05-14,0.0942408376963351,0.0,0.0942408376963351,21.3
920283,24/25,Austria Vienna,Bundesliga,31.0,1.0,1.0,1914.0,Matteo Pérez Vinlöf (920283),2005-12-18,Sweden  Peru,Defender - Left-Back,Defender,left,178.0,GNK Dinamo Zagreb,419,2500000.0,2025-06-05,0.047021943573667714,0.047021943573667714,0.09404388714733543,20.7
1193844,2025,New York Red Bulls II,MLS Next Pro,21.0,1.0,1.0,1915.0,Adri Mehmeti (1193844),2009-04-06,United States  Albania,Midfield - Central Midfield,Midfield,right,183.0,New York Red Bulls,623,,,0.04699738903394256,0.04699738903394256,0.09399477806788512,17.4
583013,24/25,FC Lugano II,Promotion League,18.0,1.0,0.0,958.0,Romeo Morandi (583013),2003-10-08,Switzerland,Midfield - Central Midfield,Midfield,right,184.0,FC Paradiso,48428,100000.0,2025-06-09,0.0939457202505219,0.0,0.0939457202505219,22.9
1019950,24/25,Montpellier HSC B,National 3 - Grp. J,11.0,1.0,0.0,958.0,Théo Chennahi (1019950),2005-02-06,France  Algeria,Midfield - Attacking Midfield,Midfield,right,182.0,Montpellier HSC,969,150000.0,2025-06-02,0.0939457202505219,0.0,0.0939457202505219,21.5
1178475,24/25,Gil Vicente FC,Liga Portugal,11.0,1.0,0.0,958.0,Mohamed Bamba (1178475),2004-10-08,Cote d'Ivoire,Midfield - Defensive Midfield,Midfield,left,188.0,Gil Vicente FC,2424,3000000.0,2025-05-29,0.0939457202505219,0.0,0.0939457202505219,21.9
1123793,24/25,Milan Under 18,Under 18,31.0,1.0,0.0,961.0,Viana Seedorf (1123793),2007-05-25,Brazil  Netherlands,Midfield - Central Midfield,Midfield,right,0.0,Milan Under 18,76093,,,0.09365244536940688,0.0,0.09365244536940688,19.2
1136035,24/25,CD Anguiano,Segunda Federación - Gr. II,17.0,1.0,0.0,962.0,Pedro González (1136035),2004-05-02,Spain,Defender - Left-Back,Defender,left,177.0,Salerm Puente Genil FC,60350,25000.0,2025-06-24,0.09355509355509356,0.0,0.09355509355509356,22.3
1112904,24/25,Young Reds,1ste Nationale VV,17.0,1.0,0.0,963.0,Youssef Hamdaoui (1112904),2008-03-20,Morocco  Belgium,Midfield - Central Midfield,Midfield,right,0.0,Royal Antwerp FC,1096,250000.0,2025-06-11,0.09345794392523364,0.0,0.09345794392523364,18.4
926975,2025,FK Haugesund,Eliteserien,18.0,1.0,0.0,964.0,Emil Rohd (926975),2004-11-04,Denmark,Attack - Right Winger,Attack,right,0.0,FK Haugesund,2761,250000.0,2025-06-17,0.09336099585062241,0.0,0.09336099585062241,21.8
955298,24/25,Deportivo Guadalajara U23,Liga MX U23 Apertura,11.0,1.0,0.0,964.0,Diego Ochoa (955298),2005-04-20,Mexico,Defender - Centre-Back,Defender,right,189.0,FC Juárez,49283,,,0.09336099585062241,0.0,0.09336099585062241,21.3
921460,24/25,Hannover 96 U19,U19 Nachwuchsliga - Gr. E,11.0,1.0,0.0,965.0,Anton Lange (921460),2006-05-25,Germany,Defender - Centre-Back,Defender,right,0.0,Hannover 96 II,1065,75000.0,2025-09-05,0.09326424870466321,0.0,0.09326424870466321,20.2
979850,24/25,Cagliari Primavera,Primavera 1,34.0,1.0,2.0,2902.0,Andrea Cogoni (979850),2006-07-04,Italy,Defender - Centre-Back,Defender,right,0.0,Cagliari Primavera,11676,400000.0,2025-06-26,0.031013094417643005,0.06202618883528601,0.09303928325292901,20.1
717915,24/25,GKS Jastrzebie,Betclic 2 Liga,23.0,1.0,0.0,969.0,Kacper Masiak (717915),2005-01-11,Poland,Attack - Right Winger,Attack,right,175.0,Stal Rzeszow,9510,75000.0,2025-06-05,0.09287925696594426,0.0,0.09287925696594426,21.6
1045959,24/25,SC Freiburg U19,U19 Nachwuchsliga - Gr. A,11.0,1.0,0.0,971.0,Marius Klein (1045959),2006-07-02,Germany,Defender - Centre-Back,Defender,,190.0,SC Freiburg II,245,50000.0,2025-09-04,0.09268795056642636,0.0,0.09268795056642636,20.1
743522,24/25,Angers SCO B,National 3 - Grp. B,23.0,1.0,1.0,1948.0,Enzo Caumont (743522),2004-03-13,France,Midfield - Defensive Midfield,Midfield,right,0.0,AS Cannes,895,0.0,2025-07-23,0.046201232032854214,0.046201232032854214,0.09240246406570843,22.4
864799,24/25,UD Las Palmas,LaLiga,14.0,1.0,0.0,975.0,Stefan Bajcetic (864799),2004-10-22,Spain  Serbia,Midfield - Defensive Midfield,Midfield,right,185.0,Liverpool FC,31,9000000.0,2025-06-08,0.09230769230769231,0.0,0.09230769230769231,21.8
896425,24/25,Udinese Primavera,Primavera 1,19.0,1.0,0.0,975.0,Shenol Demiroski (896425),2005-09-07,North Macedonia,Midfield - Central Midfield,Midfield,right,0.0,Without Club,515,25000.0,2025-05-14,0.09230769230769231,0.0,0.09230769230769231,20.9
936604,24/25,FC Twente Enschede U21,U21 Div. 1 Fall,11.0,1.0,0.0,975.0,Jop Tijink (936604),2005-01-30,Netherlands,Defender - Centre-Back,Defender,left,188.0,Heracles Almelo,1304,50000.0,2025-05-27,0.09230769230769231,0.0,0.09230769230769231,21.5
1064191,2025,Inter Miami CF,MLS,19.0,1.0,0.0,975.0,Tomás Avilés (1064191),2004-02-03,Argentina  Chile,Defender - Centre-Back,Defender,right,186.0,Inter Miami CF,69261,6000000.0,2025-06-04,0.09230769230769231,0.0,0.09230769230769231,22.5
1191444,24/25,Toulouse FC B,National 3 - Grp. A,12.0,1.0,0.0,975.0,Dayann Methalie (1191444),2006-02-15,France,Defender - Centre-Back,Defender,left,186.0,FC Toulouse,415,2000000.0,2025-08-25,0.09230769230769231,0.0,0.09230769230769231,20.5
914516,24/25,Borgaro Nobis 1965,Serie D - A,19.0,1.0,0.0,977.0,Alessandro Zani (914516),2005-02-03,Italy,Midfield - Central Midfield,Midfield,left,0.0,Borgaro Nobis 1965,41470,75000.0,2025-05-14,0.09211873080859775,0.0,0.09211873080859775,21.5
987375,24/25,Vitesse Arnhem U19,U19 Div. 1 Fall,13.0,1.0,0.0,978.0,Geronimo Londar (987375),2007-02-25,Netherlands,Defender - Centre-Back,Defender,right,0.0,Vitesse Arnhem U19,7465,,,0.09202453987730062,0.0,0.09202453987730062,19.5
865730,24/25,NAC Breda U21,U21 Div. 2 Spring,13.0,1.0,0.0,979.0,Chakir Chouradi (865730),2005-01-25,Netherlands  Morocco,Attack - Left Winger,Attack,right,0.0,NAC Breda U21,8523,,,0.09193054136874362,0.0,0.09193054136874362,21.6
1067340,24/25,SM Caen B,National 3 - Grp. D,14.0,1.0,0.0,982.0,Tristan Rozier (1067340),2006-08-03,France,Defender - Left-Back,Defender,right,0.0,SM Caen B,12770,,,0.09164969450101833,0.0,0.09164969450101833,20.0
925216,24/25,FC Basel 1893 U21,Promotion League,16.0,1.0,0.0,983.0,Demir Xhemalija (925216),2006-06-07,Switzerland  Kosovo,Midfield - Defensive Midfield,Midfield,left,180.0,FC Luzern,434,200000.0,2025-06-09,0.09155645981688708,0.0,0.09155645981688708,20.2
1059525,24/25,Sampdoria Primavera,Primavera 1,29.0,1.0,1.0,1968.0,Tommaso Casalino (1059525),2007-07-31,Italy,Midfield - Central Midfield,Midfield,,0.0,Sampdoria Primavera,12001,,,0.04573170731707318,0.04573170731707318,0.09146341463414635,19.1
917104,24/25,Rodez AF,Ligue 2,31.0,1.0,0.0,985.0,Derek Mazou-Sacko (917104),2004-10-06,France  Cote d'Ivoire,Midfield - Central Midfield,Midfield,right,186.0,Millwall FC,1028,400000.0,2025-06-01,0.09137055837563453,0.0,0.09137055837563453,21.9
1007720,24/25,Reading FC,League One,44.0,2.0,0.0,1972.0,Tyler Bindon (1007720),2005-01-27,New Zealand  United States,Defender - Centre-Back,Defender,right,188.0,Sheffield United,350,1200000.0,2025-06-17,0.09127789046653144,0.0,0.09127789046653144,21.6
670309,24/25,Rabotnicki Skopje,Prva liga,13.0,1.0,0.0,986.0,Matej Angelov (670309),2004-07-11,North Macedonia,Midfield - Defensive Midfield,Midfield,right,180.0,Rabotnicki Skopje,4641,250000.0,2025-05-22,0.09127789046653144,0.0,0.09127789046653144,22.1
726701,24/25,Avs Futebol,Liga Portugal,20.0,1.0,0.0,986.0,Rodrigo Ribeiro (726701),2005-04-28,Portugal,Attack - Centre-Forward,Attack,right,186.0,Sporting CP,336,2500000.0,2025-05-29,0.09127789046653144,0.0,0.09127789046653144,21.3
1314677,24/25,Palermo Under 17,Under 17 - C,23.0,1.0,1.0,1980.0,Adriano Puccio (1314677),2008-02-07,Italy,Defender - Left-Back,Defender,left,0.0,Union Clodiense Chioggia,41146,,,0.045454545454545456,0.045454545454545456,0.09090909090909091,18.5
900794,2025,SK Træff,PostNord-ligaen Avd. 1,11.0,0.0,1.0,990.0,Peder Hoel Lervik (900794),2005-04-24,Norway,Goalkeeper,Goalkeeper,right,189.0,SK Træff,36245,100000.0,2025-06-17,0.0,0.09090909090909091,0.09090909090909091,21.3
932589,24/25,Crotone Primavera,Primavera 2 - B,11.0,1.0,0.0,990.0,,2005-04-28,Italy,Defender - Centre-Back,Defender,,0.0,Without Club,515,10000.0,2025-05-14,0.09090909090909091,0.0,0.09090909090909091,21.3
936183,24/25,Hellas Verona Primavera,Primavera 1,11.0,1.0,0.0,990.0,Christian Corradi (936183),2005-02-21,Italy,Defender - Centre-Back,Defender,right,0.0,AC Trento,4095,700000.0,2025-06-01,0.09090909090909091,0.0,0.09090909090909091,21.5
1186347,24/25,Leixões SC U23,Liga Revelação,11.0,0.0,1.0,990.0,Teopisto (1186347),2003-12-06,Portugal,Goalkeeper,Goalkeeper,left,191.0,CD Trofense,3348,,,0.0,0.09090909090909091,0.09090909090909091,22.7
1204944,24/25,Lecce Under 17,Under 17 - C,24.0,1.0,0.0,990.0,Filippo Margheriti (1204944),2008-02-09,Italy,Attack - Right Winger,Attack,right,0.0,Lecce Under 18,100461,,,0.09090909090909091,0.0,0.09090909090909091,18.5
1169857,2025,Cork City FC,Premier Division,25.0,1.0,1.0,1987.0,Freddie Anderson (1169857),2006-10-23,England  United States,Defender - Centre-Back,Defender,right,187.0,Cork City FC,27774,75000.0,2025-06-19,0.04529441368897836,0.04529441368897836,0.09058882737795672,19.8
984107,2025,Asociación Deportivo Pasto,Liga DIMAYOR I,16.0,1.0,0.0,996.0,Johan Caicedo (984107),2004-03-13,Colombia,Midfield - Defensive Midfield,Midfield,,0.0,Asociación Deportivo Pasto,10090,450000.0,2025-06-19,0.09036144578313252,0.0,0.09036144578313252,22.4
1281526,24/25,Alemannia Aachen U19,U19 Nachwuchsliga - Liga B,12.0,1.0,0.0,997.0,Mika Pobric (1281526),2007-06-10,Germany  Bosnia-Herzegovina,Midfield - Central Midfield,Midfield,,185.0,Alemannia Aachen,8,,,0.09027081243731194,0.0,0.09027081243731194,19.2
1078159,24/25,Arsenal FC U18,U18 Premier League,23.0,1.0,1.0,1995.0,Ife Ibrahim (1078159),2008-01-20,England  Nigeria,Midfield - Defensive Midfield,Midfield,,0.0,Arsenal FC U18,5679,,,0.045112781954887216,0.045112781954887216,0.09022556390977443,18.6
1188592,24/25,Sampdoria Primavera,Primavera 1,28.0,1.0,1.0,1996.0,Alessio Papasergio (1188592),2007-03-27,Italy,Defender - Centre-Back,Defender,,185.0,Sampdoria Primavera,12001,,,0.04509018036072144,0.04509018036072144,0.09018036072144288,19.4
813985,24/25,SS Murata,Camp. Sammarinese,13.0,1.0,0.0,998.0,Francesco Monterosso (813985),2004-10-04,Italy,Defender - Centre-Back,Defender,left,198.0,SSV Brixen,12170,25000.0,2025-06-09,0.09018036072144288,0.0,0.09018036072144288,21.9
1008431,2025,FC Cincinnati 2,MLS Next Pro,12.0,1.0,0.0,998.0,Stiven Jimenez (1008431),2007-06-24,Mexico  United States,Midfield - Central Midfield,Midfield,right,168.0,FC Cincinnati,51772,100000.0,2025-06-04,0.09018036072144288,0.0,0.09018036072144288,19.2
810100,24/25,FC Schalke 04,2. Bundesliga,24.0,1.0,1.0,2000.0,Taylan Bulut (810100),2006-01-19,Germany  Türkiye,Defender - Right-Back,Defender,right,188.0,Besiktas JK,114,6000000.0,2025-06-18,0.045,0.045,0.09,20.6
718462,2025,IF Brommapojkarna,Allsvenskan,13.0,1.0,0.0,1000.0,Hlynur Freyr Karlsson (718462),2004-04-06,Iceland,Defender - Centre-Back,Defender,right,180.0,IF Brommapojkarna,1092,450000.0,2025-06-17,0.09,0.0,0.09,22.4
1314680,24/25,Palermo Under 17,Under 17 - C,23.0,1.0,1.0,2003.0,Giulio La Mantia (1314680),2008-01-17,Italy,Midfield - Defensive Midfield,Midfield,right,0.0,Palermo Primavera,11493,,,0.044932601098352475,0.044932601098352475,0.08986520219670495,18.6
622023,24/25,FC Stade-Lausanne-Ouchy,Challenge League,16.0,1.0,0.0,1004.0,Noah Rupp (622023),2003-08-13,Switzerland,Midfield - Central Midfield,Midfield,left,184.0,FC Thun,938,200000.0,2025-06-09,0.08964143426294821,0.0,0.08964143426294821,23.0
1055876,24/25,AZ Alkmaar U19,U19 Div. 1 Fall,12.0,1.0,0.0,1005.0,Jesper Zwart (1055876),2006-11-08,Netherlands,Defender - Right-Back,Defender,right,0.0,AZ Alkmaar U21,11368,,,0.08955223880597014,0.0,0.08955223880597014,19.8
1168025,24/25,Reggiana Primavera,Primavera 2 - A,28.0,1.0,1.0,2020.0,Mattia Penta (1168025),2007-08-26,Italy,Midfield - Central Midfield,Midfield,right,186.0,Lentigione Calcio,46157,,,0.04455445544554455,0.04455445544554455,0.0891089108910891,19.0
1227015,2025,Gangwon FC,K League 1,25.0,1.0,1.0,2020.0,Min-ha Shin (1227015),2005-09-15,"Korea, South",Defender - Centre-Back,Defender,right,186.0,Gangwon FC,21459,400000.0,2025-06-02,0.04455445544554455,0.04455445544554455,0.0891089108910891,20.9
1041555,24/25,RFC Seraing,CPL,28.0,1.0,1.0,2030.0,Yannis Lawson (1041555),2004-11-22,Belgium,Defender - Left-Back,Defender,left,179.0,FC Metz,347,300000.0,2025-04-23,0.04433497536945812,0.04433497536945812,0.08866995073891625,21.7
866756,24/25,Altona 93 II,Landesliga Hammonia,13.0,1.0,0.0,1017.0,Abubakar Inalkaev (866756),2004-07-31,Russia,Midfield - Defensive Midfield,Midfield,right,185.0,Kyzyltash Bakhchysarai,62042,0.0,2023-11-19,0.08849557522123894,0.0,0.08849557522123894,22.1
1101656,24/25,Cesena Primavera,Primavera 1,21.0,1.0,0.0,1021.0,Simone Abbondanza (1101656),2006-02-09,Italy,Defender - Right-Back,Defender,right,0.0,Cesena Primavera,20106,50000.0,2025-06-26,0.0881488736532811,0.0,0.0881488736532811,20.5
1143175,24/25,Stade Reims B,National 3 - Grp. E,15.0,1.0,0.0,1022.0,Ansoumana Dansokho (1143175),2006-06-06,France  Senegal,Midfield - Central Midfield,Midfield,right,176.0,Stade Reims B,11204,,,0.08806262230919765,0.0,0.08806262230919765,20.2
1178955,24/25,VfB Lübeck II,Oberliga Schleswig-Holstein,25.0,1.0,1.0,2047.0,Samuel Schwoon (1178955),2006-03-12,Germany,Defender - Centre-Back,Defender,left,195.0,VfB Lübeck II,3322,,,0.04396678065461651,0.04396678065461651,0.08793356130923302,20.4
927905,24/25,Frosinone Calcio,Serie B,19.0,1.0,0.0,1025.0,Matteo Cichella (927905),2005-10-04,Italy,Midfield - Defensive Midfield,Midfield,right,169.0,Frosinone Calcio,8970,750000.0,2025-06-01,0.08780487804878048,0.0,0.08780487804878048,20.9
922791,24/25,FC Luzern U21,Promotion League,12.0,1.0,0.0,1027.0,Bung Meng Freimann (922791),2005-12-09,Switzerland,Defender - Centre-Back,Defender,left,184.0,FC Luzern,434,2500000.0,2025-06-09,0.08763388510223953,0.0,0.08763388510223953,20.7
939217,2025,Sarpsborg 08 FF,Eliteserien,18.0,1.0,0.0,1031.0,Victor Halvorsen (939217),2004-07-03,Norway,Midfield - Central Midfield,Midfield,right,185.0,Sarpsborg 08 FF,10217,1000000.0,2025-06-17,0.08729388942774007,0.0,0.08729388942774007,22.1
1187822,24/25,Frosinone Primavera,Primavera 2 - B,23.0,1.0,0.0,1033.0,Ferdinando Borgia (1187822),2006-04-24,Italy,Midfield - Central Midfield,Midfield,right,181.0,Frosinone Primavera,17664,75000.0,2025-05-27,0.08712487899322362,0.0,0.08712487899322362,20.3
1062513,24/25,Hellas Verona Primavera,Primavera 1,36.0,1.0,2.0,3104.0,Karlson Nwanege (1062513),2005-04-28,Sweden  Cameroon,Defender - Centre-Back,Defender,right,186.0,AC Perugia Calcio,839,200000.0,2025-06-26,0.028994845360824743,0.05798969072164949,0.08698453608247422,21.3
1263430,24/25,Parma Under 17,Under 17 - A,20.0,1.0,0.0,1035.0,Pietro Fiorasi (1263430),2008-08-06,Italy,Defender - Right-Back,Defender,,0.0,Parma Under 18,84451,,,0.08695652173913043,0.0,0.08695652173913043,18.0
927561,24/25,FC Schaffhausen II,2. Liga Inter - Gr. 4,15.0,1.0,0.0,1038.0,Leon Rüeger (927561),2005-11-08,Switzerland,Defender - Left-Back,Defender,left,180.0,FC Schaffhausen,1277,100000.0,2025-06-09,0.08670520231213873,0.0,0.08670520231213873,20.8
1067225,24/25,Dynamo Kyiv,Premier Liga,26.0,1.0,1.0,2077.0,Taras Mykhavko (1067225),2005-05-30,Ukraine,Defender - Centre-Back,Defender,left,185.0,Dynamo Kyiv,338,6000000.0,2025-09-09,0.043331728454501686,0.043331728454501686,0.08666345690900337,21.2
928013,24/25,Costa d'Amalfi,Serie D - H,21.0,1.0,0.0,1040.0,Alfonso Celia (928013),2005-04-09,Italy,Midfield - Defensive Midfield,Midfield,right,0.0,ASD San Vito Positano,57551,0.0,2025-08-24,0.08653846153846154,0.0,0.08653846153846154,21.4
1221317,2025,Grêmio FBPA U20,CBF Brasileiro U20,13.0,1.0,0.0,1040.0,Riquelme (1221317),2006-08-13,Brazil,Midfield - Attacking Midfield,Midfield,right,181.0,Grêmio Foot-Ball Porto Alegrense,210,2000000.0,2025-09-04,0.08653846153846154,0.0,0.08653846153846154,20.0
807313,24/25,Entente Sannois Saint-Gratien,National 3 - Grp. E,15.0,1.0,0.0,1042.0,Léon Pambou (807313),2004-01-25,France,Defender - Centre-Back,Defender,left,196.0,Entente Sannois Saint-Gratien,8178,,,0.08637236084452975,0.0,0.08637236084452975,22.6
881261,24/25,Maidenhead United,National League,22.0,1.0,0.0,1042.0,Joshua Johnson (881261),2004-09-26,England,Midfield - Central Midfield,Midfield,right,0.0,Oxford United,988,0.0,2024-08-06,0.08637236084452975,0.0,0.08637236084452975,21.9
952169,24/25,ASD Chisola Calcio,Serie D - A,22.0,1.0,0.0,1042.0,Jacopo Scarpetta (952169),2006-01-13,Italy,Defender - Centre-Back,Defender,,0.0,ASD Chisola Calcio,52900,75000.0,2025-05-14,0.08637236084452975,0.0,0.08637236084452975,20.6
1201164,24/25,Royal Antwerp FC U18,U18 Elite 1,14.0,1.0,0.0,1043.0,Khoi Pham Anh (1201164),2007-08-22,Belgium  Vietnam,Attack - Centre-Forward,Attack,left,170.0,Young Reds,59639,,,0.0862895493767977,0.0,0.0862895493767977,19.0
1313596,24/25,Reggiana Under 17,Under 17 - A,17.0,1.0,0.0,1045.0,Elijah Edward Obeng (1313596),2008-01-22,Italy,Defender - Right-Back,Defender,right,0.0,Reggiana Primavera,20406,,,0.0861244019138756,0.0,0.0861244019138756,18.6
875929,24/25,Shrewsbury Town,League One,37.0,1.0,2.0,3137.0,Josh Feeney (875929),2005-05-06,England  Scotland,Defender - Centre-Back,Defender,right,196.0,Huddersfield Town,1110,500000.0,2024-12-26,0.02868983104877271,0.05737966209754542,0.08606949314631814,21.3
1238919,2025,Wuhan Three Towns B,League Two South,18.0,1.0,0.0,1046.0,Tianxiang Yu (1238919),2005-05-25,China,Defender,Defender,,180.0,Wuhan Three Towns,70657,25000.0,2025-06-18,0.08604206500956023,0.0,0.08604206500956023,21.2
851991,24/25,Stoke City,Championship,41.0,1.0,2.0,3140.0,Junior Tchamadeu (851991),2003-12-22,Cameroon  England,Defender - Right-Back,Defender,right,180.0,Stoke City,512,1000000.0,2025-05-26,0.028662420382165602,0.057324840764331204,0.08598726114649681,22.7
631447,24/25,Zaglebie Lubin II,Betclic 2 Liga,12.0,1.0,0.0,1050.0,Jakub Kolan (631447),2004-08-03,Poland,Midfield - Defensive Midfield,Midfield,,177.0,Zaglebie Lubin,168,200000.0,2025-06-05,0.08571428571428572,0.0,0.08571428571428572,22.0
933048,24/25,Spezia Primavera,Primavera 2 - B,12.0,1.0,0.0,1050.0,Mattia Piccioli (933048),2005-02-15,Italy,Midfield - Right Midfield,Midfield,,0.0,Seravezza Pozzi Calcio,59318,50000.0,2025-05-14,0.08571428571428572,0.0,0.08571428571428572,21.5
1008000,24/25,San Donato Tavarnelle,Serie D - E,30.0,1.0,0.0,1050.0,Giulio Dema (1008000),2004-04-18,Italy  Albania,Midfield - Defensive Midfield,Midfield,right,0.0,UC Sinalunghese,38466,0.0,2025-08-20,0.08571428571428572,0.0,0.08571428571428572,22.3
1071731,24/25,Gelbison,Serie D - G,21.0,1.0,0.0,1050.0,Lenny Sognog (1071731),2004-08-06,France  Cameroon,Defender - Right-Back,Defender,right,178.0,Portogruaro Calcio,15374,50000.0,2025-05-14,0.08571428571428572,0.0,0.08571428571428572,22.0
1165391,24/25,Angers SCO U19,National U19 - Grp. C,15.0,1.0,0.0,1050.0,Enzo Nanor (1165391),2006-08-17,France,Midfield - Central Midfield,Midfield,right,0.0,Angers SCO U19,12769,,,0.08571428571428572,0.0,0.08571428571428572,20.0
1000148,24/25,FC Sochaux-Montbéliard B,National 3 - Grp. H,12.0,1.0,0.0,1051.0,Malcolm Rangon (1000148),2004-02-21,France  Martinique,Defender - Centre-Back,Defender,right,185.0,Jura Sud Foot,9881,,,0.0856327307326356,0.0,0.0856327307326356,22.5
1059104,24/25,Lokomotyv Kyiv,Druga Liga,12.0,1.0,0.0,1051.0,Oleksandr Nikolyshyn (1059104),2004-07-20,Ukraine,Defender - Centre-Back,Defender,left,186.0,Podillya Khmelnytskyi,30697,75000.0,2025-06-09,0.0856327307326356,0.0,0.0856327307326356,22.1
1232104,24/25,KRC Genk U18,U18 Elite 1,12.0,1.0,0.0,1051.0,Elie Mbavu (1232104),2009-10-20,Belgium,Defender - Centre-Back,Defender,,0.0,Jong Genk,46736,,,0.0856327307326356,0.0,0.0856327307326356,16.8
819272,24/25,Union Clodiense Chioggia,Serie C-A,32.0,1.0,1.0,2112.0,Matteo Manfredonia (819272),2004-07-21,Italy,Midfield - Central Midfield,Midfield,right,189.0,US Città di Pontedera,14888,125000.0,2025-06-18,0.04261363636363637,0.04261363636363637,0.08522727272727273,22.1
827710,24/25,SC Heerenveen U21,U21 Div. 2 Spring,12.0,1.0,0.0,1058.0,Xavi Woudstra (827710),2005-01-04,Netherlands,Midfield - Central Midfield,Midfield,right,0.0,Almere City FC U23,20298,,,0.08506616257088848,0.0,0.08506616257088848,21.6
936753,24/25,Atalanta Primavera,Primavera 1,12.0,1.0,0.0,1058.0,Pietro Comi (936753),2005-06-11,Italy,Defender - Centre-Back,Defender,right,0.0,Atalanta U23,41110,250000.0,2025-06-18,0.08506616257088848,0.0,0.08506616257088848,21.2
1295570,24/25,Salernitana Under 17,Under 17 - C,15.0,1.0,0.0,1058.0,Mario Leotta (1295570),2008-01-28,Italy,Attack - Centre-Forward,Attack,right,0.0,Salernitana Primavera,14968,,,0.08506616257088848,0.0,0.08506616257088848,18.6
898833,24/25,Milan Under 18,Under 18,12.0,1.0,0.0,1059.0,Alessandro Lamorte (898833),2006-03-28,Italy,Midfield - Central Midfield,Midfield,right,180.0,Cremonese Primavera,17198,10000.0,2025-06-26,0.08498583569405099,0.0,0.08498583569405099,20.4
775988,24/25,Vitesse Arnhem U21,U21 Div. 1 Spring,13.0,1.0,0.0,1061.0,Mathijs Marschalk (775988),2005-01-22,Netherlands,Midfield - Central Midfield,Midfield,right,177.0,Vitesse Arnhem,499,,,0.08482563619227144,0.0,0.08482563619227144,21.6
961051,24/25,Zébra Élites,1ste Nationale ACFF,13.0,1.0,0.0,1061.0,Amine Boukamir (961051),2006-10-23,Morocco  Belgium,Midfield - Defensive Midfield,Midfield,right,172.0,Royal Charleroi SC,172,300000.0,2025-06-11,0.08482563619227144,0.0,0.08482563619227144,19.8
1175714,24/25,Pescara Primavera,Primavera 2 - B,12.0,1.0,0.0,1061.0,Giuseppe Saccomanni (1175714),2006-07-09,Italy,Midfield - Attacking Midfield,Midfield,right,175.0,Pineto Calcio,46337,75000.0,2025-06-18,0.08482563619227144,0.0,0.08482563619227144,20.1
1261146,24/25,Adana Demirspor U19,U19 Süper Lig,15.0,1.0,0.0,1061.0,Ali Arda Yıldız (1261146),2007-04-16,Türkiye,Defender - Centre-Back,Defender,left,0.0,Adana Demirspor,3840,50000.0,2025-06-17,0.08482563619227144,0.0,0.08482563619227144,19.3
1057583,24/25,Siena FC,Serie D - E,16.0,1.0,0.0,1062.0,Elvaris Suplja (1057583),2006-08-01,Kosovo  Albania,Midfield - Central Midfield,Midfield,right,0.0,Cavese 1919,6266,100000.0,2025-05-14,0.0847457627118644,0.0,0.0847457627118644,20.0
604519,24/25,ASK Voitsberg,2. Liga,25.0,1.0,1.0,2125.0,Elias Jandrisevits (604519),2003-08-01,Austria,Defender - Left-Back,Defender,left,182.0,SK Austria Klagenfurt,28760,250000.0,2025-05-29,0.042352941176470586,0.042352941176470586,0.08470588235294117,23.0
943616,24/25,De Graafschap Doetinchem U21,U21 Div. 1 Fall,13.0,1.0,0.0,1063.0,Nic Hartgers (943616),2004-02-21,Netherlands,Defender - Centre-Back,Defender,left,190.0,De Graafschap Doetinchem U21,17668,,,0.08466603951081844,0.0,0.08466603951081844,22.5
1287151,24/25,STVV Youth,2de Nat. VV B,12.0,1.0,0.0,1063.0,Hugo Lambotte (1287151),2006-06-20,Belgium,Defender - Centre-Back,Defender,right,0.0,Sint-Truidense VV,475,200000.0,2025-06-11,0.08466603951081844,0.0,0.08466603951081844,20.2
930995,24/25,FC Twente Enschede U21,U21 Div. 1 Spring,13.0,1.0,0.0,1065.0,Tiago Codinha (930995),2005-07-20,Canada  Netherlands,Midfield - Attacking Midfield,Midfield,,0.0,FC Volendam U21,20299,,,0.08450704225352113,0.0,0.08450704225352113,21.1
1294647,24/25,LNZ Cherkasy U19,U19 Premier Liga,28.0,1.0,1.0,2136.0,Denys Khamko (1294647),2007-12-22,Ukraine,Midfield - Central Midfield,Midfield,right,180.0,LNZ Cherkasy U19,110413,,,0.042134831460674156,0.042134831460674156,0.08426966292134831,18.7
994216,2025,Shandong Taishan B,League Two North,14.0,1.0,0.0,1068.0,Ruiqi Yang (994216),2004-02-08,China,Defender - Centre-Back,Defender,right,185.0,Meizhou Hakka,38929,75000.0,2025-06-22,0.08426966292134831,0.0,0.08426966292134831,22.5
1090059,24/25,Fossano Calcio,Serie D - A,14.0,1.0,0.0,1068.0,Riccardo Bozzuto (1090059),2005-03-01,Italy,Attack - Left Winger,Attack,,0.0,Tritium Calcio 1908,19367,0.0,2025-09-03,0.08426966292134831,0.0,0.08426966292134831,21.5
1317971,24/25,Perugia Primavera,Primavera 2 - B,20.0,1.0,0.0,1068.0,Francesco Berta (1317971),2007-05-26,Italy,Midfield - Attacking Midfield,Midfield,,0.0,Perugia Primavera,14926,,,0.08426966292134831,0.0,0.08426966292134831,19.2
1118873,24/25,Jagiellonia Bialystok U19,Youth League POL,13.0,1.0,0.0,1071.0,Bartosz Mazurek (1118873),2007-01-03,Poland,Midfield - Attacking Midfield,Midfield,right,180.0,Jagiellonia Bialystok,2300,100000.0,2025-06-05,0.08403361344537816,0.0,0.08403361344537816,19.6
1061617,24/25,RCD Mallorca B,Segunda Federación - Gr. III,15.0,1.0,0.0,1073.0,David Pons (1061617),2004-07-22,Spain,Defender - Left-Back,Defender,left,176.0,UE Sant Andreu,12697,25000.0,2025-06-24,0.08387698042870456,0.0,0.08387698042870456,22.1
1330103,2025,Odds BK II,Norsk Tipping-Ligaen avd. 6,13.0,1.0,0.0,1074.0,Abduljeleel Abdulateef (1330103),2006-05-31,Nigeria,Attack - Right Winger,Attack,,0.0,Odds BK,1058,50000.0,2025-06-25,0.08379888268156424,0.0,0.08379888268156424,20.2
1052198,24/25,Crotone Primavera,Primavera 2 - B,12.0,1.0,0.0,1075.0,Antonio Tarantino (1052198),2005-07-25,Italy,Defender - Right-Back,Defender,right,180.0,Without Club,515,50000.0,2025-05-14,0.08372093023255814,0.0,0.08372093023255814,21.1
1285160,24/25,SS Lazio U17,Under 17 - C,18.0,1.0,0.0,1075.0,Valerio Castelli (1285160),2008-04-12,Italy,Defender - Right-Back,Defender,,0.0,Lazio Under 18,82685,,,0.08372093023255814,0.0,0.08372093023255814,18.4
1188989,24/25,Western United FC,A-League Men,25.0,1.0,1.0,2152.0,Dylan Leonard (1188989),2007-08-30,Australia  Scotland,Defender - Centre-Back,Defender,right,187.0,Without Club,515,400000.0,2025-06-02,0.04182156133828996,0.04182156133828996,0.08364312267657992,19.0
898809,24/25,Panserraikos U19,Super League U19,19.0,1.0,0.0,1077.0,Konstantinos Mavropoulos (898809),2005-01-13,Greece,Midfield - Attacking Midfield,Midfield,right,177.0,Aspis Pylas,51790,,,0.08356545961002786,0.0,0.08356545961002786,21.6
1181950,24/25,Kasimpasa U19,U19 Süper Lig,21.0,1.0,0.0,1077.0,Furkan Ulupınar (1181950),2006-06-28,Türkiye,Defender - Centre-Back,Defender,,0.0,Kasimpasa U19,73905,,,0.08356545961002786,0.0,0.08356545961002786,20.1
951957,24/25,Eintracht Frankfurt II,Regionalliga Südwest,26.0,1.0,1.0,2156.0,Noah Fenyö (951957),2006-01-30,Hungary  Germany,Midfield - Defensive Midfield,Midfield,both,182.0,Eintracht Frankfurt,24,350000.0,2025-06-10,0.041743970315398886,0.041743970315398886,0.08348794063079777,20.6
975843,24/25,Edinburgh City,League Two,16.0,1.0,0.0,1078.0,Dylan Wells (975843),2006-03-20,Scotland,Attack - Right Winger,Attack,right,170.0,Motherwell FC,987,0.0,2024-09-29,0.08348794063079777,0.0,0.08348794063079777,20.4
1113084,24/25,Luparense FC,Serie D - C,33.0,1.0,1.0,2159.0,Vlad Duminică (1113084),2006-01-14,Romania,Defender - Right-Back,Defender,,0.0,Luparense FC,31267,100000.0,2025-05-14,0.041685965724872626,0.041685965724872626,0.08337193144974525,20.6
875235,24/25,Crystal Palace U21,Premier League 2,12.0,1.0,0.0,1080.0,Seán Grehan (875235),2004-01-08,Ireland,Defender - Centre-Back,Defender,right,182.0,Doncaster Rovers,2454,150000.0,2025-06-19,0.08333333333333334,0.0,0.08333333333333334,22.6
1023787,24/25,FC Viktoria 1889 Berlin U19,U19 Nachwuchsliga - Liga B,12.0,1.0,0.0,1080.0,Matti Richter (1023787),2006-01-27,Germany,Defender - Centre-Back,Defender,left,187.0,UC Riverside Highlanders,39851,0.0,2025-07-31,0.08333333333333334,0.0,0.08333333333333334,20.6
976828,24/25,Scafatese Calcio 1922,Serie D - I,14.0,1.0,0.0,1081.0,Matteo Di Paola (976828),2005-05-24,Italy,Defender - Right-Back,Defender,right,183.0,Cavese 1919,6266,50000.0,2025-05-14,0.08325624421831637,0.0,0.08325624421831637,21.2
1032381,24/25,SC Bastia B,National 3 - Grp. D,19.0,1.0,0.0,1081.0,Noa Donat (1032381),2003-09-29,France  Senegal,Midfield - Central Midfield,Midfield,,188.0,Paris 13 Atletico,62382,,,0.08325624421831637,0.0,0.08325624421831637,22.9
820540,24/25,Arka Gdynia,Betclic 1 Liga,25.0,1.0,1.0,2165.0,Filip Kocaba (820540),2004-11-13,Poland,Midfield - Defensive Midfield,Midfield,,183.0,Zaglebie Lubin,168,400000.0,2025-06-05,0.04157043879907621,0.04157043879907621,0.08314087759815242,21.8
1202417,2025,New England Revolution II,MLS Next Pro,12.0,1.0,0.0,1083.0,Allan Oyirwoth (1202417),2007-01-23,Uganda,Midfield - Attacking Midfield,Midfield,right,185.0,New England Revolution,626,,,0.08310249307479224,0.0,0.08310249307479224,19.6
951697,24/25,Düzcespor,3.Lig Grup 1,25.0,1.0,0.0,1084.0,Emirhan Yılmaz (951697),2004-04-22,Türkiye,Midfield - Central Midfield,Midfield,right,179.0,Beykoz Ishakli Spor,14933,0.0,2025-08-18,0.08302583025830258,0.0,0.08302583025830258,22.3
1106904,24/25,Rayo Cantabria,Segunda Federación - Gr. I,16.0,1.0,0.0,1085.0,Aitor Crespo (1106904),2005-09-17,Spain,Defender - Centre-Back,Defender,right,183.0,Rayo Cantabria,10980,25000.0,2025-06-24,0.08294930875576037,0.0,0.08294930875576037,20.9
670715,24/25,FC Porto B,Liga Portugal 2,25.0,1.0,1.0,2172.0,Gabriel Brás (670715),2004-03-25,Portugal,Defender - Centre-Back,Defender,right,183.0,FC Porto B,10331,1200000.0,2025-06-22,0.04143646408839779,0.04143646408839779,0.08287292817679558,22.4
931159,24/25,Clermont Foot 63 B,National 3 - Grp. I,14.0,1.0,0.0,1086.0,Winston André (931159),2004-01-30,France  England,Defender - Centre-Back,Defender,,0.0,Without Club,515,0.0,2024-06-13,0.08287292817679558,0.0,0.08287292817679558,22.6
1052464,24/25,Kirikkale FK Spor Kulübü,3.Lig Grup 4,25.0,1.0,0.0,1086.0,Fırat Sarı (1052464),2004-08-10,Türkiye,Midfield - Central Midfield,Midfield,right,178.0,Karaköprü Belediye Spor,50821,0.0,2025-08-08,0.08287292817679558,0.0,0.08287292817679558,22.0
936859,24/25,Chornomorets Odesa,Premier Liga,15.0,1.0,0.0,1087.0,Moses Jarju (936859),2003-10-05,The Gambia,Defender - Centre-Back,Defender,right,187.0,Chornomorets Odesa,6992,250000.0,2025-06-09,0.0827966881324747,0.0,0.0827966881324747,22.9
1057444,24/25,Empoli Under 18,Under 18,28.0,1.0,1.0,2192.0,Alessandro Gori (1057444),2007-01-18,Italy,Defender - Centre-Back,Defender,right,0.0,Empoli Primavera,8492,,,0.04105839416058394,0.04105839416058394,0.08211678832116788,19.6
1270094,24/25,Reggiana Under 17,Under 17 - A,16.0,1.0,0.0,1096.0,Leonardo Miceli (1270094),2008-09-09,Italy,Midfield - Central Midfield,Midfield,,0.0,Reggiana Primavera,20406,,,0.08211678832116788,0.0,0.08211678832116788,17.9
992170,24/25,De Graafschap Doetinchem U21,U21 Div. 2 Spring,13.0,1.0,0.0,1098.0,Tygo Grotenhuis (992170),2005-03-24,Netherlands,Midfield - Attacking Midfield,Midfield,,185.0,De Graafschap Doetinchem U21,17668,,,0.08196721311475409,0.0,0.08196721311475409,21.4
1045718,24/25,Broomhill FC (- 2025),Lowland League,25.0,1.0,1.0,2200.0,Brannan McDermott (1045718),2006-03-01,Scotland,Defender - Centre-Back,Defender,,179.0,Gala Fairydean Rovers FC,11379,0.0,2025-03-17,0.04090909090909091,0.04090909090909091,0.08181818181818182,20.5
965744,24/25,Southport FC,National League North,14.0,1.0,0.0,1100.0,Owen Lunt (965744),2004-09-02,England,Midfield - Defensive Midfield,Midfield,,168.0,Crewe Alexandra,1042,100000.0,2025-06-29,0.08181818181818182,0.0,0.08181818181818182,22.0
1017833,24/25,Roda JC Kerkrade U21,U21 Div. 2 Fall,14.0,1.0,0.0,1102.0,Luca Maiorano (1017833),2005-07-14,Norway  Belgium,Attack - Left Winger,Attack,,169.0,Roda JC Kerkrade,192,,,0.08166969147005444,0.0,0.08166969147005444,21.1
1063241,24/25,Inter Under 18,Under 18,23.0,1.0,0.0,1102.0,Arturo Conti (1063241),2007-03-04,Italy,Defender - Right-Back,Defender,right,0.0,Inter Milan Primavera,5380,,,0.08166969147005444,0.0,0.08166969147005444,19.5
1205032,24/25,SM Caen U19,National U19 - Grp. A,25.0,1.0,1.0,2205.0,Thomas Yvrande (1205032),2007-02-14,France,Defender - Centre-Back,Defender,,0.0,SM Caen B,12770,,,0.04081632653061225,0.04081632653061225,0.0816326530612245,19.5
804799,24/25,NK Bravo,Prva Liga,26.0,1.0,1.0,2207.0,,2003-09-01,France  Cote d'Ivoire,Defender - Centre-Back,Defender,right,187.0,FC Slovan Liberec,697,300000.0,2025-05-26,0.04077933846850929,0.04077933846850929,0.08155867693701858,23.0
827260,24/25,Vitesse Arnhem U21,U21 Div. 2 Fall,13.0,1.0,0.0,1104.0,Adam Tahaui (827260),2005-07-21,Netherlands  Morocco,Midfield - Central Midfield,Midfield,left,184.0,Vitesse Arnhem,499,25000.0,2025-06-08,0.08152173913043478,0.0,0.08152173913043478,21.1
1005012,24/25,La Fiorita 1967,Camp. Sammarinese,15.0,1.0,0.0,1105.0,Alberto Riccardi (1005012),2006-10-01,San Marino,Defender - Left-Back,Defender,,0.0,Imolese Calcio 1919,4324,75000.0,2025-06-09,0.08144796380090498,0.0,0.08144796380090498,19.9
1107733,24/25,Derby County,Championship,15.0,1.0,0.0,1106.0,Harrison Armstrong (1107733),2007-01-19,England,Midfield - Central Midfield,Midfield,right,185.0,Preston North End,466,800000.0,2025-05-26,0.081374321880651,0.0,0.081374321880651,19.6
818881,24/25,Sammaurese,Serie D - D,30.0,1.0,1.0,2218.0,Samuel Maltoni (818881),2004-06-17,Italy,Midfield - Defensive Midfield,Midfield,right,0.0,SCD Progresso Calcio,41878,100000.0,2025-05-14,0.0405770964833183,0.0405770964833183,0.0811541929666366,22.2
1185955,24/25,Cagliari Under 18,Under 18,27.0,1.0,1.0,2219.0,Marco Ornano (1185955),2007-07-08,Italy,Midfield - Central Midfield,Midfield,right,0.0,Castiadas Calcio 1973,32138,,,0.040558810274898605,0.040558810274898605,0.08111762054979721,19.1
917594,2025,North Texas SC,MLS Next Pro,13.0,1.0,0.0,1110.0,Diego García (917594),2006-10-17,United States,Midfield - Central Midfield,Midfield,,173.0,FC Dallas,8816,,,0.08108108108108109,0.0,0.08108108108108109,19.8
1106909,24/25,Rayo Cantabria,Segunda Federación - Gr. I,27.0,1.0,0.0,1110.0,Mario Solórzano (1106909),2005-02-08,Spain,Midfield - Attacking Midfield,Midfield,,170.0,Rayo Cantabria,10980,25000.0,2025-06-24,0.08108108108108109,0.0,0.08108108108108109,21.5
1072837,24/25,FK Frydek-Mistek,MSFL,17.0,1.0,0.0,1111.0,Jan Harustak (1072837),2005-04-16,Czech Republic,Defender - Centre-Back,Defender,left,190.0,1.SK Prostejov,13718,125000.0,2025-06-16,0.081008100810081,0.0,0.081008100810081,21.3
1056743,24/25,Casarano Calcio,Serie D - H,15.0,1.0,0.0,1112.0,Milos Milicevic (1056743),2006-01-25,Serbia  Italy,Defender - Centre-Back,Defender,right,195.0,Casarano Calcio,6089,125000.0,2025-05-14,0.08093525179856116,0.0,0.08093525179856116,20.6
1081284,24/25,Estoril Praia U23,Revelação U23 - Championship,13.0,1.0,0.0,1112.0,Diogo Grima (1081284),2004-03-08,Portugal,Midfield - Defensive Midfield,Midfield,both,182.0,Estoril Praia U23,68403,,,0.08093525179856116,0.0,0.08093525179856116,22.4
935210,24/25,FC Twente Enschede U21,U21 Div. 1 Fall,13.0,1.0,0.0,1113.0,Jim van der Logt (935210),2004-01-03,Netherlands,Defender - Right-Back,Defender,,0.0,FC Twente Enschede U21,18026,0.0,2025-04-18,0.08086253369272238,0.0,0.08086253369272238,22.6
1230230,24/25,Sivasspor U19,U19 Süper Lig,20.0,1.0,0.0,1115.0,Erdem Güleç (1230230),2007-03-06,Türkiye,Midfield - Defensive Midfield,Midfield,right,0.0,Sivasspor U19,73908,,,0.08071748878923767,0.0,0.08071748878923767,19.5
720791,24/25,PEC Zwolle,Eredivisie,20.0,1.0,0.0,1118.0,Olivier Aertssen (720791),2004-08-07,Netherlands,Defender - Centre-Back,Defender,right,185.0,PEC Zwolle,1269,750000.0,2025-05-27,0.08050089445438283,0.0,0.08050089445438283,22.0
1052970,24/25,Académico de Viseu Sub-23,Liga Revelação,13.0,1.0,0.0,1119.0,Kauã Vinicius (1052970),2004-02-21,Brazil,Defender - Centre-Back,Defender,right,191.0,Académico de Viseu Sub-23,110988,150000.0,2025-06-22,0.08042895442359249,0.0,0.08042895442359249,22.5
1253674,24/25,Brescia Under 17,Under 17 - B,23.0,1.0,0.0,1120.0,Manuel Quaggia (1253674),2008-01-28,Italy,Midfield - Central Midfield,Midfield,,0.0,Without Club,515,,,0.08035714285714285,0.0,0.08035714285714285,18.6
775048,24/25,NEC Nijmegen U21,U21 Div. 2 Fall,13.0,1.0,0.0,1121.0,Omar Jamil (775048),2004-05-15,Netherlands  Suriname,Midfield - Central Midfield,Midfield,right,173.0,NEC Nijmegen U21,11154,50000.0,2025-05-27,0.08028545941123996,0.0,0.08028545941123996,22.3
1061569,24/25,Sporting CP U23,Liga Revelação,13.0,1.0,0.0,1121.0,Guilherme Silva (1061569),2005-12-07,Portugal,Defender - Centre-Back,Defender,right,190.0,Sporting CP U23,67909,,,0.08028545941123996,0.0,0.08028545941123996,20.7
1185755,24/25,Feralpisalò Primavera,Primavera 2 - A,26.0,1.0,1.0,2245.0,Samuele Sina (1185755),2007-02-14,Albania  Italy,Defender - Centre-Back,Defender,right,185.0,CPR Ospitaletto,5542,75000.0,2025-06-18,0.0400890868596882,0.0400890868596882,0.0801781737193764,19.5
935510,24/25,US Città di Pontedera,Serie C-B,36.0,1.0,1.0,2246.0,Mattia Sala (935510),2005-03-25,Italy,Midfield - Central Midfield,Midfield,both,178.0,SEF Torres 1903,2253,200000.0,2025-06-18,0.04007123775601069,0.04007123775601069,0.08014247551202137,21.4
888493,24/25,RCD Espanyol Barcelona,LaLiga,27.0,1.0,0.0,1123.0,Alejo Veliz (888493),2003-09-19,Argentina,Attack - Centre-Forward,Attack,right,186.0,CA Rosario Central,1418,2500000.0,2025-06-08,0.08014247551202137,0.0,0.08014247551202137,22.9
709964,24/25,Getafe CF B,Segunda Federación - Gr. V,14.0,1.0,0.0,1125.0,Adrià Capdevila (709964),2004-01-12,Spain,Midfield - Central Midfield,Midfield,right,170.0,RC Celta Fortuna,8733,100000.0,2025-06-24,0.08,0.0,0.08,22.6
1113528,24/25,RWD Molenbeek,CPL,13.0,1.0,0.0,1125.0,Christ Makosso (1113528),2004-05-09,Congo,Defender - Centre-Back,Defender,right,192.0,Luton Town,1031,800000.0,2025-05-26,0.08,0.0,0.08,22.3
926993,24/25,FC Copenhagen,Superliga,20.0,1.0,0.0,1127.0,Victor Froholdt (926993),2006-02-25,Denmark,Midfield - Central Midfield,Midfield,right,187.0,FC Porto,720,12000000.0,2025-06-15,0.07985803016858918,0.0,0.07985803016858918,20.5
817329,24/25,US Corticella,Serie D - D,30.0,1.0,1.0,2256.0,Edoardo Cavallini (817329),2004-10-15,Italy,Defender - Left-Back,Defender,left,0.0,US Adriese 1906,27561,75000.0,2025-05-14,0.0398936170212766,0.0398936170212766,0.0797872340425532,21.8
931418,24/25,Académico de Viseu Sub-23,Liga Revelação,13.0,1.0,0.0,1128.0,Francisco Machado (931418),2005-07-22,Portugal,Midfield - Central Midfield,Midfield,left,179.0,Académico de Viseu Sub-23,110988,,,0.0797872340425532,0.0,0.0797872340425532,21.1
815501,24/25,L'Aquila 1927,Serie D - F,24.0,1.0,0.0,1129.0,Marco Zuccherato (815501),2004-12-31,Italy,Midfield - Left Midfield,Midfield,left,182.0,Without Club,515,50000.0,2025-05-14,0.07971656333038087,0.0,0.07971656333038087,21.6
931160,24/25,Stade Rennais FC,Ligue 1,14.0,1.0,0.0,1130.0,Djaoui Cissé (931160),2004-01-31,France  Mali,Midfield - Central Midfield,Midfield,right,188.0,Stade Rennais FC,273,8000000.0,2025-06-02,0.07964601769911504,0.0,0.07964601769911504,22.5
1047136,24/25,VfL Bochum U19,U19 Nachwuchsliga - Gr. E,14.0,1.0,0.0,1131.0,Cajetan Lenz (1047136),2006-06-16,Germany  Switzerland,Midfield - Defensive Midfield,Midfield,,190.0,VfL Bochum,80,400000.0,2025-08-03,0.07957559681697612,0.0,0.07957559681697612,20.2
1116537,2025,RB Bragantino U20,CBF Brasileiro U20,15.0,1.0,0.0,1132.0,Kevyn Monteiro (1116537),2005-09-13,Brazil,Defender - Centre-Back,Defender,right,0.0,RB Bragantino U20,19325,,,0.07950530035335689,0.0,0.07950530035335689,20.9
1264158,24/25,FC Oleksandriya U19,U19 Premier Liga,16.0,1.0,0.0,1132.0,Yegor Tsevukh (1264158),2006-08-11,Ukraine,Midfield - Defensive Midfield,Midfield,,188.0,FC Oleksandriya U19,31681,,,0.07950530035335689,0.0,0.07950530035335689,20.0
1118880,24/25,Bologna Under 18,Under 18,28.0,1.0,0.0,1133.0,Natan Cichy (1118880),2007-04-14,Poland,Defender - Left-Back,Defender,left,182.0,Foligno Calcio 1928,83391,,,0.0794351279788173,0.0,0.0794351279788173,19.3
1065143,24/25,Jong Essevee,2de Nat. VV A,13.0,1.0,0.0,1134.0,Thibaud Sergeant (1065143),2005-09-19,Belgium,Midfield - Central Midfield,Midfield,left,0.0,Zulte Waregem,3508,50000.0,2025-04-23,0.07936507936507936,0.0,0.07936507936507936,20.9
966499,24/25,RCO Agde,National 3 - Grp. J,16.0,1.0,0.0,1136.0,Kévin Foleu-Tene (966499),2004-02-02,France  Cameroon,Defender - Centre-Back,Defender,right,185.0,FC Balagne,30239,,,0.07922535211267606,0.0,0.07922535211267606,22.5
934097,24/25,US Città di Fasano,Serie D - H,30.0,1.0,1.0,2277.0,Alessandro Mauriello (934097),2005-01-08,Italy,Defender - Right-Back,Defender,right,186.0,US Città di Fasano,22123,100000.0,2025-05-14,0.039525691699604744,0.039525691699604744,0.07905138339920949,21.6
1318312,24/25,KRC Genk U18,U18 Elite 1,15.0,1.0,0.0,1144.0,Manu Mocsnik (1318312),2007-01-27,Belgium  Hungary,Midfield - Attacking Midfield,Midfield,right,175.0,Jong Genk,46736,,,0.07867132867132867,0.0,0.07867132867132867,19.6
1204959,24/25,RCD Espanyol B,Segunda Federación - Gr. III,15.0,1.0,0.0,1148.0,Roger Hinojo (1204959),2005-02-21,Spain,Defender - Centre-Back,Defender,left,0.0,Cultural Leonesa,4542,50000.0,2025-06-24,0.078397212543554,0.0,0.078397212543554,21.5
670846,24/25,Norwich City,Championship,26.0,1.0,0.0,1149.0,Ben Chrisene (670846),2004-01-12,England,Defender - Left-Back,Defender,left,183.0,Norwich City,1123,1500000.0,2025-05-26,0.0783289817232376,0.0,0.0783289817232376,22.6
1300525,24/25,Como Under 17,Under 17 - B,22.0,1.0,0.0,1149.0,Mattia De Nicolo (1300525),2008-12-04,Italy,Defender - Centre-Back,Defender,,0.0,Pro Vercelli Primavera,26370,,,0.0783289817232376,0.0,0.0783289817232376,17.7
991186,24/25,Aston Villa U21,Premier League 2,16.0,1.0,0.0,1159.0,Thierry Katsukunya (991186),2005-11-30,Wales  England,Defender - Centre-Back,Defender,right,0.0,Real Unión Club,12405,,,0.07765314926660916,0.0,0.07765314926660916,20.7
1237517,2025,Shanghai Jiading Huilong,League One,21.0,1.0,0.0,1160.0,Ming Huang (1237517),2005-05-28,China,Midfield - Defensive Midfield,Midfield,right,186.0,Shanghai Jiading Huilong,41626,50000.0,2025-06-22,0.07758620689655173,0.0,0.07758620689655173,21.2
1073115,24/25,SC Braga B,Liga 3,16.0,1.0,0.0,1164.0,Yanis da Rocha (1073115),2004-05-10,Portugal  France,Midfield - Defensive Midfield,Midfield,right,189.0,SC Braga B,10789,,,0.07731958762886598,0.0,0.07731958762886598,22.3
700430,24/25,Kidderminster Harriers,National League North,29.0,1.0,1.0,2329.0,Kam Kandola (700430),2004-01-03,England  India,Defender - Centre-Back,Defender,right,184.0,Kidderminster Harriers,1195,,,0.038643194504079006,0.038643194504079006,0.07728638900815801,22.6
740432,24/25,Go Ahead Eagles Deventer U21,U21 Div. 1 Spring,14.0,1.0,0.0,1165.0,Didi Naarendorp (740432),2004-06-15,Suriname  Netherlands,Defender - Left-Back,Defender,left,0.0,Go Ahead Eagles Deventer U21,18179,,,0.07725321888412016,0.0,0.07725321888412016,22.2
934202,24/25,Audace Cerignola,Serie C-C,17.0,1.0,0.0,1166.0,Raffaele Romano (934202),2005-04-21,Italy,Defender - Centre-Back,Defender,right,185.0,Benevento Calcio,4171,250000.0,2025-06-18,0.07718696397941681,0.0,0.07718696397941681,21.3
876725,24/25,68 Aksarayspor,2.Lig Kirmizi,29.0,1.0,1.0,2340.0,Onur Başyiğit (876725),2004-06-12,Türkiye,Defender - Left-Back,Defender,left,177.0,Gaziantep FK,2832,150000.0,2025-06-19,0.038461538461538464,0.038461538461538464,0.07692307692307693,22.2
796306,24/25,West Bromwich Albion U21,Premier League 2,13.0,0.0,1.0,1170.0,Ben Cisse (796306),2005-09-27,England,Goalkeeper,Goalkeeper,,192.0,West Bromwich Albion U21,29990,,,0.0,0.07692307692307693,0.07692307692307693,20.9
1038342,2025,Zenit 2 St. Petersburg,2. Division B,13.0,1.0,0.0,1170.0,Kirill Obonin (1038342),2006-07-05,Russia,Defender - Centre-Back,Defender,right,192.0,Baltika-2 Kaliningrad,39481,,,0.07692307692307693,0.0,0.07692307692307693,20.1
1190047,24/25,Genoa Under 18,Under 18,17.0,1.0,0.0,1172.0,Daniel Ndulue (1190047),2007-03-03,Italy,Attack - Centre-Forward,Attack,right,0.0,Genoa U20,8517,,,0.07679180887372014,0.0,0.07679180887372014,19.5
746357,24/25,Hull City,Championship,27.0,1.0,1.0,2348.0,Charlie Hughes (746357),2003-10-16,England,Defender - Centre-Back,Defender,right,185.0,Hull City,3008,3500000.0,2025-05-26,0.03833049403747871,0.03833049403747871,0.07666098807495741,22.8
1309913,24/25,Lecce Under 17,Under 17 - C,17.0,1.0,0.0,1175.0,Alessandro Bozzolo (1309913),2008-09-09,Italy,Defender - Centre-Back,Defender,,0.0,Lecce Primavera,5618,,,0.07659574468085106,0.0,0.07659574468085106,17.9
794905,2025,Odds BK,OBOS-ligaen,16.0,1.0,0.0,1182.0,Samuel Skree Skjeldal (794905),2003-09-16,Norway,Defender - Left-Back,Defender,left,183.0,Odds BK,1058,325000.0,2025-06-25,0.07614213197969542,0.0,0.07614213197969542,22.9
1155308,24/25,Dijon FCO B,National 3 - Grp. G,20.0,1.0,0.0,1182.0,Abdoul Diaby Malick (1155308),2004-10-15,France,Defender - Centre-Back,Defender,left,0.0,Dijon FCO,2969,,,0.07614213197969542,0.0,0.07614213197969542,21.8
884227,24/25,Cagliari Primavera,Primavera 1,34.0,1.0,1.0,2370.0,Diego Marcolini (884227),2005-01-10,Italy,Midfield - Defensive Midfield,Midfield,right,0.0,FC Trapani 1905,4331,150000.0,2025-06-26,0.0379746835443038,0.0379746835443038,0.0759493670886076,21.6
936223,24/25,AC Carpi,Serie C-B,22.0,1.0,0.0,1189.0,Nicolò Verza (936223),2005-04-08,Italy,Defender - Right-Back,Defender,right,187.0,AC Carpi,4102,200000.0,2025-06-18,0.07569386038687972,0.0,0.07569386038687972,21.4
1082639,24/25,SC União Torreense,Liga Portugal 2,31.0,1.0,1.0,2381.0,Léo Azevedo (1082639),2004-03-14,Brazil,Midfield - Defensive Midfield,Midfield,left,181.0,SC União Torreense,2432,900000.0,2025-06-22,0.0377992440151197,0.0377992440151197,0.0755984880302394,22.4
1237780,24/25,Arsenal FC U18,U18 Premier League,17.0,1.0,0.0,1191.0,Samuel Onyekachukwu (1237780),2007-12-14,England,Defender - Centre-Back,Defender,right,0.0,Arsenal FC U18,5679,,,0.07556675062972291,0.0,0.07556675062972291,18.7
1014269,2025,Wuhan Three Towns B,League Two South,19.0,1.0,0.0,1192.0,Xiaoxi Xia (1014269),2005-01-08,China,Midfield,Midfield,,177.0,Wuhan Three Towns,70657,25000.0,2025-06-18,0.07550335570469799,0.0,0.07550335570469799,21.6
1168383,24/25,Milan Under 18,Under 18,28.0,1.0,1.0,2386.0,Salem Albè (1168383),2007-12-30,Italy  Congo,Defender - Right-Back,Defender,right,0.0,Genoa U20,8517,,,0.037720033528918694,0.037720033528918694,0.07544006705783739,18.6
1090059,24/25,ASD Fanfulla,Serie D - B,17.0,1.0,0.0,1194.0,Riccardo Bozzuto (1090059),2005-03-01,Italy,Attack - Left Winger,Attack,,0.0,Tritium Calcio 1908,19367,0.0,2025-09-03,0.07537688442211056,0.0,0.07537688442211056,21.5
1072260,24/25,Ankara Demirspor,2.Lig Kirmizi,14.0,1.0,0.0,1195.0,Enes Albak (1072260),2005-05-16,Türkiye,Defender - Left-Back,Defender,left,175.0,Ankara Demirspor,12524,150000.0,2025-06-19,0.07531380753138076,0.0,0.07531380753138076,21.3
1198007,24/25,Yeni Malatyaspor U19,U19 Süper Lig,15.0,1.0,0.0,1196.0,Muhammed Göktürk Gök (1198007),2006-01-02,Türkiye,Defender - Centre-Back,Defender,,0.0,Yeni Malatyaspor,19789,25000.0,2025-06-24,0.07525083612040134,0.0,0.07525083612040134,20.6
810293,24/25,SC Paderborn 07 II,Regionalliga West,27.0,1.0,1.0,2393.0,Kevin Krumme (810293),2004-03-10,Germany,Defender - Centre-Back,Defender,right,191.0,SC Paderborn 07,127,150000.0,2025-06-22,0.03760969494358546,0.03760969494358546,0.07521938988717092,22.4
1112402,24/25,Parma Under 18,Under 18,19.0,1.0,0.0,1197.0,,2008-04-28,Italy,Midfield - Central Midfield,Midfield,,0.0,Parma Under 18,84451,,,0.07518796992481203,0.0,0.07518796992481203,18.3
667497,24/25,Crewe Alexandra,League Two,41.0,1.0,2.0,3600.0,Zac Williams (667497),2004-03-27,Wales,Defender - Centre-Back,Defender,left,184.0,Kilmarnock FC,2553,450000.0,2025-06-29,0.025,0.05,0.07500000000000001,22.4
1187426,24/25,Genoa Under 18,Under 18,29.0,1.0,1.0,2406.0,Matteo Pallavicini (1187426),2007-07-09,Italy,Defender - Left-Back,Defender,left,0.0,Genoa U20,8517,,,0.03740648379052369,0.03740648379052369,0.07481296758104738,19.1
1086619,24/25,Parma Calcio 1913,Serie A,17.0,1.0,0.0,1205.0,Giovanni Leoni (1086619),2006-12-21,Italy,Defender - Centre-Back,Defender,right,196.0,Liverpool FC,31,18000000.0,2025-06-16,0.07468879668049792,0.0,0.07468879668049792,19.7
817966,2025,Atlético Ottawa,CanPL,14.0,1.0,0.0,1206.0,Noah Abatneh (817966),2004-09-28,Canada  England,Defender - Centre-Back,Defender,right,190.0,Atlético Ottawa,79097,200000.0,2025-05-11,0.0746268656716418,0.0,0.0746268656716418,21.9
726453,24/25,Asteras Aktor B,Super League 2,14.0,1.0,0.0,1207.0,Georgios Prountzos (726453),2003-08-18,Greece,Midfield - Defensive Midfield,Midfield,,0.0,Volos NPS,60949,200000.0,2025-05-22,0.07456503728251863,0.0,0.07456503728251863,23.0
1253883,2025,FK Haugesund II,Norsk Tipping-Ligaen avd. 5,16.0,1.0,0.0,1208.0,Lars Tanggaard Eide (1253883),2007-04-18,Norway,Midfield,Midfield,,0.0,FK Haugesund,2761,,,0.07450331125827815,0.0,0.07450331125827815,19.3
945759,24/25,Deportivo Alavés B,Segunda Federación - Gr. II,20.0,1.0,0.0,1210.0,Fran Tafalla (945759),2004-04-22,Spain,Defender - Centre-Back,Defender,right,186.0,CF Lorca Deportiva,49806,50000.0,2025-06-24,0.0743801652892562,0.0,0.0743801652892562,22.3
818486,24/25,US Sambenedettese,Serie D - F,17.0,1.0,0.0,1211.0,Alessandro Zoboletti (818486),2005-05-16,Italy,Defender - Right-Back,Defender,right,185.0,US Sambenedettese,4330,150000.0,2025-05-14,0.07431874483897605,0.0,0.07431874483897605,21.3
594230,24/25,Go Ahead Eagles Deventer U21,U21 Div. 1 Fall,14.0,1.0,0.0,1213.0,Maurilio de Lannoy (594230),2003-11-07,Netherlands  Curacao,Defender - Right-Back,Defender,right,0.0,TOP Oss,1228,0.0,2024-01-17,0.0741962077493817,0.0,0.0741962077493817,22.8
1091902,24/25,OGC Nizza U19,National U19 - Grp. D,17.0,1.0,0.0,1213.0,Mousslim Youssouf (1091902),2006-01-09,France  Comoros,Defender - Left-Back,Defender,left,166.0,OGC Nice Espoir,129785,,,0.0741962077493817,0.0,0.0741962077493817,20.6
594230,24/25,Go Ahead Eagles Deventer U21,U21 Div. 1 Spring,14.0,1.0,0.0,1215.0,Maurilio de Lannoy (594230),2003-11-07,Netherlands  Curacao,Defender - Right-Back,Defender,right,0.0,TOP Oss,1228,0.0,2024-01-17,0.07407407407407407,0.0,0.07407407407407407,22.8
820959,24/25,Fossano Calcio,Serie D - A,14.0,1.0,0.0,1215.0,Emiliano Rossi (820959),2004-07-20,Italy,Defender - Centre-Back,Defender,left,191.0,Narnese Calcio,5180,75000.0,2025-05-14,0.07407407407407407,0.0,0.07407407407407407,22.1
1105434,24/25,Deportivo Guadalajara U23,Liga MX U23 Apertura,15.0,1.0,0.0,1215.0,Isaac Martínez (1105434),2006-03-23,Mexico,Midfield - Defensive Midfield,Midfield,,172.0,Deportivo Guadalajara U21,110459,,,0.07407407407407407,0.0,0.07407407407407407,20.4
810971,24/25,FC Paradiso,Promotion League,33.0,1.0,1.0,2434.0,Jarell Njiké Simo (810971),2004-01-12,Switzerland,Midfield - Central Midfield,Midfield,right,180.0,FC Stade Nyonnais,5507,150000.0,2025-06-09,0.03697617091207888,0.03697617091207888,0.07395234182415776,22.6
1266951,2025,Wuhan Three Towns B,League Two South,18.0,1.0,0.0,1219.0,Kang Wang (1266951),2006-05-05,China,Attack,Attack,,175.0,Wuhan Three Towns,70657,50000.0,2025-06-22,0.07383100902379,0.0,0.07383100902379,20.3
1310108,24/25,Real Sociedad C,Segunda Federación - Gr. II,28.0,1.0,0.0,1219.0,Ibai Cabo (1310108),2006-01-04,Spain,Attack - Left Winger,Attack,right,0.0,Real Sociedad C,44822,50000.0,2025-06-24,0.07383100902379,0.0,0.07383100902379,20.6
946855,24/25,PEC Zwolle U21,U21 Div. 1 Spring,14.0,1.0,0.0,1221.0,Dylan Ruward (946855),2005-01-21,Netherlands,Defender - Centre-Back,Defender,left,0.0,PEC Zwolle U21,20300,,,0.07371007371007371,0.0,0.07371007371007371,21.6
698110,24/25,Rimini FC,Serie C-B,26.0,1.0,0.0,1222.0,Lorenzo Malagrida (698110),2003-10-24,Italy,Midfield - Left Midfield,Midfield,right,174.0,UC Sampdoria,1038,150000.0,2025-06-18,0.07364975450081833,0.0,0.07364975450081833,22.8
895089,24/25,FC Twente Enschede U21,U21 Div. 1 Fall,14.0,1.0,0.0,1224.0,Juliën Mesbahi (895089),2006-01-31,Morocco  Netherlands,Defender - Centre-Back,Defender,right,181.0,FC Emmen,1283,150000.0,2025-05-27,0.07352941176470588,0.0,0.07352941176470588,20.5
1073382,24/25,FC Metz B,National 3 - Grp. H,14.0,1.0,0.0,1227.0,Charles Divialle (1073382),2004-02-09,France  Guadeloupe,Defender - Centre-Back,Defender,right,193.0,FC Helsingør,22110,,,0.07334963325183373,0.0,0.07334963325183373,22.5
1303712,24/25,Ternana Primavera,Primavera 2 - B,16.0,1.0,0.0,1229.0,Ludovico Gori (1303712),2006-08-30,Italy,Attack - Right Winger,Attack,,0.0,Sora Calcio 1907,4544,25000.0,2025-05-27,0.07323026851098453,0.0,0.07323026851098453,20.0
1131016,2025,CA San Martín (San Juan) II,Copa Proyección Apertura,15.0,1.0,0.0,1231.0,Lucas Acosta (1131016),2005-04-19,Argentina  Italy,Midfield - Attacking Midfield,Midfield,left,179.0,CA San Martín (San Juan) II,15955,0.0,2024-11-28,0.07311129163281885,0.0,0.07311129163281885,21.3
934184,24/25,Parma Primavera,Primavera 2 - A,24.0,1.0,0.0,1235.0,,2006-03-11,Italy,Defender - Centre-Back,Defender,left,0.0,Parma Primavera,5243,50000.0,2025-05-27,0.0728744939271255,0.0,0.0728744939271255,20.4
1006410,24/25,FC Sochaux-Montbéliard B,National 3 - Grp. H,20.0,1.0,0.0,1235.0,Noa Kotto Kotto Mouyema (1006410),2006-01-05,France  Cameroon,Attack - Centre-Forward,Attack,right,183.0,FC Sochaux-Montbéliard B,10825,,,0.0728744939271255,0.0,0.0728744939271255,20.6
964065,24/25,Bath City,National League South,19.0,1.0,0.0,1244.0,Mitch Beardmore (964065),2004-09-07,England,Midfield - Attacking Midfield,Midfield,left,168.0,Bath City,1099,0.0,2024-08-01,0.07234726688102894,0.0,0.07234726688102894,21.9
1108465,24/25,Tottenham Hotspur U18,U18 Premier League,15.0,1.0,0.0,1244.0,Malachi Hardy (1108465),2008-03-10,England,Defender - Centre-Back,Defender,right,190.0,Tottenham Hotspur U18,6928,,,0.07234726688102894,0.0,0.07234726688102894,18.4
815479,24/25,GSD Ghiviborgo VDS,Serie D - E,29.0,1.0,1.0,2489.0,Raul Alessandro Bura (815479),2004-03-26,Italy,Defender - Centre-Back,Defender,left,0.0,Potenza Calcio,7197,150000.0,2025-05-14,0.03615910004017678,0.03615910004017678,0.07231820008035356,22.4
960555,2025,SK Brann II,PostNord-ligaen Avd. 1,14.0,1.0,0.0,1246.0,William Kvale (960555),2006-05-18,Norway,Defender - Left-Back,Defender,left,0.0,Moss FK,2961,,,0.07223113964686999,0.0,0.07223113964686999,20.3
1086377,2025,FC Dallas,MLS,21.0,1.0,0.0,1246.0,Kaick (1086377),2005-11-29,Brazil,Midfield - Defensive Midfield,Midfield,,175.0,FC Dallas,8816,2000000.0,2025-06-04,0.07223113964686999,0.0,0.07223113964686999,20.7
794816,24/25,Fleetwood Town,League Two,35.0,1.0,1.0,2497.0,Rhys Bennett (794816),2003-10-30,England,Defender - Centre-Back,Defender,right,187.0,Manchester United U21,9251,200000.0,2024-12-29,0.03604325190228274,0.03604325190228274,0.07208650380456548,22.8
946855,24/25,PEC Zwolle U21,U21 Div. 2 Fall,14.0,1.0,0.0,1250.0,Dylan Ruward (946855),2005-01-21,Netherlands,Defender - Centre-Back,Defender,left,0.0,PEC Zwolle U21,20300,,,0.07200000000000001,0.0,0.07200000000000001,21.6
898358,24/25,Avezzano Calcio,Serie D - F,32.0,1.0,1.0,2501.0,Luigi Edoardo Ferrandino (898358),2005-03-19,Italy,Defender - Right-Back,Defender,both,183.0,Without Club,515,125000.0,2025-05-14,0.03598560575769692,0.03598560575769692,0.07197121151539385,21.4
1157759,24/25,KAS Eupen U23,2de Nationale ACFF,14.0,1.0,0.0,1251.0,Luca Chavet (1157759),2004-01-11,Belgium,Defender - Centre-Back,Defender,right,190.0,Union Namur,3728,100000.0,2025-04-23,0.07194244604316546,0.0,0.07194244604316546,22.6
1216075,24/25,Amiens SC U19,National U19 - Grp. A,19.0,1.0,0.0,1253.0,Théna Massock (1216075),2007-09-18,France  Cameroon,Midfield - Defensive Midfield,Midfield,left,192.0,USL Dunkerque,9202,200000.0,2025-08-25,0.07182761372705507,0.0,0.07182761372705507,18.9
1222362,2025,Londrina Esporte Clube (PR),Campeonato Paranaense,14.0,1.0,0.0,1253.0,Caio (1222362),2004-08-23,Brazil,Defender - Centre-Back,Defender,right,191.0,Londrina Esporte Clube (PR),1693,,,0.07182761372705507,0.0,0.07182761372705507,22.0
917101,24/25,Betis Deportivo Balompié,Primera Federación - Gr. II,31.0,1.0,1.0,2509.0,Rudy Kohon (917101),2004-05-23,France  Cote d'Ivoire,Defender - Centre-Back,Defender,right,187.0,KV Kortrijk,601,400000.0,2025-06-24,0.03587086488640893,0.03587086488640893,0.07174172977281786,22.2
923537,2025,Strømmen IF,PostNord-ligaen Avd. 2,14.0,1.0,0.0,1256.0,Maximilian Balatoni (923537),2005-03-16,Norway  Hungary,Defender - Centre-Back,Defender,right,196.0,Strømmen IF,17647,,,0.07165605095541401,0.0,0.07165605095541401,21.4
1016520,24/25,Yeni Malatyaspor U19,U19 Süper Lig,14.0,1.0,0.0,1256.0,Muhammet Emir Ulusoy (1016520),2005-07-19,Türkiye,Defender - Left-Back,Defender,,0.0,Yeni Malatyaspor,19789,50000.0,2025-06-24,0.07165605095541401,0.0,0.07165605095541401,21.1
1178375,24/25,Voltigeurs de Châteaubriant,National 2 - Grp. B,24.0,1.0,0.0,1259.0,Loris Dupont (1178375),2006-04-17,France,Midfield - Central Midfield,Midfield,right,187.0,Dijon FCO,2969,,,0.07148530579825257,0.0,0.07148530579825257,20.3
1031233,24/25,Gornik Zabrze II,Betclic 3 Liga - Group III,30.0,1.0,1.0,2519.0,Dawid Mazurek (1031233),2007-03-30,Poland,Midfield - Left Midfield,Midfield,left,172.0,Stal Mielec,22431,25000.0,2025-06-05,0.03572846367606193,0.03572846367606193,0.07145692735212386,19.4
801455,24/25,FC Famalicão U23,Revelação U23 - Championship,14.0,1.0,0.0,1260.0,Tomás Oliveira (801455),2004-12-28,Portugal,Defender - Left-Back,Defender,left,177.0,Without Club,515,,,0.07142857142857142,0.0,0.07142857142857142,21.6
943616,24/25,De Graafschap Doetinchem U21,U21 Div. 2 Spring,14.0,1.0,0.0,1260.0,Nic Hartgers (943616),2004-02-21,Netherlands,Defender - Centre-Back,Defender,left,190.0,De Graafschap Doetinchem U21,17668,,,0.07142857142857142,0.0,0.07142857142857142,22.5
992170,24/25,De Graafschap Doetinchem U21,U21 Div. 1 Fall,14.0,1.0,0.0,1260.0,Tygo Grotenhuis (992170),2005-03-24,Netherlands,Midfield - Attacking Midfield,Midfield,,185.0,De Graafschap Doetinchem U21,17668,,,0.07142857142857142,0.0,0.07142857142857142,21.4
1095604,24/25,Club Necaxa U23,Liga MX U23 Clausura,14.0,1.0,0.0,1260.0,Ángel Chávez (1095604),2005-02-19,Mexico,Defender - Centre-Back,Defender,,184.0,Tepatitlán FC,64345,,,0.07142857142857142,0.0,0.07142857142857142,21.5
813961,24/25,Brescia Calcio (- 2025),Serie B,23.0,1.0,0.0,1261.0,Patrick Nuamah (813961),2005-12-31,Italy  Ghana,Attack - Left Winger,Attack,right,179.0,US Catanzaro,4097,1500000.0,2025-06-01,0.07137192704203013,0.0,0.07137192704203013,20.6
1233680,24/25,Cercle Brugge,Jupiler Pro League,17.0,1.0,0.0,1263.0,Emmanuel Kakou (1233680),2005-06-30,Cote d'Ivoire,Defender - Centre-Back,Defender,right,0.0,Cercle Brugge,520,1000000.0,2025-06-11,0.07125890736342043,0.0,0.07125890736342043,21.1
842420,2025,CF Montréal,MLS,16.0,1.0,0.0,1265.0,Nathan-Dylan Saliba (842420),2004-02-07,Canada  Haiti,Midfield - Central Midfield,Midfield,,180.0,RSC Anderlecht,58,3500000.0,2025-06-04,0.07114624505928854,0.0,0.07114624505928854,22.5
1243691,24/25,CF Rayo Majadahonda,Segunda Federación - Gr. V,27.0,1.0,0.0,1267.0,Pablo Pascual (1243691),2006-02-12,Spain,Midfield - Central Midfield,Midfield,,0.0,Villarreal CF B,11972,50000.0,2025-06-24,0.07103393843725335,0.0,0.07103393843725335,20.5
779244,24/25,FC Slovan Liberec,Chance Liga,20.0,1.0,0.0,1269.0,Ivan Varfolomeev (779244),2004-03-24,Ukraine,Midfield - Defensive Midfield,Midfield,right,183.0,Lincoln City,1198,600000.0,2025-06-16,0.07092198581560284,0.0,0.07092198581560284,22.4
637536,2025,Krylya Sovetov 2 Samara,2. Division B,15.0,1.0,0.0,1273.0,Ilya Gribakin (637536),2004-02-01,Russia,Defender - Centre-Back,Defender,right,190.0,Krylya Sovetov Samara,2696,200000.0,2025-06-03,0.07069913589945012,0.0,0.07069913589945012,22.5
952115,24/25,Dreams FC,Premier League,19.0,1.0,0.0,1273.0,Musibau Aziz (952115),2006-12-30,Ghana,Attack - Centre-Forward,Attack,,184.0,TSV Hartberg,4467,25000.0,2025-06-16,0.07069913589945012,0.0,0.07069913589945012,19.6
1120418,24/25,Brighton & Hove Albion U21,Premier League 2,17.0,1.0,0.0,1277.0,Freddie Simmonds (1120418),2008-03-09,England,Defender - Centre-Back,Defender,right,0.0,Brighton & Hove Albion U21,39336,,,0.07047768206734534,0.0,0.07047768206734534,18.4
823626,24/25,US Vibonese,Serie D - I,29.0,1.0,0.0,1280.0,Simone Milazzo (823626),2004-03-15,Italy,Midfield - Central Midfield,Midfield,right,180.0,US Città di Pontedera,14888,75000.0,2025-05-14,0.0703125,0.0,0.0703125,22.4
1092031,24/25,Standard de Liège 16 FC,1ste Nationale ACFF,15.0,1.0,0.0,1280.0,Mathis Hannedouche (1092031),2004-03-24,France,Defender - Centre-Back,Defender,right,195.0,Without Club,515,,,0.0703125,0.0,0.0703125,22.4
885226,24/25,Modena FC,Serie B,28.0,1.0,0.0,1285.0,Riyad Idrissi (885226),2005-06-13,Italy  Morocco,Defender - Left-Back,Defender,left,182.0,Cagliari Calcio,1390,1000000.0,2025-06-01,0.07003891050583658,0.0,0.07003891050583658,21.2
1187722,24/25,AC Le Havre U19,National U19 - Grp. A,17.0,1.0,0.0,1287.0,Doro Diop (1187722),2007-01-18,France  Senegal,Midfield - Defensive Midfield,Midfield,right,185.0,Parma Primavera,5243,,,0.06993006993006994,0.0,0.06993006993006994,19.6
745778,24/25,Brescia Calcio (- 2025),Serie B,20.0,1.0,0.0,1290.0,Gabriele Calvani (745778),2004-01-12,Italy,Defender - Centre-Back,Defender,right,190.0,Frosinone Calcio,8970,600000.0,2025-06-01,0.06976744186046512,0.0,0.06976744186046512,22.6
812398,24/25,Stoke City U21,Premier League 2,19.0,1.0,0.0,1298.0,Jack Griffiths (812398),2005-07-31,England,Midfield - Attacking Midfield,Midfield,,0.0,Rochdale AFC,1088,,,0.06933744221879816,0.0,0.06933744221879816,21.1
1088068,24/25,AlbinoLeffe Primavera,Primavera 2 - A,15.0,1.0,0.0,1298.0,Edoardo Borghi (1088068),2006-03-10,Italy,Defender - Centre-Back,Defender,,0.0,UC AlbinoLeffe,4541,25000.0,2025-05-27,0.06933744221879816,0.0,0.06933744221879816,20.4
875006,24/25,Monopoli Primavera,Primavera 2 - B,15.0,1.0,0.0,1300.0,Skirmantas Paukštys (875006),2007-01-06,Lithuania,Midfield - Central Midfield,Midfield,right,186.0,Monopoli Primavera,100631,,,0.06923076923076923,0.0,0.06923076923076923,19.6
743629,24/25,KVC Westerlo,Jupiler Pro League,24.0,1.0,0.0,1304.0,Josimar Alcócer (743629),2004-07-07,Costa Rica  Nicaragua,Attack - Left Winger,Attack,right,185.0,KVC Westerlo,968,2200000.0,2025-06-11,0.06901840490797546,0.0,0.06901840490797546,22.1
904376,24/25,FC Lannion,National 3 - Grp. C,15.0,1.0,0.0,1305.0,Ylan Cefbert (904376),2003-09-08,France,Defender - Left-Back,Defender,,179.0,FC Lannion,33242,0.0,2024-06-13,0.06896551724137931,0.0,0.06896551724137931,22.9
991460,24/25,Zaglebie Lubin II,Betclic 2 Liga,21.0,1.0,0.0,1307.0,Krzysztof Kolanko (991460),2006-08-03,Poland,Midfield - Attacking Midfield,Midfield,right,169.0,Podbeskidzie Bielsko-Biala,6361,200000.0,2025-06-05,0.06885998469778118,0.0,0.06885998469778118,20.0
877140,24/25,FC Paços de Ferreira,Liga Portugal 2,30.0,1.0,1.0,2615.0,Gonçalo Nogueira (877140),2003-12-28,Portugal,Midfield - Central Midfield,Midfield,right,180.0,Vitória Guimarães SC,2420,600000.0,2025-06-22,0.03441682600382409,0.03441682600382409,0.06883365200764818,22.6
1160753,24/25,LOSC Lille B,National 3 - Grp. E,16.0,1.0,0.0,1310.0,Isaac Cossier (1160753),2006-11-30,France,Defender - Centre-Back,Defender,left,193.0,Le Mans FC,1164,,,0.06870229007633588,0.0,0.06870229007633588,19.7
981541,24/25,Jong Genk,CPL,18.0,1.0,0.0,1313.0,Brad Manguelle (981541),2007-11-27,Belgium  Cameroon,Defender - Centre-Back,Defender,right,185.0,Jong Genk,46736,800000.0,2025-06-11,0.06854531607006854,0.0,0.06854531607006854,18.7
1071906,24/25,RFC Seraing,CPL,25.0,1.0,0.0,1313.0,Matthieu Muland (1071906),2003-11-05,Belgium,Attack - Right Winger,Attack,right,0.0,RFC Seraing,2715,250000.0,2025-04-23,0.06854531607006854,0.0,0.06854531607006854,22.8
890524,24/25,Cesena Primavera,Primavera 1,16.0,1.0,0.0,1314.0,Alessandro Dolce (890524),2005-11-30,Italy,Defender - Centre-Back,Defender,both,193.0,Cesena Primavera,20106,75000.0,2025-06-26,0.0684931506849315,0.0,0.0684931506849315,20.7
983677,24/25,Heracles Almelo,Eredivisie,15.0,1.0,0.0,1318.0,Mats Rots (983677),2006-03-11,Netherlands,Defender - Left-Back,Defender,left,190.0,Twente Enschede FC,317,1000000.0,2025-05-27,0.06828528072837634,0.0,0.06828528072837634,20.4
764737,24/25,Vere United FC,Jamaica Premier League,20.0,1.0,0.0,1320.0,Shemron Phillips (764737),2004-07-14,St. Vincent & Grenadinen,Midfield,Midfield,,0.0,Chapelton Maroons,89613,,,0.06818181818181818,0.0,0.06818181818181818,22.1
1042945,2025,New York City FC,MLS,24.0,1.0,0.0,1320.0,Jonathan Shore (1042945),2007-04-13,United States,Midfield - Central Midfield,Midfield,,173.0,New York City FC,40058,600000.0,2025-06-04,0.06818181818181818,0.0,0.06818181818181818,19.4
1075584,24/25,AS Saint-Étienne U19,National U19 - Grp. D,15.0,1.0,0.0,1320.0,Luan Gadegbeku (1075584),2007-03-13,France  Togo,Midfield - Central Midfield,Midfield,left,0.0,AS Saint-Étienne B,8515,300000.0,2025-08-25,0.06818181818181818,0.0,0.06818181818181818,19.4
1086740,24/25,Puebla FC U23,Liga MX U23 Apertura,16.0,1.0,0.0,1321.0,Patrick Villa (1086740),2003-12-11,Mexico,Defender,Defender,,175.0,CF América U21,110449,,,0.06813020439061317,0.0,0.06813020439061317,22.7
741537,24/25,Torino Primavera,Primavera 1,23.0,1.0,0.0,1323.0,Mani (741537),2005-01-06,Portugal  Guinea-Bissau,Midfield - Central Midfield,Midfield,right,174.0,CD Mafra,7056,0.0,2025-07-31,0.06802721088435375,0.0,0.06802721088435375,21.6
1273437,24/25,Arenas Club,Segunda Federación - Gr. II,33.0,1.0,1.0,2659.0,Ander Varona (1273437),2005-05-29,Spain,Midfield - Central Midfield,Midfield,,0.0,Deportivo Alavés B,8880,100000.0,2025-06-24,0.03384731101918014,0.03384731101918014,0.06769462203836028,21.2
700472,24/25,Middlesbrough FC U21,Premier League 2,15.0,1.0,0.0,1330.0,Jack Stott (700472),2003-12-06,England,Midfield - Central Midfield,Midfield,right,0.0,Queen of the South FC,3001,,,0.06766917293233084,0.0,0.06766917293233084,22.7
848083,24/25,Beerschot VA U23,3de Nationale VV A,16.0,1.0,0.0,1333.0,Cheick Thiam (848083),2003-09-27,Guinea  Belgium,Defender - Centre-Back,Defender,right,194.0,Sporting Hasselt,3789,0.0,2025-06-30,0.06751687921980495,0.0,0.06751687921980495,22.9
1071956,24/25,Angers SCO,Ligue 1,17.0,1.0,0.0,1334.0,Emmanuel Biumla (1071956),2005-05-08,France  Cameroon,Defender - Centre-Back,Defender,right,185.0,Angers SCO,1420,4000000.0,2025-06-02,0.06746626686656672,0.0,0.06746626686656672,21.3
747574,24/25,Stockport County,League One,16.0,1.0,0.0,1336.0,Brad Hills (747574),2004-03-10,England,Defender - Centre-Back,Defender,right,188.0,Stockport County,1098,500000.0,2025-06-17,0.06736526946107785,0.0,0.06736526946107785,22.4
934420,24/25,Sevilla Atlético,Primera Federación - Gr. II,33.0,1.0,0.0,1337.0,Ibra Sow (934420),2007-01-26,Senegal  Spain,Attack - Centre-Forward,Attack,right,184.0,Sevilla Atlético,8519,250000.0,2025-06-24,0.06731488406881077,0.0,0.06731488406881077,19.6
936194,24/25,UC Montecchio Maggiore,Serie D - C,37.0,1.0,1.0,2675.0,Matteo Pavan (936194),2005-04-07,Italy,Midfield - Attacking Midfield,Midfield,,0.0,Portogruaro Calcio,15374,100000.0,2025-05-14,0.03364485981308411,0.03364485981308411,0.06728971962616823,21.4
709500,24/25,SS Arezzo,Serie C-B,33.0,1.0,1.0,2677.0,Alessandro Renzi (709500),2004-01-27,Italy,Midfield - Central Midfield,Midfield,right,178.0,SS Arezzo,4255,400000.0,2025-06-18,0.03361972357116175,0.03361972357116175,0.0672394471423235,22.6
1268078,24/25,FC Nordsjaelland U19,U19 Boys League,17.0,1.0,0.0,1343.0,Stephen Acquah (1268078),2006-05-01,Ghana,Defender - Centre-Back,Defender,right,186.0,FC Nordsjaelland,2778,100000.0,2025-06-15,0.06701414743112435,0.0,0.06701414743112435,20.3
1269454,24/25,KV Mechelen U18,U18 Elite 1,16.0,1.0,0.0,1343.0,Ian Struyf (1269454),2007-08-22,Belgium,Defender - Centre-Back,Defender,left,191.0,KV Mechelen,354,150000.0,2025-08-24,0.06701414743112435,0.0,0.06701414743112435,19.0
984252,24/25,KVK Ninove,1ste Nationale VV,22.0,1.0,0.0,1345.0,Nathan De Raes (984252),2003-09-01,Belgium,Midfield - Defensive Midfield,Midfield,left,0.0,KVK Ninove,6306,,,0.06691449814126393,0.0,0.06691449814126393,23.0
925636,24/25,Swit Szczecin,Betclic 2 Liga,15.0,0.0,1.0,1350.0,Jakub Rajczykowski (925636),2005-02-04,Poland,Goalkeeper,Goalkeeper,,196.0,Swit Szczecin,50309,0.0,2024-06-08,0.0,0.06666666666666667,0.06666666666666667,21.5
994594,24/25,Nottingham Forest U18,U18 Premier League,15.0,0.0,1.0,1350.0,Keehan Willows (994594),2005-10-01,England,Goalkeeper,Goalkeeper,,0.0,Nottingham Forest U21,38588,,,0.0,0.06666666666666667,0.06666666666666667,20.9
1160405,24/25,FC Oleksandriya-2,Druga Liga,15.0,0.0,1.0,1350.0,Viktor Dolgyi (1160405),2004-01-02,Ukraine,Goalkeeper,Goalkeeper,left,197.0,FC Oleksandriya,18303,50000.0,2025-06-09,0.0,0.06666666666666667,0.06666666666666667,22.6
933677,24/25,ASD Asti,Serie D - A,24.0,1.0,0.0,1361.0,Giacomo Ghiardelli (933677),2004-02-15,Italy,Midfield - Central Midfield,Midfield,right,0.0,Without Club,515,50000.0,2025-05-14,0.06612784717119764,0.0,0.06612784717119764,22.5
1239948,24/25,Budapesti VSC - Zugló,NB II.,19.0,1.0,0.0,1363.0,Miron Mucsányi (1239948),2005-10-14,Hungary,Midfield - Central Midfield,Midfield,,0.0,Diósgyőri VTK,9241,50000.0,2025-05-27,0.06603081438004402,0.0,0.06603081438004402,20.8
1307102,24/25,Pro Vercelli Primavera,Primavera 2 - A,19.0,1.0,0.0,1363.0,Mattia Ricotti (1307102),2005-04-21,Italy,Defender - Centre-Back,Defender,,0.0,Pro Vercelli Primavera,26370,10000.0,2025-05-27,0.06603081438004402,0.0,0.06603081438004402,21.3
984817,24/25,CD Mafra,Liga Portugal 2,20.0,1.0,0.0,1365.0,Yacouba Maïga (984817),2004-05-15,Mali,Midfield - Defensive Midfield,Midfield,right,187.0,CD Mafra,7056,300000.0,2025-06-23,0.06593406593406594,0.0,0.06593406593406594,22.3
1060905,24/25,FC Concordia Basel,1. Liga gr. 2,22.0,1.0,0.0,1370.0,Seme Yohannes (1060905),2005-12-26,Eritrea,Midfield - Right Midfield,Midfield,right,183.0,BSC Old Boys,2016,,,0.0656934306569343,0.0,0.0656934306569343,20.6
890721,24/25,Arsenal FC,Premier League,23.0,1.0,0.0,1371.0,Myles Lewis-Skelly (890721),2006-09-26,England  Barbados,Defender - Left-Back,Defender,left,178.0,Arsenal FC,11,45000000.0,2025-05-29,0.06564551422319474,0.0,0.06564551422319474,19.9
1182168,24/25,Empoli Primavera,Primavera 1,19.0,1.0,0.0,1371.0,Dawid Bembnista (1182168),2007-01-12,Poland,Defender - Centre-Back,Defender,right,189.0,FC Empoli,749,,,0.06564551422319474,0.0,0.06564551422319474,19.6
1313609,24/25,Reggiana Under 17,Under 17 - A,22.0,1.0,0.0,1372.0,Alessandro Boccedi (1313609),2008-02-01,Italy,Attack - Centre-Forward,Attack,right,0.0,Reggiana Primavera,20406,,,0.06559766763848396,0.0,0.06559766763848396,18.5
714458,24/25,Oxford United,Championship,17.0,1.0,0.0,1373.0,Ben Nelson (714458),2004-03-18,England  Scotland,Defender - Centre-Back,Defender,right,193.0,Leicester City,1003,500000.0,2025-05-26,0.06554989075018208,0.0,0.06554989075018208,22.4
898817,24/25,AVC Vogherese,Serie D - A,22.0,1.0,0.0,1377.0,Luca Usardi (898817),2005-07-06,Italy,Defender - Right-Back,Defender,right,181.0,Accademia Pavese,49960,75000.0,2025-05-14,0.06535947712418301,0.0,0.06535947712418301,21.1
1036995,24/25,Sassuolo Primavera,Primavera 1,22.0,1.0,0.0,1378.0,David Weiss (1036995),2007-05-29,Finland  Poland,Midfield - Central Midfield,Midfield,right,0.0,Sassuolo Primavera,19114,,,0.06531204644412192,0.0,0.06531204644412192,19.2
948606,24/25,LB Châteauroux,Championnat National,26.0,1.0,0.0,1381.0,Téo James Michel (948606),2004-05-03,Haiti  France,Attack - Right Winger,Attack,right,173.0,CD Ibiza Islas Pitiusas,67751,150000.0,2025-05-25,0.06517016654598116,0.0,0.06517016654598116,22.3
1056291,24/25,Ternana Primavera,Primavera 2 - B,16.0,1.0,0.0,1387.0,Marco Bellavigna (1056291),2006-08-30,Italy,Defender - Centre-Back,Defender,left,180.0,Siena FC,1387,50000.0,2025-05-27,0.06488824801730353,0.0,0.06488824801730353,20.0
1303912,24/25,SS Lazio U17,Under 17 - C,21.0,1.0,0.0,1390.0,Flavio Di Marzio (1303912),2008-05-27,Italy,Defender - Centre-Back,Defender,,0.0,Lecce Under 18,100461,,,0.06474820143884892,0.0,0.06474820143884892,18.2
1007391,2025,Philadelphia Union II,MLS Next Pro,17.0,1.0,0.0,1392.0,Neil Pierre (1007391),2007-10-19,United States  Haiti,Defender - Centre-Back,Defender,right,196.0,Philadelphia Union,25467,,,0.06465517241379311,0.0,0.06465517241379311,18.8
1048504,24/25,FC Slovan Rosice,MSFL,17.0,1.0,0.0,1398.0,Ivan Shlaban (1048504),2005-01-20,Ukraine,Defender,Defender,,0.0,FK Blansko,46811,,,0.06437768240343347,0.0,0.06437768240343347,21.6
984593,24/25,Aston Villa U21,Premier League 2,17.0,1.0,0.0,1400.0,Triston Rowe (984593),2006-10-02,England,Defender - Right-Back,Defender,right,0.0,FC Annecy,30204,,,0.06428571428571428,0.0,0.06428571428571428,19.9
949273,24/25,Sassuolo Primavera,Primavera 1,22.0,1.0,0.0,1403.0,Giacomo Benvenuti (949273),2006-02-03,San Marino  Italy,Defender - Centre-Back,Defender,right,0.0,Sassuolo Primavera,19114,50000.0,2025-06-26,0.06414825374198146,0.0,0.06414825374198146,20.5
1187728,24/25,Crotone Primavera,Primavera 2 - B,21.0,1.0,0.0,1403.0,Filippo Loiacono (1187728),2006-09-21,Italy,Midfield,Midfield,,0.0,Crotone Primavera,25964,,,0.06414825374198146,0.0,0.06414825374198146,19.9
902467,24/25,Zébra Élites,1ste Nationale ACFF,16.0,1.0,0.0,1407.0,Noam Mayoka-Tika (902467),2003-11-02,Belgium,Midfield - Defensive Midfield,Midfield,right,184.0,K Lierse SK,28107,50000.0,2025-06-11,0.06396588486140725,0.0,0.06396588486140725,22.8
920946,24/25,FC Schalke 04,2. Bundesliga,23.0,1.0,0.0,1410.0,Max Grüger (920946),2005-05-24,Germany,Midfield - Defensive Midfield,Midfield,right,186.0,FC Schalke 04,33,2000000.0,2025-06-18,0.06382978723404256,0.0,0.06382978723404256,21.2
922791,24/25,FC Luzern,Super League,20.0,1.0,0.0,1410.0,Bung Meng Freimann (922791),2005-12-09,Switzerland,Defender - Centre-Back,Defender,left,184.0,FC Luzern,434,2500000.0,2025-06-09,0.06382978723404256,0.0,0.06382978723404256,20.7
1075583,24/25,Toulouse FC U19,National U19 - Grp. D,16.0,1.0,0.0,1413.0,Seny Koumbassa (1075583),2007-06-20,France  Guinea,Defender - Centre-Back,Defender,right,187.0,FC Toulouse,415,,,0.06369426751592357,0.0,0.06369426751592357,19.2
1188644,24/25,Parma Under 18,Under 18,33.0,1.0,1.0,2828.0,Lorenzo Marchesi (1188644),2007-02-18,Italy,Defender - Left-Back,Defender,,0.0,Parma Primavera,5243,,,0.03182461103253183,0.03182461103253183,0.06364922206506365,19.5
901544,2025,FK Jerv,PostNord-ligaen Avd. 1,17.0,1.0,0.0,1420.0,Håkon Krogelien (901544),2004-04-05,Norway,Defender - Centre-Back,Defender,right,191.0,FK Jerv,36224,0.0,2024-03-06,0.06338028169014084,0.0,0.06338028169014084,22.4
959796,24/25,Imolese Calcio 1919,Serie D - D,24.0,1.0,0.0,1420.0,Michele Ballanti (959796),2004-01-19,Italy,Defender - Right-Back,Defender,right,189.0,ASD Medicina Fossatone,73898,75000.0,2025-05-14,0.06338028169014084,0.0,0.06338028169014084,22.6
1307103,24/25,Pro Vercelli Primavera,Primavera 2 - A,22.0,1.0,0.0,1424.0,Christian Ierinò (1307103),2007-04-16,Italy,Attack - Second Striker,Attack,left,0.0,Pro Vercelli Primavera,26370,,,0.06320224719101124,0.0,0.06320224719101124,19.3
1324315,24/25,Pisa Under 17,Under 17 - A,18.0,1.0,0.0,1424.0,Nicola Tuon (1324315),2008-03-11,Italy,Midfield - Central Midfield,Midfield,,0.0,Pisa Primavera,14821,,,0.06320224719101124,0.0,0.06320224719101124,18.4
1063585,24/25,Real Sociedad C,Segunda Federación - Gr. II,19.0,1.0,0.0,1428.0,Aimar Olarra (1063585),2005-08-07,Spain,Defender - Left-Back,Defender,,0.0,SD Logroñés,33303,100000.0,2025-06-24,0.06302521008403361,0.0,0.06302521008403361,21.0
610780,24/25,Balikesirspor,3.Lig Grup 2,25.0,1.0,0.0,1429.0,Muhammet Araz (610780),2003-08-13,Austria,Defender - Centre-Back,Defender,right,181.0,Cankaya SK,39797,0.0,2024-06-30,0.06298110566829951,0.0,0.06298110566829951,23.0
816011,24/25,Sancataldese Calcio,Serie D - I,24.0,1.0,0.0,1429.0,Matteo Tutino (816011),2004-10-18,Italy,Defender - Centre-Back,Defender,,0.0,Sancataldese Calcio,46865,50000.0,2025-05-14,0.06298110566829951,0.0,0.06298110566829951,21.8
1186670,24/25,Olbia Calcio 1905,Serie D - G,24.0,1.0,0.0,1430.0,Riccardo Yanovskyy (1186670),2006-12-27,Italy  Ukraine,Midfield - Left Midfield,Midfield,right,0.0,Calcio Budoni,27609,75000.0,2025-05-14,0.06293706293706294,0.0,0.06293706293706294,19.6
735342,24/25,Niki Volou,Super League 2,16.0,1.0,0.0,1432.0,Athanasios Prodromitis (735342),2004-02-29,Greece,Defender - Centre-Back,Defender,both,188.0,Athens Kallithea,3062,250000.0,2025-05-15,0.06284916201117319,0.0,0.06284916201117319,22.5
1123193,24/25,Békéscsaba 1912 Elöre SE,NB II.,22.0,1.0,0.0,1432.0,Kristóf Gyenti (1123193),2005-08-17,Hungary,Defender - Right-Back,Defender,,0.0,Debreceni VSC II,22255,50000.0,2025-05-27,0.06284916201117319,0.0,0.06284916201117319,21.0
929887,24/25,FC Slovan Liberec,Chance Liga,16.0,1.0,0.0,1440.0,Adam Sevinsky (929887),2004-06-19,Czech Republic,Defender - Centre-Back,Defender,,187.0,AC Sparta Prague,197,2000000.0,2025-06-16,0.0625,0.0,0.0625,22.2
1116603,2025,Grêmio FBPA U20,CBF Brasileiro U20,16.0,1.0,0.0,1440.0,João Lima (1116603),2005-08-16,Brazil,Defender - Centre-Back,Defender,,0.0,Fortaleza EC U20,17955,,,0.0625,0.0,0.0625,21.0
806305,24/25,FC Utrecht U21,Keuken Kampioen Divisie,29.0,1.0,0.0,1441.0,Noa Dundas (806305),2004-04-13,Netherlands,Midfield - Central Midfield,Midfield,,193.0,FC Utrecht U21,17596,300000.0,2025-06-08,0.062456627342123525,0.0,0.062456627342123525,22.3
955932,24/25,Beykoz Anadolu Spor,2.Lig Beyaz,17.0,1.0,0.0,1446.0,Ahmet Özkaya (955932),2004-11-10,Türkiye,Defender - Centre-Back,Defender,left,188.0,Inegölspor,2319,100000.0,2025-06-19,0.06224066390041494,0.0,0.06224066390041494,21.8
1108853,2025,AC Oulu,Veikkausliiga,19.0,1.0,0.0,1447.0,Adramane Cassamá (1108853),2004-01-16,Guinea-Bissau,Defender - Left-Back,Defender,left,180.0,AC Oulu,7008,150000.0,2025-09-01,0.06219765031098825,0.0,0.06219765031098825,22.6
666551,24/25,Adana Demirspor,Süper Lig,33.0,1.0,1.0,2899.0,Maestro (666551),2003-08-04,Angola,Midfield - Defensive Midfield,Midfield,right,173.0,Alanyaspor,11282,2500000.0,2025-06-17,0.03104518799586064,0.03104518799586064,0.06209037599172128,23.0
1110453,24/25,FC Nordsjaelland U19,U19 Boys League,18.0,1.0,0.0,1450.0,Markus Walker (1110453),2006-11-23,Denmark  Australia,Defender - Centre-Back,Defender,both,177.0,FC Nordsjaelland,2778,250000.0,2025-09-01,0.06206896551724137,0.0,0.06206896551724137,19.7
988860,24/25,Erciyes 38 Futbol Spor Kulübü,3.Lig Grup 4,23.0,1.0,0.0,1454.0,Caner Kaban (988860),2006-03-20,Türkiye,Midfield - Defensive Midfield,Midfield,right,176.0,Adana Demirspor,3840,,,0.06189821182943604,0.0,0.06189821182943604,20.4
1004382,24/25,AC Ajaccio B,National 3 - Grp. D,21.0,1.0,0.0,1456.0,Ryan Contena (1004382),2004-06-03,France,Attack,Attack,,0.0,AC Ajaccio B,8305,,,0.061813186813186816,0.0,0.061813186813186816,22.2
1360095,2025,Cuiabá EC U20,CBF Brasileiro U20,17.0,1.0,0.0,1457.0,Cauã Rocha (1360095),2007-02-05,Brazil,Defender - Centre-Back,Defender,,187.0,Cuiabá EC U20,95439,,,0.06177076183939602,0.0,0.06177076183939602,19.5
792380,24/25,Bayern Munich,Bundesliga,21.0,1.0,0.0,1458.0,Aleksandar Pavlovic (792380),2004-05-03,Germany  Serbia,Midfield - Defensive Midfield,Midfield,both,188.0,Bayern Munich,27,55000000.0,2025-06-04,0.06172839506172839,0.0,0.06172839506172839,22.3
1046966,2025,Inter Miami CF II,MLS Next Pro,17.0,1.0,0.0,1460.0,Ezequiel Abadia-Reda (1046966),2006-02-21,United States  Argentina,Defender - Left-Back,Defender,,0.0,Inter Miami CF II,78259,,,0.06164383561643836,0.0,0.06164383561643836,20.5
1157038,24/25,Liverpool FC U18,U18 Premier League,17.0,1.0,0.0,1462.0,Louis Enahoro-Marcus (1157038),2006-09-06,England  Nigeria,Defender - Centre-Back,Defender,,0.0,Leeds United U21,20116,,,0.06155950752393981,0.0,0.06155950752393981,20.0
803003,24/25,Sevilla Atlético,Primera Federación - Gr. II,18.0,1.0,0.0,1463.0,Iker Muñoz (803003),2004-01-05,Spain,Defender - Centre-Back,Defender,right,186.0,Sevilla Atlético,8519,100000.0,2025-06-24,0.061517429938482575,0.0,0.061517429938482575,22.6
684317,24/25,Standard de Liège 16 FC,1ste Nationale ACFF,19.0,1.0,0.0,1466.0,Faroukou Cissé (684317),2004-03-09,Germany  Cote d'Ivoire,Defender - Centre-Back,Defender,right,188.0,Without Club,515,0.0,2024-12-19,0.061391541609822645,0.0,0.061391541609822645,22.4
941441,24/25,Stoke City U21,Premier League 2,17.0,1.0,0.0,1466.0,Darius Lipsiuc (941441),2005-09-16,Ireland,Midfield - Central Midfield,Midfield,,0.0,Solihull Moors,12335,,,0.061391541609822645,0.0,0.061391541609822645,20.9
1035971,24/25,Cagliari Primavera,Primavera 1,26.0,1.0,0.0,1466.0,Antoni Franke (1035971),2006-09-30,Poland,Defender - Centre-Back,Defender,left,194.0,Cagliari Primavera,11676,125000.0,2025-06-26,0.061391541609822645,0.0,0.061391541609822645,19.9
1063261,24/25,Jong KV Mechelen,2de Nat. VV B,19.0,1.0,0.0,1469.0,Noé Rottiers (1063261),2004-04-27,Belgium,Defender - Right-Back,Defender,right,182.0,KVK Tienen,3315,,,0.06126616746085772,0.0,0.06126616746085772,22.3
1049858,24/25,Nuova Sondrio Calcio,Serie D - B,33.0,1.0,1.0,2942.0,,2006-03-14,Italy,Defender - Right-Back,Defender,right,183.0,Nuova Sondrio Calcio,46708,175000.0,2025-05-14,0.030591434398368453,0.030591434398368453,0.06118286879673691,20.4
1208886,24/25,Genoa Under 17,Under 17 - A,18.0,1.0,0.0,1472.0,Daniele Salvano (1208886),2008-07-11,Italy,Defender - Centre-Back,Defender,,0.0,Genoa Under 18,76092,,,0.06114130434782609,0.0,0.06114130434782609,18.1
1088168,24/25,US Grosseto 1912,Serie D - E,34.0,1.0,1.0,2947.0,Lorenzo Guerrini (1088168),2006-07-28,Italy,Defender - Right-Back,Defender,right,0.0,US Grosseto 1912,4333,150000.0,2025-05-14,0.030539531727180186,0.030539531727180186,0.06107906345436037,20.1
915897,24/25,Bologna Primavera,Primavera 1,18.0,1.0,0.0,1477.0,Petar Markovic (915897),2006-02-05,Austria  Serbia,Defender - Centre-Back,Defender,,0.0,Bologna Primavera,14848,100000.0,2025-06-26,0.060934326337169935,0.0,0.060934326337169935,20.5
883053,24/25,Fiorentina Primavera,Primavera 1,28.0,1.0,0.0,1478.0,Mirko Elia (883053),2005-10-13,Italy,Defender - Centre-Back,Defender,left,192.0,Forlì FC,9816,25000.0,2025-06-26,0.06089309878213803,0.0,0.06089309878213803,20.8
1248921,24/25,Marignane-Gignac-Côte-Bleue FC U19,National U19 - Grp. D,18.0,1.0,0.0,1479.0,Mohamed Ziane (1248921),2006-10-22,France,Midfield,Midfield,,0.0,FC Martigues,1165,,,0.060851926977687626,0.0,0.060851926977687626,19.8
925866,24/25,FC Pompei,Serie D - I,27.0,1.0,0.0,1481.0,Giovanni Aurino (925866),2005-02-12,Italy,Midfield - Central Midfield,Midfield,left,0.0,Valmontone 1921,37981,75000.0,2025-05-14,0.06076975016880486,0.0,0.06076975016880486,21.5
685642,24/25,Lyngby Boldklub,Superliga,22.0,1.0,0.0,1486.0,Lauge Sandgrav (685642),2004-09-16,Denmark,Midfield - Central Midfield,Midfield,right,184.0,Lyngby Boldklub,369,1000000.0,2025-06-15,0.06056527590847914,0.0,0.06056527590847914,21.9
907086,24/25,SC Freiburg II,Regionalliga Südwest,22.0,1.0,0.0,1489.0,Noah Wagner (907086),2005-05-05,Germany,Midfield - Defensive Midfield,Midfield,,182.0,SC Freiburg II,245,100000.0,2025-06-10,0.06044325050369376,0.0,0.06044325050369376,21.3
687183,24/25,Admira Wacker Panthers,LL Niederösterreich,18.0,1.0,0.0,1492.0,Adrian Koreimann (687183),2005-04-14,Austria,Defender - Centre-Back,Defender,right,182.0,SC Wiener Viktoria,18517,0.0,2024-12-31,0.06032171581769437,0.0,0.06032171581769437,21.3
732206,24/25,Barnsley FC,League One,25.0,1.0,0.0,1492.0,Georgie Gent (732206),2003-09-23,England,Defender - Left-Back,Defender,left,181.0,Barnsley FC,349,500000.0,2025-06-17,0.06032171581769437,0.0,0.06032171581769437,22.9
957732,24/25,Oud-Heverlee Leuven U23,1ste Nationale VV,23.0,1.0,0.0,1495.0,Kevin Shkurti (957732),2004-07-19,Albania  Belgium,Midfield - Defensive Midfield,Midfield,right,177.0,RFC Lüttich,3159,,,0.060200668896321065,0.0,0.060200668896321065,22.1
1191625,24/25,Scafatese Calcio 1922,Serie D - I,21.0,1.0,0.0,1498.0,Gaetano Santarpia (1191625),2006-12-21,Italy,Defender - Left-Back,Defender,,183.0,US Folgore Caratese,26251,125000.0,2025-05-14,0.06008010680907877,0.0,0.06008010680907877,19.7
987724,24/25,NK BSK Bijelo Brdo,Prva NL,29.0,1.0,0.0,1499.0,Ivo Vukic (987724),2004-01-01,Croatia,Midfield - Attacking Midfield,Midfield,right,0.0,HNK Cibalia Vinkovci,314,50000.0,2025-06-26,0.0600400266844563,0.0,0.0600400266844563,22.6
1016807,24/25,AJ Auxerre B,National 3 - Grp. G,18.0,1.0,0.0,1502.0,Neil Glossoa (1016807),2004-09-10,France  Cote d'Ivoire,Defender - Centre-Back,Defender,right,188.0,Pau FC,3166,,,0.05992010652463382,0.0,0.05992010652463382,21.9
976196,24/25,Lazio U20,Primavera 1,21.0,1.0,0.0,1521.0,Tommaso Bordoni (976196),2006-03-12,Italy,Defender - Centre-Back,Defender,left,0.0,Lazio U20,12816,125000.0,2025-06-26,0.0591715976331361,0.0,0.0591715976331361,20.4
1182442,24/25,Bari Primavera,Primavera 2 - B,19.0,1.0,0.0,1521.0,Vitantonio Carrieri (1182442),2007-05-17,Italy,Defender - Centre-Back,Defender,,0.0,Bari Primavera,14907,,,0.0591715976331361,0.0,0.0591715976331361,19.3
1075719,24/25,Jong Westel,2de Nat. VV A,18.0,1.0,0.0,1524.0,Rhys Youlley (1075719),2005-02-13,Australia,Midfield - Attacking Midfield,Midfield,right,184.0,Sydney FC,8054,200000.0,2025-06-11,0.05905511811023622,0.0,0.05905511811023622,21.5
802545,24/25,Randers FC U19,U19 Boys League,17.0,1.0,0.0,1529.0,Christian Østergaard (802545),2005-04-13,Denmark,Defender - Centre-Back,Defender,right,187.0,FC Emmen,1283,,,0.058862001308044476,0.0,0.058862001308044476,21.3
805895,24/25,Farsley Celtic,National League North,17.0,0.0,1.0,1530.0,Will Brook (805895),2003-11-09,England,Goalkeeper,Goalkeeper,right,190.0,Shrewsbury Town,3054,,,0.0,0.058823529411764705,0.058823529411764705,22.8
1188639,24/25,Virtus Ciserano Bergamo 1909,Serie D - C,26.0,1.0,0.0,1531.0,Carlo Maria Testa (1188639),2006-06-16,Italy,Attack - Right Winger,Attack,left,178.0,Virtus Ciserano Bergamo 1909,4338,100000.0,2025-05-14,0.05878510777269758,0.0,0.05878510777269758,20.2
1311836,24/25,Roma Under 17,Under 17 - C,19.0,1.0,0.0,1532.0,Federico Piermattei (1311836),2008-02-15,Italy,Defender - Centre-Back,Defender,right,0.0,Roma Under 18,76094,,,0.0587467362924282,0.0,0.0587467362924282,18.5
1187952,24/25,Ternana Primavera,Primavera 2 - B,24.0,1.0,0.0,1534.0,Nicolò Ferlicca (1187952),2007-01-13,Italy,Midfield - Central Midfield,Midfield,right,0.0,Ternana Primavera,8513,,,0.05867014341590612,0.0,0.05867014341590612,19.6
1111733,2025,Cuiabá EC U20,CBF Brasileiro U20,18.0,1.0,0.0,1535.0,Eduardo Vinícius (1111733),2005-04-02,Brazil,Midfield - Defensive Midfield,Midfield,right,183.0,Cuiabá EC U20,95439,,,0.05863192182410424,0.0,0.05863192182410424,21.4
1239713,24/25,Perugia Primavera,Primavera 2 - B,26.0,1.0,0.0,1535.0,Michelangelo Perugini (1239713),2008-04-24,Italy,Midfield - Central Midfield,Midfield,left,173.0,AC Perugia Calcio,839,,,0.05863192182410424,0.0,0.05863192182410424,18.3
1068459,24/25,Sanremese Calcio,Serie D - A,24.0,1.0,0.0,1539.0,Aleksandr Lohmatov (1068459),2007-01-09,Estonia,Midfield - Right Midfield,Midfield,right,185.0,Frosinone Primavera,17664,50000.0,2025-05-14,0.05847953216374269,0.0,0.05847953216374269,19.6
926161,2025,FC Kolkheti-1913 Poti,Erovnuli Liga,20.0,1.0,0.0,1540.0,Akaki Giunashvili (926161),2005-03-01,Georgia,Defender - Centre-Back,Defender,left,0.0,FC Kolkheti-1913 Poti,28971,150000.0,2025-05-25,0.05844155844155844,0.0,0.05844155844155844,21.5
1046838,24/25,Sönderjyske U19,U19 Boys League,18.0,1.0,0.0,1541.0,Simon Maass (1046838),2005-12-04,Denmark,Midfield - Central Midfield,Midfield,,0.0,Odder IGF,13290,,,0.05840363400389357,0.0,0.05840363400389357,20.7
1108049,24/25,Liverpool FC U21,Premier League 2,19.0,1.0,0.0,1552.0,Amara Nallo (1108049),2006-11-18,England  Sierra Leone,Defender - Centre-Back,Defender,both,186.0,Liverpool FC U21,9252,1000000.0,2025-05-29,0.05798969072164949,0.0,0.05798969072164949,19.8
800925,24/25,Norwich City,Championship,40.0,1.0,0.0,1556.0,Oscar Schwartau (800925),2006-05-17,Denmark,Midfield - Attacking Midfield,Midfield,right,186.0,Norwich City,1123,3000000.0,2025-05-26,0.05784061696658097,0.0,0.05784061696658097,20.3
1180821,24/25,Oud-Heverlee Leuven U23,1ste Nationale VV,19.0,1.0,0.0,1556.0,Mohamed Yassine Azzouz (1180821),2007-05-17,Morocco  Belgium,Midfield - Attacking Midfield,Midfield,,0.0,Oud-Heverlee Leuven U23,52563,,,0.05784061696658097,0.0,0.05784061696658097,19.3
1052866,24/25,US Orléans B,National 3 - Grp. F,21.0,1.0,0.0,1560.0,Noory Elazouzi (1052866),2005-04-17,France  Morocco,Attack,Attack,,0.0,US Orléans B,50669,,,0.057692307692307696,0.0,0.057692307692307696,21.3
1078668,24/25,Bologna Under 17,Under 17 - A,21.0,1.0,0.0,1566.0,Leos Tupec (1078668),2008-01-24,Czech Republic,Defender - Centre-Back,Defender,,0.0,Bologna Under 18,91714,,,0.0574712643678161,0.0,0.0574712643678161,18.6
1090422,24/25,Karpaty Lviv,Premier Liga,20.0,1.0,0.0,1570.0,Jean Pedroso (1090422),2004-01-28,Brazil,Defender - Centre-Back,Defender,right,191.0,Karpaty Lviv,85465,900000.0,2025-06-09,0.057324840764331204,0.0,0.057324840764331204,22.6
1028327,2025,Wuhan Three Towns B,League Two South,19.0,1.0,0.0,1571.0,Zikrulla Memetimin (1028327),2004-04-27,China,Defender,Defender,,175.0,Wuhan Three Towns,70657,75000.0,2025-06-22,0.057288351368555056,0.0,0.057288351368555056,22.3
1073176,24/25,Angers SCO B,National 3 - Grp. B,18.0,0.0,1.0,1575.0,Oumar Pona (1073176),2006-06-21,Mali  France,Goalkeeper,Goalkeeper,right,189.0,Angers SCO,1420,,,0.0,0.05714285714285714,0.05714285714285714,20.2
1111243,24/25,Bröndby IF U19,U19 Boys League,21.0,1.0,0.0,1577.0,Gustav Nøhr (1111243),2006-01-09,Denmark,Midfield - Defensive Midfield,Midfield,left,185.0,Lecce Primavera,5618,,,0.05707038681039949,0.0,0.05707038681039949,20.6
923536,2025,SK Træff,PostNord-ligaen Avd. 1,18.0,1.0,0.0,1578.0,Andreas Myklebust (923536),2005-07-16,Norway,Midfield - Central Midfield,Midfield,right,178.0,SK Træff,36245,150000.0,2025-06-17,0.05703422053231939,0.0,0.05703422053231939,21.1
913170,24/25,SSV Ehingen-Süd 1974,VL Württemberg,21.0,1.0,0.0,1581.0,Finn Paul (913170),2004-09-12,Germany,Midfield - Defensive Midfield,Midfield,right,181.0,SSV Ehingen-Süd 1974,29129,0.0,2023-07-24,0.05692599620493359,0.0,0.05692599620493359,21.9
925847,24/25,Pro Vercelli Primavera,Primavera 2 - A,18.0,1.0,0.0,1584.0,Lorenzo Tarantola (925847),2005-04-02,Italy,Defender - Centre-Back,Defender,right,0.0,Pro Vercelli Primavera,26370,25000.0,2025-05-27,0.05681818181818182,0.0,0.05681818181818182,21.4
924117,24/25,1.FC Nuremberg,2. Bundesliga,18.0,1.0,0.0,1587.0,Finn Jeltsch (924117),2006-07-17,Germany,Defender - Centre-Back,Defender,right,188.0,VfB Stuttgart,79,20000000.0,2025-06-04,0.05671077504725898,0.0,0.05671077504725898,20.1
1069501,24/25,Bologna Primavera,Primavera 1,23.0,1.0,0.0,1587.0,Ossian Nordvall (1069501),2007-04-19,Sweden,Midfield - Defensive Midfield,Midfield,right,190.0,Bologna Primavera,14848,,,0.05671077504725898,0.0,0.05671077504725898,19.3
927734,24/25,FC Lugano,Super League,23.0,1.0,0.0,1589.0,Martim Marques (927734),2004-02-11,Portugal,Defender - Left-Back,Defender,left,173.0,FC Lugano,2790,7000000.0,2025-06-09,0.056639395846444306,0.0,0.056639395846444306,22.5
741268,24/25,Newcastle United U21,Premier League 2,19.0,1.0,0.0,1590.0,Cathal Heffernan (741268),2005-04-27,Ireland,Defender - Centre-Back,Defender,right,0.0,Newcastle United U21,9253,,,0.056603773584905655,0.0,0.056603773584905655,21.3
936508,24/25,AC Campodarsego,Serie D - C,26.0,1.0,0.0,1593.0,Federico Demo (936508),2005-11-15,Italy,Defender - Right-Back,Defender,,0.0,AC Campodarsego,39711,75000.0,2025-05-14,0.056497175141242945,0.0,0.056497175141242945,20.8
1093926,2025,Grêmio Novorizontino,Série B,19.0,1.0,0.0,1597.0,Dantas (1093926),2004-07-25,Brazil,Midfield - Defensive Midfield,Midfield,right,189.0,Grêmio Novorizontino,37474,250000.0,2025-06-26,0.056355666875391355,0.0,0.056355666875391355,22.1
1137322,24/25,CD Lugo,Primera Federación - Gr. I,36.0,1.0,1.0,3196.0,Álex Lizancos (1137322),2003-09-14,Spain,Defender - Right-Back,Defender,,0.0,Burgos CF,1536,200000.0,2025-06-24,0.028160200250312892,0.028160200250312892,0.056320400500625784,22.9
998470,24/25,Yeni Malatyaspor U19,U19 Süper Lig,20.0,1.0,0.0,1606.0,Enes Nas (998470),2006-07-04,Türkiye,Midfield - Central Midfield,Midfield,,0.0,Yeni Malatyaspor,19789,50000.0,2025-06-24,0.05603985056039851,0.0,0.05603985056039851,20.1
1303923,24/25,SS Lazio U17,Under 17 - C,20.0,1.0,0.0,1615.0,Davide De Fraia (1303923),2008-01-30,Italy,Midfield - Central Midfield,Midfield,right,0.0,Latina Primavera,27623,,,0.05572755417956657,0.0,0.05572755417956657,18.6
1073288,24/25,Young Reds,1ste Nationale VV,19.0,1.0,0.0,1619.0,Milan Smits (1073288),2004-11-13,Belgium,Midfield - Central Midfield,Midfield,right,187.0,De Graafschap Doetinchem,642,250000.0,2025-06-11,0.055589870290302656,0.0,0.055589870290302656,21.8
751989,24/25,STVV Youth,2de Nat. VV B,18.0,1.0,0.0,1620.0,Alouis Diriken (751989),2004-04-01,Belgium,Defender - Centre-Back,Defender,right,186.0,Sint-Truidense VV,475,150000.0,2025-06-11,0.05555555555555555,0.0,0.05555555555555555,22.4
920282,2025,Landskrona BoIS,Superettan,18.0,0.0,1.0,1620.0,Marcus Pettersson (920282),2005-03-20,Sweden,Goalkeeper,Goalkeeper,,0.0,Landskrona BoIS,2294,250000.0,2025-05-19,0.0,0.05555555555555555,0.05555555555555555,21.4
1121278,24/25,Unia Skierniewice,Betclic 3 Liga - Group I,18.0,0.0,1.0,1620.0,Stanislaw Pruszkowski (1121278),2004-07-22,Poland,Goalkeeper,Goalkeeper,right,198.0,Wisla Plock,2118,,,0.0,0.05555555555555555,0.05555555555555555,22.1
1044540,24/25,Civil Service Strollers FC,Lowland League,25.0,1.0,0.0,1622.0,Arran Bone (1044540),2006-07-16,Scotland,Defender - Centre-Back,Defender,both,181.0,Haddington Athletic FC,26145,,,0.055487053020961775,0.0,0.055487053020961775,20.1
989817,24/25,AC Ajaccio B,National 3 - Grp. D,19.0,1.0,0.0,1626.0,Anthony Khelifa (989817),2005-09-20,Algeria  France,Defender - Centre-Back,Defender,,0.0,SK Dynamo Ceske Budejovice,1321,25000.0,2025-06-01,0.055350553505535055,0.0,0.055350553505535055,20.9
937743,24/25,US Angri 1927,Serie D - H,28.0,1.0,0.0,1640.0,Gennaro Severino (937743),2005-03-08,Italy,Defender - Centre-Back,Defender,right,188.0,ASD Manfredonia Calcio,8579,75000.0,2025-05-14,0.054878048780487805,0.0,0.054878048780487805,21.4
994254,2025,Inter Miami CF II,MLS Next Pro,19.0,1.0,0.0,1647.0,Tyler Hall (994254),2006-02-05,United States  Guyana,Defender - Centre-Back,Defender,right,178.0,Inter Miami CF,69261,100000.0,2025-06-04,0.054644808743169404,0.0,0.054644808743169404,20.5
601921,24/25,FSV 63 Luckenwalde,Regionalliga Northeast,25.0,1.0,0.0,1655.0,Jonas Böhmert (601921),2003-08-03,Germany,Defender - Centre-Back,Defender,left,193.0,Dynamo Dresden II,5083,0.0,2025-06-30,0.054380664652567974,0.0,0.054380664652567974,23.0
1012515,24/25,AC Nardò,Serie D - H,23.0,1.0,0.0,1655.0,Salvatore De Crescenzo (1012515),2006-03-31,Italy,Defender - Left-Back,Defender,left,0.0,Nocerina Calcio,4114,75000.0,2025-05-14,0.054380664652567974,0.0,0.054380664652567974,20.4
705355,24/25,Lucchese Calcio,Serie C-B,19.0,0.0,1.0,1659.0,Lorenzo Palmisani (705355),2004-06-12,Italy,Goalkeeper,Goalkeeper,right,0.0,Frosinone Calcio,8970,300000.0,2025-06-01,0.0,0.054249547920433995,0.054249547920433995,22.2
1317383,24/25,SPAL Primavera,Primavera 2 - A,20.0,1.0,0.0,1668.0,Alex Roda (1317383),2008-03-04,Italy,Defender - Centre-Back,Defender,right,179.0,Torino Under 18,75900,,,0.0539568345323741,0.0,0.0539568345323741,18.5
1317953,24/25,Perugia Primavera,Primavera 2 - B,20.0,1.0,0.0,1668.0,Giulio Brunori (1317953),2008-12-11,Italy,Defender - Centre-Back,Defender,right,0.0,Perugia Primavera,14926,,,0.0539568345323741,0.0,0.0539568345323741,17.7
1186087,24/25,Ragusa Calcio,Serie D - I,28.0,1.0,0.0,1671.0,Antonio Memeo (1186087),2004-02-19,Italy,Midfield - Central Midfield,Midfield,right,184.0,Ragusa Calcio,22346,100000.0,2025-05-14,0.05385996409335727,0.0,0.05385996409335727,22.5
1049726,24/25,AS Giana Erminio,Serie C-A,26.0,1.0,0.0,1672.0,Matteo Colombara (1049726),2004-03-23,Italy,Defender - Centre-Back,Defender,right,186.0,AS Giana Erminio,44223,175000.0,2025-06-18,0.053827751196172245,0.0,0.053827751196172245,22.4
1106982,24/25,Al-Gharafa SC,Stars League,20.0,1.0,0.0,1673.0,Seydou Sano (1106982),2004-10-28,Senegal,Defender - Centre-Back,Defender,left,194.0,Al-Gharafa SC,6297,1200000.0,2025-05-27,0.0537955768081291,0.0,0.0537955768081291,21.8
1249340,24/25,Villarreal CF B,Primera Federación - Gr. II,28.0,1.0,0.0,1675.0,Alassane Diatta (1249340),2005-05-14,Senegal,Midfield - Central Midfield,Midfield,left,190.0,Villarreal CF B,11972,200000.0,2025-06-24,0.05373134328358209,0.0,0.05373134328358209,21.3
929139,24/25,Almere City FC U23,Tweede Divisie,25.0,1.0,0.0,1681.0,Jereno van Gom (929139),2005-05-28,Suriname  Netherlands,Defender - Right-Back,Defender,right,0.0,Almere City FC U23,20298,,,0.05353955978584176,0.0,0.05353955978584176,21.2
1032875,24/25,Peterborough United,League One,27.0,1.0,0.0,1681.0,James Dornelly (1032875),2005-04-14,England,Defender - Right-Back,Defender,,0.0,Peterborough United,1072,150000.0,2025-06-17,0.05353955978584176,0.0,0.05353955978584176,21.3
947435,24/25,RCD Mallorca B,Segunda Federación - Gr. III,22.0,1.0,0.0,1689.0,Pablo Moyá (947435),2005-01-01,Spain,Defender - Centre-Back,Defender,,0.0,CD Arenteiro,58946,25000.0,2025-06-24,0.05328596802841918,0.0,0.05328596802841918,21.6
1136320,24/25,LKS Lodz II,Betclic 2 Liga,20.0,1.0,0.0,1694.0,Krzysztof Falowski (1136320),2007-04-06,Poland,Defender - Centre-Back,Defender,right,192.0,LKS Lodz,256,150000.0,2025-06-05,0.053128689492325853,0.0,0.053128689492325853,19.4
1047357,24/25,Leicester City U21,Premier League 2,19.0,1.0,0.0,1697.0,Jayden Joseph (1047357),2005-12-08,England,Defender - Right-Back,Defender,right,178.0,Tranmere Rovers,1074,,,0.05303476723629935,0.0,0.05303476723629935,20.7
1185980,24/25,Milan Under 17,Under 17 - B,19.0,0.0,1.0,1700.0,Matteo Pittarella (1185980),2008-05-26,Italy,Goalkeeper,Goalkeeper,,0.0,Milan Futuro,41107,,,0.0,0.05294117647058823,0.05294117647058823,18.2
1176365,2025,FK Haugesund,Eliteserien,19.0,1.0,0.0,1701.0,Madiodio Dia (1176365),2004-01-15,Senegal,Defender - Centre-Back,Defender,right,190.0,FK Haugesund,2761,450000.0,2025-09-07,0.05291005291005291,0.0,0.05291005291005291,22.6
999130,2025,Columbus Crew 2,MLS Next Pro,20.0,1.0,0.0,1705.0,Quinton Elliot (999130),2004-01-30,United States,Midfield - Attacking Midfield,Midfield,right,178.0,Columbus Crew 2,95333,,,0.05278592375366569,0.0,0.05278592375366569,22.6
1015995,24/25,Zébra Élites,1ste Nationale ACFF,19.0,1.0,0.0,1710.0,Jason Dalle Molle (1015995),2005-04-27,Belgium,Defender - Centre-Back,Defender,right,0.0,Francs Borains,2974,,,0.052631578947368425,0.0,0.052631578947368425,21.3
1099061,24/25,Marbella FC,Primera Federación - Gr. II,19.0,0.0,1.0,1710.0,Dani Martín (1099061),2005-09-26,Spain,Goalkeeper,Goalkeeper,right,188.0,SD Huesca,5358,300000.0,2025-06-24,0.0,0.052631578947368425,0.052631578947368425,20.9
1009490,24/25,TSV Hartberg,Bundesliga,21.0,1.0,0.0,1712.0,Fabian Wilfinger (1009490),2003-08-27,Austria,Defender - Centre-Back,Defender,,0.0,TSV Hartberg,4467,500000.0,2025-06-05,0.052570093457943924,0.0,0.052570093457943924,23.0
1179195,24/25,ESTAC Troyes B,National 3 - Grp. G,20.0,1.0,0.0,1712.0,Sankhoun Diawara (1179195),2006-01-13,France  Senegal,Defender - Centre-Back,Defender,left,188.0,ESTAC Troyes,1095,,,0.052570093457943924,0.0,0.052570093457943924,20.6
478317,24/25,CF Estrela Amadora,Liga Portugal,24.0,1.0,0.0,1720.0,Diogo Travassos (478317),2004-03-31,Portugal,Defender - Right-Back,Defender,right,178.0,Moreirense FC,979,1500000.0,2025-05-29,0.05232558139534883,0.0,0.05232558139534883,22.4
961667,24/25,USC Corte,National 3 - Grp. J,24.0,1.0,0.0,1721.0,Dorian Fanni (961667),2004-05-17,France  Benin,Midfield - Central Midfield,Midfield,right,185.0,Stade Brest 29 B,16674,0.0,2024-09-26,0.05229517722254503,0.0,0.05229517722254503,22.3
1068110,24/25,Montpellier HSC,Ligue 1,27.0,1.0,0.0,1722.0,Rabby Nzingoula (1068110),2005-11-25,France  Congo,Midfield - Defensive Midfield,Midfield,right,183.0,RC Strasbourg Alsace,667,2500000.0,2025-06-02,0.05226480836236934,0.0,0.05226480836236934,20.7
1245016,24/25,Palermo Under 17,Under 17 - C,21.0,1.0,0.0,1722.0,Davide Federico (1245016),2008-06-26,Italy,Defender - Centre-Back,Defender,right,0.0,Palermo Primavera,11493,,,0.05226480836236934,0.0,0.05226480836236934,18.1
678843,24/25,VfB Stuttgart II,3. Liga,26.0,1.0,0.0,1726.0,Leny Meyer (678843),2004-07-01,Switzerland,Defender - Left-Back,Defender,left,182.0,VfB Stuttgart II,102,400000.0,2025-06-10,0.05214368482039397,0.0,0.05214368482039397,22.1
1062376,2025,FC Džiugas Telšiai,A Lyga,22.0,1.0,0.0,1727.0,Ibrahim Cissé (1062376),2003-12-06,Cote d'Ivoire,Defender - Centre-Back,Defender,,183.0,FC Džiugas Telšiai,28740,200000.0,2025-06-12,0.05211349160393746,0.0,0.05211349160393746,22.7
1313621,24/25,Modena Under 17,Under 17 - A,22.0,1.0,0.0,1727.0,Eduard Ungureanu (1313621),2008-05-13,Italy  Romania,Midfield - Right Midfield,Midfield,right,0.0,Modena Primavera,14908,,,0.05211349160393746,0.0,0.05211349160393746,18.3
1112944,24/25,Bologna Under 18,Under 18,24.0,1.0,0.0,1732.0,Andrei Toroc (1112944),2007-07-15,Romania,Midfield - Central Midfield,Midfield,right,0.0,Bologna Primavera,14848,,,0.05196304849884526,0.0,0.05196304849884526,19.1
893661,24/25,Club Brugge KV,Jupiler Pro League,23.0,1.0,0.0,1733.0,Joel Ordóñez (893661),2004-04-21,Ecuador,Defender - Centre-Back,Defender,right,188.0,Club Brugge KV,2282,28000000.0,2025-06-11,0.05193306405077899,0.0,0.05193306405077899,22.3
1019113,24/25,Venezia Primavera,Primavera 2 - A,21.0,1.0,0.0,1733.0,Mohamed Soldà (1019113),2006-10-19,Italy  Mali,Defender - Centre-Back,Defender,left,188.0,AC Campodarsego,39711,25000.0,2025-05-27,0.05193306405077899,0.0,0.05193306405077899,19.8
728386,24/25,FC Wil 1900 II,2. Liga Inter - Gr. 4,20.0,1.0,0.0,1736.0,Rafet Baralija (728386),2004-12-21,Kosovo  Switzerland,Midfield - Right Midfield,Midfield,right,175.0,FC Vaduz II,40186,0.0,2024-09-26,0.05184331797235023,0.0,0.05184331797235023,21.7
989115,24/25,FC Andorra,Primera Federación - Gr. I,21.0,1.0,0.0,1739.0,Marc Bombardó (989115),2005-11-23,Spain,Defender - Centre-Back,Defender,right,184.0,FC Andorra,10718,200000.0,2025-06-24,0.051753881541115584,0.0,0.051753881541115584,20.7
1198175,24/25,Aalborg BK U19,U19 Boys League,20.0,1.0,0.0,1741.0,Marcus Bonde (1198175),2007-02-11,Denmark,Midfield - Defensive Midfield,Midfield,,0.0,Aalborg BK,1053,25000.0,2025-06-15,0.051694428489373924,0.0,0.051694428489373924,19.5
688611,24/25,FC Concordia Basel,1. Liga gr. 2,26.0,1.0,0.0,1743.0,Leon Asllani (688611),2005-02-26,Switzerland  Kosovo,Defender - Centre-Back,Defender,right,0.0,FC Concordia Basel,2058,,,0.05163511187607572,0.0,0.05163511187607572,21.5
930752,24/25,Südtirol Primavera,Primavera 2 - A,26.0,1.0,0.0,1747.0,Daniel Fois (930752),2006-12-05,Italy  DR Congo,Midfield - Left Midfield,Midfield,right,173.0,Südtirol Primavera,19334,50000.0,2025-05-27,0.05151688609044075,0.0,0.05151688609044075,19.7
1085928,24/25,Vicenza Primavera,Primavera 2 - A,23.0,1.0,0.0,1749.0,Lorenzo Imbevaro (1085928),2006-09-02,Italy,Midfield - Central Midfield,Midfield,right,0.0,Unione La Rocca Altavilla,76502,25000.0,2025-05-27,0.051457975986277875,0.0,0.051457975986277875,20.0
743520,24/25,Angers SCO B,National 3 - Grp. B,20.0,1.0,0.0,1755.0,Yacine Gaya (743520),2004-11-15,Algeria  France,Defender - Centre-Back,Defender,left,194.0,Quevilly - Rouen Métropole,7124,0.0,2024-12-09,0.05128205128205128,0.0,0.05128205128205128,21.8
1094415,24/25,Real Balompédica Linense,Segunda Federación - Gr. IV,22.0,1.0,0.0,1763.0,Mohamed Hamdoune (1094415),2004-05-24,Morocco,Defender - Centre-Back,Defender,,0.0,Betis Deportivo Balompié,2865,200000.0,2025-06-24,0.05104934770277936,0.0,0.05104934770277936,22.2
682568,24/25,Excelsior Rotterdam,Keuken Kampioen Divisie,25.0,1.0,0.0,1766.0,Cedric Hatenboer (682568),2005-03-19,Netherlands,Midfield - Defensive Midfield,Midfield,,188.0,RSC Anderlecht,58,1500000.0,2025-06-08,0.05096262740656852,0.0,0.05096262740656852,21.4
923809,24/25,FC Lausanne-Sport II,1. Liga gr. 1,20.0,1.0,0.0,1770.0,Dircssi Ngonzo (923809),2005-07-31,Switzerland,Defender - Centre-Back,Defender,left,189.0,FC Stade Nyonnais,5507,200000.0,2025-06-09,0.05084745762711865,0.0,0.05084745762711865,21.1
1060374,24/25,SCD Progresso Calcio,Serie D - D,27.0,1.0,0.0,1772.0,Lorenzo Cavazza (1060374),2004-03-27,Italy,Defender - Centre-Back,Defender,right,181.0,SCD Progresso Calcio,41878,100000.0,2025-05-14,0.05079006772009029,0.0,0.05079006772009029,22.4
973872,24/25,Esbjerg fB U19,U19 Boys League,21.0,1.0,0.0,1773.0,Jacob Jensen (973872),2006-03-14,Denmark,Defender - Centre-Back,Defender,,186.0,Esbjerg fB U19,14349,,,0.05076142131979696,0.0,0.05076142131979696,20.4
897431,24/25,SSV Jahn Regensburg,2. Bundesliga,22.0,1.0,0.0,1777.0,Leopold Wurm (897431),2006-03-21,Germany,Defender - Centre-Back,Defender,,194.0,SSV Jahn Regensburg,109,1500000.0,2025-06-18,0.050647158131682614,0.0,0.050647158131682614,20.4
733430,24/25,Rochdale AFC,National League,20.0,0.0,1.0,1782.0,Sam Waller (733430),2003-09-09,England,Goalkeeper,Goalkeeper,,187.0,Crewe Alexandra,1042,0.0,2023-08-31,0.0,0.05050505050505051,0.05050505050505051,22.9
1310263,24/25,Südtirol Under 17,Under 17 - B,21.0,1.0,0.0,1783.0,Giulio Zeni (1310263),2009-06-09,Italy,Defender - Centre-Back,Defender,,0.0,Südtirol Primavera,19334,,,0.050476724621424565,0.0,0.050476724621424565,17.2
874447,24/25,Sutton United,National League,21.0,1.0,0.0,1798.0,Charlie Waller (874447),2005-03-11,England,Defender - Centre-Back,Defender,left,193.0,Milton Keynes Dons,991,50000.0,2025-06-29,0.05005561735261402,0.0,0.05005561735261402,21.4
1042869,24/25,Aalborg BK U19,U19 Boys League,20.0,0.0,1.0,1800.0,Bertil Grønkjær (1042869),2007-07-24,Denmark,Goalkeeper,Goalkeeper,right,195.0,Aalborg BK,1053,,,0.0,0.05,0.05,19.1
725721,24/25,Bahlinger SC,Regionalliga Südwest,26.0,1.0,0.0,1808.0,Philipp Sonn (725721),2004-09-11,Germany,Defender - Left-Back,Defender,left,171.0,Karlsruher SC II,582,0.0,2025-07-02,0.049778761061946904,0.0,0.049778761061946904,21.9
926992,24/25,Randers FC U19,U19 Boys League,21.0,1.0,0.0,1809.0,Max Albæk (926992),2006-02-19,Denmark,Midfield - Central Midfield,Midfield,,0.0,Randers FC,5724,25000.0,2025-09-01,0.04975124378109452,0.0,0.04975124378109452,20.5
885227,24/25,Ascoli Picchio Primavera,Primavera 2 - B,25.0,1.0,0.0,1813.0,Michele Deriu (885227),2005-07-14,Italy,Attack - Right Winger,Attack,right,0.0,Ascoli Picchio Primavera,14909,25000.0,2025-05-27,0.049641478212906785,0.0,0.049641478212906785,21.1
1056526,24/25,Olbia Calcio 1905,Serie D - G,26.0,1.0,0.0,1823.0,Cristiano Rizzo (1056526),2006-01-14,Italy,Midfield - Central Midfield,Midfield,right,186.0,Nuova Sondrio Calcio,46708,125000.0,2025-05-14,0.04936917169500823,0.0,0.04936917169500823,20.6
1069037,24/25,Stade Reims B,National 3 - Grp. E,21.0,1.0,0.0,1825.0,Mohamed Ali Diadié (1069037),2004-10-22,Mauritania  France,Defender - Centre-Back,Defender,right,0.0,SC União Torreense,2432,,,0.049315068493150684,0.0,0.049315068493150684,21.8
932754,24/25,Palmese,Serie D - H,33.0,1.0,0.0,1836.0,Endurance Dominic Okojie (932754),2005-05-19,Italy  Nigeria,Midfield - Central Midfield,Midfield,both,186.0,Unipomezia Virtus,53561,50000.0,2025-05-14,0.04901960784313726,0.0,0.04901960784313726,21.3
1170742,24/25,Reggiana Primavera,Primavera 2 - A,23.0,1.0,0.0,1841.0,Lorenzo Alfani (1170742),2006-05-15,Italy,Defender - Centre-Back,Defender,,0.0,San Donato Tavarnelle,39818,25000.0,2025-05-27,0.04888647474198805,0.0,0.04888647474198805,20.3
864381,24/25,FC Lausanne-Sport II,1. Liga gr. 1,23.0,1.0,0.0,1851.0,Lorenzo Bittarelli (864381),2005-02-21,Switzerland,Defender - Right-Back,Defender,,179.0,FC Lausanne-Sport II,15446,,,0.04862236628849271,0.0,0.04862236628849271,21.5
859944,24/25,Accrington Stanley,League Two,21.0,1.0,0.0,1863.0,Benn Ward (859944),2003-10-31,England,Defender - Centre-Back,Defender,left,188.0,Accrington Stanley,3688,75000.0,2025-06-29,0.04830917874396135,0.0,0.04830917874396135,22.8
932768,24/25,Reggiana Primavera,Primavera 2 - A,26.0,1.0,0.0,1868.0,Riccardo Pigati (932768),2005-10-02,Italy,Midfield - Defensive Midfield,Midfield,right,0.0,ASC Arcetana,54509,0.0,2025-07-23,0.048179871520342615,0.0,0.048179871520342615,20.9
1246496,24/25,Monza Under 17,Under 17 - B,23.0,1.0,0.0,1873.0,Mattia Vergani (1246496),2008-06-30,Italy,Defender - Left-Back,Defender,,0.0,Cittadella Primavera,19099,,,0.04805125467164976,0.0,0.04805125467164976,18.1
1073380,2025,FC Cincinnati 2,MLS Next Pro,21.0,1.0,0.0,1874.0,Andrei Chirilă (1073380),2008-08-15,United States  Romania,Defender - Centre-Back,Defender,left,0.0,FC Cincinnati 2,95332,,,0.048025613660619,0.0,0.048025613660619,18.0
1169049,24/25,Bucaspor 1928,2.Lig Kirmizi,29.0,1.0,0.0,1874.0,Cebrail İrtürk (1169049),2005-02-16,Türkiye,Midfield - Central Midfield,Midfield,right,180.0,Muglaspor,2378,150000.0,2025-06-19,0.048025613660619,0.0,0.048025613660619,21.5
1069801,2025,Philadelphia Union,MLS,26.0,1.0,0.0,1876.0,Olwethu Makhanya (1069801),2004-04-30,South Africa,Defender - Centre-Back,Defender,right,0.0,Philadelphia Union,25467,400000.0,2025-06-04,0.04797441364605544,0.0,0.04797441364605544,22.3
727088,24/25,Jong Essevee,2de Nat. VV A,24.0,1.0,0.0,1877.0,Benoit De Jaegere (727088),2004-04-12,Belgium,Defender - Left-Back,Defender,,0.0,Jong Essevee,43293,,,0.04794885455514118,0.0,0.04794885455514118,22.4
1262996,24/25,Rayo Cantabria,Segunda Federación - Gr. I,22.0,1.0,0.0,1878.0,Jorge Salinas (1262996),2007-04-03,Spain,Defender - Left-Back,Defender,left,181.0,Racing Santander,630,300000.0,2025-06-24,0.047923322683706075,0.0,0.047923322683706075,19.4
1263453,2025,Arsenal FC,Primera Nacional,22.0,1.0,0.0,1883.0,Nazareno Roselli (1263453),2006-08-09,Argentina,Defender - Centre-Back,Defender,right,184.0,Arsenal FC,4673,75000.0,2025-05-21,0.04779607010090281,0.0,0.04779607010090281,20.0
805544,24/25,SV Ried II,Regional League Central,22.0,1.0,0.0,1884.0,Philip Weissenbacher (805544),2005-06-01,Austria,Defender - Right-Back,Defender,right,185.0,SV Ried,266,,,0.04777070063694267,0.0,0.04777070063694267,21.2
1069508,2025,Halmstads BK,Allsvenskan,21.0,1.0,0.0,1885.0,Bleon Kurtulus (1069508),2007-06-24,Sweden  Kosovo,Defender - Centre-Back,Defender,,185.0,Halmstads BK,1011,800000.0,2025-06-17,0.04774535809018567,0.0,0.04774535809018567,19.2
1198887,24/25,Adana Demirspor U19,U19 Süper Lig,29.0,1.0,0.0,1888.0,Demir Yavuz (1198887),2006-09-12,Türkiye,Midfield - Central Midfield,Midfield,,0.0,Adana Demirspor U19,75658,,,0.04766949152542373,0.0,0.04766949152542373,19.9
697282,24/25,Accrington Stanley,League Two,21.0,1.0,0.0,1890.0,Zach Awe (697282),2004-01-09,England  Nigeria,Defender - Centre-Back,Defender,right,192.0,Southampton FC U21,36546,150000.0,2025-05-29,0.04761904761904762,0.0,0.04761904761904762,22.6
1016519,24/25,Yeni Malatyaspor U19,U19 Süper Lig,21.0,1.0,0.0,1890.0,Talha Garip (1016519),2005-08-08,Türkiye,Defender - Centre-Back,Defender,right,0.0,Yeni Malatyaspor,19789,25000.0,2025-06-24,0.04761904761904762,0.0,0.04761904761904762,21.0
888031,2025,Philadelphia Union II,MLS Next Pro,21.0,1.0,0.0,1894.0,Rafael Uzcátegui (888031),2004-10-04,Venezuela,Defender - Centre-Back,Defender,right,183.0,Philadelphia Union II,51762,550000.0,2024-12-09,0.04751847940865892,0.0,0.04751847940865892,21.9
747598,24/25,Ross County FC,Premiership,24.0,1.0,0.0,1907.0,Elijah Campbell (747598),2004-08-02,England  Jamaica,Defender - Centre-Back,Defender,,182.0,Everton FC U21,9261,200000.0,2025-06-16,0.04719454640797063,0.0,0.04719454640797063,22.0
929744,24/25,Lazio U20,Primavera 1,25.0,1.0,0.0,1908.0,Andrea Petta (929744),2005-03-24,Italy,Defender - Centre-Back,Defender,left,0.0,Lazio Weitere,41120,75000.0,2025-06-26,0.04716981132075472,0.0,0.04716981132075472,21.4
1078334,24/25,LOSC Lille B,National 3 - Grp. E,23.0,1.0,0.0,1910.0,Kemryk Nagera (1078334),2005-05-31,France  Guadeloupe,Defender - Right-Back,Defender,right,180.0,FC Villefranche-Beaujolais,18633,,,0.04712041884816755,0.0,0.04712041884816755,21.2
707548,24/25,FC St. Gallen 1879 U21,1. Liga gr. 3,22.0,0.0,1.0,1935.0,Bela Dumrath (707548),2003-11-18,Germany  Switzerland,Goalkeeper,Goalkeeper,right,198.0,Stuttgarter Kickers,71,100000.0,2025-06-09,0.0,0.046511627906976744,0.046511627906976744,22.8
830062,24/25,TSV Steinbach Haiger,Regionalliga Südwest,25.0,1.0,0.0,1935.0,Vincent Schwab (830062),2003-12-10,Germany,Defender - Centre-Back,Defender,left,191.0,Stuttgarter Kickers,71,100000.0,2025-06-10,0.046511627906976744,0.0,0.046511627906976744,22.7
1316253,24/25,Modena Under 17,Under 17 - A,22.0,1.0,0.0,1942.0,Patrick Pîrv de Godoy (1316253),2008-09-02,Brazil  Romania,Defender - Centre-Back,Defender,,0.0,Athletico Paranaense U20,15038,,,0.04634397528321318,0.0,0.04634397528321318,18.0
957669,24/25,TSV 1860 Munich,3. Liga,31.0,1.0,0.0,1948.0,Lukas Reich (957669),2006-10-24,Germany,Defender - Right-Back,Defender,right,181.0,SpVgg Greuther Fürth,65,600000.0,2025-06-10,0.046201232032854214,0.0,0.046201232032854214,19.8
1039342,24/25,FC Südtirol,Serie B,29.0,1.0,0.0,1950.0,Raphael Kofler (1039342),2005-04-26,Italy,Defender - Centre-Back,Defender,right,193.0,FC Südtirol,4554,2000000.0,2025-06-01,0.046153846153846156,0.0,0.046153846153846156,21.3
670717,24/25,UD Las Palmas,LaLiga,27.0,1.0,0.0,1952.0,Dário Essugo (670717),2005-03-14,Portugal  Angola,Midfield - Defensive Midfield,Midfield,right,178.0,Chelsea FC,631,20000000.0,2025-06-08,0.04610655737704918,0.0,0.04610655737704918,21.4
618392,24/25,Polonia Warsaw,Betclic 1 Liga,30.0,1.0,0.0,1960.0,Oliwier Wojciechowski (618392),2005-04-05,Poland,Midfield - Attacking Midfield,Midfield,,172.0,Polonia Warsaw,2745,350000.0,2025-06-05,0.04591836734693878,0.0,0.04591836734693878,21.4
1142902,24/25,Bergerac Périgord FC U19,National U19 - Grp. C,22.0,1.0,0.0,1968.0,Jean Pichonnier (1142902),2006-02-10,France,Defender - Centre-Back,Defender,,197.0,RCO Agde,30370,,,0.04573170731707318,0.0,0.04573170731707318,20.5
1155814,24/25,Stomil Olsztyn,Betclic 3 Liga - Group I,22.0,0.0,1.0,1980.0,Lukasz Jakubowski (1155814),2006-12-08,Poland,Goalkeeper,Goalkeeper,,191.0,LKS Lodz,256,,,0.0,0.045454545454545456,0.045454545454545456,19.7
1170800,24/25,Atalanta Under 18,Under 18,32.0,1.0,0.0,1983.0,Gelana Affronti (1170800),2007-07-12,Italy  Ethiopia,Midfield - Central Midfield,Midfield,right,0.0,Atalanta Under 18,76091,,,0.04538577912254161,0.0,0.04538577912254161,19.1
704825,24/25,Modena FC,Serie B,25.0,1.0,0.0,2004.0,Alessandro Dellavalle (704825),2004-05-11,Italy,Defender - Centre-Back,Defender,right,189.0,Modena FC,1385,3000000.0,2025-06-01,0.044910179640718556,0.0,0.044910179640718556,22.3
1298879,24/25,Atalanta BC U17,Under 17 - B,23.0,1.0,0.0,2008.0,Alessandro Rinaldi (1298879),2008-01-10,Italy,Defender - Centre-Back,Defender,,0.0,Atalanta Primavera,11998,,,0.044820717131474105,0.0,0.044820717131474105,18.6
872171,24/25,Paris Saint-Germain,Ligue 1,25.0,1.0,0.0,2011.0,Lucas Beraldo (872171),2003-11-24,Brazil,Defender - Centre-Back,Defender,left,186.0,Paris Saint-Germain,583,25000000.0,2025-06-02,0.04475385380407757,0.0,0.04475385380407757,22.7
1054042,24/25,MFK Chrudim,ChNL,28.0,1.0,0.0,2012.0,David Bauer (1054042),2004-05-28,Czech Republic,Midfield - Attacking Midfield,Midfield,,0.0,MFK Chrudim,7805,200000.0,2025-06-16,0.04473161033797216,0.0,0.04473161033797216,22.2
955572,24/25,ASD Chieri Calcio,Serie D - A,29.0,1.0,0.0,2013.0,Ivan Silvestri (955572),2005-11-06,Italy,Defender - Centre-Back,Defender,left,189.0,SSD NovaRomentin,55434,75000.0,2025-05-14,0.044709388971684055,0.0,0.044709388971684055,20.8
904922,24/25,Motherwell FC,Premiership,27.0,1.0,0.0,2033.0,Ewan Wilson (904922),2004-11-19,Scotland,Defender - Left-Back,Defender,left,179.0,Raith Rovers FC,2795,700000.0,2025-06-16,0.044269552385636984,0.0,0.044269552385636984,21.7
1048043,24/25,Costa Orientale Sarda,Serie D - G,27.0,1.0,0.0,2034.0,Alessandro Piseddu (1048043),2006-03-28,Italy,Defender - Right-Back,Defender,right,0.0,Monastir,51513,100000.0,2025-05-14,0.04424778761061947,0.0,0.04424778761061947,20.4
1028954,24/25,Team BEJUNE U19,U19 Elite League,26.0,1.0,0.0,2038.0,Joona Moser (1028954),2006-06-01,Finland  Switzerland,Midfield - Central Midfield,Midfield,,0.0,FC La Chaux-de-Fonds,2055,,,0.04416094210009813,0.0,0.04416094210009813,20.2
887646,24/25,Ascoli Picchio Primavera,Primavera 2 - B,23.0,0.0,1.0,2045.0,Luigi Sciammarella (887646),2006-02-22,Italy,Goalkeeper,Goalkeeper,right,187.0,US Savoia 1908,4341,75000.0,2025-05-27,0.0,0.04400977995110024,0.04400977995110024,20.5
937353,24/25,Brescia Primavera,Primavera 2 - A,25.0,1.0,0.0,2050.0,Tommaso Mafezzoni (937353),2006-01-05,Italy,Defender - Centre-Back,Defender,right,0.0,Pro Palazzolo,4552,50000.0,2025-05-27,0.04390243902439024,0.0,0.04390243902439024,20.6
935499,24/25,Recreativo Granada,Segunda Federación - Gr. IV,24.0,1.0,0.0,2057.0,Lucas Pérez (935499),2003-12-05,Spain,Defender - Centre-Back,Defender,left,184.0,AD Alcorcón,11596,100000.0,2025-06-24,0.04375303840544482,0.0,0.04375303840544482,22.7
992712,24/25,Bologna Under 18,Under 18,28.0,1.0,0.0,2070.0,Daniil Dimitrișin (992712),2007-05-05,Moldova,Defender - Left-Back,Defender,left,0.0,Bologna Primavera,14848,,,0.043478260869565216,0.0,0.043478260869565216,19.3
1171121,24/25,LKS Lodz II,Betclic 2 Liga,28.0,1.0,0.0,2072.0,Mateusz Ksiazek (1171121),2007-07-06,Poland,Defender - Left-Back,Defender,left,173.0,LKS Lodz,256,,,0.04343629343629344,0.0,0.04343629343629344,19.1
954501,24/25,AS La Châtaigneraie,National 3 - Grp. B,24.0,1.0,0.0,2082.0,Servan Suignard (954501),2003-10-16,France,Defender - Centre-Back,Defender,,0.0,AS La Châtaigneraie,53254,0.0,2024-03-06,0.043227665706051875,0.0,0.043227665706051875,22.8
1064728,24/25,ASD Asti,Serie D - A,24.0,1.0,0.0,2083.0,Alessandro Camatta (1064728),2006-10-27,Italy,Defender - Left-Back,Defender,,0.0,Torino Primavera,12130,100000.0,2025-05-14,0.04320691310609697,0.0,0.04320691310609697,19.8
1079311,24/25,Cagliari Primavera,Primavera 1,36.0,1.0,0.0,2086.0,Mamadou Pathe Balde (1079311),2005-09-15,Guinea,Midfield - Central Midfield,Midfield,left,175.0,US Pianese,34499,125000.0,2025-06-26,0.04314477468839885,0.0,0.04314477468839885,20.9
1143459,24/25,US Colomiers,National 3 - Grp. A,24.0,1.0,0.0,2086.0,Léo Lebon (1143459),2004-08-13,France,Defender,Defender,,0.0,US Colomiers,26197,,,0.04314477468839885,0.0,0.04314477468839885,22.0
926235,24/25,Stade Reims B,National 3 - Grp. E,24.0,1.0,0.0,2088.0,Samuel Koeberlé (926235),2004-11-26,France,Midfield - Defensive Midfield,Midfield,left,178.0,HNK Vukovar 1991,456,50000.0,2025-06-02,0.043103448275862065,0.0,0.043103448275862065,21.7
988468,24/25,FC Villefranche-Beaujolais,Championnat National,26.0,1.0,0.0,2091.0,Steven Baseya (988468),2005-01-14,France  DR Congo,Defender - Centre-Back,Defender,right,190.0,FC Alverca,2521,400000.0,2025-05-25,0.043041606886657105,0.0,0.043041606886657105,21.6
814482,24/25,Campobasso FC,Serie C-B,28.0,1.0,0.0,2106.0,Alessandro Pellitteri (814482),2004-01-22,Italy,Midfield - Central Midfield,Midfield,right,0.0,Latina Calcio 1932,22045,150000.0,2025-06-18,0.042735042735042736,0.0,0.042735042735042736,22.6
1048079,24/25,Südtirol Primavera,Primavera 2 - A,24.0,1.0,0.0,2115.0,Carlo Sabatini (1048079),2006-10-15,Italy,Defender - Centre-Back,Defender,,0.0,Südtirol Primavera,19334,50000.0,2025-05-27,0.0425531914893617,0.0,0.0425531914893617,19.8
946262,24/25,SD Eibar B,Segunda Federación - Gr. II,25.0,1.0,0.0,2116.0,Raul Giménez (946262),2003-09-25,Spain,Defender - Centre-Back,Defender,,0.0,Antequera CF,16022,100000.0,2025-06-24,0.04253308128544424,0.0,0.04253308128544424,22.9
1065440,24/25,CA Osasuna Promesas,Primera Federación - Gr. I,34.0,1.0,0.0,2124.0,Mauro Echegoyen (1065440),2005-03-03,Spain,Midfield - Central Midfield,Midfield,,0.0,CA Osasuna Promesas,8516,200000.0,2025-06-24,0.0423728813559322,0.0,0.0423728813559322,21.5
911502,24/25,Wisla Kraków,Betclic 1 Liga,24.0,0.0,1.0,2130.0,Patryk Letkiewicz (911502),2005-09-24,Poland,Goalkeeper,Goalkeeper,,187.0,Wisla Kraków,422,450000.0,2025-06-05,0.0,0.04225352112676056,0.04225352112676056,20.9
991355,24/25,Yverdon Sport FC II,1. Liga gr. 1,27.0,1.0,0.0,2133.0,Yanis Pellaton (991355),2005-06-09,Switzerland,Defender - Centre-Back,Defender,right,186.0,Lancy FC,5492,0.0,2023-11-12,0.042194092827004225,0.0,0.042194092827004225,21.2
1307043,24/25,Andrézieux-Bouthéon FC U19,National U19 - Grp. B,24.0,1.0,0.0,2151.0,Elias Mounji (1307043),2006-07-14,France  Morocco,Defender,Defender,,0.0,Andrézieux-Bouthéon FC U19,87455,,,0.04184100418410042,0.0,0.04184100418410042,20.1
1144026,24/25,Arka Gdynia U19,Youth League POL,28.0,1.0,0.0,2157.0,Volodymyr Vereshchak (1144026),2006-07-27,Ukraine,Defender - Centre-Back,Defender,,183.0,Arka Gdynia II,8632,,,0.041724617524339355,0.0,0.041724617524339355,20.1
933656,24/25,Fermana FC,Serie D - F,27.0,1.0,0.0,2164.0,Luca Cocino (933656),2004-06-19,Italy,Defender - Centre-Back,Defender,right,190.0,US Recanatese,27624,100000.0,2025-05-14,0.041589648798521256,0.0,0.041589648798521256,22.2
977753,24/25,Benevento Primavera,Primavera 2 - B,30.0,1.0,0.0,2173.0,Giuseppe Balzano (977753),2006-03-09,Italy,Attack - Left Winger,Attack,right,0.0,Benevento Primavera,26332,50000.0,2025-05-27,0.04141739530602853,0.0,0.04141739530602853,20.4
1110471,24/25,Palermo Primavera,Primavera 2 - B,26.0,1.0,0.0,2180.0,Pietro Avena (1110471),2007-07-23,Italy,Midfield - Left Midfield,Midfield,left,185.0,Palermo Primavera,11493,,,0.04128440366972477,0.0,0.04128440366972477,19.1
927261,24/25,Cesena Primavera,Primavera 1,27.0,1.0,0.0,2181.0,Giulio Manetti (927261),2005-06-14,Italy,Defender - Right-Back,Defender,right,179.0,Forlì FC,9816,150000.0,2025-06-01,0.04126547455295736,0.0,0.04126547455295736,21.2
1054322,24/25,Inter Milan Primavera,Primavera 1,27.0,1.0,0.0,2192.0,Gabriele Re Cecconi (1054322),2006-04-25,Italy,Defender - Centre-Back,Defender,right,0.0,Inter U23,41119,700000.0,2025-06-26,0.04105839416058394,0.0,0.04105839416058394,20.3
746712,24/25,ACF Fiorentina,Serie A,33.0,1.0,0.0,2197.0,Pietro Comuzzo (746712),2005-02-20,Italy,Defender - Centre-Back,Defender,right,185.0,ACF Fiorentina,430,25000000.0,2025-06-16,0.040964952207555756,0.0,0.040964952207555756,21.5
1004522,24/25,St-Pierre de Milizac,National 3 - Grp. C,25.0,1.0,0.0,2198.0,Tommy Le Verge (1004522),2005-10-28,France,Defender - Centre-Back,Defender,right,193.0,US Saint-Malo,30612,,,0.04094631483166515,0.0,0.04094631483166515,20.8
1137815,24/25,Jong Cercle,1ste Nationale VV,26.0,1.0,0.0,2206.0,Sebbe Gheerardyns (1137815),2005-01-11,Belgium,Defender - Centre-Back,Defender,left,0.0,Jong Cercle,43563,,,0.04079782411604714,0.0,0.04079782411604714,21.6
1105948,24/25,Genoa Under 18,Under 18,27.0,1.0,0.0,2216.0,Mamedi Doucouré (1105948),2007-01-19,France  Mali,Defender - Centre-Back,Defender,right,0.0,Genoa U20,8517,,,0.04061371841155235,0.0,0.04061371841155235,19.6
719209,24/25,FC Groningen,Eredivisie,28.0,1.0,0.0,2225.0,Thijmen Blokzijl (719209),2005-02-25,Netherlands,Defender - Centre-Back,Defender,right,191.0,FC Groningen,202,2000000.0,2025-05-27,0.040449438202247195,0.0,0.040449438202247195,21.5
903218,24/25,Atalanta Primavera,Primavera 1,26.0,1.0,0.0,2226.0,Gabriel Ramaj (903218),2006-02-09,Albania  Italy,Defender - Centre-Back,Defender,left,0.0,Atalanta Primavera,11998,250000.0,2025-06-26,0.04043126684636119,0.0,0.04043126684636119,20.5
936235,2025,Ventforet Kofu,J2 League,25.0,1.0,0.0,2240.0,Takumi Tsuchiya (936235),2003-10-25,Japan,Midfield - Defensive Midfield,Midfield,right,180.0,Ventforet Kofu,10999,450000.0,2025-06-25,0.040178571428571425,0.0,0.040178571428571425,22.8
1223932,24/25,Milan Under 17,Under 17 - B,25.0,1.0,0.0,2243.0,Andrea Cullotta (1223932),2008-03-10,Italy,Defender - Centre-Back,Defender,,0.0,AC Milan Primavera,10958,,,0.04012483281319661,0.0,0.04012483281319661,18.4
1009618,24/25,NS Mura U19,NextGen Liga,25.0,0.0,1.0,2250.0,Aljaz Strajnar (1009618),2007-08-16,Slovenia,Goalkeeper,Goalkeeper,right,0.0,AC Monza,2919,,,0.0,0.04,0.04,19.0
1046520,24/25,Servette FC U21,1. Liga gr. 1,29.0,1.0,0.0,2254.0,Maxim Leclercq (1046520),2005-05-21,Switzerland,Midfield - Central Midfield,Midfield,right,178.0,FC Stade Nyonnais,5507,,,0.03992901508429459,0.0,0.03992901508429459,21.2
932733,24/25,Fiorentina Primavera,Primavera 1,26.0,1.0,0.0,2259.0,Leonardo Baroncelli (932733),2005-08-13,Italy,Defender - Centre-Back,Defender,right,190.0,AS Gubbio 1910,4326,200000.0,2025-06-26,0.0398406374501992,0.0,0.0398406374501992,21.0
940553,24/25,Atalanta U23,Serie C-A,28.0,1.0,0.0,2260.0,Relja Obric (940553),2006-04-11,Slovenia  Serbia,Defender - Centre-Back,Defender,left,194.0,Atalanta U23,41110,800000.0,2025-06-18,0.03982300884955752,0.0,0.03982300884955752,20.4
1150916,24/25,Juventus Primavera,Primavera 1,28.0,1.0,0.0,2298.0,Bruno Martinez (1150916),2006-06-19,Spain,Defender - Centre-Back,Defender,right,190.0,Juventus Next Gen,41101,250000.0,2025-06-26,0.0391644908616188,0.0,0.0391644908616188,20.2
977729,24/25,Cosenza Primavera,Primavera 2 - B,26.0,1.0,0.0,2299.0,Thomas Silvestri (977729),2006-01-19,Italy,Midfield - Defensive Midfield,Midfield,right,0.0,Cosenza Calcio,4031,50000.0,2025-05-27,0.039147455415398,0.0,0.039147455415398,20.6
1122333,24/25,Adana Demirspor U19,U19 Süper Lig,31.0,1.0,0.0,2323.0,Enes Demirtaş (1122333),2006-06-14,Türkiye,Defender - Right-Back,Defender,right,0.0,Adana Demirspor,3840,,,0.03874300473525613,0.0,0.03874300473525613,20.2
1211302,24/25,Oud-Heverlee Leuven U23,1ste Nationale VV,28.0,1.0,0.0,2325.0,Matteo Heremans (1211302),2006-01-08,Belgium,Midfield - Attacking Midfield,Midfield,,0.0,Oud-Heverlee Leuven U23,52563,,,0.03870967741935484,0.0,0.03870967741935484,20.6
1123208,24/25,Lazio Under 18,Under 18,28.0,1.0,0.0,2330.0,Diego Francioli (1123208),2007-01-01,Italy,Defender - Centre-Back,Defender,right,0.0,Bologna Primavera,14848,,,0.03862660944206008,0.0,0.03862660944206008,19.6
1261144,24/25,Adana Demirspor U19,U19 Süper Lig,30.0,1.0,0.0,2337.0,Mert Menemencioğlu (1261144),2007-02-07,Türkiye,Defender - Centre-Back,Defender,,0.0,Adana Demirspor,3840,,,0.038510911424903725,0.0,0.038510911424903725,19.5
1308334,24/25,ASD Sambiase 2023,Serie D - I,27.0,1.0,0.0,2345.0,Marco Perri (1308334),2004-01-01,Italy,Defender - Right-Back,Defender,,0.0,AZ Picerno,49430,100000.0,2025-05-14,0.038379530916844345,0.0,0.038379530916844345,22.6
727084,24/25,Polatli 1926 Spor Kulübü,3.Lig Grup 4,28.0,1.0,0.0,2366.0,Mert Kabasakal (727084),2004-05-02,Türkiye,Midfield - Defensive Midfield,Midfield,right,180.0,Polatli 1926 Spor Kulübü,66852,0.0,2024-09-26,0.03803888419273035,0.0,0.03803888419273035,22.3
1064412,24/25,Cádiz CF Mirandilla,Segunda Federación - Gr. IV,29.0,1.0,0.0,2379.0,Samu Almagro (1064412),2006-04-20,Spain,Defender - Centre-Back,Defender,left,0.0,Cádiz CF Mirandilla,11669,50000.0,2025-06-24,0.03783102143757881,0.0,0.03783102143757881,20.3
1265165,24/25,Monopoli Primavera,Primavera 2 - B,27.0,1.0,0.0,2387.0,Andrea Di Bari (1265165),2007-05-11,Italy,Defender - Right-Back,Defender,,0.0,Monopoli Primavera,100631,,,0.03770423125261835,0.0,0.03770423125261835,19.3
1062472,24/25,Galatasaray U19,U19 Süper Lig,30.0,1.0,0.0,2391.0,Kadir Subaşı (1062472),2006-08-27,Türkiye,Defender - Left-Back,Defender,left,0.0,Ankara Demirspor,12524,,,0.037641154328732745,0.0,0.037641154328732745,20.0
898821,24/25,Città di Teramo 1913,Serie D - F,28.0,1.0,0.0,2418.0,Mattia Brugarello (898821),2005-10-28,Italy,Defender - Centre-Back,Defender,left,191.0,Juventus Next Gen,41101,125000.0,2025-05-14,0.03722084367245657,0.0,0.03722084367245657,20.8
825572,24/25,FC Nieheim,Westfalenliga 1,27.0,0.0,1.0,2430.0,Philip Hildesheim (825572),2005-02-09,Germany,Goalkeeper,Goalkeeper,,0.0,Arminia Bielefeld II,831,,,0.0,0.037037037037037035,0.037037037037037035,21.5
890523,24/25,Palermo Primavera,Primavera 2 - B,27.0,1.0,0.0,2430.0,Filippo Di Maro (890523),2005-07-15,Italy,Defender - Centre-Back,Defender,,0.0,Palermo Primavera,11493,50000.0,2025-05-27,0.037037037037037035,0.0,0.037037037037037035,21.1
903201,24/25,Pescara Primavera,Primavera 2 - B,28.0,1.0,0.0,2437.0,Ariel Isufi (903201),2006-01-18,Albania  Switzerland,Defender - Centre-Back,Defender,,0.0,Paganese Calcio 1926,19164,75000.0,2025-05-27,0.03693065244152646,0.0,0.03693065244152646,20.6
934783,24/25,US Fiorenzuola 1922,Serie D - D,31.0,1.0,0.0,2468.0,Orso Maria De Ponti (934783),2005-10-29,Italy,Midfield - Defensive Midfield,Midfield,right,185.0,Varese Football Club,83362,125000.0,2025-05-14,0.03646677471636953,0.0,0.03646677471636953,20.8
1159793,24/25,FC Thüringen Weida,Thüringenliga,29.0,1.0,0.0,2502.0,Till Schöneich (1159793),2005-08-05,Germany,Defender - Right-Back,Defender,right,0.0,FC Thüringen Weida,2685,,,0.03597122302158273,0.0,0.03597122302158273,21.0
1186983,24/25,Spezia Primavera,Primavera 2 - B,30.0,1.0,0.0,2523.0,Gabriele Nicolai (1186983),2007-08-19,Italy,Defender - Right-Back,Defender,,0.0,Spezia Primavera,14893,,,0.0356718192627824,0.0,0.0356718192627824,19.0
1063613,24/25,US Adriese 1906,Serie D - C,33.0,1.0,0.0,2536.0,Andrea Antonello (1063613),2005-05-14,Italy,Defender - Left-Back,Defender,left,0.0,Dolomiti Bellunesi,91510,75000.0,2025-05-14,0.03548895899053628,0.0,0.03548895899053628,21.3
1058668,24/25,1.FC Slovacko B,MSFL,29.0,1.0,0.0,2551.0,Abuchi Onuoha (1058668),2004-01-03,Nigeria,Defender - Centre-Back,Defender,,0.0,FK Blansko,46811,,,0.03528028224225794,0.0,0.03528028224225794,22.6
694901,24/25,Colchester United,League Two,32.0,1.0,0.0,2609.0,Jamie McDonnell (694901),2004-02-16,Northern Ireland,Midfield - Defensive Midfield,Midfield,right,183.0,Mansfield Town,3820,200000.0,2025-06-29,0.03449597546952856,0.0,0.03449597546952856,22.5
775986,24/25,TOP Oss,Keuken Kampioen Divisie,35.0,1.0,0.0,2610.0,Julian Kuijpers (775986),2004-07-31,Netherlands,Defender - Left-Back,Defender,left,180.0,TOP Oss,1228,300000.0,2025-06-08,0.034482758620689655,0.0,0.034482758620689655,22.1
894692,24/25,Hamburger SV II,Regionalliga Nord,29.0,0.0,1.0,2610.0,Hannes Hermann (894692),2005-03-23,Germany,Goalkeeper,Goalkeeper,right,191.0,Hamburger SV,41,150000.0,2025-06-18,0.0,0.034482758620689655,0.034482758620689655,21.4
910780,24/25,Stal Mielec,Ekstraklasa,29.0,0.0,1.0,2610.0,Jakub Madrzyk (910780),2003-12-04,Poland,Goalkeeper,Goalkeeper,,191.0,Raków Częstochowa,9644,350000.0,2025-06-05,0.0,0.034482758620689655,0.034482758620689655,22.7
905015,24/25,Bilbao Athletic,Primera Federación - Gr. I,32.0,1.0,0.0,2638.0,Jon de Luis (905015),2003-08-05,Spain,Defender - Centre-Back,Defender,left,186.0,Bilbao Athletic,6688,200000.0,2025-06-24,0.03411675511751327,0.0,0.03411675511751327,23.0
1045324,24/25,NK Jarun,Prva NL,31.0,1.0,0.0,2682.0,Ivan Cvetko (1045324),2005-11-23,Croatia,Defender - Centre-Back,Defender,left,0.0,NK Rudes,11083,200000.0,2025-06-26,0.03355704697986577,0.0,0.03355704697986577,20.7
1055871,24/25,Bari Primavera,Primavera 2 - B,30.0,0.0,1.0,2700.0,Paolo De Lucci (1055871),2006-10-27,Italy,Goalkeeper,Goalkeeper,right,192.0,ASD Heraclea Calcio,112033,75000.0,2025-05-27,0.0,0.03333333333333333,0.03333333333333333,19.8
1170853,24/25,Cagliari Under 18,Under 18,31.0,1.0,0.0,2714.0,Matteo Nuvoli (1170853),2007-10-08,Italy,Defender - Centre-Back,Defender,right,0.0,Cagliari Primavera,11676,,,0.03316138540899042,0.0,0.03316138540899042,18.9
811242,24/25,Potenza Calcio,Serie C-C,32.0,1.0,0.0,2751.0,Bruno Verrengia (811242),2003-09-22,Italy,Defender - Centre-Back,Defender,left,0.0,US Catanzaro,4097,200000.0,2025-06-18,0.032715376226826604,0.0,0.032715376226826604,22.9
1053217,24/25,Roma U20,Primavera 1,33.0,1.0,0.0,2803.0,Filippo Reale (1053217),2006-02-24,Italy,Defender - Centre-Back,Defender,left,185.0,SS Juve Stabia,5587,800000.0,2025-06-26,0.03210845522654299,0.0,0.03210845522654299,20.5
923759,24/25,Stade Reims,Ligue 1,34.0,1.0,0.0,2867.0,Valentin Atangana (923759),2005-08-25,France  Cameroon,Midfield - Central Midfield,Midfield,right,176.0,Al-Ahli SFC,18487,10000000.0,2025-06-02,0.03139169863969306,0.0,0.03139169863969306,21.0
912834,24/25,FC Luzern U21,Promotion League,32.0,0.0,1.0,2880.0,Julian Bock (912834),2004-05-29,Germany,Goalkeeper,Goalkeeper,right,191.0,FC Luzern,434,200000.0,2025-06-09,0.0,0.03125,0.03125,22.2
1181283,24/25,Galatasaray U19,U19 Süper Lig,34.0,1.0,0.0,2923.0,İsa Halidi (1181283),2006-09-29,Türkiye,Midfield - Defensive Midfield,Midfield,,0.0,Ankara Demirspor,12524,,,0.030790283954840916,0.0,0.030790283954840916,19.9
627356,24/25,Borussia Dortmund II,3. Liga,33.0,1.0,0.0,2970.0,Yannik Lührs (627356),2003-09-09,Germany,Defender - Centre-Back,Defender,right,190.0,TSG 1899 Hoffenheim II,983,600000.0,2025-06-10,0.030303030303030304,0.0,0.030303030303030304,22.9
667457,24/25,FC Basel 1893,Super League,35.0,1.0,0.0,2986.0,Leon Avdullahu (667457),2004-02-23,Kosovo  Switzerland,Midfield - Defensive Midfield,Midfield,right,185.0,TSG 1899 Hoffenheim,533,10000000.0,2025-06-09,0.030140656396517078,0.0,0.030140656396517078,22.5
929743,24/25,Lazio U20,Primavera 1,37.0,1.0,0.0,3205.0,Matteo Zazza (929743),2005-07-08,Italy,Defender - Centre-Back,Defender,right,0.0,ASD Team Altamura,22408,375000.0,2025-06-26,0.028081123244929798,0.0,0.028081123244929798,21.1
897651,24/25,Cremonese Primavera,Primavera 1,36.0,1.0,0.0,3227.0,Simone Lottici Tessadri (897651),2006-06-30,Italy,Midfield - Defensive Midfield,Midfield,right,0.0,Cremonese Primavera,17198,200000.0,2025-06-26,0.027889680818097305,0.0,0.027889680818097305,20.1
646750,24/25,Valencia CF,LaLiga,37.0,1.0,0.0,3320.0,Cristhian Mosquera (646750),2004-06-27,Spain  Colombia,Defender - Centre-Back,Defender,right,191.0,Arsenal FC,11,30000000.0,2025-06-08,0.027108433734939763,0.0,0.027108433734939763,22.1
919438,24/25,Buxton FC,National League North,39.0,0.0,1.0,3510.0,True Grant (919438),2005-11-02,England  Jamaica,Goalkeeper,Goalkeeper,,0.0,Stoke City,512,0.0,2024-09-26,0.0,0.02564102564102564,0.02564102564102564,20.8
670840,24/25,Exeter City,League One,46.0,0.0,0.0,4140.0,Joe Whitworth (670840),2004-02-29,England,Goalkeeper,Goalkeeper,right,179.0,Exeter City,6699,1700000.0,2025-06-17,0.0,0.0,0.0,22.5
814848,24/25,AFC Wimbledon,League Two,46.0,0.0,0.0,4140.0,Owen Goodman (814848),2003-11-27,England  Canada,Goalkeeper,Goalkeeper,left,193.0,Huddersfield Town,1110,600000.0,2025-06-29,0.0,0.0,0.0,22.7
878645,24/25,Hornchurch FC,National League South,44.0,0.0,0.0,3960.0,Mason Terry (878645),2004-09-20,England,Goalkeeper,Goalkeeper,right,196.0,Braintree Town,6340,,,0.0,0.0,0.0,21.9
720695,24/25,Walsall FC,League Two,40.0,0.0,0.0,3600.0,Tommy Simkin (720695),2004-12-08,England,Goalkeeper,Goalkeeper,right,190.0,Leyton Orient,1150,450000.0,2025-06-29,0.0,0.0,0.0,21.7
670860,24/25,Sheffield Wednesday,Championship,38.0,0.0,0.0,3420.0,James Beadle (670860),2004-07-16,England,Goalkeeper,Goalkeeper,right,201.0,Birmingham City,337,5000000.0,2025-05-26,0.0,0.0,0.0,22.1
1069495,24/25,US Adriese 1906,Serie D - C,38.0,0.0,0.0,3420.0,Rok Vadjunec (1069495),2006-09-20,Slovenia,Goalkeeper,Goalkeeper,,0.0,Treviso FBC 1993,2251,175000.0,2025-05-14,0.0,0.0,0.0,19.9
1178683,24/25,AC Vigasio,Serie D - B,38.0,0.0,0.0,3420.0,Marco Businarolo (1178683),2005-08-12,Italy,Goalkeeper,Goalkeeper,,0.0,FC Legnago Salus,30066,150000.0,2025-05-14,0.0,0.0,0.0,21.0
814472,24/25,US Pergolettese 1932,Serie C-A,35.0,0.0,0.0,3150.0,Lorenzo Cordaro (814472),2004-10-02,Italy,Goalkeeper,Goalkeeper,right,193.0,US Pergolettese 1932,4553,250000.0,2025-06-18,0.0,0.0,0.0,21.9
888021,24/25,Luparense FC,Serie D - C,35.0,0.0,0.0,3150.0,Tommaso Sperandio (888021),2005-06-28,Italy,Goalkeeper,Goalkeeper,,183.0,Conegliano Calcio,22132,150000.0,2025-05-14,0.0,0.0,0.0,21.1
936668,24/25,Sanremese Calcio,Serie D - A,35.0,0.0,0.0,3150.0,Federico Maffi (936668),2005-04-29,Italy,Goalkeeper,Goalkeeper,,0.0,AC Mestre,46196,150000.0,2025-05-14,0.0,0.0,0.0,21.3
745391,24/25,ASD Brian Lignano,Serie D - C,35.0,0.0,0.0,3121.0,Leonardo Saccon (745391),2004-01-18,Italy,Goalkeeper,Goalkeeper,right,184.0,Portogruaro Calcio,15374,100000.0,2025-05-14,0.0,0.0,0.0,22.6
618801,24/25,Atlético Madrileño,Primera Federación - Gr. II,34.0,0.0,0.0,3060.0,Alejandro Iturbe (618801),2003-09-02,Spain,Goalkeeper,Goalkeeper,right,186.0,Elche CF,1531,2000000.0,2025-06-24,0.0,0.0,0.0,23.0
696588,24/25,Tonbridge Angels,National League South,34.0,0.0,0.0,3060.0,Matthew Rowley (696588),2004-07-30,England,Goalkeeper,Goalkeeper,right,182.0,Reading FC U21,36123,,,0.0,0.0,0.0,22.1
720120,24/25,Raków Częstochowa,Ekstraklasa,34.0,0.0,0.0,3060.0,Kacper Trelowski (720120),2003-08-19,Poland,Goalkeeper,Goalkeeper,both,193.0,Raków Częstochowa,9644,4000000.0,2025-06-05,0.0,0.0,0.0,23.0
800946,24/25,VfB Stuttgart II,3. Liga,34.0,0.0,0.0,3060.0,Dennis Seimen (800946),2005-12-01,Germany  Romania,Goalkeeper,Goalkeeper,left,192.0,SC Paderborn 07,127,2500000.0,2025-06-10,0.0,0.0,0.0,20.7
829299,24/25,Karlsruher SC,2. Bundesliga,34.0,0.0,0.0,3060.0,Max Weiß (829299),2004-06-15,Germany,Goalkeeper,Goalkeeper,right,190.0,Burnley FC,1132,4000000.0,2025-06-18,0.0,0.0,0.0,22.2
883046,24/25,Foligno Calcio 1928,Serie D - E,34.0,0.0,0.0,3060.0,Laerte Tognetti (883046),2005-01-03,Italy,Goalkeeper,Goalkeeper,right,0.0,US Grosseto 1912,4333,150000.0,2025-05-14,0.0,0.0,0.0,21.6
937354,24/25,AC Ospitaletto,Serie D - B,34.0,0.0,0.0,3060.0,Francesco Bonardi (937354),2005-01-04,Italy,Goalkeeper,Goalkeeper,,0.0,FC Lumezzane,4103,150000.0,2025-05-14,0.0,0.0,0.0,21.6
937999,24/25,AC Mestre,Serie D - C,34.0,0.0,0.0,3060.0,Simone Cortese (937999),2005-08-17,Italy,Goalkeeper,Goalkeeper,right,192.0,AZ Picerno,49430,175000.0,2025-05-14,0.0,0.0,0.0,21.0
650988,24/25,FC Sarnese 1926,Serie D - G,34.0,0.0,0.0,3057.0,Bryan Bonucci (650988),2004-02-22,Italy,Goalkeeper,Goalkeeper,left,186.0,Siracusa Calcio,8373,175000.0,2025-05-14,0.0,0.0,0.0,22.5
882995,24/25,Lentigione Calcio,Serie D - D,34.0,0.0,0.0,3052.0,Tito Gasperini (882995),2006-03-09,Italy,Goalkeeper,Goalkeeper,,0.0,Lentigione Calcio,46157,150000.0,2025-05-14,0.0,0.0,0.0,20.4
918957,24/25,Lazio U20,Primavera 1,34.0,0.0,0.0,3038.0,Davide Renzetti (918957),2006-06-09,Italy,Goalkeeper,Goalkeeper,right,194.0,AC Bra,38322,100000.0,2025-06-16,0.0,0.0,0.0,20.2
937891,24/25,US Grosseto 1912,Serie D - E,34.0,0.0,0.0,3034.0,Francesco Raffaelli (937891),2005-05-21,Italy,Goalkeeper,Goalkeeper,,0.0,CPR Ospitaletto,5542,125000.0,2025-05-14,0.0,0.0,0.0,21.2
892482,24/25,Sassuolo Primavera,Primavera 1,34.0,0.0,0.0,3015.0,Alessandro Scacchetti (892482),2005-02-22,Italy,Goalkeeper,Goalkeeper,right,0.0,AC Carpi,4102,150000.0,2025-06-26,0.0,0.0,0.0,21.5
934453,24/25,Sant'Angelo,Serie D - B,34.0,0.0,0.0,2985.0,Matteo Piombino (934453),2005-04-18,Italy,Goalkeeper,Goalkeeper,right,186.0,Pro Palazzolo,4552,75000.0,2025-05-14,0.0,0.0,0.0,21.3
712181,24/25,Real Unión Club,Primera Federación - Gr. I,33.0,0.0,0.0,2970.0,James Wright (712181),2004-12-02,England,Goalkeeper,Goalkeeper,right,188.0,Aston Villa U21,12124,200000.0,2025-06-24,0.0,0.0,0.0,21.7
819197,24/25,L'Aquila 1927,Serie D - F,33.0,0.0,0.0,2970.0,Matteo Michielin (819197),2005-04-19,Italy,Goalkeeper,Goalkeeper,right,188.0,L'Aquila 1927,4153,175000.0,2025-05-14,0.0,0.0,0.0,21.3
826506,24/25,Wieczysta Krakow,Betclic 2 Liga,33.0,0.0,0.0,2970.0,Antoni Mikulko (826506),2005-02-11,Poland,Goalkeeper,Goalkeeper,,189.0,Wieczysta Krakow,30974,100000.0,2025-07-20,0.0,0.0,0.0,21.5
936383,24/25,FV 07 Diefflen,OL RP/Saar,33.0,0.0,0.0,2970.0,Kai Zahler (936383),2004-04-16,Germany,Goalkeeper,Goalkeeper,right,194.0,FV 07 Diefflen,11345,,,0.0,0.0,0.0,22.3
1185262,24/25,Guidonia Montecelio 1937 FC,Serie D - G,33.0,0.0,0.0,2970.0,Emanuele Mastrangelo (1185262),2006-05-12,Italy,Goalkeeper,Goalkeeper,right,187.0,Guidonia Montecelio 1937 FC,45894,200000.0,2025-05-14,0.0,0.0,0.0,20.3
897685,24/25,Nocerina Calcio,Serie D - H,33.0,0.0,0.0,2962.0,Antoni Wodzicki (897685),2005-02-13,Poland,Goalkeeper,Goalkeeper,right,199.0,Nocerina Calcio,4114,175000.0,2025-05-14,0.0,0.0,0.0,21.5
864465,24/25,Cjarlins Muzane,Serie D - C,33.0,0.0,0.0,2925.0,Giacomo Venturini (864465),2004-02-29,Italy,Goalkeeper,Goalkeeper,,186.0,Without Club,515,100000.0,2025-05-14,0.0,0.0,0.0,22.5
964114,24/25,SV Meppen,Regionalliga Nord,33.0,0.0,0.0,2925.0,Julius Pünt (964114),2004-04-01,Germany,Goalkeeper,Goalkeeper,right,194.0,SV Meppen,247,125000.0,2025-06-23,0.0,0.0,0.0,22.4
678006,24/25,Arzignano Valchiampo,Serie C-A,32.0,0.0,0.0,2880.0,Elia Boseggia (678006),2004-02-06,Italy,Goalkeeper,Goalkeeper,left,0.0,Novara FC,6692,275000.0,2025-06-18,0.0,0.0,0.0,22.5
712038,24/25,Sorrento 1945,Serie C-C,32.0,0.0,0.0,2880.0,Ludovico Del Sorbo (712038),2004-08-13,Italy,Goalkeeper,Goalkeeper,right,185.0,Sorrento 1945,10118,225000.0,2025-06-18,0.0,0.0,0.0,22.0
744934,24/25,FC Sochaux-Montbéliard,Championnat National,32.0,0.0,0.0,2880.0,Mathieu Patouillet (744934),2004-02-20,France,Goalkeeper,Goalkeeper,left,188.0,Al-Hilal SFC,1114,800000.0,2025-05-25,0.0,0.0,0.0,22.5
814473,24/25,Juventus Next Gen,Serie C-C,32.0,0.0,0.0,2880.0,Giovanni Daffara (814473),2004-12-05,Italy,Goalkeeper,Goalkeeper,right,194.0,US Avellino 1912,2331,500000.0,2025-06-18,0.0,0.0,0.0,21.7
933912,24/25,Scafatese Calcio 1922,Serie D - I,32.0,0.0,0.0,2880.0,Gabriel Becchi (933912),2004-03-26,United States  Italy,Goalkeeper,Goalkeeper,right,185.0,Scafatese Calcio 1922,22048,175000.0,2025-05-14,0.0,0.0,0.0,22.4
936220,24/25,Forlì FC,Serie D - D,32.0,0.0,0.0,2880.0,Luca Martelli (936220),2005-04-25,Italy,Goalkeeper,Goalkeeper,right,186.0,Forlì FC,9816,200000.0,2025-05-14,0.0,0.0,0.0,21.3
937477,24/25,US Follonica Gavorrano,Serie D - E,32.0,0.0,0.0,2880.0,Giulio Antonini (937477),2004-09-19,Mexico  Italy,Goalkeeper,Goalkeeper,,188.0,Without Club,515,125000.0,2025-05-14,0.0,0.0,0.0,21.9
1274871,24/25,Civitanovese,Serie D - F,32.0,0.0,0.0,2880.0,Gabriele Petrucci (1274871),2005-12-19,Italy,Goalkeeper,Goalkeeper,right,185.0,Ancona Calcio,1388,125000.0,2025-05-14,0.0,0.0,0.0,20.7
707643,24/25,US Recanatese,Serie D - F,32.0,0.0,0.0,2874.0,Jacopo Del Bello (707643),2004-09-25,Italy,Goalkeeper,Goalkeeper,left,187.0,ACR Messina,1104,150000.0,2025-05-14,0.0,0.0,0.0,21.9
722650,24/25,Altinordu FK,2.Lig Beyaz,32.0,0.0,0.0,2869.0,Serhat Öztaşdelen (722650),2004-12-09,Türkiye,Goalkeeper,Goalkeeper,right,188.0,Kocaelispor,120,200000.0,2025-06-19,0.0,0.0,0.0,21.7
1046096,24/25,Schwarz-Weiß Essen,Oberliga Niederrhein,32.0,0.0,0.0,2832.0,Ryan Valentine (1046096),2004-01-22,United States,Goalkeeper,Goalkeeper,right,188.0,Rot-Weiß Oberhausen,57,,,0.0,0.0,0.0,22.6
670710,24/25,SL Benfica B,Liga Portugal 2,31.0,0.0,0.0,2790.0,André Gomes (670710),2004-10-20,Portugal,Goalkeeper,Goalkeeper,left,186.0,FC Alverca,2521,2500000.0,2025-06-22,0.0,0.0,0.0,21.8
805834,24/25,Jagiellonia Bialystok,Ekstraklasa,31.0,0.0,0.0,2790.0,Slawomir Abramowicz (805834),2004-06-09,Poland,Goalkeeper,Goalkeeper,left,189.0,Jagiellonia Bialystok,2300,4000000.0,2025-06-05,0.0,0.0,0.0,22.2
807782,24/25,Radomiak Radom,Ekstraklasa,31.0,0.0,0.0,2790.0,Maciej Kikolski (807782),2004-02-23,Poland,Goalkeeper,Goalkeeper,right,192.0,Widzew Lodz,88,700000.0,2025-06-05,0.0,0.0,0.0,22.5
918804,24/25,AS Ostiamare Lido Calcio,Serie D - E,31.0,0.0,0.0,2790.0,Alessandro Morlupo (918804),2005-03-13,Italy,Goalkeeper,Goalkeeper,right,187.0,Ternana Calcio,1103,150000.0,2025-05-14,0.0,0.0,0.0,21.4
923708,24/25,East Fife FC,League Two,31.0,0.0,0.0,2790.0,Liam McFarlane (923708),2004-09-26,Scotland,Goalkeeper,Goalkeeper,right,196.0,Heart of Midlothian FC B,12577,,,0.0,0.0,0.0,21.9
947024,24/25,Enna Calcio,Serie D - I,31.0,0.0,0.0,2790.0,Giuseppe Simeoli (947024),2006-07-31,Italy,Goalkeeper,Goalkeeper,right,190.0,Luparense FC,31267,150000.0,2025-05-14,0.0,0.0,0.0,20.1
1059208,24/25,Treviso FBC 1993,Serie D - C,31.0,0.0,0.0,2790.0,Pablo Mangiaracina-Lopez (1059208),2006-04-10,Italy  Spain,Goalkeeper,Goalkeeper,,189.0,Treviso FBC 1993,2251,150000.0,2025-05-14,0.0,0.0,0.0,20.4
895560,24/25,Fidelis Andria 2018,Serie D - H,31.0,0.0,0.0,2735.0,Manuel Esposito (895560),2005-02-22,Italy,Goalkeeper,Goalkeeper,right,0.0,Benevento Calcio,4171,150000.0,2025-05-14,0.0,0.0,0.0,21.5
766552,24/25,Sevilla Atlético,Primera Federación - Gr. II,30.0,0.0,0.0,2700.0,Alberto Flores (766552),2003-11-10,Spain,Goalkeeper,Goalkeeper,left,187.0,Sevilla Atlético,8519,300000.0,2025-06-24,0.0,0.0,0.0,22.8
821460,24/25,FC Karbach,OL RP/Saar,30.0,0.0,0.0,2700.0,Jonas Bast (821460),2003-09-22,Germany,Goalkeeper,Goalkeeper,left,183.0,FC Emmelshausen-Karbach,131473,0.0,2024-08-14,0.0,0.0,0.0,22.9
933215,24/25,Puskás Akadémia FC,NB I.,30.0,0.0,0.0,2700.0,Ármin Pécsi (933215),2005-02-24,Hungary,Goalkeeper,Goalkeeper,right,190.0,Liverpool FC,31,800000.0,2025-05-27,0.0,0.0,0.0,21.5
1001797,24/25,FC Girondins Bordeaux,National 2 - Grp. B,30.0,0.0,0.0,2700.0,Lassana Diabaté (1001797),2003-08-21,France  Mali,Goalkeeper,Goalkeeper,right,183.0,FC Girondins Bordeaux,40,0.0,2024-09-26,0.0,0.0,0.0,23.0
1051504,24/25,Renate Primavera,Primavera 2 - A,30.0,0.0,0.0,2700.0,Leonardo Rossi (1051504),2006-09-12,Italy,Goalkeeper,Goalkeeper,left,182.0,Martina Calcio 1947,4558,75000.0,2025-05-27,0.0,0.0,0.0,19.9
1145455,24/25,Eintracht Frankfurt II,Regionalliga Südwest,30.0,0.0,0.0,2700.0,Nils Ramming (1145455),2007-03-28,Sweden  Germany,Goalkeeper,Goalkeeper,both,194.0,Brighton & Hove Albion U21,39336,300000.0,2025-06-10,0.0,0.0,0.0,19.4
883347,24/25,FC Paradiso,Promotion League,30.0,0.0,0.0,2655.0,Yannis Pala (883347),2004-03-22,Switzerland  Italy,Goalkeeper,Goalkeeper,,0.0,FC Paradiso,48428,100000.0,2025-06-09,0.0,0.0,0.0,22.4
817302,24/25,AC Trento,Serie C-A,30.0,0.0,0.0,2632.0,Sergio Barlocco (817302),2004-01-18,Italy,Goalkeeper,Goalkeeper,right,189.0,AC Trento,4095,225000.0,2025-06-18,0.0,0.0,0.0,22.6
817521,24/25,1.FSV Mainz 05 II,Regionalliga Südwest,29.0,0.0,0.0,2610.0,Maximilian Kinzig (817521),2003-12-04,Germany,Goalkeeper,Goalkeeper,right,190.0,1.FSV Mainz 05 II,851,175000.0,2025-06-10,0.0,0.0,0.0,22.7
927933,24/25,Cagliari Primavera,Primavera 1,29.0,0.0,0.0,2610.0,Velizar-Iliya Iliev (927933),2005-07-20,Bulgaria,Goalkeeper,Goalkeeper,right,194.0,Audace Cerignola,22249,200000.0,2025-06-26,0.0,0.0,0.0,21.1
979859,24/25,Parma Primavera,Primavera 2 - A,29.0,0.0,0.0,2610.0,Gianluca Astaldi (979859),2006-04-10,Italy,Goalkeeper,Goalkeeper,right,191.0,Parma Calcio 1913,130,50000.0,2025-05-27,0.0,0.0,0.0,20.4
1062258,24/25,Casarano Calcio,Serie D - H,29.0,0.0,0.0,2610.0,Gabriel Fernandes (1062258),2005-06-24,Brazil  Portugal,Goalkeeper,Goalkeeper,right,187.0,Barletta 1922,5585,175000.0,2025-05-14,0.0,0.0,0.0,21.2
930004,24/25,VfL Bochum II,Oberliga Westfalen,29.0,0.0,0.0,2565.0,Hugo Rölleke (930004),2005-05-06,Germany,Goalkeeper,Goalkeeper,,204.0,VfL Bochum,80,50000.0,2025-09-04,0.0,0.0,0.0,21.3
956588,24/25,Benevento Calcio,Serie C-C,29.0,0.0,0.0,2565.0,Alessandro Nunziante (956588),2007-03-14,Italy,Goalkeeper,Goalkeeper,right,195.0,Udinese Calcio,410,1800000.0,2025-06-18,0.0,0.0,0.0,19.4
912902,24/25,FC Toulouse,Ligue 1,29.0,0.0,0.0,2545.0,Guillaume Restes (912902),2005-03-11,France  Cote d'Ivoire,Goalkeeper,Goalkeeper,left,188.0,FC Toulouse,415,20000000.0,2025-06-02,0.0,0.0,0.0,21.4
821105,24/25,Piacenza Calcio 1919,Serie D - D,29.0,0.0,0.0,2538.0,Davide Franzini (821105),2005-02-08,Italy,Goalkeeper,Goalkeeper,right,186.0,AC Bra,38322,125000.0,2025-05-14,0.0,0.0,0.0,21.5
962246,24/25,SSD Atletico Ascoli,Serie D - F,29.0,0.0,0.0,2535.0,Thomas Pompei (962246),2006-07-04,Italy,Goalkeeper,Goalkeeper,left,190.0,Cosenza Calcio,4031,150000.0,2025-05-14,0.0,0.0,0.0,20.1
930791,24/25,FC Pistoiese,Serie D - D,29.0,0.0,0.0,2529.0,Filippo Cecchini (930791),2006-02-11,Italy,Goalkeeper,Goalkeeper,,0.0,Alcione Milano,52687,125000.0,2025-05-14,0.0,0.0,0.0,20.5
704772,24/25,AZ Alkmaar,Eredivisie,28.0,0.0,0.0,2520.0,Rome Jayden Owusu-Oduro (704772),2004-07-02,Netherlands  Ghana,Goalkeeper,Goalkeeper,right,190.0,AZ Alkmaar,1090,6000000.0,2025-05-27,0.0,0.0,0.0,22.1
790669,24/25,FC Volendam,Keuken Kampioen Divisie,28.0,0.0,0.0,2520.0,Kayne van Oevelen (790669),2003-08-07,Netherlands,Goalkeeper,Goalkeeper,both,199.0,FC Volendam,724,700000.0,2025-06-08,0.0,0.0,0.0,23.0
983995,24/25,Modena Primavera,Primavera 2 - A,28.0,0.0,0.0,2520.0,Mirko Castelnuovo (983995),2006-06-24,Italy,Goalkeeper,Goalkeeper,left,188.0,Nissa FC,26365,75000.0,2025-05-27,0.0,0.0,0.0,20.2
1188773,24/25,Virtus Entella Primavera,Primavera 2 - A,28.0,0.0,0.0,2520.0,Edoardo Torrielli (1188773),2006-08-08,Italy,Goalkeeper,Goalkeeper,,0.0,Flaminia Civita Castellana,23051,75000.0,2025-05-27,0.0,0.0,0.0,20.0
1233283,24/25,Kasimpasa U19,U19 Süper Lig,28.0,0.0,0.0,2516.0,Ege Albayrak (1233283),2007-08-20,Türkiye,Goalkeeper,Goalkeeper,right,193.0,Kasimpasa,10484,,,0.0,0.0,0.0,19.0
809986,24/25,Cavese 1919,Serie C-C,28.0,0.0,0.0,2515.0,Valerio Boffelli (809986),2004-09-04,Italy,Goalkeeper,Goalkeeper,right,182.0,Cavese 1919,6266,275000.0,2025-06-18,0.0,0.0,0.0,22.0
639582,24/25,SKN St. Pölten,2. Liga,28.0,0.0,0.0,2475.0,Tom Ritzy Hülsmann (639582),2004-04-11,Germany,Goalkeeper,Goalkeeper,right,205.0,TSV Hartberg,4467,250000.0,2025-05-29,0.0,0.0,0.0,22.4
886364,24/25,Jong Westel,2de Nat. VV A,28.0,0.0,0.0,2452.0,Zenzo De Boeck (886364),2005-01-17,Belgium,Goalkeeper,Goalkeeper,left,180.0,KFC Houtvenne,44394,50000.0,2025-06-11,0.0,0.0,0.0,21.6
1142392,24/25,TSV Hartberg II,LL Steiermark,28.0,0.0,0.0,2452.0,Harald Postl (1142392),2005-09-29,Austria,Goalkeeper,Goalkeeper,,0.0,TSV Hartberg,4467,25000.0,2025-06-05,0.0,0.0,0.0,20.9
718460,24/25,TSG 1899 Hoffenheim II,Regionalliga Südwest,27.0,0.0,0.0,2430.0,Lúkas Petersson (718460),2004-02-09,Iceland  Germany,Goalkeeper,Goalkeeper,right,195.0,TSG 1899 Hoffenheim,533,250000.0,2025-06-04,0.0,0.0,0.0,22.5
818898,24/25,Hellas Verona Primavera,Primavera 1,27.0,0.0,0.0,2430.0,Federico Magro (818898),2005-01-10,Italy,Goalkeeper,Goalkeeper,right,190.0,Calcio Foggia 1920,704,300000.0,2025-06-16,0.0,0.0,0.0,21.6
822960,24/25,Hertha BSC II,Regionalliga Northeast,27.0,0.0,0.0,2430.0,Tim Goller (822960),2005-01-26,Germany,Goalkeeper,Goalkeeper,right,193.0,Hertha BSC,44,350000.0,2025-06-18,0.0,0.0,0.0,21.6
897637,24/25,GSD Ghiviborgo VDS,Serie D - E,27.0,0.0,0.0,2430.0,Matteo Bonifacio (897637),2006-05-17,Italy,Goalkeeper,Goalkeeper,right,179.0,Sporting Club Trestina,38489,150000.0,2025-05-14,0.0,0.0,0.0,20.3
908765,24/25,Palmese,Serie D - H,27.0,0.0,0.0,2430.0,Lorenzo Pollini (908765),2004-06-20,Italy,Goalkeeper,Goalkeeper,right,187.0,Sammaurese Calcio,10614,100000.0,2025-05-14,0.0,0.0,0.0,22.2
1061038,24/25,FC Concordia Basel,1. Liga gr. 2,27.0,0.0,0.0,2430.0,Simon Caillet (1061038),2006-07-05,Switzerland,Goalkeeper,Goalkeeper,,0.0,FC Concordia Basel,2058,,,0.0,0.0,0.0,20.1
1188642,24/25,Parma Under 18,Under 18,27.0,0.0,0.0,2430.0,Gabriele Casentini (1188642),2007-03-14,Italy,Goalkeeper,Goalkeeper,right,192.0,Parma Primavera,5243,,,0.0,0.0,0.0,19.4
1058980,24/25,Albalonga Calcio,Serie D - G,27.0,0.0,0.0,2428.0,Andrea Boschi (1058980),2006-03-29,Italy,Goalkeeper,Goalkeeper,left,0.0,Reggina 1914,1386,100000.0,2025-05-14,0.0,0.0,0.0,20.4
902145,24/25,CD Tudelano,Segunda Federación - Gr. II,27.0,0.0,0.0,2419.0,Aimar Peñalver (902145),2004-02-20,Spain,Goalkeeper,Goalkeeper,right,190.0,Without Club,515,100000.0,2025-06-24,0.0,0.0,0.0,22.5
738480,24/25,Vitesse Arnhem,Keuken Kampioen Divisie,27.0,0.0,0.0,2395.0,Tom Bramel (738480),2005-07-24,Netherlands,Goalkeeper,Goalkeeper,right,196.0,SK Brann,1100,250000.0,2025-06-08,0.0,0.0,0.0,21.1
695208,24/25,SC Weiche Flensburg 08,Regionalliga Nord,27.0,0.0,0.0,2385.0,Christian Rust (695208),2005-02-16,Denmark,Goalkeeper,Goalkeeper,,191.0,SC Weiche Flensburg 08,10284,75000.0,2025-06-23,0.0,0.0,0.0,21.5
825407,24/25,Siracusa Calcio,Serie D - I,27.0,0.0,0.0,2350.0,Fedele Iovino (825407),2005-07-10,Italy,Goalkeeper,Goalkeeper,right,0.0,ASD Giulianova,4254,200000.0,2025-05-14,0.0,0.0,0.0,21.1
622236,24/25,FC Blau-Weiss Linz,Bundesliga,26.0,0.0,0.0,2340.0,Radek Vítek (622236),2003-10-24,Czech Republic,Goalkeeper,Goalkeeper,right,198.0,Bristol City,698,2000000.0,2025-06-05,0.0,0.0,0.0,22.8
629032,24/25,SK Sturm Graz II,2. Liga,26.0,0.0,0.0,2340.0,Matteo Bignetti (629032),2004-05-06,Austria,Goalkeeper,Goalkeeper,,190.0,SK Sturm Graz,122,250000.0,2025-06-05,0.0,0.0,0.0,22.3
654919,24/25,K Lierse SK,CPL,26.0,0.0,0.0,2340.0,Kjell Peersman (654919),2004-05-21,Belgium,Goalkeeper,Goalkeeper,right,194.0,KAA Gent,157,500000.0,2025-04-23,0.0,0.0,0.0,22.2
666167,24/25,1.FC Nuremberg II,Regionalliga Bayern,26.0,0.0,0.0,2340.0,Nicolas Ortegel (666167),2004-01-07,Germany,Goalkeeper,Goalkeeper,right,193.0,BFC Dynamo,222,125000.0,2025-06-23,0.0,0.0,0.0,22.6
712166,24/25,Calcio Desenzano,Serie D - B,26.0,0.0,0.0,2340.0,Julius Virvilas (712166),2004-06-03,Lithuania,Goalkeeper,Goalkeeper,both,186.0,FK TransINVEST,98841,75000.0,2025-05-14,0.0,0.0,0.0,22.2
983578,24/25,Melbourne City FC,A-League Men,26.0,0.0,0.0,2340.0,Patrick Beach (983578),2003-08-06,Australia,Goalkeeper,Goalkeeper,left,190.0,Melbourne City FC,25580,500000.0,2025-06-02,0.0,0.0,0.0,23.0
1041456,24/25,Vendée Fontenay Foot,National 3 - Grp. B,26.0,0.0,0.0,2340.0,Noah Renou (1041456),2003-10-28,France,Goalkeeper,Goalkeeper,,0.0,Vendée Fontenay Foot,7722,,,0.0,0.0,0.0,22.8
1051090,24/25,Calcio Brusaporto,Serie D - C,26.0,0.0,0.0,2340.0,Samuele Magni (1051090),2005-12-20,Italy,Goalkeeper,Goalkeeper,,187.0,AS Giana Erminio,44223,75000.0,2025-05-14,0.0,0.0,0.0,20.7
1051736,24/25,AlbinoLeffe Primavera,Primavera 2 - A,26.0,0.0,0.0,2340.0,Marco Taramelli (1051736),2006-12-02,Italy,Goalkeeper,Goalkeeper,left,187.0,Calcio Brusaporto,56867,25000.0,2025-05-27,0.0,0.0,0.0,19.7
1063990,24/25,Deportivo Alavés B,Segunda Federación - Gr. II,26.0,0.0,0.0,2340.0,Grégoire Swiderski (1063990),2005-10-05,Canada  Poland,Goalkeeper,Goalkeeper,right,187.0,Deportivo Alavés B,8880,150000.0,2025-06-24,0.0,0.0,0.0,20.9
1083190,24/25,Kolos Kovalivka,Premier Liga,26.0,0.0,0.0,2340.0,Ivan Pakholyuk (1083190),2004-04-27,Ukraine,Goalkeeper,Goalkeeper,right,184.0,Kolos Kovalivka,48332,800000.0,2025-09-09,0.0,0.0,0.0,22.3
1282689,24/25,Avellino Primavera,Primavera 2 - B,26.0,0.0,0.0,2340.0,Luca Pizzella (1282689),2007-08-11,Italy,Goalkeeper,Goalkeeper,,0.0,FC Sarnese 1926,35626,,,0.0,0.0,0.0,19.0
814434,24/25,AC Prato,Serie D - D,27.0,0.0,0.0,2315.0,Gian Marco Fantoni (814434),2004-01-24,Italy,Goalkeeper,Goalkeeper,,0.0,AC Prato,2250,75000.0,2025-05-14,0.0,0.0,0.0,22.6
810312,24/25,SpVg Frechen 20,Mittelrheinliga,26.0,0.0,0.0,2295.0,Juri Schüchter (810312),2004-01-17,Germany,Goalkeeper,Goalkeeper,both,188.0,Borussia Mönchengladbach II,1006,,,0.0,0.0,0.0,22.6
1057842,24/25,Fiorentina Under 18,Under 18,26.0,0.0,0.0,2295.0,Brando Dolfi (1057842),2007-01-27,Italy,Goalkeeper,Goalkeeper,right,0.0,Fiorentina Primavera,8505,25000.0,2025-06-26,0.0,0.0,0.0,19.6
648900,24/25,Nyíregyháza Spartacus,NB I.,25.0,0.0,0.0,2250.0,Balázs Tóth (648900),2004-04-29,Hungary,Goalkeeper,Goalkeeper,left,187.0,Nyíregyháza Spartacus,6058,300000.0,2025-05-27,0.0,0.0,0.0,22.3
715770,24/25,Olbia Calcio 1905,Serie D - G,25.0,0.0,0.0,2250.0,Salvatore Di Chiara (715770),2004-01-10,Italy,Goalkeeper,Goalkeeper,right,194.0,UC AlbinoLeffe,4541,75000.0,2025-05-14,0.0,0.0,0.0,22.6
746711,24/25,Inter Milan Primavera,Primavera 1,25.0,0.0,0.0,2250.0,Alessandro Calligaris (746711),2005-03-07,Italy,Goalkeeper,Goalkeeper,right,0.0,Inter U23,41119,350000.0,2025-06-26,0.0,0.0,0.0,21.5
818703,24/25,US Città di Pontedera,Serie C-B,25.0,0.0,0.0,2250.0,Elia Tantalocchi (818703),2004-06-30,Italy,Goalkeeper,Goalkeeper,right,190.0,Campobasso FC,18642,200000.0,2025-06-18,0.0,0.0,0.0,22.1
891312,24/25,Recreativo Granada,Segunda Federación - Gr. IV,25.0,0.0,0.0,2250.0,Fran Árbol (891312),2006-06-30,Spain,Goalkeeper,Goalkeeper,left,185.0,CF Lorca Deportiva,49806,200000.0,2025-06-24,0.0,0.0,0.0,20.1
903563,24/25,FC Pro Vercelli 1892,Serie C-A,25.0,0.0,0.0,2250.0,Matteo Rizzo (903563),2004-09-10,Italy,Goalkeeper,Goalkeeper,right,189.0,Campobasso FC,18642,200000.0,2025-06-18,0.0,0.0,0.0,21.9
1182322,24/25,Pau FC B,National 3 - Grp. A,25.0,0.0,0.0,2250.0,Tao Paradowski (1182322),2005-02-27,France  Réunion,Goalkeeper,Goalkeeper,right,180.0,Pau FC,3166,50000.0,2025-06-01,0.0,0.0,0.0,21.5
1260503,24/25,Cracovia U19,Youth League POL,25.0,0.0,0.0,2250.0,Konrad Golonka (1260503),2007-05-26,Poland,Goalkeeper,Goalkeeper,,188.0,Cracovia,5689,25000.0,2025-06-05,0.0,0.0,0.0,19.2
1056956,24/25,Bilbao Athletic,Primera Federación - Gr. I,25.0,0.0,0.0,2235.0,Mikel Santos (1056956),2004-11-01,Spain,Goalkeeper,Goalkeeper,left,182.0,Bilbao Athletic,6688,250000.0,2025-06-24,0.0,0.0,0.0,21.8
1188610,24/25,Torino Under 18,Under 18,25.0,0.0,0.0,2212.0,Riccardo Anino (1188610),2007-03-20,Italy,Goalkeeper,Goalkeeper,right,0.0,SS Cittadella Vis Modena,50977,,,0.0,0.0,0.0,19.4
874114,24/25,Cankaya SK,3.Lig Grup 3,25.0,0.0,0.0,2201.0,Kaan Çinkaya (874114),2004-01-06,Türkiye,Goalkeeper,Goalkeeper,right,190.0,Cankaya SK,39797,0.0,2024-03-06,0.0,0.0,0.0,22.6
1161403,24/25,Karpaty Lviv U19,U19 Premier Liga,25.0,0.0,0.0,2191.0,Nazar Domchak (1161403),2007-04-06,Ukraine,Goalkeeper,Goalkeeper,,190.0,Karpaty Lviv,85465,400000.0,2025-09-09,0.0,0.0,0.0,19.4
1257617,24/25,Kryvbas Kryvyi Rig U19,U19 Premier Liga,25.0,0.0,0.0,2172.0,Igor Omelchenko (1257617),2006-03-27,Ukraine,Goalkeeper,Goalkeeper,right,195.0,Kryvbas Kryvyi Rig U19,93057,,,0.0,0.0,0.0,20.4
816725,24/25,FC Lausanne-Sport II,1. Liga gr. 1,24.0,0.0,0.0,2160.0,Tim Hottiger (816725),2005-03-24,Switzerland,Goalkeeper,Goalkeeper,right,191.0,FC Lausanne-Sport,527,,,0.0,0.0,0.0,21.4
897645,24/25,FC Matera,Serie D - H,24.0,0.0,0.0,2160.0,Thomas Brahja (897645),2005-03-26,Albania  Italy,Goalkeeper,Goalkeeper,,190.0,Cremonese Primavera,17198,75000.0,2025-05-14,0.0,0.0,0.0,21.4
918827,24/25,FC Sochi,1.Division,24.0,0.0,0.0,2160.0,Aleksandr Degtev (918827),2005-04-27,Russia,Goalkeeper,Goalkeeper,right,195.0,FC Sochi,41231,500000.0,2025-06-01,0.0,0.0,0.0,21.3
924895,24/25,Zaglebie Lubin II,Betclic 2 Liga,24.0,0.0,0.0,2160.0,Michal Matys (924895),2006-05-06,Poland,Goalkeeper,Goalkeeper,,189.0,Stal Mielec,22431,25000.0,2025-06-05,0.0,0.0,0.0,20.3
1171530,24/25,Arenas Club,Segunda Federación - Gr. II,24.0,0.0,0.0,2160.0,Iker Galindo (1171530),2004-07-22,Spain,Goalkeeper,Goalkeeper,right,188.0,Bilbao Athletic,6688,100000.0,2025-06-24,0.0,0.0,0.0,22.1
1188591,24/25,Sampdoria Under 18,Under 18,24.0,0.0,0.0,2160.0,Mattia Tomasella (1188591),2007-07-26,Italy,Goalkeeper,Goalkeeper,,0.0,Sampdoria Primavera,12001,,,0.0,0.0,0.0,19.1
1273119,24/25,Andrézieux-Bouthéon FC U19,National U19 - Grp. B,24.0,0.0,0.0,2160.0,Lilian Olivier (1273119),2006-06-12,France,Goalkeeper,Goalkeeper,right,0.0,Andrézieux-Bouthéon FC U19,87455,,,0.0,0.0,0.0,20.2
1241968,24/25,FC Oleksandriya U19,U19 Premier Liga,24.0,0.0,0.0,2102.0,Nazar Makarenko (1241968),2007-06-21,Ukraine,Goalkeeper,Goalkeeper,,193.0,FC Oleksandriya U19,31681,100000.0,2025-09-09,0.0,0.0,0.0,19.2
1084069,2025,RB Bragantino U20,CBF Brasileiro U20,23.0,0.0,0.0,2100.0,Gustavo Reis (1084069),2005-06-10,Brazil,Goalkeeper,Goalkeeper,right,190.0,RB Bragantino U20,19325,,,0.0,0.0,0.0,21.2
723005,24/25,PSV Eindhoven U21,Keuken Kampioen Divisie,24.0,0.0,0.0,2084.0,Niek Schiks (723005),2004-02-03,Netherlands,Goalkeeper,Goalkeeper,left,188.0,PSV Eindhoven,383,250000.0,2025-05-27,0.0,0.0,0.0,22.5
1223850,24/25,SS Lazio U17,Under 17 - C,24.0,0.0,0.0,2075.0,Gabriele Russi (1223850),2008-04-17,Italy,Goalkeeper,Goalkeeper,,0.0,Lazio Under 18,82685,,,0.0,0.0,0.0,18.3
910173,24/25,FC Teutonia 05 Ottensen,Regionalliga Nord,24.0,0.0,0.0,2074.0,Jan Niemann (910173),2004-07-05,Germany,Goalkeeper,Goalkeeper,right,0.0,SV Waldhof Mannheim,85,100000.0,2025-06-23,0.0,0.0,0.0,22.1
741578,24/25,SC Freiburg II,Regionalliga Südwest,23.0,0.0,0.0,2070.0,Jaaso Jantunen (741578),2005-01-31,Finland,Goalkeeper,Goalkeeper,both,196.0,SC Freiburg II,245,300000.0,2025-06-10,0.0,0.0,0.0,21.5
810803,24/25,Hallescher FC,Regionalliga Northeast,23.0,0.0,0.0,2070.0,Luca Bendel (810803),2003-08-13,Germany,Goalkeeper,Goalkeeper,right,182.0,Hallescher FC,440,75000.0,2025-06-22,0.0,0.0,0.0,23.0
829831,24/25,SpVgg Unterhaching,3. Liga,23.0,0.0,0.0,2070.0,Konstantin Heide (829831),2006-01-27,Germany,Goalkeeper,Goalkeeper,right,189.0,Hertha BSC,44,500000.0,2025-06-10,0.0,0.0,0.0,20.6
857792,24/25,Hampton & Richmond Borough,National League South,23.0,0.0,0.0,2070.0,Ted Curd (857792),2006-02-14,England,Goalkeeper,Goalkeeper,right,190.0,Chelsea FC U21,9250,,,0.0,0.0,0.0,20.5
913659,24/25,Stade Beaucairois 30,National 3 - Grp. J,23.0,0.0,0.0,2070.0,Axel Kedvesi (913659),2004-03-30,France  Hungary,Goalkeeper,Goalkeeper,right,183.0,Stade Beaucairois 30,871,,,0.0,0.0,0.0,22.4
923028,24/25,Team BEJUNE U19,U19 Elite League,23.0,0.0,0.0,2070.0,Hugo Bigirimana (923028),2005-03-04,Switzerland  Rwanda,Goalkeeper,Goalkeeper,right,189.0,FC Coffrane,63248,,,0.0,0.0,0.0,21.5
1011692,24/25,Trélissac FC,National 3 - Grp. A,23.0,0.0,0.0,2070.0,Noa Charriéras (1011692),2003-09-22,France,Goalkeeper,Goalkeeper,,0.0,Trélissac FC B,99446,,,0.0,0.0,0.0,22.9
1024787,24/25,Zaglebie Lubin U19,Youth League POL,23.0,0.0,0.0,2070.0,Adam Matysek (1024787),2007-05-30,Poland,Goalkeeper,Goalkeeper,,190.0,Zaglebie Lubin,168,,,0.0,0.0,0.0,19.2
1141521,24/25,Bologna Under 18,Under 18,23.0,0.0,0.0,2070.0,Renato Widmer D’Autilia (1141521),2008-04-18,Italy  Brazil,Goalkeeper,Goalkeeper,,0.0,FC Basel 1893 U21,5299,,,0.0,0.0,0.0,18.3
1186980,24/25,Monza Under 17,Under 17 - B,23.0,0.0,0.0,2070.0,Aleksandr Ballabio (1186980),2008-07-23,Italy,Goalkeeper,Goalkeeper,,0.0,Monza Primavera,84400,,,0.0,0.0,0.0,18.1
1209551,24/25,Pogon Szczecin U19,Youth League POL,23.0,0.0,0.0,2070.0,Kuba Bochniarz (1209551),2009-03-05,Poland,Goalkeeper,Goalkeeper,,187.0,Pogon Szczecin,324,,,0.0,0.0,0.0,17.5
809987,24/25,Costa d'Amalfi,Serie D - H,24.0,0.0,0.0,2049.0,Vincenzo Provitolo (809987),2004-05-22,Italy,Goalkeeper,Goalkeeper,right,188.0,Without Club,515,50000.0,2025-05-14,0.0,0.0,0.0,22.2
704719,24/25,AC Crema 1908,Serie D - B,23.0,0.0,0.0,2025.0,Christian Maianti (704719),2004-06-09,Italy,Goalkeeper,Goalkeeper,right,186.0,AC Crema 1908,22188,100000.0,2025-05-14,0.0,0.0,0.0,22.2
1200411,24/25,Milan Under 18,Under 18,23.0,0.0,0.0,2013.0,Léo Paul Bouyer (1200411),2008-08-14,France,Goalkeeper,Goalkeeper,right,194.0,Milan Futuro,41107,,,0.0,0.0,0.0,18.0
688604,24/25,FC Winterthur U21,1. Liga gr. 3,22.0,0.0,0.0,1980.0,Antonio Spagnoli (688604),2005-05-31,Switzerland,Goalkeeper,Goalkeeper,right,185.0,FC Winterthur,242,100000.0,2025-06-09,0.0,0.0,0.0,21.2
688605,24/25,FC Basel 1893 U21,Promotion League,22.0,0.0,0.0,1980.0,Tim Pfeiffer (688605),2005-05-12,Germany,Goalkeeper,Goalkeeper,right,187.0,FC Basel 1893,26,100000.0,2025-06-09,0.0,0.0,0.0,21.3
710045,24/25,SSV Jahn Regensburg II,Bayernliga Nord,22.0,0.0,0.0,1980.0,Oskar Preil (710045),2003-09-14,Germany,Goalkeeper,Goalkeeper,right,189.0,ASV Neumarkt,1142,0.0,2024-08-20,0.0,0.0,0.0,22.9
729010,24/25,FC Utrecht U21,Keuken Kampioen Divisie,22.0,0.0,0.0,1980.0,Tom de Graaff (729010),2004-12-10,Netherlands,Goalkeeper,Goalkeeper,left,193.0,PEC Zwolle,1269,300000.0,2025-05-27,0.0,0.0,0.0,21.7
788152,2025,Qingdao West Coast,Super League,22.0,0.0,0.0,1980.0,Hao Li (788152),2004-03-06,China,Goalkeeper,Goalkeeper,right,188.0,Qingdao West Coast,70662,150000.0,2025-06-18,0.0,0.0,0.0,22.5
795231,24/25,LKS Lodz,Betclic 1 Liga,22.0,0.0,0.0,1980.0,Aleksander Bobek (795231),2004-04-07,Poland,Goalkeeper,Goalkeeper,right,196.0,LKS Lodz,256,500000.0,2025-06-05,0.0,0.0,0.0,22.4
838367,24/25,Chester FC,National League North,22.0,0.0,0.0,1980.0,James Storer (838367),2004-10-04,Ireland  England,Goalkeeper,Goalkeeper,,196.0,Greenock Morton FC,3026,,,0.0,0.0,0.0,21.9
1023784,24/25,1.FC Magdeburg II,NOFV-Oberliga Süd,22.0,0.0,0.0,1980.0,Robert Kampa (1023784),2005-02-13,Germany,Goalkeeper,Goalkeeper,right,194.0,1.FC Magdeburg,187,75000.0,2025-09-04,0.0,0.0,0.0,21.5
1047970,24/25,Hellas Verona Under 18,Under 18,22.0,0.0,0.0,1980.0,Mirko Castagnini (1047970),2007-05-24,Italy,Goalkeeper,Goalkeeper,right,0.0,Hellas Verona Primavera,16996,,,0.0,0.0,0.0,19.2
1065494,24/25,Südtirol Primavera,Primavera 2 - A,22.0,0.0,0.0,1980.0,Jonas Arlanch (1065494),2007-01-08,Italy,Goalkeeper,Goalkeeper,right,183.0,FC Pistoiese,1307,,,0.0,0.0,0.0,19.6
1070160,24/25,West Bromwich Albion U18,U18 Premier League,22.0,0.0,0.0,1980.0,Louis Brady (1070160),2006-12-22,Ireland  England,Goalkeeper,Goalkeeper,,0.0,West Bromwich Albion U21,29990,,,0.0,0.0,0.0,19.7
1077198,24/25,Brescia Primavera,Primavera 2 - A,22.0,0.0,0.0,1980.0,Leonard Kolgecaj (1077198),2008-03-08,Albania  Italy,Goalkeeper,Goalkeeper,right,0.0,Piacenza Calcio 1919,1408,,,0.0,0.0,0.0,18.4
1187308,24/25,Perugia Primavera,Primavera 2 - B,22.0,0.0,0.0,1980.0,Francesco Yimga (1187308),2007-06-13,Italy  Cameroon,Goalkeeper,Goalkeeper,right,186.0,Valmontone 1921,37981,,,0.0,0.0,0.0,19.2
1194286,24/25,Roma City FC,Serie D - F,22.0,0.0,0.0,1980.0,Gregorio Salvati (1194286),2005-02-07,Italy,Goalkeeper,Goalkeeper,,0.0,Ancona Calcio,1388,125000.0,2025-05-14,0.0,0.0,0.0,21.5
1202384,24/25,Cesena Under 18,Under 18,22.0,0.0,0.0,1980.0,Niccolò Fontana (1202384),2007-10-15,Italy,Goalkeeper,Goalkeeper,right,0.0,Cesena FC,1429,,,0.0,0.0,0.0,18.8
1056174,24/25,Ternana Primavera,Primavera 2 - B,22.0,0.0,0.0,1965.0,Filippo Novelli (1056174),2007-07-24,Italy,Goalkeeper,Goalkeeper,,0.0,FC Vigor Senigallia,60872,,,0.0,0.0,0.0,19.1
1062279,24/25,Imolese Calcio 1919,Serie D - D,22.0,0.0,0.0,1954.0,Lucas Salgado López (1062279),2006-03-10,Argentina  Spain,Goalkeeper,Goalkeeper,right,196.0,Imolese Calcio 1919,4324,75000.0,2025-05-14,0.0,0.0,0.0,20.4
1125081,2025,IFK Norrköping,Allsvenskan,22.0,0.0,0.0,1931.0,David Andersson (1125081),2003-09-16,Sweden,Goalkeeper,Goalkeeper,,187.0,IFK Norrköping,2844,450000.0,2025-06-17,0.0,0.0,0.0,22.9
1303751,24/25,LNZ Cherkasy U19,U19 Premier Liga,22.0,0.0,0.0,1927.0,Ilya Moskovchenko (1303751),2007-04-10,Ukraine,Goalkeeper,Goalkeeper,right,185.0,LNZ Cherkasy U19,110413,,,0.0,0.0,0.0,19.4
765504,2025,Chicago Fire FC,MLS,22.0,0.0,0.0,1926.0,Chris Brady (765504),2004-03-03,United States  Scotland,Goalkeeper,Goalkeeper,,190.0,Chicago Fire FC,432,2500000.0,2025-06-04,0.0,0.0,0.0,22.5
1006609,2025,New York Red Bulls II,MLS Next Pro,21.0,0.0,0.0,1895.0,Aidan Stokes (1006609),2008-01-14,United States  England,Goalkeeper,Goalkeeper,right,183.0,New York Red Bulls,623,50000.0,2025-06-04,0.0,0.0,0.0,18.6
692822,24/25,Admira Wacker Panthers,LL Niederösterreich,21.0,0.0,0.0,1890.0,Phillip Zivanovic (692822),2005-07-08,Austria,Goalkeeper,Goalkeeper,,0.0,FC Marchfeld Donauauen,19578,,,0.0,0.0,0.0,21.1
700643,24/25,Ruch Chorzow,Betclic 1 Liga,21.0,0.0,0.0,1890.0,Martin Turk (700643),2003-08-21,Slovenia,Goalkeeper,Goalkeeper,left,190.0,GD Estoril Praia,1465,400000.0,2025-06-05,0.0,0.0,0.0,23.0
721670,24/25,Videoton FC Fehérvár,NB I.,21.0,0.0,0.0,1890.0,Martin Dala (721670),2004-04-26,Hungary,Goalkeeper,Goalkeeper,right,190.0,Puskás Akadémia FC,37169,250000.0,2025-05-27,0.0,0.0,0.0,22.3
727147,24/25,Fatih Karagümrük,1.Lig,21.0,0.0,0.0,1890.0,Emre Bilgin (727147),2004-02-26,Türkiye,Goalkeeper,Goalkeeper,left,188.0,Besiktas JK,114,700000.0,2025-06-24,0.0,0.0,0.0,22.5
874082,24/25,Al-Khor SC,Stars League,21.0,0.0,0.0,1890.0,Ahmed Kone (874082),2004-10-21,England  Cote d'Ivoire,Goalkeeper,Goalkeeper,right,191.0,Al-Sailiya SC,4630,300000.0,2025-05-27,0.0,0.0,0.0,21.8
897425,24/25,RSCA Futures,CPL,21.0,0.0,0.0,1890.0,Timo Schlieck (897425),2006-03-02,Germany,Goalkeeper,Goalkeeper,right,193.0,SpVgg Greuther Fürth,65,400000.0,2025-04-23,0.0,0.0,0.0,20.5
927910,24/25,Cosenza Primavera,Primavera 2 - B,21.0,0.0,0.0,1890.0,Leonardo De Franceschi (927910),2006-05-09,Italy,Goalkeeper,Goalkeeper,right,0.0,FC Nola 1925,38991,50000.0,2025-05-27,0.0,0.0,0.0,20.3
992569,24/25,Bologna Primavera,Primavera 1,21.0,0.0,0.0,1890.0,Massimo Pessina (992569),2007-12-25,Italy,Goalkeeper,Goalkeeper,right,202.0,Bologna FC 1909,1025,,,0.0,0.0,0.0,18.7
1004498,24/25,EA Guingamp B,National 3 - Grp. C,21.0,0.0,0.0,1890.0,Noah Marec (1004498),2004-08-25,France,Goalkeeper,Goalkeeper,right,193.0,EA Guingamp B,12748,0.0,2024-06-10,0.0,0.0,0.0,22.0
1058346,24/25,Inter Under 17,Under 17 - B,21.0,0.0,0.0,1890.0,Matteo Farronato (1058346),2008-01-18,Italy,Goalkeeper,Goalkeeper,,0.0,Inter Under 18,75868,,,0.0,0.0,0.0,18.6
1063262,24/25,Jong KV Mechelen,2de Nat. VV B,21.0,0.0,0.0,1890.0,Oskar Annell (1063262),2005-02-15,Belgium,Goalkeeper,Goalkeeper,right,190.0,KVC Westerlo,968,50000.0,2025-06-11,0.0,0.0,0.0,21.5
1073023,24/25,Juventus Primavera,Primavera 1,21.0,0.0,0.0,1890.0,Radoslaw Zelezny (1073023),2006-09-06,Poland,Goalkeeper,Goalkeeper,left,193.0,AS Roma,12,175000.0,2025-06-26,0.0,0.0,0.0,20.0
1105972,24/25,Palermo Primavera,Primavera 2 - B,21.0,0.0,0.0,1890.0,Francesco Cutrona (1105972),2006-09-21,Italy,Goalkeeper,Goalkeeper,,196.0,Virtus Francavilla Calcio,49939,50000.0,2025-05-27,0.0,0.0,0.0,19.9
1123842,24/25,SPAL Primavera,Primavera 2 - A,21.0,0.0,0.0,1890.0,Alexander Zenti (1123842),2007-06-09,Italy,Goalkeeper,Goalkeeper,,0.0,AS Giana Erminio,44223,,,0.0,0.0,0.0,19.2
1132348,24/25,Oltrepò FBC,Serie D - A,21.0,0.0,0.0,1890.0,Cristian Fossati (1132348),2006-08-26,Italy,Goalkeeper,Goalkeeper,,0.0,Oltrepò FBC,59913,50000.0,2025-05-14,0.0,0.0,0.0,20.0
1206709,24/25,Fiorentina Under 17,Under 17 - C,21.0,0.0,0.0,1890.0,Tommaso Mazzi (1206709),2009-05-27,Italy,Goalkeeper,Goalkeeper,,0.0,Fiorentina Under 18,75901,,,0.0,0.0,0.0,17.2
1063079,24/25,Lechia Gdansk U19,Youth League POL,21.0,0.0,0.0,1887.0,Kacper Gutowski (1063079),2006-06-15,Poland,Goalkeeper,Goalkeeper,right,187.0,Wieczysta Krakow,30974,25000.0,2025-06-05,0.0,0.0,0.0,20.2
1188238,24/25,Südtirol Under 17,Under 17 - B,21.0,0.0,0.0,1884.0,Lorenzo Coco (1188238),2008-04-12,Italy,Goalkeeper,Goalkeeper,,188.0,Catania Primavera,14843,,,0.0,0.0,0.0,18.4
948047,24/25,Torino Primavera,Primavera 1,21.0,0.0,0.0,1845.0,Francesco Plaia (948047),2006-03-29,Italy,Goalkeeper,Goalkeeper,right,193.0,Al-Waab SC,77100,200000.0,2025-06-26,0.0,0.0,0.0,20.4
662744,24/25,Cambridge United,League One,20.0,0.0,0.0,1800.0,Vicente Reyes (662744),2003-11-19,Chile  Spain,Goalkeeper,Goalkeeper,right,196.0,Peterborough United,1072,350000.0,2025-05-26,0.0,0.0,0.0,22.7
741251,24/25,Valencia Mestalla,Segunda Federación - Gr. III,20.0,0.0,0.0,1800.0,Vicent Abril (741251),2005-02-15,Spain,Goalkeeper,Goalkeeper,right,187.0,Valencia Mestalla,6182,200000.0,2025-06-24,0.0,0.0,0.0,21.5
937107,24/25,STVV Youth,2de Nat. VV B,20.0,0.0,0.0,1800.0,Matt Lendfers (937107),2006-03-10,Belgium  Netherlands,Goalkeeper,Goalkeeper,right,190.0,Sint-Truidense VV,475,150000.0,2025-06-11,0.0,0.0,0.0,20.4
937713,24/25,FC Bayern Munich II,Regionalliga Bayern,20.0,0.0,0.0,1800.0,Max Schmitt (937713),2006-01-18,Germany,Goalkeeper,Goalkeeper,right,189.0,SSV Ulm 1846,69,700000.0,2025-06-23,0.0,0.0,0.0,20.6
976209,24/25,Reggina 1914,Serie D - I,20.0,0.0,0.0,1800.0,Antonio Lagonigro (976209),2006-04-18,Italy,Goalkeeper,Goalkeeper,,0.0,Reggina 1914,1386,175000.0,2025-05-14,0.0,0.0,0.0,20.3
1018834,24/25,Salford City,League Two,20.0,0.0,0.0,1800.0,Matthew Young (1018834),2006-11-24,England,Goalkeeper,Goalkeeper,right,191.0,Salford City,34888,275000.0,2025-06-29,0.0,0.0,0.0,19.7
1020818,24/25,FC Slovan Liberec U19,1. liga U19,20.0,0.0,0.0,1800.0,Robin Zacharias (1020818),2006-08-01,Czech Republic,Goalkeeper,Goalkeeper,,188.0,FK Velke Hamry,67537,,,0.0,0.0,0.0,20.0
1045821,24/25,Amasyaspor FK,3.Lig Grup 2,20.0,0.0,0.0,1800.0,Umut Keseci (1045821),2004-02-05,Türkiye,Goalkeeper,Goalkeeper,right,189.0,Altinordu FK,12374,0.0,2024-09-26,0.0,0.0,0.0,22.5
1066804,24/25,Aris Thessaloniki U19,Super League U19,20.0,0.0,0.0,1800.0,Emiliano Karaj (1066804),2005-09-19,Albania  Greece,Goalkeeper,Goalkeeper,right,190.0,Aris Thessaloniki,605,,,0.0,0.0,0.0,20.9
1073051,24/25,Gimnástica Segoviana CF,Primera Federación - Gr. I,20.0,0.0,0.0,1800.0,Héctor Oliva (1073051),2004-03-15,Spain,Goalkeeper,Goalkeeper,left,179.0,CD Unión Malacitano,132258,100000.0,2025-06-24,0.0,0.0,0.0,22.4
1079332,24/25,Legia Warsaw U19,Youth League POL,20.0,0.0,0.0,1800.0,Wojciech Banasik (1079332),2006-05-08,Poland,Goalkeeper,Goalkeeper,,191.0,Legia Warszawa,255,,,0.0,0.0,0.0,20.3
1088266,24/25,Città di Teramo 1913,Serie D - F,20.0,0.0,0.0,1800.0,Alessio Di Giorgio (1088266),2006-12-11,Italy,Goalkeeper,Goalkeeper,right,190.0,SSD Atletico Ascoli,60760,50000.0,2025-05-14,0.0,0.0,0.0,19.7
1147673,2025,Richmond Kickers,USL1,20.0,0.0,0.0,1800.0,James Sneddon (1147673),2005-11-28,United States,Goalkeeper,Goalkeeper,,183.0,Richmond Kickers,16931,100000.0,2025-05-07,0.0,0.0,0.0,20.7
1029775,24/25,Sunderland AFC U18,U18 Premier League,20.0,0.0,0.0,1782.0,Ben Metcalf (1029775),2006-12-02,Northern Ireland  England,Goalkeeper,Goalkeeper,,0.0,Sunderland AFC U21,9264,,,0.0,0.0,0.0,19.7
1130890,24/25,Salernitana Under 17,Under 17 - C,20.0,0.0,0.0,1769.0,Marco Guacci (1130890),2008-03-11,Italy,Goalkeeper,Goalkeeper,right,185.0,Salernitana Primavera,14968,,,0.0,0.0,0.0,18.4
743515,24/25,Red Star FC,Ligue 2,19.0,0.0,0.0,1710.0,Robin Risser (743515),2004-12-02,France,Goalkeeper,Goalkeeper,right,193.0,RC Lens,826,1500000.0,2025-06-01,0.0,0.0,0.0,21.7
750934,24/25,Swit Szczecin,Betclic 2 Liga,19.0,0.0,0.0,1710.0,Adrian Sandach (750934),2004-05-19,Poland,Goalkeeper,Goalkeeper,,190.0,Polonia Warsaw,2745,25000.0,2025-06-05,0.0,0.0,0.0,22.3
827435,24/25,Hampton & Richmond Borough,National League South,19.0,0.0,0.0,1710.0,Max Merrick (827435),2005-11-10,England,Goalkeeper,Goalkeeper,,0.0,Chelsea FC U21,9250,,,0.0,0.0,0.0,20.8
1055220,24/25,Real Madrid Castilla,Primera Federación - Gr. II,19.0,0.0,0.0,1710.0,Fran González (1055220),2005-06-24,Spain,Goalkeeper,Goalkeeper,right,199.0,Real Madrid Castilla,6767,400000.0,2025-06-24,0.0,0.0,0.0,21.2
1078792,24/25,Udinese Primavera,Primavera 1,19.0,0.0,0.0,1710.0,Marco Cassin (1078792),2008-04-07,Italy,Goalkeeper,Goalkeeper,right,188.0,Cremonese Primavera,17198,,,0.0,0.0,0.0,18.4
1111044,2025,Sarpsborg 08 FF,Eliteserien,19.0,0.0,0.0,1710.0,Mamour Ndiaye (1111044),2005-10-22,Senegal,Goalkeeper,Goalkeeper,right,190.0,Sarpsborg 08 FF,10217,1200000.0,2025-06-17,0.0,0.0,0.0,20.8
1122597,2025,Athletico Paranaense U20,CBF Brasileiro U20,19.0,0.0,0.0,1710.0,Matheus Soares (1122597),2005-01-10,Brazil,Goalkeeper,Goalkeeper,left,190.0,Club Athletico Paranaense,679,,,0.0,0.0,0.0,21.6
1220258,2025,América Mineiro U20,CBF Brasileiro U20,19.0,0.0,0.0,1710.0,João Pedro (1220258),2005-04-25,Brazil  Portugal,Goalkeeper,Goalkeeper,right,186.0,América Mineiro U20,28052,,,0.0,0.0,0.0,21.3
1280528,24/25,KAS Eupen U23,2de Nationale ACFF,19.0,0.0,0.0,1710.0,Gaël Criminisi (1280528),2006-06-27,Belgium,Goalkeeper,Goalkeeper,right,182.0,KAS Eupen,1245,,,0.0,0.0,0.0,20.1
1301611,24/25,Genoa Under 18,Under 18,19.0,0.0,0.0,1710.0,Pietro Baccelli (1301611),2008-12-27,Italy,Goalkeeper,Goalkeeper,,0.0,Genoa U20,8517,,,0.0,0.0,0.0,17.6
1306689,24/25,Racing Club de France U19,National U19 - Grp. A,19.0,0.0,0.0,1710.0,Massel Saifi (1306689),2006-07-02,France,Goalkeeper,Goalkeeper,,0.0,Racing Club de France U19,23391,,,0.0,0.0,0.0,20.1
1314286,24/25,Genoa Under 17,Under 17 - A,19.0,0.0,0.0,1710.0,Lorenzo Costoli (1314286),2009-04-23,Italy,Goalkeeper,Goalkeeper,,0.0,Genoa Under 18,76092,,,0.0,0.0,0.0,17.3
1259898,24/25,Adana Demirspor U19,U19 Süper Lig,19.0,0.0,0.0,1709.0,Mustafa Yiğit Durmaz (1259898),2008-06-27,Türkiye,Goalkeeper,Goalkeeper,right,191.0,Adana Demirspor,3840,,,0.0,0.0,0.0,18.1
1001937,2025,Toronto FC II,MLS Next Pro,19.0,0.0,0.0,1704.0,Adisa De Rosario (1001937),2004-10-27,Canada  United States,Goalkeeper,Goalkeeper,right,187.0,Toronto FC,11141,,,0.0,0.0,0.0,21.8
1130913,24/25,Real Sociedad C,Segunda Federación - Gr. II,19.0,0.0,0.0,1683.0,Adrián Zango (1130913),2005-12-27,Spain,Goalkeeper,Goalkeeper,,0.0,SD Amorebieta,16575,50000.0,2025-06-24,0.0,0.0,0.0,20.6
680218,24/25,Standard Liège,Jupiler Pro League,19.0,0.0,0.0,1665.0,Matthieu Epolo (680218),2005-01-15,Belgium  DR Congo,Goalkeeper,Goalkeeper,right,189.0,Standard Liège,3057,4000000.0,2025-06-11,0.0,0.0,0.0,21.6
925504,24/25,Cesena Primavera,Primavera 1,19.0,0.0,0.0,1665.0,Giulio Veliaj (925504),2005-04-01,Albania  Italy,Goalkeeper,Goalkeeper,right,193.0,Forlì FC,9816,50000.0,2025-06-01,0.0,0.0,0.0,21.4
744617,24/25,FC Pompei,Serie D - I,19.0,0.0,0.0,1661.0,Alfonso Rizzuto (744617),2004-07-07,Italy,Goalkeeper,Goalkeeper,left,182.0,Audace Cerignola,22249,125000.0,2025-05-14,0.0,0.0,0.0,22.1
1311185,24/25,Cosenza Under 17,Under 17 - C,19.0,0.0,0.0,1648.0,Leon Cimminiello (1311185),2008-09-26,Italy,Goalkeeper,Goalkeeper,right,0.0,Cosenza Primavera,26337,,,0.0,0.0,0.0,17.9
940015,24/25,FC Slovan Liberec B,CFL,19.0,0.0,0.0,1646.0,Jindrich Musil (940015),2004-07-13,Czech Republic,Goalkeeper,Goalkeeper,,195.0,FC Slovan Liberec B,7133,,,0.0,0.0,0.0,22.1
942004,24/25,Roma U20,Primavera 1,19.0,0.0,0.0,1646.0,Giorgio De Marzi (942004),2007-04-18,United States  Italy,Goalkeeper,Goalkeeper,right,0.0,Roma U20,11997,,,0.0,0.0,0.0,19.3
1083755,24/25,Fulham FC U18,U18 Premier League,19.0,0.0,0.0,1637.0,Dino Kaiser (1083755),2007-02-09,Bosnia-Herzegovina  England,Goalkeeper,Goalkeeper,,0.0,Fulham FC U21,9262,,,0.0,0.0,0.0,19.5
660768,24/25,Chesterfield FC,League Two,18.0,0.0,0.0,1620.0,Max Thompson (660768),2004-08-01,England,Goalkeeper,Goalkeeper,right,188.0,Newcastle United U21,9253,275000.0,2025-06-29,0.0,0.0,0.0,22.0
709955,24/25,FC Barcelona Atlètic,Primera Federación - Gr. I,18.0,0.0,0.0,1620.0,Ander Astralaga (709955),2004-03-03,Spain,Goalkeeper,Goalkeeper,right,190.0,Granada CF,16795,800000.0,2025-06-24,0.0,0.0,0.0,22.5
724099,24/25,Napoli Primavera,Primavera 2 - B,18.0,0.0,0.0,1620.0,Claudio Turi (724099),2005-05-06,Italy,Goalkeeper,Goalkeeper,right,187.0,ASD Team Altamura,22408,150000.0,2025-06-16,0.0,0.0,0.0,21.3
768579,24/25,US Orléans B,National 3 - Grp. F,18.0,0.0,0.0,1620.0,Arsène Courel (768579),2004-04-20,France,Goalkeeper,Goalkeeper,right,191.0,US Orléans,10868,0.0,2025-05-25,0.0,0.0,0.0,22.3
815563,24/25,Milan Futuro,Serie C-B,18.0,0.0,0.0,1620.0,Lapo Nava (815563),2004-01-22,Italy,Goalkeeper,Goalkeeper,right,197.0,US Cremonese,2239,100000.0,2025-06-18,0.0,0.0,0.0,22.6
848439,24/25,West Ham United U21,Premier League 2,18.0,0.0,0.0,1620.0,Finlay Herrick (848439),2006-01-18,England,Goalkeeper,Goalkeeper,,184.0,Boreham Wood FC,3867,,,0.0,0.0,0.0,20.6
874967,24/25,Genoa U20,Primavera 1,18.0,0.0,0.0,1620.0,Ernestas Lysionok (874967),2007-03-09,Lithuania,Goalkeeper,Goalkeeper,,0.0,Genoa CFC,252,,,0.0,0.0,0.0,19.4
905584,24/25,AKA Admira Wacker U18,ÖFB Jugendliga U18,18.0,0.0,0.0,1620.0,Lukas Limbeck (905584),2007-03-22,Austria,Goalkeeper,Goalkeeper,,0.0,Admira Wacker Panthers,4375,,,0.0,0.0,0.0,19.4
929864,24/25,CD Subiza,Segunda Federación - Gr. II,18.0,0.0,0.0,1620.0,Rafa Fernández (929864),2004-05-02,Spain,Goalkeeper,Goalkeeper,left,187.0,CA Osasuna Promesas,8516,25000.0,2025-06-24,0.0,0.0,0.0,22.3
954016,24/25,Cittadella Primavera,Primavera 2 - A,18.0,0.0,0.0,1620.0,Edoardo Scquizzato (954016),2006-10-22,Italy,Goalkeeper,Goalkeeper,right,180.0,AS Cittadella,4084,50000.0,2025-06-01,0.0,0.0,0.0,19.8
954382,24/25,Derby County U18,U18 Premier League,18.0,0.0,0.0,1620.0,Harley Price (954382),2006-09-18,England,Goalkeeper,Goalkeeper,,0.0,Derby County U21,39337,,,0.0,0.0,0.0,19.9
961054,24/25,Lommel SK,CPL,18.0,0.0,0.0,1620.0,Matthias Pieklak (961054),2006-09-14,Belgium,Goalkeeper,Goalkeeper,,195.0,Lommel SK,5026,400000.0,2025-04-23,0.0,0.0,0.0,19.9
987437,24/25,Salernitana Primavera,Primavera 2 - B,18.0,0.0,0.0,1620.0,Luca Rodolfo (987437),2006-01-27,North Macedonia  Italy,Goalkeeper,Goalkeeper,,0.0,Frosinone Primavera,17664,25000.0,2025-05-27,0.0,0.0,0.0,20.6
1005582,2025,CR Vasco da Gama U20,CBF Brasileiro U20,18.0,0.0,0.0,1620.0,Phillipe Gabriel (1005582),2006-02-23,Brazil  Portugal,Goalkeeper,Goalkeeper,right,196.0,CR Vasco da Gama U20,14724,,,0.0,0.0,0.0,20.5
1013690,24/25,Chester FC,National League North,18.0,0.0,0.0,1620.0,Elyh Harrison (1013690),2006-02-19,England  South Africa,Goalkeeper,Goalkeeper,,182.0,Shrewsbury Town,3054,,,0.0,0.0,0.0,20.5
1073654,24/25,Club NXT,CPL,18.0,0.0,0.0,1620.0,Axl De Corte (1073654),2006-03-24,Belgium,Goalkeeper,Goalkeeper,left,0.0,Club Brugge KV,2282,400000.0,2025-04-23,0.0,0.0,0.0,20.4
1093230,2025,Oskarshamns AIK,Ettan Södra,18.0,0.0,0.0,1620.0,Mirsad Basic (1093230),2005-05-15,Bosnia-Herzegovina,Goalkeeper,Goalkeeper,right,0.0,Oskarshamns AIK,28447,0.0,2024-07-11,0.0,0.0,0.0,21.3
1143690,24/25,Siarka Tarnobrzeg,Betclic 3 Liga - Group IV,18.0,0.0,0.0,1620.0,Mateusz Bialka (1143690),2006-10-30,Poland,Goalkeeper,Goalkeeper,,0.0,Avia Swidnik,10768,0.0,2024-03-03,0.0,0.0,0.0,19.8
1161260,24/25,SM Caen B,National 3 - Grp. D,18.0,0.0,0.0,1620.0,Lucas Vovard (1161260),2005-12-28,France,Goalkeeper,Goalkeeper,right,192.0,SM Caen B,12770,,,0.0,0.0,0.0,20.6
1163292,24/25,FC Minaj,Persha Liga,18.0,0.0,0.0,1620.0,Maksym Rosul (1163292),2005-10-06,Ukraine,Goalkeeper,Goalkeeper,right,192.0,Without Club,515,75000.0,2025-06-09,0.0,0.0,0.0,20.9
1170822,24/25,Atalanta Under 18,Under 18,18.0,0.0,0.0,1620.0,Gabriel Bugli (1170822),2007-09-21,Romania  Italy,Goalkeeper,Goalkeeper,,0.0,Varese Football Club,83362,,,0.0,0.0,0.0,18.9
1186932,24/25,Atalanta Primavera,Primavera 1,18.0,0.0,0.0,1620.0,Edoardo Zanchi (1186932),2006-06-22,Italy,Goalkeeper,Goalkeeper,,0.0,Atalanta Primavera,11998,100000.0,2025-06-26,0.0,0.0,0.0,20.2
1248796,24/25,Montpellier HSC U19,National U19 - Grp. D,18.0,0.0,0.0,1620.0,Kevin Kamdem (1248796),2006-01-30,Cameroon,Goalkeeper,Goalkeeper,,0.0,Montpellier HSC B,6572,,,0.0,0.0,0.0,20.6
707530,24/25,BSC Young Boys U21,Promotion League,18.0,0.0,0.0,1618.0,Ardian Bajrami (707530),2004-03-08,Switzerland  Kosovo,Goalkeeper,Goalkeeper,right,188.0,Skeid Oslo,6469,200000.0,2025-06-09,0.0,0.0,0.0,22.4
942103,24/25,Torino Primavera,Primavera 1,18.0,0.0,0.0,1575.0,Lapo Siviero (942103),2006-11-23,Italy,Goalkeeper,Goalkeeper,right,195.0,Torino Primavera,12130,25000.0,2025-06-26,0.0,0.0,0.0,19.7
969346,24/25,AS Trencin U19,I. Liga SD,18.0,0.0,0.0,1575.0,Alex Hudok (969346),2006-05-06,Slovakia,Goalkeeper,Goalkeeper,,193.0,AS Trencin,7918,75000.0,2025-06-19,0.0,0.0,0.0,20.3
1189049,24/25,Adana Demirspor,Süper Lig,18.0,0.0,0.0,1544.0,Deniz Dönmezer (1189049),2008-09-21,Türkiye,Goalkeeper,Goalkeeper,right,190.0,Adana Demirspor,3840,1000000.0,2025-06-17,0.0,0.0,0.0,17.9
604354,24/25,FC Ingolstadt 04 II,Bayernliga Nord,17.0,0.0,0.0,1530.0,Maurice Dehler (604354),2003-09-26,Germany,Goalkeeper,Goalkeeper,right,191.0,SpVgg Bayreuth,752,50000.0,2025-06-10,0.0,0.0,0.0,22.9
699400,24/25,Korona Kielce,Ekstraklasa,17.0,0.0,0.0,1530.0,Xavier Dziekonski (699400),2003-10-06,Poland,Goalkeeper,Goalkeeper,right,188.0,Korona Kielce,6110,500000.0,2025-06-05,0.0,0.0,0.0,22.9
727318,24/25,Korona Kielce,Ekstraklasa,17.0,0.0,0.0,1530.0,Rafal Mamla (727318),2003-12-22,Poland,Goalkeeper,Goalkeeper,,195.0,Korona Kielce,6110,700000.0,2025-06-05,0.0,0.0,0.0,22.7
728516,24/25,NK Domzale,Prva Liga,17.0,0.0,0.0,1530.0,Lovro Stubljar (728516),2004-08-09,Slovenia,Goalkeeper,Goalkeeper,left,191.0,FC Groningen,202,300000.0,2025-05-26,0.0,0.0,0.0,22.0
743586,2025,Club Athletico Paranaense,Série B,17.0,0.0,0.0,1530.0,Mycael (743586),2004-03-12,Brazil,Goalkeeper,Goalkeeper,left,191.0,Club Athletico Paranaense,679,3000000.0,2025-06-26,0.0,0.0,0.0,22.4
747197,24/25,UD Almería B,Segunda Federación - Gr. IV,17.0,0.0,0.0,1530.0,Bruno Iribarne (747197),2004-08-18,Spain,Goalkeeper,Goalkeeper,right,191.0,UD Almería B,11986,100000.0,2025-06-24,0.0,0.0,0.0,22.0
892974,24/25,USD Breno,Serie D - B,17.0,0.0,0.0,1530.0,Gabriele Delvecchio (892974),2005-02-24,Italy,Goalkeeper,Goalkeeper,,0.0,USD Breno,22187,100000.0,2025-05-14,0.0,0.0,0.0,21.5
905220,2025,Mjøndalen IF,OBOS-ligaen,17.0,0.0,0.0,1530.0,Leander Øy (905220),2003-10-24,Norway,Goalkeeper,Goalkeeper,right,182.0,Mjøndalen IF,11338,200000.0,2025-06-25,0.0,0.0,0.0,22.8
929440,24/25,Lech Poznan II,Betclic 3 Liga - Group II,17.0,0.0,0.0,1530.0,Mateusz Medrala (929440),2006-01-03,Poland,Goalkeeper,Goalkeeper,right,189.0,Sokol Kleczew,10367,,,0.0,0.0,0.0,20.6
936008,24/25,Zorya Lugansk,Premier Liga,17.0,0.0,0.0,1530.0,Oleksandr Saputin (936008),2003-11-13,Ukraine,Goalkeeper,Goalkeeper,right,197.0,Zorya Lugansk,10690,600000.0,2025-06-09,0.0,0.0,0.0,22.8
948939,24/25,Leeds United U21,Premier League 2,17.0,0.0,0.0,1530.0,Rory Mahady (948939),2006-08-16,Scotland,Goalkeeper,Goalkeeper,,0.0,Leeds United U21,20116,,,0.0,0.0,0.0,20.0
949275,24/25,Casatese Merate,Serie D - B,17.0,0.0,0.0,1530.0,Marco Bragotto (949275),2005-01-20,Italy,Goalkeeper,Goalkeeper,,0.0,Casatese Merate,58028,125000.0,2025-05-14,0.0,0.0,0.0,21.6
964763,24/25,7 Eylül Turgutlu 1984,3.Lig Grup 4,17.0,0.0,0.0,1530.0,Mehmet Yağmur (964763),2004-02-06,Türkiye,Goalkeeper,Goalkeeper,right,186.0,Kestel Cilek Spor Kulübü,50150,,,0.0,0.0,0.0,22.5
1018026,24/25,Bologna Primavera,Primavera 1,17.0,0.0,0.0,1530.0,Ukko Happonen (1018026),2007-03-13,Finland,Goalkeeper,Goalkeeper,right,0.0,Bologna Primavera,14848,,,0.0,0.0,0.0,19.4
1049303,24/25,Flaminia Civita Castellana,Serie D - E,17.0,0.0,0.0,1530.0,Andrea De Fazio (1049303),2004-12-22,Italy,Goalkeeper,Goalkeeper,,0.0,Without Club,515,150000.0,2025-05-14,0.0,0.0,0.0,21.7
1068257,24/25,Legia Warsaw II,Betclic 3 Liga - Group I,17.0,0.0,0.0,1530.0,Jakub Zielinski (1068257),2008-02-21,Poland,Goalkeeper,Goalkeeper,right,194.0,VfL Wolfsburg,82,,,0.0,0.0,0.0,18.5
1070076,24/25,Inter Under 18,Under 18,17.0,0.0,0.0,1530.0,Alain Taho (1070076),2007-04-30,Albania  Italy,Goalkeeper,Goalkeeper,,0.0,Inter Milan Primavera,5380,,,0.0,0.0,0.0,19.3
1071136,24/25,Revera 1908 Ivano-Frankivsk,Druga Liga,17.0,0.0,0.0,1530.0,Volodymyr Sharun (1071136),2004-05-11,Ukraine,Goalkeeper,Goalkeeper,right,197.0,Nyva Ternopil,2712,,,0.0,0.0,0.0,22.3
1105999,24/25,Hannover 96 II,3. Liga,17.0,0.0,0.0,1530.0,Leon-Oumar Wechsel (1105999),2005-03-09,Germany  Poland,Goalkeeper,Goalkeeper,right,190.0,GKS Tychy,1750,350000.0,2025-06-10,0.0,0.0,0.0,21.4
1142175,24/25,Pniowek Pawlowice,Betclic 3 Liga - Group III,17.0,0.0,0.0,1530.0,Marcel Potoczny (1142175),2006-06-29,Poland,Goalkeeper,Goalkeeper,right,184.0,Karkonosze Jelenia Gora,31394,25000.0,2024-12-04,0.0,0.0,0.0,20.1
1177163,24/25,RC Lens B,National 3 - Grp. E,17.0,0.0,0.0,1530.0,Adam Delplace (1177163),2006-09-03,France  United States,Goalkeeper,Goalkeeper,,0.0,RC Lens Espoir,134034,,,0.0,0.0,0.0,20.0
1200342,24/25,Odense Boldklub U19,U19 Boys League,17.0,0.0,0.0,1530.0,Marcus Eskildsen (1200342),2007-12-03,Denmark,Goalkeeper,Goalkeeper,,0.0,Odense Boldklub,173,,,0.0,0.0,0.0,18.7
1200636,24/25,Frosinone Primavera,Primavera 2 - B,17.0,0.0,0.0,1530.0,Aboubaka Dosso (1200636),2006-01-25,Cote d'Ivoire  France,Goalkeeper,Goalkeeper,right,0.0,Frosinone Primavera,17664,50000.0,2025-05-27,0.0,0.0,0.0,20.6
1247043,24/25,Pisa Under 17,Under 17 - A,17.0,0.0,0.0,1530.0,Matteo Luppichini (1247043),2008-03-28,Italy,Goalkeeper,Goalkeeper,,0.0,Pisa Primavera,14821,,,0.0,0.0,0.0,18.4
1281186,24/25,Marine FC,National League North,17.0,0.0,0.0,1530.0,Matthew Corran (1281186),2005-10-04,England,Goalkeeper,Goalkeeper,,0.0,Wigan Athletic,1071,,,0.0,0.0,0.0,20.9
1321943,24/25,SV Zulte Waregem U18,U18 Elite 1,17.0,0.0,0.0,1530.0,Daan Van Laere (1321943),2008-10-15,Belgium,Goalkeeper,Goalkeeper,right,188.0,Jong Genk,46736,,,0.0,0.0,0.0,17.8
1182165,24/25,Empoli Primavera,Primavera 1,17.0,0.0,0.0,1522.0,Francesco Versari (1182165),2007-02-25,Italy,Goalkeeper,Goalkeeper,right,0.0,FC Empoli,749,,,0.0,0.0,0.0,19.5
718755,24/25,FC Orenburg,Premier Liga,17.0,0.0,0.0,1518.0,Bogdan Moskvichev (718755),2004-04-30,Russia,Goalkeeper,Goalkeeper,right,193.0,Zenit St. Petersburg,964,800000.0,2025-06-03,0.0,0.0,0.0,22.3
974488,2025,Coritiba Foot Ball Club,Série B,17.0,0.0,0.0,1496.0,Pedro Morisco (974488),2004-01-10,Brazil,Goalkeeper,Goalkeeper,right,191.0,Coritiba Foot Ball Club,776,1000000.0,2025-06-26,0.0,0.0,0.0,22.6
1097474,24/25,Yeni Malatyaspor U19,U19 Süper Lig,18.0,0.0,0.0,1493.0,Erhan Açıkgöz (1097474),2007-08-23,Türkiye,Goalkeeper,Goalkeeper,,0.0,Yeni Malatyaspor,19789,,,0.0,0.0,0.0,19.0
927248,24/25,Cesena Primavera,Primavera 1,17.0,0.0,0.0,1485.0,William Montalti (927248),2006-05-02,Italy,Goalkeeper,Goalkeeper,right,188.0,FC Nola 1925,38991,75000.0,2025-06-26,0.0,0.0,0.0,20.3
951660,24/25,Servette FC U21,1. Liga gr. 1,17.0,0.0,0.0,1485.0,Marwan Aubert (951660),2006-02-12,Switzerland,Goalkeeper,Goalkeeper,right,186.0,Servette FC,61,100000.0,2025-06-09,0.0,0.0,0.0,20.5
1143808,24/25,Sambir-Nyva-2 Ternopil,Druga Liga,17.0,0.0,0.0,1485.0,Pavlo Ripak (1143808),2007-07-09,Ukraine,Goalkeeper,Goalkeeper,right,186.0,Epicentr Kamyanets-Podilskyi U19,132023,,,0.0,0.0,0.0,19.1
1253011,24/25,West Ham United U18,U18 Premier League,17.0,0.0,0.0,1475.0,Finley Hooper (1253011),2008-02-19,England,Goalkeeper,Goalkeeper,,0.0,West Ham United U18,9955,,,0.0,0.0,0.0,18.5
740517,24/25,FK Sloboda Tuzla,Premijer Liga BiH,17.0,0.0,0.0,1474.0,Eldin Lolic (740517),2004-05-15,Bosnia-Herzegovina  France,Goalkeeper,Goalkeeper,right,194.0,Frosinone Calcio,8970,50000.0,2025-06-03,0.0,0.0,0.0,22.3
999364,2025,Los Angeles FC 2,MLS Next Pro,16.0,0.0,0.0,1470.0,Cabral Carter (999364),2004-07-05,United States,Goalkeeper,Goalkeeper,,188.0,Los Angeles FC 2,102400,0.0,2022-10-03,0.0,0.0,0.0,22.1
807027,24/25,SKN St. Pölten Juniors,LL Niederösterreich,17.0,0.0,0.0,1469.0,Erik Baranyai-Ulvestad (807027),2005-04-20,Austria  Norway,Goalkeeper,Goalkeeper,,204.0,SKN St. Pölten,2662,,,0.0,0.0,0.0,21.3
1130747,24/25,Reggiana Primavera,Primavera 2 - A,17.0,0.0,0.0,1457.0,Cristian De Falco (1130747),2006-08-21,Italy,Goalkeeper,Goalkeeper,,188.0,Nuova Igea Virtus,7170,10000.0,2025-05-27,0.0,0.0,0.0,20.0
741252,24/25,CD Tenerife B,Segunda Federación - Gr. V,16.0,0.0,0.0,1440.0,Aarón Alonso (741252),2005-06-10,Spain,Goalkeeper,Goalkeeper,both,185.0,CD Coria,50684,50000.0,2025-06-24,0.0,0.0,0.0,21.2
774531,24/25,FC Schalke 04 II,Regionalliga West,16.0,0.0,0.0,1440.0,Luca Podlech (774531),2005-03-23,Germany,Goalkeeper,Goalkeeper,right,200.0,FC Schalke 04,33,50000.0,2025-06-18,0.0,0.0,0.0,21.4
862786,24/25,Karkonosze Jelenia Gora,Betclic 3 Liga - Group III,16.0,0.0,0.0,1440.0,Patryk Kukulski (862786),2004-07-03,Poland,Goalkeeper,Goalkeeper,right,195.0,Motor Lublin,3527,0.0,2024-09-26,0.0,0.0,0.0,22.1
911257,24/25,FC Seefeld Zürich,2. Liga Inter - Gr. 4,16.0,0.0,0.0,1440.0,Jules Cavin (911257),2005-02-01,Switzerland,Goalkeeper,Goalkeeper,,183.0,FC Seefeld Zürich,5497,0.0,2024-06-06,0.0,0.0,0.0,21.5
936915,24/25,AC Nardò,Serie D - H,16.0,0.0,0.0,1440.0,Camillo De Luca (936915),2005-01-23,Italy,Goalkeeper,Goalkeeper,right,185.0,Without Club,515,25000.0,2025-05-14,0.0,0.0,0.0,21.6
937631,24/25,Fiorentina Primavera,Primavera 1,16.0,0.0,0.0,1440.0,Pietro Leonardelli (937631),2006-06-25,Italy,Goalkeeper,Goalkeeper,,0.0,Fiorentina Primavera,8505,125000.0,2025-06-26,0.0,0.0,0.0,20.2
938144,24/25,FC Barcelona Atlètic,Primera Federación - Gr. I,16.0,0.0,0.0,1440.0,Diego Kochen (938144),2006-03-19,United States  Peru,Goalkeeper,Goalkeeper,right,190.0,FC Barcelona Atlètic,2464,500000.0,2025-06-24,0.0,0.0,0.0,20.4
945954,24/25,Wisla Plock II,Betclic 3 Liga - Group I,16.0,0.0,0.0,1440.0,Oskar Klon (945954),2005-02-05,Poland,Goalkeeper,Goalkeeper,right,190.0,Swit Szczecin,50309,0.0,2024-06-08,0.0,0.0,0.0,21.5
992840,24/25,Lecce Under 18,Under 18,16.0,0.0,0.0,1440.0,Edgar Cadar (992840),2007-01-16,Romania  Italy,Goalkeeper,Goalkeeper,right,187.0,FC Bihor 1902,101331,,,0.0,0.0,0.0,19.6
999404,24/25,Genoa U20,Primavera 1,16.0,0.0,0.0,1440.0,Leonardo Consiglio (999404),2006-08-06,Italy,Goalkeeper,Goalkeeper,right,0.0,Dolomiti Bellunesi,91510,75000.0,2025-06-26,0.0,0.0,0.0,20.0
1020704,24/25,Young Reds,1ste Nationale VV,16.0,0.0,0.0,1440.0,Niels Devalckeneer (1020704),2004-05-17,Belgium,Goalkeeper,Goalkeeper,right,192.0,Royal Antwerp FC,1096,100000.0,2025-06-11,0.0,0.0,0.0,22.3
1088712,2025,IF Elfsborg,Allsvenskan,16.0,0.0,0.0,1440.0,Simon Eriksson (1088712),2006-04-24,Sweden,Goalkeeper,Goalkeeper,right,195.0,IF Elfsborg,1101,500000.0,2025-06-17,0.0,0.0,0.0,20.3
1119912,24/25,US Orléans U19,National U19 - Grp. A,16.0,0.0,0.0,1440.0,Mohamed-Amine Ezzarhouni (1119912),2006-03-29,Morocco  France,Goalkeeper,Goalkeeper,,193.0,US Orléans B,50669,,,0.0,0.0,0.0,20.4
1198430,24/25,Siarka Tarnobrzeg,Betclic 3 Liga - Group IV,16.0,0.0,0.0,1440.0,Konrad Cymerys (1198430),2008-09-22,Poland,Goalkeeper,Goalkeeper,,190.0,Cracovia,5689,,,0.0,0.0,0.0,17.9
1206710,24/25,Atalanta BC U17,Under 17 - B,16.0,0.0,0.0,1440.0,Mattia Sonzogni (1206710),2009-07-30,Italy,Goalkeeper,Goalkeeper,,0.0,Atalanta BC U17,49568,,,0.0,0.0,0.0,17.1
1214296,24/25,Ciliverghe Calcio,Serie D - B,16.0,0.0,0.0,1440.0,Christian Rimbu (1214296),2004-12-17,Italy  Moldova,Goalkeeper,Goalkeeper,right,186.0,C.S. Trevigliese,56064,0.0,2025-03-20,0.0,0.0,0.0,21.7
1258127,24/25,Tours FC U19,National U19 - Grp. C,16.0,0.0,0.0,1440.0,Andrea Scarpitta (1258127),2006-06-12,France,Goalkeeper,Goalkeeper,,0.0,FC Borgo,61431,,,0.0,0.0,0.0,20.2
1311304,24/25,Standard Liège U18,U18 Elite 1,16.0,0.0,0.0,1440.0,Quentin Durka (1311304),2007-02-27,Belgium,Goalkeeper,Goalkeeper,,194.0,Standard de Liège 16 FC,24394,,,0.0,0.0,0.0,19.5
1191358,24/25,Southampton FC U18,U18 Premier League,17.0,0.0,0.0,1436.0,Oscar Abbotson (1191358),2009-01-05,Wales,Goalkeeper,Goalkeeper,,0.0,Southampton FC U18,6893,,,0.0,0.0,0.0,17.6
1113079,24/25,Empoli Under 17,Under 17 - C,16.0,0.0,0.0,1433.0,Christian Neri (1113079),2008-05-04,Italy,Goalkeeper,Goalkeeper,both,198.0,Empoli Primavera,8492,,,0.0,0.0,0.0,18.3
1084756,24/25,Lecce Under 17,Under 17 - C,16.0,0.0,0.0,1426.0,Plamen Penev (1084756),2008-04-22,Bulgaria,Goalkeeper,Goalkeeper,left,193.0,Lecce Primavera,5618,,,0.0,0.0,0.0,18.3
1223904,24/25,Cagliari Under 18,Under 18,16.0,0.0,0.0,1423.0,Emmanuele Are (1223904),2008-02-22,Italy,Goalkeeper,Goalkeeper,right,188.0,Cagliari Under 18,91715,,,0.0,0.0,0.0,18.5
1143641,24/25,Wislanie Skawina,Betclic 3 Liga - Group IV,16.0,0.0,0.0,1419.0,Szymon Branczyk (1143641),2006-08-13,Poland,Goalkeeper,Goalkeeper,,191.0,Podbeskidzie Bielsko-Biala,6361,0.0,2024-04-14,0.0,0.0,0.0,20.0
929868,24/25,SC Braga B,Liga 3,16.0,0.0,0.0,1415.0,João Carvalho (929868),2004-04-09,Portugal,Goalkeeper,Goalkeeper,right,189.0,SC Braga B,10789,1000000.0,2025-05-29,0.0,0.0,0.0,22.4
926273,24/25,Skala 1911 Stryi,Druga Liga,16.0,0.0,0.0,1400.0,Kyrylo Arkhypchuk (926273),2003-08-13,Ukraine,Goalkeeper,Goalkeeper,right,187.0,Skala 1911 Stryi,86787,0.0,2023-07-26,0.0,0.0,0.0,23.0
894585,24/25,Stade Reims B,National 3 - Grp. E,16.0,0.0,0.0,1395.0,Soumaïla Sylla (894585),2004-03-15,Guinea  France,Goalkeeper,Goalkeeper,right,191.0,Stade Reims,1421,75000.0,2025-06-02,0.0,0.0,0.0,22.4
1159511,24/25,Obolon Kyiv U19,U19 Premier Liga,16.0,0.0,0.0,1395.0,Denys Marchenko (1159511),2007-02-05,Ukraine,Goalkeeper,Goalkeeper,left,190.0,Obolon Kyiv,39097,600000.0,2025-09-09,0.0,0.0,0.0,19.5
1233403,24/25,SM Caen U19,National U19 - Grp. A,16.0,0.0,0.0,1392.0,Issa Karakodio (1233403),2006-01-24,Cote d'Ivoire  Mali,Goalkeeper,Goalkeeper,,0.0,SM Caen B,12770,,,0.0,0.0,0.0,20.6
1298961,24/25,Brescia Under 17,Under 17 - B,16.0,0.0,0.0,1375.0,Luca Galli (1298961),2008-03-07,Italy,Goalkeeper,Goalkeeper,,0.0,Bologna Under 18,91714,,,0.0,0.0,0.0,18.5
1167216,24/25,AJ Auxerre U19,National U19 - Grp. B,16.0,0.0,0.0,1372.0,Louis Mezerette (1167216),2006-08-30,France,Goalkeeper,Goalkeeper,right,0.0,AJ Auxerre B,10820,,,0.0,0.0,0.0,20.0
698840,24/25,SV Babelsberg 03,Regionalliga Northeast,15.0,0.0,0.0,1350.0,Yannic Stein (698840),2004-09-17,Germany,Goalkeeper,Goalkeeper,right,191.0,SV Babelsberg 03,90,200000.0,2025-06-22,0.0,0.0,0.0,21.9
741285,24/25,Real Madrid C,Segunda Federación - Gr. V,15.0,0.0,0.0,1350.0,Ferran Quetglás (741285),2005-06-06,Spain,Goalkeeper,Goalkeeper,right,188.0,Real Madrid C,92878,50000.0,2025-06-24,0.0,0.0,0.0,21.2
744622,24/25,Ascoli Calcio,Serie C-B,15.0,0.0,0.0,1350.0,Matteo Raffaelli (744622),2005-01-09,Italy,Goalkeeper,Goalkeeper,right,185.0,Novara FC,6692,200000.0,2025-06-18,0.0,0.0,0.0,21.6
969055,24/25,Middlesbrough FC U21,Premier League 2,15.0,0.0,0.0,1350.0,Shea Connor (969055),2005-10-30,England,Goalkeeper,Goalkeeper,,0.0,Middlesbrough FC U21,9256,,,0.0,0.0,0.0,20.8
978562,24/25,FC Nordsjaelland U19,U19 Boys League,15.0,0.0,0.0,1350.0,Duran Ferree (978562),2006-09-28,United States,Goalkeeper,Goalkeeper,right,188.0,San Diego FC,114977,150000.0,2025-06-15,0.0,0.0,0.0,19.9
1004980,24/25,Angers SCO U19,National U19 - Grp. C,15.0,0.0,0.0,1350.0,Enzo Sautereau (1004980),2006-01-06,France,Goalkeeper,Goalkeeper,,0.0,Angers SCO B,16672,,,0.0,0.0,0.0,20.6
1045119,24/25,Everton FC U18,U18 Premier League,15.0,0.0,0.0,1350.0,Douglass Lukjanciks (1045119),2007-10-09,England  Latvia,Goalkeeper,Goalkeeper,,0.0,Everton FC U18,6920,,,0.0,0.0,0.0,18.9
1059260,24/25,Inter Under 18,Under 18,15.0,0.0,0.0,1350.0,Mattia Michielan (1059260),2007-01-31,Italy,Goalkeeper,Goalkeeper,,0.0,Siena FC,1387,,,0.0,0.0,0.0,19.5
1070009,24/25,Samsunspor U19,U19 Süper Lig,15.0,0.0,0.0,1350.0,Efe Berat Törüz (1070009),2006-09-08,Türkiye,Goalkeeper,Goalkeeper,right,194.0,Samsunspor,152,,,0.0,0.0,0.0,19.9
1072289,2025,Odds BK II,Norsk Tipping-Ligaen avd. 6,15.0,0.0,0.0,1350.0,Sebastian Hansen (1072289),2006-10-26,Norway,Goalkeeper,Goalkeeper,,0.0,Odds BK,1058,,,0.0,0.0,0.0,19.8
1082283,24/25,Manchester City U18,U18 Premier League,15.0,0.0,0.0,1350.0,Max Hudson (1082283),2007-09-20,Wales,Goalkeeper,Goalkeeper,right,191.0,Manchester City U18,6930,,,0.0,0.0,0.0,18.9
1116612,2025,SC Internacional U20,CBF Brasileiro U20,15.0,0.0,0.0,1350.0,Diego Esser (1116612),2005-04-13,Brazil,Goalkeeper,Goalkeeper,,192.0,SC Internacional U20,15083,,,0.0,0.0,0.0,21.3
1165039,24/25,Valenciennes FC B,National 3 - Grp. E,15.0,0.0,0.0,1350.0,Calvin Obin (1165039),2006-03-19,France,Goalkeeper,Goalkeeper,,0.0,Valenciennes FC B,16663,,,0.0,0.0,0.0,20.4
1178478,24/25,Jong Cercle,1ste Nationale VV,15.0,0.0,0.0,1350.0,Tiemen De Bel (1178478),2006-10-31,Belgium,Goalkeeper,Goalkeeper,,190.0,Jong Cercle,43563,,,0.0,0.0,0.0,19.8
1215650,24/25,Spezia Primavera,Primavera 2 - B,15.0,0.0,0.0,1350.0,Matteo Michele Leonardo (1215650),2007-10-27,Italy,Goalkeeper,Goalkeeper,,0.0,Scafatese Calcio 1922,22048,,,0.0,0.0,0.0,18.8
1307107,24/25,Pro Vercelli Primavera,Primavera 2 - A,15.0,0.0,0.0,1350.0,Davide Rosin (1307107),2007-11-23,Italy  Brazil,Goalkeeper,Goalkeeper,,0.0,Pro Vercelli Primavera,26370,,,0.0,0.0,0.0,18.7
1120351,2025,Akhmat Grozny II,U19 M-Liga,15.0,0.0,0.0,1333.0,Yakhya Magomedov (1120351),2007-04-06,Russia,Goalkeeper,Goalkeeper,,192.0,Akhmat Grozny II,16202,,,0.0,0.0,0.0,19.4
873532,24/25,Galatasaray U19,U19 Süper Lig,16.0,0.0,0.0,1316.0,Atakan Ordu (873532),2005-03-29,Türkiye,Goalkeeper,Goalkeeper,right,190.0,Galata Spor Kulübü,74559,0.0,2025-07-30,0.0,0.0,0.0,21.4
1051191,24/25,FC Sochaux-Montbéliard B,National 3 - Grp. H,15.0,0.0,0.0,1304.0,Marc Popow (1051191),2004-11-12,Poland  France,Goalkeeper,Goalkeeper,right,185.0,Kansas City Roos (Univ. of Missouri-Kansas City),59317,,,0.0,0.0,0.0,21.8
696022,24/25,Borussia Mönchengladbach II,Regionalliga West,16.0,0.0,0.0,1301.0,Maximilian Neutgens (696022),2004-03-03,Germany  Netherlands,Goalkeeper,Goalkeeper,,188.0,Borussia Mönchengladbach II,1006,75000.0,2025-06-22,0.0,0.0,0.0,22.5
1198436,24/25,Cagliari Under 17,Under 17 - B,15.0,0.0,0.0,1294.0,Daniele Filigheddu (1198436),2008-06-19,Italy,Goalkeeper,Goalkeeper,right,190.0,Cagliari Primavera,11676,,,0.0,0.0,0.0,18.2
1285998,24/25,Frosinone Under 17,Under 17 - C,15.0,0.0,0.0,1283.0,Tommaso Capanna (1285998),2008-10-15,Italy,Goalkeeper,Goalkeeper,right,0.0,Frosinone Primavera,17664,,,0.0,0.0,0.0,17.8
657763,24/25,Borgaro Nobis 1965,Serie D - A,15.0,0.0,0.0,1280.0,Gerald Edo (657763),2003-09-20,Italy  Nigeria,Goalkeeper,Goalkeeper,,0.0,Without Club,515,25000.0,2025-05-14,0.0,0.0,0.0,22.9
1047622,24/25,Antalyaspor U19,U19 Süper Lig,15.0,0.0,0.0,1275.0,Kağan Arıcan (1047622),2006-03-10,Türkiye,Goalkeeper,Goalkeeper,right,187.0,Antalyaspor,589,150000.0,2025-06-19,0.0,0.0,0.0,20.4
970278,24/25,Stade Bordelais,National 3 - Grp. A,16.0,0.0,0.0,1262.0,Guerric Bernou (970278),2004-05-11,France,Goalkeeper,Goalkeeper,right,0.0,FC Bassin d'Arcachon,6919,0.0,2023-12-12,0.0,0.0,0.0,22.3
949878,24/25,Eintracht Hohkeppel,Regionalliga West,15.0,0.0,0.0,1261.0,Lukas van Ingen (949878),2004-03-21,Netherlands  Serbia,Goalkeeper,Goalkeeper,right,186.0,Without Club,515,25000.0,2025-06-22,0.0,0.0,0.0,22.4
667061,24/25,Ciliverghe Calcio,Serie D - B,14.0,0.0,0.0,1260.0,Simone Maglieri (667061),2004-04-21,Italy,Goalkeeper,Goalkeeper,,0.0,AVC Vogherese,22266,75000.0,2025-05-14,0.0,0.0,0.0,22.3
667061,24/25,Pro Sesto 1913,Serie D - B,14.0,0.0,0.0,1260.0,Simone Maglieri (667061),2004-04-21,Italy,Goalkeeper,Goalkeeper,,0.0,AVC Vogherese,22266,75000.0,2025-05-14,0.0,0.0,0.0,22.3
671666,24/25,KRC Gent,2de Nat. VV A,14.0,0.0,0.0,1260.0,René Vanden Borre (671666),2004-01-19,Belgium,Goalkeeper,Goalkeeper,,191.0,Jong KAA Gent,43562,,,0.0,0.0,0.0,22.6
723386,24/25,CD Cruz Azul U23,Liga MX U23 Clausura,14.0,0.0,0.0,1260.0,Emmanuel Ochoa (723386),2005-05-05,Mexico  United States,Goalkeeper,Goalkeeper,left,191.0,CD Cruz Azul,3711,100000.0,2025-05-25,0.0,0.0,0.0,21.3
808933,24/25,SS Cittadella Vis Modena,Serie D - D,14.0,0.0,0.0,1260.0,Andrea Piga (808933),2004-04-07,Italy,Goalkeeper,Goalkeeper,left,0.0,SS Cittadella Vis Modena,50977,50000.0,2025-05-14,0.0,0.0,0.0,22.4
819383,24/25,SL Benfica U23,Liga Revelação,14.0,0.0,0.0,1260.0,Arnas Voitinovičius (819383),2006-08-30,Lithuania,Goalkeeper,Goalkeeper,right,188.0,SL Benfica U23,68780,75000.0,2024-11-28,0.0,0.0,0.0,20.0
888637,24/25,Wealdstone FC,National League,14.0,0.0,0.0,1260.0,Luca Gunter (888637),2005-03-23,England,Goalkeeper,Goalkeeper,,0.0,Tottenham Hotspur U21,9254,,,0.0,0.0,0.0,21.4
905032,24/25,Bröndby IF U19,U19 Boys League,14.0,0.0,0.0,1260.0,William Sonne-Schmidt (905032),2007-04-12,Denmark,Goalkeeper,Goalkeeper,right,193.0,Bröndby IF U19,8815,,,0.0,0.0,0.0,19.4
930625,24/25,US Savoia 1908,Serie D - G,14.0,0.0,0.0,1260.0,Nicola Pellino (930625),2005-01-29,Italy,Goalkeeper,Goalkeeper,left,0.0,US Savoia 1908,4341,125000.0,2025-05-14,0.0,0.0,0.0,21.6
938373,24/25,AZ Alkmaar U19,U19 Div. 1 Fall,14.0,0.0,0.0,1260.0,Kiyani Zeggen (938373),2006-10-15,Netherlands  Suriname,Goalkeeper,Goalkeeper,left,189.0,AZ Alkmaar U21,11368,,,0.0,0.0,0.0,19.8
964705,24/25,SCU Torreense Sub-23,Revelação U23 - Championship,14.0,0.0,0.0,1260.0,Silas Bjerre (964705),2005-02-18,Denmark,Goalkeeper,Goalkeeper,left,187.0,SC União Torreense,2432,150000.0,2025-06-22,0.0,0.0,0.0,21.5
965043,24/25,Stal Stalowa Wola,Betclic 1 Liga,14.0,0.0,0.0,1260.0,Milosz Piekutowski (965043),2006-05-08,Poland,Goalkeeper,Goalkeeper,both,189.0,Jagiellonia Bialystok,2300,350000.0,2025-06-05,0.0,0.0,0.0,20.3
966946,24/25,SV Horn,2. Liga,14.0,0.0,0.0,1260.0,Shaoziyang Liu (966946),2003-12-11,China,Goalkeeper,Goalkeeper,right,191.0,Without Club,515,200000.0,2025-05-29,0.0,0.0,0.0,22.7
986180,24/25,Milan Futuro,Serie C-B,14.0,0.0,0.0,1260.0,Noah Raveyre (986180),2005-06-22,France,Goalkeeper,Goalkeeper,right,190.0,Pau FC,3166,300000.0,2025-06-18,0.0,0.0,0.0,21.2
987321,24/25,Sampdoria Primavera,Primavera 1,14.0,0.0,0.0,1260.0,Nicholas Scardigno (987321),2006-01-24,Italy,Goalkeeper,Goalkeeper,,189.0,Virtusvecomp Verona,29251,50000.0,2025-06-26,0.0,0.0,0.0,20.6
1009621,24/25,SC Braga U23,Liga Revelação,14.0,0.0,0.0,1260.0,Tai Znuderl (1009621),2007-01-21,Slovenia,Goalkeeper,Goalkeeper,right,201.0,GNK Dinamo Zagreb U19,9641,,,0.0,0.0,0.0,19.6
1023809,24/25,Hannover 96 U19,U19 Nachwuchsliga - Gr. E,14.0,0.0,0.0,1260.0,Jonas Schwanke (1023809),2006-09-24,Germany,Goalkeeper,Goalkeeper,left,194.0,Hannover 96,42,,,0.0,0.0,0.0,19.9
1024942,2025,Spartak Tambov,2. Division B,14.0,0.0,0.0,1260.0,Andrey Bondar (1024942),2004-09-07,Russia,Goalkeeper,Goalkeeper,right,189.0,Spartak Tambov,71624,0.0,2024-04-02,0.0,0.0,0.0,21.9
1058347,24/25,Roma Under 18,Under 18,14.0,0.0,0.0,1260.0,Alessio Marcaccini (1058347),2008-10-01,Italy,Goalkeeper,Goalkeeper,,0.0,Roma U20,11997,,,0.0,0.0,0.0,17.9
1130286,24/25,FC Ingolstadt 04 U19,U19 Nachwuchsliga - Gr. G,14.0,0.0,0.0,1260.0,David Klein (1130286),2006-04-27,Germany,Goalkeeper,Goalkeeper,,0.0,FC Ingolstadt 04,4795,,,0.0,0.0,0.0,20.3
1173597,24/25,FC Sochaux-Montbéliard U19,National U19 - Grp. B,14.0,0.0,0.0,1260.0,Matthis Schübler-Lecart (1173597),2007-01-18,France  Guadeloupe,Goalkeeper,Goalkeeper,right,185.0,FC Sochaux-Montbéliard U19,10826,,,0.0,0.0,0.0,19.6
1177450,24/25,Team Ticino U17,U17 Elite League,14.0,0.0,0.0,1260.0,Ahmadou Ndiaye (1177450),2008-01-05,Switzerland,Goalkeeper,Goalkeeper,,191.0,FC Lugano II,18051,,,0.0,0.0,0.0,18.6
1190171,24/25,Sönderjyske U19,U19 Boys League,14.0,0.0,0.0,1260.0,Noah Nguyen (1190171),2008-01-11,Denmark  Vietnam,Goalkeeper,Goalkeeper,,0.0,Sönderjyske U19,10445,,,0.0,0.0,0.0,18.6
1192697,24/25,KV Mechelen U18,U18 Elite 1,14.0,0.0,0.0,1260.0,Axel Willockx (1192697),2007-02-07,Belgium,Goalkeeper,Goalkeeper,right,189.0,KV Mechelen,354,,,0.0,0.0,0.0,19.5
1210365,24/25,Trastevere Calcio,Serie D - G,14.0,0.0,0.0,1260.0,Tommaso Zandri (1210365),2006-06-02,Italy,Goalkeeper,Goalkeeper,,0.0,Trastevere Calcio,49610,100000.0,2025-05-14,0.0,0.0,0.0,20.2
1244029,24/25,Stade de Reims U19,National U19 - Grp. B,14.0,0.0,0.0,1260.0,Léo Ripert (1244029),2006-04-12,France,Goalkeeper,Goalkeeper,right,0.0,Without Club,515,,,0.0,0.0,0.0,20.4
1257726,24/25,Feralpisalò Primavera,Primavera 2 - A,14.0,0.0,0.0,1260.0,Mattia Damioli (1257726),2008-04-22,Italy,Goalkeeper,Goalkeeper,,0.0,Union Brescia,132806,,,0.0,0.0,0.0,18.3
1304058,24/25,Reggiana Under 17,Under 17 - A,14.0,0.0,0.0,1260.0,Niccolò Cacciamani (1304058),2008-02-09,Italy,Goalkeeper,Goalkeeper,,0.0,Reggiana Primavera,20406,,,0.0,0.0,0.0,18.5
928390,24/25,Willem II Tilburg U21,U21 Div. 2 Spring,14.0,0.0,0.0,1240.0,Karst de Leeuw (928390),2004-04-19,Netherlands,Goalkeeper,Goalkeeper,,0.0,Willem II Tilburg,403,,,0.0,0.0,0.0,22.3
1182164,24/25,Empoli Under 18,Under 18,14.0,0.0,0.0,1232.0,Tommaso Fioravanti (1182164),2007-02-20,Italy,Goalkeeper,Goalkeeper,,0.0,US Recanatese,27624,,,0.0,0.0,0.0,19.5
1075580,24/25,Toulouse FC B,National 3 - Grp. A,14.0,0.0,0.0,1226.0,Mathys Niflore (1075580),2007-03-02,France,Goalkeeper,Goalkeeper,right,192.0,USL Dunkerque,9202,500000.0,2025-08-25,0.0,0.0,0.0,19.5
1088711,24/25,Como Primavera,Primavera 2 - A,14.0,0.0,0.0,1226.0,Matteo Loverre (1088711),2007-03-19,Italy,Goalkeeper,Goalkeeper,,0.0,Pro Sesto 1913,2254,,,0.0,0.0,0.0,19.4
883866,24/25,AS Saint-Étienne B,National 3 - Grp. I,14.0,0.0,0.0,1215.0,Issiaka Touré (883866),2004-11-07,France  Cote d'Ivoire,Goalkeeper,Goalkeeper,,194.0,AS Saint-Étienne B,8515,,,0.0,0.0,0.0,21.8
938722,24/25,Bilbao Athletic,Primera Federación - Gr. I,14.0,0.0,0.0,1183.0,Oier Gastesi (938722),2003-10-30,Spain,Goalkeeper,Goalkeeper,right,190.0,Arenas Club,16122,150000.0,2025-06-24,0.0,0.0,0.0,22.8
488270,2025,FC Flora Tallinn U21,Esiliiga,13.0,0.0,0.0,1170.0,Kaur Kivila (488270),2003-11-22,Estonia,Goalkeeper,Goalkeeper,right,187.0,FC Flora Tallinn,1002,75000.0,2025-08-28,0.0,0.0,0.0,22.7
612514,24/25,Sunderland AFC U21,Premier League 2,13.0,0.0,0.0,1170.0,Kelechi Chibueze (612514),2003-12-14,England  Nigeria,Goalkeeper,Goalkeeper,,0.0,Without Club,515,,,0.0,0.0,0.0,22.7
649305,2025,Spartak 2 Moscow,2. Division B,13.0,0.0,0.0,1170.0,Semen Fadeev (649305),2004-08-23,Russia,Goalkeeper,Goalkeeper,right,191.0,Chaika Peschanokopskoe,36972,150000.0,2025-07-27,0.0,0.0,0.0,22.0
659311,24/25,Grasshopper Club Zürich U21,1. Liga gr. 2,13.0,0.0,0.0,1170.0,Laurent Seji (659311),2004-06-22,Kosovo  Switzerland,Goalkeeper,Goalkeeper,right,190.0,Grasshopper Club Zurich,504,0.0,2024-01-17,0.0,0.0,0.0,22.2
675555,24/25,Panserraikos U19,Super League U19,13.0,0.0,0.0,1170.0,Alexandros Tsompanidis (675555),2004-08-05,Greece,Goalkeeper,Goalkeeper,right,187.0,Panserraikos,3385,50000.0,2025-05-22,0.0,0.0,0.0,22.0
728490,24/25,FC Trapani 1905,Serie C-C,13.0,0.0,0.0,1170.0,Enis Ujkaj (728490),2004-01-15,Albania  Italy,Goalkeeper,Goalkeeper,right,0.0,FC Trapani 1905,4331,175000.0,2025-06-18,0.0,0.0,0.0,22.6
743375,24/25,Standard de Liège 16 FC,1ste Nationale ACFF,13.0,0.0,0.0,1170.0,Tom Poitoux (743375),2005-06-04,Belgium,Goalkeeper,Goalkeeper,right,186.0,MVV Maastricht,384,150000.0,2025-06-11,0.0,0.0,0.0,21.2
743586,2025,Club Athletico Paranaense,Campeonato Paranaense,13.0,0.0,0.0,1170.0,Mycael (743586),2004-03-12,Brazil,Goalkeeper,Goalkeeper,left,191.0,Club Athletico Paranaense,679,3000000.0,2025-06-26,0.0,0.0,0.0,22.4
789636,2025,Wuhan Three Towns B,League Two South,13.0,0.0,0.0,1170.0,Xing Chen (789636),2004-03-28,China,Goalkeeper,Goalkeeper,,186.0,Wuhan Three Towns,70657,25000.0,2025-06-18,0.0,0.0,0.0,22.4
801237,24/25,Warta Poznan,Betclic 1 Liga,13.0,0.0,0.0,1170.0,Leo Przybylak (801237),2004-05-28,Poland,Goalkeeper,Goalkeeper,,194.0,Warta Poznan,7146,0.0,2025-07-08,0.0,0.0,0.0,22.2
828171,24/25,Reading FC U21,Premier League 2,13.0,0.0,0.0,1170.0,Tom Norcott (828171),2004-11-22,England,Goalkeeper,Goalkeeper,right,186.0,Woking FC,2796,,,0.0,0.0,0.0,21.7
926602,24/25,Zébra Élites,1ste Nationale ACFF,13.0,0.0,0.0,1170.0,Nicolas Closset (926602),2004-07-10,Belgium,Goalkeeper,Goalkeeper,,185.0,Royal Charleroi SC,172,50000.0,2025-06-11,0.0,0.0,0.0,22.1
930013,24/25,SC Paderborn 07 II,Regionalliga West,13.0,0.0,0.0,1170.0,Florian Pruhs (930013),2006-02-06,Germany,Goalkeeper,Goalkeeper,right,190.0,SC Paderborn 07,127,150000.0,2025-06-18,0.0,0.0,0.0,20.5
930779,24/25,Cremonese Primavera,Primavera 1,13.0,0.0,0.0,1170.0,Francesco Tommasi (930779),2006-03-08,Italy,Goalkeeper,Goalkeeper,,184.0,Hellas Verona Primavera,16996,125000.0,2025-06-26,0.0,0.0,0.0,20.4
934150,24/25,Asd Puteolana 1902,Serie D - G,13.0,0.0,0.0,1170.0,Riccardo Leone (934150),2005-10-02,Italy,Goalkeeper,Goalkeeper,,0.0,Palmese,62357,50000.0,2025-05-14,0.0,0.0,0.0,20.9
936733,24/25,Ugento,Serie D - H,13.0,0.0,0.0,1170.0,Filippo Illipronti (936733),2005-03-26,Italy,Goalkeeper,Goalkeeper,right,0.0,C.S. Trevigliese,56064,100000.0,2025-05-14,0.0,0.0,0.0,21.4
952943,24/25,Karpaty Lviv,Premier Liga,13.0,0.0,0.0,1170.0,Yakiv Kinareykin (952943),2003-10-22,Ukraine,Goalkeeper,Goalkeeper,right,190.0,Villarreal CF B,11972,700000.0,2025-06-09,0.0,0.0,0.0,22.8
964705,24/25,SCU Torreense Sub-23,Liga Revelação,13.0,0.0,0.0,1170.0,Silas Bjerre (964705),2005-02-18,Denmark,Goalkeeper,Goalkeeper,left,187.0,SC União Torreense,2432,150000.0,2025-06-22,0.0,0.0,0.0,21.5
970683,24/25,Atalanta Primavera,Primavera 1,13.0,0.0,0.0,1170.0,Piotr Pardel (970683),2005-01-31,Poland,Goalkeeper,Goalkeeper,,0.0,Atalanta U23,41110,300000.0,2025-06-18,0.0,0.0,0.0,21.5
970683,24/25,Atalanta U23,Serie C-A,13.0,0.0,0.0,1170.0,Piotr Pardel (970683),2005-01-31,Poland,Goalkeeper,Goalkeeper,,0.0,Atalanta U23,41110,300000.0,2025-06-18,0.0,0.0,0.0,21.5
973314,24/25,Real Madrid C,Segunda Federación - Gr. V,13.0,0.0,0.0,1170.0,Sergio Mestre (973314),2005-02-13,Spain,Goalkeeper,Goalkeeper,right,193.0,Real Madrid Castilla,6767,50000.0,2025-06-24,0.0,0.0,0.0,21.5
989106,24/25,Montpellier HSC B,National 3 - Grp. J,13.0,0.0,0.0,1170.0,Viktor Dzodic (989106),2006-11-15,Serbia  France,Goalkeeper,Goalkeeper,,188.0,Montpellier HSC B,6572,100000.0,2025-08-25,0.0,0.0,0.0,19.8
1008686,24/25,NK Interblock Ljubljana U19,NextGen Liga,13.0,0.0,0.0,1170.0,Nik Cebulj (1008686),2006-01-09,Slovenia,Goalkeeper,Goalkeeper,,0.0,SD Preddvor,31014,,,0.0,0.0,0.0,20.6
1019170,24/25,Newcastle United U21,Premier League 2,13.0,0.0,0.0,1170.0,Aidan Harris (1019170),2006-12-16,England,Goalkeeper,Goalkeeper,left,0.0,Coleraine FC,3831,,,0.0,0.0,0.0,19.7
1048715,24/25,RB Leipzig U19,U19 Nachwuchsliga - Gr. H,13.0,0.0,0.0,1170.0,Fernando Dickes (1048715),2007-10-13,Germany,Goalkeeper,Goalkeeper,left,193.0,Hamburger SV,41,,,0.0,0.0,0.0,18.9
1049303,24/25,SS Cittadella Vis Modena,Serie D - D,13.0,0.0,0.0,1170.0,Andrea De Fazio (1049303),2004-12-22,Italy,Goalkeeper,Goalkeeper,,0.0,Without Club,515,150000.0,2025-05-14,0.0,0.0,0.0,21.7
1054361,24/25,Vicenza Primavera,Primavera 2 - A,13.0,0.0,0.0,1170.0,Pietro Emilio Gallo (1054361),2006-01-04,Italy,Goalkeeper,Goalkeeper,both,188.0,Paganese Calcio 1926,19164,,,0.0,0.0,0.0,20.6
1144518,24/25,1.FC Kaiserslautern U19,U19 Nachwuchsliga - Gr. F,13.0,0.0,0.0,1170.0,Enis Kamga (1144518),2007-07-08,Germany  Cameroon,Goalkeeper,Goalkeeper,right,195.0,1.FC Kaiserslautern,2,,,0.0,0.0,0.0,19.1
1150813,24/25,SG Barockstadt Fulda-Lehnerz II,VL Hessen-Nord,13.0,0.0,0.0,1170.0,Timo Ulpins (1150813),2005-08-16,Germany,Goalkeeper,Goalkeeper,,184.0,VfR Wormatia Worms,158,,,0.0,0.0,0.0,21.0
1160273,24/25,AC Le Havre U19,National U19 - Grp. A,13.0,0.0,0.0,1170.0,Gabriel Guri (1160273),2006-03-24,Albania,Goalkeeper,Goalkeeper,,187.0,Sassuolo Primavera,19114,,,0.0,0.0,0.0,20.4
1186347,24/25,Leixões SC U23,Revelação U23 - Qualif. round,13.0,0.0,0.0,1170.0,Teopisto (1186347),2003-12-06,Portugal,Goalkeeper,Goalkeeper,left,191.0,CD Trofense,3348,,,0.0,0.0,0.0,22.7
1270654,24/25,PEC Zwolle U17,U17 Div. 1 Fall,13.0,0.0,0.0,1170.0,Nick Dobben (1270654),2008-05-17,Netherlands,Goalkeeper,Goalkeeper,,0.0,PEC Zwolle U19,15587,,,0.0,0.0,0.0,18.3
1084756,24/25,Lecce Under 18,Under 18,13.0,0.0,0.0,1164.0,Plamen Penev (1084756),2008-04-22,Bulgaria,Goalkeeper,Goalkeeper,left,193.0,Lecce Primavera,5618,,,0.0,0.0,0.0,18.3
935830,24/25,Notaresco Calcio,Serie D - F,13.0,0.0,0.0,1163.0,Giuseppe Cervellera (935830),2004-08-12,Italy,Goalkeeper,Goalkeeper,,185.0,Without Club,515,100000.0,2025-05-14,0.0,0.0,0.0,22.0
1006612,2025,Philadelphia Union,MLS,13.0,0.0,0.0,1142.0,Andrew Rick (1006612),2006-01-30,United States,Goalkeeper,Goalkeeper,,0.0,Philadelphia Union,25467,250000.0,2025-06-04,0.0,0.0,0.0,20.6
648030,24/25,Tottenham Hotspur U21,Premier League 2,13.0,0.0,0.0,1125.0,Aaron Maguire (648030),2004-07-25,Ireland  England,Goalkeeper,Goalkeeper,,0.0,Tottenham Hotspur U21,9254,,,0.0,0.0,0.0,22.1
700461,24/25,Stoke City U21,Premier League 2,13.0,0.0,0.0,1125.0,Alfie Brooks (700461),2003-10-15,England,Goalkeeper,Goalkeeper,,0.0,AFC Telford United,3694,0.0,2025-05-26,0.0,0.0,0.0,22.8
936733,24/25,US Vibonese,Serie D - I,13.0,0.0,0.0,1125.0,Filippo Illipronti (936733),2005-03-26,Italy,Goalkeeper,Goalkeeper,right,0.0,C.S. Trevigliese,56064,100000.0,2025-05-14,0.0,0.0,0.0,21.4
1107574,24/25,Gelbison,Serie D - G,13.0,0.0,0.0,1125.0,Roberts Apsits (1107574),2006-01-29,Latvia,Goalkeeper,Goalkeeper,,0.0,Virtus Francavilla Calcio,49939,25000.0,2025-05-14,0.0,0.0,0.0,20.6
1124104,24/25,Juventus Primavera,Primavera 1,13.0,0.0,0.0,1107.0,Riccardo Radu (1124104),2007-08-07,Romania  Italy,Goalkeeper,Goalkeeper,right,0.0,Juventus Primavera,11008,,,0.0,0.0,0.0,19.0
987302,24/25,AC Ajaccio B,National 3 - Grp. D,13.0,0.0,0.0,1102.0,Sacha Contena (987302),2005-10-04,France,Goalkeeper,Goalkeeper,,0.0,SC Bastia,595,0.0,2023-12-12,0.0,0.0,0.0,20.9
1048495,24/25,AJ Auxerre B,National 3 - Grp. G,13.0,0.0,0.0,1099.0,Maxime Debove (1048495),2005-09-09,France,Goalkeeper,Goalkeeper,right,184.0,Stade Reims B,11204,,,0.0,0.0,0.0,20.9
1310861,2025,Inter Miami CF II,MLS Next Pro,12.0,0.0,0.0,1099.0,Matias Marin (1310861),2007-10-07,United States  Ecuador,Goalkeeper,Goalkeeper,,0.0,Inter Miami CF II,78259,,,0.0,0.0,0.0,18.9
604817,24/25,FC Stade Nyonnais,Challenge League,12.0,0.0,0.0,1080.0,Tim Spycher (604817),2004-04-13,Switzerland,Goalkeeper,Goalkeeper,left,187.0,FC Basel 1893,26,200000.0,2025-06-09,0.0,0.0,0.0,22.3
665971,24/25,1.FC Köln II,Regionalliga West,12.0,0.0,0.0,1080.0,Jonas Nickisch (665971),2004-05-21,Germany,Goalkeeper,Goalkeeper,right,191.0,1.FC Saarbrücken,1,175000.0,2025-06-22,0.0,0.0,0.0,22.2
684116,24/25,Borussia Dortmund II,3. Liga,12.0,0.0,0.0,1080.0,Silas Ostrzinski (684116),2003-11-19,Germany  Poland,Goalkeeper,Goalkeeper,right,198.0,Borussia Dortmund,16,200000.0,2025-06-10,0.0,0.0,0.0,22.7
707963,24/25,Brighton & Hove Albion U21,Premier League 2,12.0,0.0,0.0,1080.0,Hugo Fisher (707963),2004-09-24,England  Slovakia,Goalkeeper,Goalkeeper,right,184.0,Southampton FC U21,36546,,,0.0,0.0,0.0,21.9
715382,24/25,Arsenal Tula,1.Division,12.0,0.0,0.0,1080.0,Mikhail Tsulaya (715382),2005-02-08,Russia  Georgia,Goalkeeper,Goalkeeper,right,191.0,Arsenal Tula,3729,350000.0,2025-06-01,0.0,0.0,0.0,21.5
738514,24/25,AZ Alkmaar U21,Keuken Kampioen Divisie,12.0,0.0,0.0,1080.0,Tristan Kuijsten (738514),2005-01-16,Netherlands,Goalkeeper,Goalkeeper,right,192.0,Almere City FC,723,300000.0,2025-06-08,0.0,0.0,0.0,21.6
805834,24/25,Jagiellonia Bialystok,Conference League,12.0,0.0,0.0,1080.0,Slawomir Abramowicz (805834),2004-06-09,Poland,Goalkeeper,Goalkeeper,left,189.0,Jagiellonia Bialystok,2300,4000000.0,2025-06-05,0.0,0.0,0.0,22.2
809841,2025,Dinamo Tbilisi II,Erovnuli Liga 2,12.0,0.0,0.0,1080.0,Papuna Beruashvili (809841),2004-03-21,Georgia,Goalkeeper,Goalkeeper,right,196.0,FC Rustavi,1799,0.0,2025-07-23,0.0,0.0,0.0,22.4
810846,24/25,Sparta Rotterdam U21,Tweede Divisie,12.0,0.0,0.0,1080.0,Kaylen Reitmaier (810846),2004-04-05,Germany  Brazil,Goalkeeper,Goalkeeper,both,200.0,Without Club,515,75000.0,2025-05-27,0.0,0.0,0.0,22.4
816753,24/25,Calcio Desenzano,Serie D - B,12.0,0.0,0.0,1080.0,Mattia Morello (816753),2004-10-21,Italy,Goalkeeper,Goalkeeper,right,0.0,Without Club,515,75000.0,2025-05-14,0.0,0.0,0.0,21.8
848875,24/25,Sporting CP B,Liga 3 - Promotion,12.0,0.0,0.0,1080.0,Diego Callai (848875),2004-07-18,Brazil  Italy,Goalkeeper,Goalkeeper,right,190.0,Sporting CP B,10949,1000000.0,2024-12-18,0.0,0.0,0.0,22.1
895728,24/25,Team Ticino U19,U19 Elite League,12.0,0.0,0.0,1080.0,Diego Mina (895728),2005-08-12,Switzerland,Goalkeeper,Goalkeeper,right,185.0,FC Lugano,2790,100000.0,2025-06-09,0.0,0.0,0.0,21.0
898864,24/25,Almere City FC U23,Tweede Divisie,12.0,0.0,0.0,1080.0,Malcolm Mateyo (898864),2005-01-26,Netherlands  Zambia,Goalkeeper,Goalkeeper,right,0.0,Almere City FC U23,20298,,,0.0,0.0,0.0,21.6
924125,24/25,1.FC Kaiserslautern II,OL RP/Saar,12.0,0.0,0.0,1080.0,Fabian Heck (924125),2005-04-21,Luxembourg  Germany,Goalkeeper,Goalkeeper,,194.0,1.FC Kaiserslautern,2,,,0.0,0.0,0.0,21.3
928573,24/25,Almere City FC U23,Tweede Divisie,12.0,0.0,0.0,1080.0,Joël van der Wilt (928573),2004-02-27,Netherlands,Goalkeeper,Goalkeeper,right,198.0,Almere City FC,723,25000.0,2025-05-27,0.0,0.0,0.0,22.5
932854,24/25,Tonbridge Angels,National League South,12.0,0.0,0.0,1080.0,Toby Steward (932854),2005-02-12,England,Goalkeeper,Goalkeeper,right,193.0,St. Johnstone FC,2578,100000.0,2025-05-26,0.0,0.0,0.0,21.5
936502,24/25,Inter Milan Primavera,Primavera 1,12.0,0.0,0.0,1080.0,Matteo Zamarian (936502),2006-06-24,Italy,Goalkeeper,Goalkeeper,right,0.0,Aurora Pro Patria,4146,100000.0,2025-06-26,0.0,0.0,0.0,20.2
938373,24/25,AZ Alkmaar U19,U19 Div. 1 Spring,12.0,0.0,0.0,1080.0,Kiyani Zeggen (938373),2006-10-15,Netherlands  Suriname,Goalkeeper,Goalkeeper,left,189.0,AZ Alkmaar U21,11368,,,0.0,0.0,0.0,19.8
948715,24/25,LB Châteauroux B,National 3 - Grp. F,12.0,0.0,0.0,1080.0,Moussa Ba (948715),2004-12-09,France  Senegal,Goalkeeper,Goalkeeper,,192.0,LB Châteauroux,1175,25000.0,2025-05-25,0.0,0.0,0.0,21.7
979755,24/25,Frosinone Primavera,Primavera 2 - B,12.0,0.0,0.0,1080.0,Francesco Minicangeli (979755),2006-01-12,Italy,Goalkeeper,Goalkeeper,right,0.0,Frosinone Primavera,17664,50000.0,2025-05-27,0.0,0.0,0.0,20.6
981712,24/25,KRC Genk U18,U18 Elite 1,12.0,0.0,0.0,1080.0,Tijn Van Ingelgom (981712),2007-03-05,Belgium,Goalkeeper,Goalkeeper,right,194.0,KV Mechelen,354,100000.0,2025-04-23,0.0,0.0,0.0,19.5
993707,24/25,FC Aarau U19,U19 Elite League,12.0,0.0,0.0,1080.0,Armelin Gashi (993707),2006-01-16,Kosovo,Goalkeeper,Goalkeeper,,0.0,FC Aarau U19,110593,,,0.0,0.0,0.0,20.6
993957,24/25,LKS Lodz,Betclic 1 Liga,12.0,0.0,0.0,1080.0,Lukasz Bomba (993957),2004-04-09,Poland,Goalkeeper,Goalkeeper,both,199.0,LKS Lodz,256,250000.0,2025-06-05,0.0,0.0,0.0,22.4
1008242,24/25,VfL Wolfsburg U19,U19 Nachwuchsliga - Gr. B,12.0,0.0,0.0,1080.0,Benedikt Börner (1008242),2006-04-10,Germany,Goalkeeper,Goalkeeper,right,187.0,SV Darmstadt 98,105,,,0.0,0.0,0.0,20.4
1014172,24/25,FC Twente Enschede U19,U19 Div. 1 Fall,12.0,0.0,0.0,1080.0,Yannick Gerritsen (1014172),2006-02-14,Netherlands,Goalkeeper,Goalkeeper,,0.0,Twente Enschede FC,317,,,0.0,0.0,0.0,20.5
1014172,24/25,FC Twente Enschede U19,U19 Div. 1 Spring,12.0,0.0,0.0,1080.0,Yannick Gerritsen (1014172),2006-02-14,Netherlands,Goalkeeper,Goalkeeper,,0.0,Twente Enschede FC,317,,,0.0,0.0,0.0,20.5
1055382,24/25,Manchester United U18,U18 Premier League,12.0,0.0,0.0,1080.0,Will Murdock (1055382),2007-05-26,Northern Ireland  England,Goalkeeper,Goalkeeper,,0.0,Manchester United U21,9251,,,0.0,0.0,0.0,19.2
1116638,2025,Fluminense FC U20,CBF Brasileiro U20,12.0,0.0,0.0,1080.0,Kevyn (1116638),2005-07-01,Brazil,Goalkeeper,Goalkeeper,right,192.0,CD Nacional,982,,,0.0,0.0,0.0,21.1
1124243,24/25,Sampdoria Primavera,Primavera 1,12.0,0.0,0.0,1080.0,Lorenzo Ceppi (1124243),2006-08-02,Italy,Goalkeeper,Goalkeeper,right,190.0,ASD Cairese,50223,50000.0,2025-06-26,0.0,0.0,0.0,20.0
1160291,24/25,Wolverhampton Wanderers U18,U18 Premier League,12.0,0.0,0.0,1080.0,Josh Gracey (1160291),2007-12-14,Northern Ireland,Goalkeeper,Goalkeeper,,196.0,Wolverhampton Wanderers U21,24226,0.0,2024-05-22,0.0,0.0,0.0,18.7
1172356,24/25,FC Sochaux-Montbéliard U19,National U19 - Grp. B,12.0,0.0,0.0,1080.0,Grégory Hoareau (1172356),2007-01-07,France  Réunion,Goalkeeper,Goalkeeper,right,187.0,FC Sochaux-Montbéliard U19,10826,,,0.0,0.0,0.0,19.6
1184608,24/25,FC Stade-Lausanne-Ouchy II,2. Liga Inter - Gr. 2,12.0,0.0,0.0,1080.0,Noah Noverraz (1184608),2004-09-25,Switzerland,Goalkeeper,Goalkeeper,right,198.0,FC Stade-Lausanne-Ouchy II,51721,,,0.0,0.0,0.0,21.9
1186316,24/25,Wolverhampton Wanderers U18,U18 Premier League,12.0,0.0,0.0,1080.0,George Hardy (1186316),2007-02-24,England,Goalkeeper,Goalkeeper,,0.0,Wolverhampton Wanderers U21,24226,,,0.0,0.0,0.0,19.5
1192866,24/25,Blackburn Rovers U18,U18 Premier League,12.0,0.0,0.0,1080.0,Luke Thompson (1192866),2007-12-12,England,Goalkeeper,Goalkeeper,,0.0,Blackburn Rovers U18,6949,,,0.0,0.0,0.0,18.7
1244147,24/25,Spezia Under 17,Under 17 - A,12.0,0.0,0.0,1080.0,Lorenzo Marchetto (1244147),2008-06-21,Italy,Goalkeeper,Goalkeeper,,0.0,USD Lavagnese 1919,22258,,,0.0,0.0,0.0,18.2
1244150,24/25,Spezia Under 17,Under 17 - A,12.0,0.0,0.0,1080.0,Tommaso Altemura (1244150),2009-04-03,Italy,Goalkeeper,Goalkeeper,,0.0,Spezia Under 17,49762,,,0.0,0.0,0.0,17.4
1270654,24/25,PEC Zwolle U17,U17 Div. 1 Spring,12.0,0.0,0.0,1080.0,Nick Dobben (1270654),2008-05-17,Netherlands,Goalkeeper,Goalkeeper,,0.0,PEC Zwolle U19,15587,,,0.0,0.0,0.0,18.3
1299658,2025,Sacachispas FC,Primera B Clausura,12.0,0.0,0.0,1080.0,Santiago Garcia Rossi (1299658),2004-11-11,Argentina,Goalkeeper,Goalkeeper,right,184.0,Sacachispas FC,25374,,,0.0,0.0,0.0,21.8
967624,24/25,CF Villanovense,Segunda Federación - Gr. IV,13.0,0.0,0.0,1076.0,José Andrés Oliveira (967624),2004-12-10,Spain,Goalkeeper,Goalkeeper,,188.0,CD Calamonte,76846,75000.0,2025-04-03,0.0,0.0,0.0,21.7
810851,24/25,FC 08 Villingen II,Oberliga Baden-Württemberg,12.0,0.0,0.0,1075.0,David Kercek (810851),2005-01-17,Germany,Goalkeeper,Goalkeeper,right,186.0,Without Club,515,,,0.0,0.0,0.0,21.6
1265376,24/25,Bologna Under 17,Under 17 - A,12.0,0.0,0.0,1075.0,Riccardo Gnudi (1265376),2008-06-03,Italy,Goalkeeper,Goalkeeper,,0.0,Bologna Under 18,91714,,,0.0,0.0,0.0,18.2
914998,24/25,FC Erzgebirge Aue U19,U19 Nachwuchsliga - Gr. H,12.0,0.0,0.0,1072.0,Max Uhlig (914998),2006-09-08,Germany,Goalkeeper,Goalkeeper,left,187.0,FC Erzgebirge Aue,94,100000.0,2025-06-10,0.0,0.0,0.0,19.9
787871,24/25,Hamburger SV III,Oberliga Hamburg,12.0,0.0,0.0,1069.0,José Aguirre (787871),2003-08-31,Guatemala  Italy,Goalkeeper,Goalkeeper,right,190.0,VfR Neumünster,912,0.0,2023-07-10,0.0,0.0,0.0,23.0
884818,24/25,Borussia Dortmund U19,U19 Nachwuchsliga - Gr. C,12.0,0.0,0.0,1055.0,Robin Lisewski (884818),2006-02-13,Poland  Germany,Goalkeeper,Goalkeeper,right,195.0,1.FC Nuremberg,4,150000.0,2025-09-04,0.0,0.0,0.0,20.5
1001936,2025,FC Cincinnati 2,MLS Next Pro,11.0,0.0,0.0,1050.0,Paul Walters (1001936),2004-04-11,United States,Goalkeeper,Goalkeeper,,190.0,FC Cincinnati,51772,100000.0,2025-06-04,0.0,0.0,0.0,22.4
1223311,2025,Atlanta United 2,MLS Next Pro,10.0,0.0,0.0,1050.0,Jayden Hibbert (1223311),2004-08-05,Canada  Jamaica,Goalkeeper,Goalkeeper,,188.0,Atlanta United FC,51663,,,0.0,0.0,0.0,22.0
727077,24/25,Adanaspor,1.Lig,12.0,0.0,0.0,1035.0,Jankat Yılmaz (727077),2004-08-16,Türkiye,Goalkeeper,Goalkeeper,left,193.0,Galatasaray,141,250000.0,2025-06-17,0.0,0.0,0.0,22.0
1056995,24/25,FC Schaffhausen,Challenge League,12.0,0.0,0.0,1035.0,Samuele Rutigliano (1056995),2006-08-09,Italy,Goalkeeper,Goalkeeper,right,195.0,FC Schaffhausen,1277,50000.0,2025-06-09,0.0,0.0,0.0,20.0
1244273,2025,Shanghai Port B,League Two North,12.0,0.0,0.0,1035.0,Zhiliang Li (1244273),2007-06-18,China,Goalkeeper,Goalkeeper,right,193.0,Shanghai Port,27190,25000.0,2025-06-18,0.0,0.0,0.0,19.2
1043196,24/25,Monopoli Primavera,Primavera 2 - B,12.0,0.0,0.0,1027.0,Christian Sibilano (1043196),2005-07-15,Italy,Goalkeeper,Goalkeeper,left,188.0,ASD Manfredonia Calcio,8579,75000.0,2025-05-27,0.0,0.0,0.0,21.1
646708,24/25,Vitesse Arnhem,Keuken Kampioen Divisie,12.0,0.0,0.0,1025.0,Mikki van Sas (646708),2004-02-29,Netherlands,Goalkeeper,Goalkeeper,right,193.0,Wycombe Wanderers,2805,400000.0,2025-06-08,0.0,0.0,0.0,22.5
1007397,2025,Colorado Rapids 2,MLS Next Pro,12.0,0.0,0.0,1021.0,Zackory Campagnolo (1007397),2007-03-12,United States,Goalkeeper,Goalkeeper,right,190.0,Colorado Rapids 2,95335,,,0.0,0.0,0.0,19.4
555146,24/25,CSKA Moscow,Russian Cup,11.0,0.0,0.0,1020.0,Vladislav Torop (555146),2003-11-07,Russia,Goalkeeper,Goalkeeper,left,191.0,CSKA Moscow,2410,1000000.0,2025-06-03,0.0,0.0,0.0,22.8
907691,2025,Åsane Fotball,OBOS-ligaen,12.0,0.0,0.0,1012.0,Magnus Rugland Ree (907691),2004-04-26,Norway,Goalkeeper,Goalkeeper,right,198.0,Åsane Fotball,14761,400000.0,2025-06-25,0.0,0.0,0.0,22.3
947524,24/25,FC Viktoria Plzen B,CFL,12.0,0.0,0.0,1008.0,Viktor Baier (947524),2005-01-16,Czech Republic,Goalkeeper,Goalkeeper,,201.0,FC Blau-Weiss Linz,2157,800000.0,2025-06-16,0.0,0.0,0.0,21.6
1123651,24/25,Oud-Heverlee Leuven U23,1ste Nationale VV,12.0,0.0,0.0,999.0,Théo Radelet (1123651),2007-11-15,Belgium,Goalkeeper,Goalkeeper,,0.0,Oud-Heverlee Leuven,2727,50000.0,2025-06-11,0.0,0.0,0.0,18.8
954709,24/25,Altrincham FC,National League,12.0,0.0,0.0,998.0,Caleb Ansen (954709),2005-09-18,England,Goalkeeper,Goalkeeper,,0.0,Bedford Town,3682,,,0.0,0.0,0.0,20.9
1246468,2025,Minnesota United FC 2,MLS Next Pro,11.0,0.0,0.0,996.0,Kayne Rizvanovich (1246468),2007-10-26,United States  Bosnia-Herzegovina,Goalkeeper,Goalkeeper,,193.0,Minnesota United FC 2,95337,,,0.0,0.0,0.0,18.8
656316,24/25,Barnsley FC,League One,11.0,0.0,0.0,990.0,Gabriel Slonina (656316),2004-05-15,United States  Poland,Goalkeeper,Goalkeeper,right,193.0,Chelsea FC,631,3500000.0,2025-05-29,0.0,0.0,0.0,22.3
678402,24/25,Forest Green Rovers,National League,11.0,0.0,0.0,990.0,Fabian Mrozek (678402),2003-09-28,Poland,Goalkeeper,Goalkeeper,right,192.0,Liverpool FC U21,9252,0.0,2025-03-17,0.0,0.0,0.0,22.9
697721,24/25,FC Krasnodar 2,2. Division A (Phase 1),11.0,0.0,0.0,990.0,Daniil Golikov (697721),2004-03-24,Russia,Goalkeeper,Goalkeeper,right,194.0,FC Krasnodar,16704,200000.0,2025-06-03,0.0,0.0,0.0,22.4
704772,24/25,AZ Alkmaar,Europa League,11.0,0.0,0.0,990.0,Rome Jayden Owusu-Oduro (704772),2004-07-02,Netherlands  Ghana,Goalkeeper,Goalkeeper,right,190.0,AZ Alkmaar,1090,6000000.0,2025-05-27,0.0,0.0,0.0,22.1
719677,24/25,Airdrieonians FC,Championship,11.0,0.0,0.0,990.0,Murray Johnson (719677),2004-11-13,Scotland  England,Goalkeeper,Goalkeeper,left,191.0,Hibernian FC,903,50000.0,2024-12-02,0.0,0.0,0.0,21.8
744617,24/25,SSD Ischia Calcio,Serie D - H,11.0,0.0,0.0,990.0,Alfonso Rizzuto (744617),2004-07-07,Italy,Goalkeeper,Goalkeeper,left,182.0,Audace Cerignola,22249,125000.0,2025-05-14,0.0,0.0,0.0,22.1
787248,24/25,Mazatlán FC U23,Liga MX U23 Apertura,11.0,0.0,0.0,990.0,Brian Betancourt (787248),2004-01-30,Mexico,Goalkeeper,Goalkeeper,,184.0,Mazatlán FC U21,110456,,,0.0,0.0,0.0,22.6
834397,24/25,KRC Genk,Jupiler Pro League,11.0,0.0,0.0,990.0,Mike Penders (834397),2005-07-31,Belgium,Goalkeeper,Goalkeeper,left,200.0,RC Strasbourg Alsace,667,12000000.0,2025-06-11,0.0,0.0,0.0,21.1
842149,24/25,Farsley Celtic,National League North,11.0,0.0,0.0,990.0,Kieren Flavell (842149),2003-09-21,England,Goalkeeper,Goalkeeper,,197.0,Barnsley FC,349,75000.0,2025-06-17,0.0,0.0,0.0,22.9
927509,24/25,FC Wil 1900 II,2. Liga Inter - Gr. 4,11.0,0.0,0.0,990.0,Kristijan Simovic (927509),2005-02-06,Switzerland,Goalkeeper,Goalkeeper,right,191.0,FC Winterthur U21,14156,50000.0,2025-06-09,0.0,0.0,0.0,21.5
928390,24/25,Willem II Tilburg U21,U21 Div. 2 Fall,11.0,0.0,0.0,990.0,Karst de Leeuw (928390),2004-04-19,Netherlands,Goalkeeper,Goalkeeper,,0.0,Willem II Tilburg,403,,,0.0,0.0,0.0,22.3
932752,24/25,Hellas Verona Primavera,Primavera 1,11.0,0.0,0.0,990.0,Thomas Zouaghi (932752),2005-04-11,Tunisia  Italy,Goalkeeper,Goalkeeper,right,194.0,Caldiero Terme,46293,10000.0,2025-06-26,0.0,0.0,0.0,21.4
933570,24/25,PEC Zwolle U21,U21 Div. 1 Spring,11.0,0.0,0.0,990.0,Duke Verduin (933570),2003-10-30,Netherlands,Goalkeeper,Goalkeeper,right,195.0,PEC Zwolle,1269,25000.0,2025-05-27,0.0,0.0,0.0,22.8
933914,24/25,FC Utrecht U19,U19 Div. 1 Fall,11.0,0.0,0.0,990.0,Mees Eppink (933914),2006-03-25,Netherlands  Thailand,Goalkeeper,Goalkeeper,right,192.0,FC Utrecht U21,17596,50000.0,2025-06-08,0.0,0.0,0.0,20.4
933914,24/25,FC Utrecht U19,U19 Div. 1 Spring,11.0,0.0,0.0,990.0,Mees Eppink (933914),2006-03-25,Netherlands  Thailand,Goalkeeper,Goalkeeper,right,192.0,FC Utrecht U21,17596,50000.0,2025-06-08,0.0,0.0,0.0,20.4
944742,24/25,Gateshead FC,National League,11.0,0.0,0.0,990.0,Owen Mason (944742),2004-03-24,Ireland,Goalkeeper,Goalkeeper,,0.0,Mansfield Town,3820,50000.0,2025-06-17,0.0,0.0,0.0,22.4
975860,24/25,Yeni Mersin Idmanyurdu,2.Lig Kirmizi,11.0,0.0,0.0,990.0,Mücahit Serbest (975860),2004-11-23,Türkiye,Goalkeeper,Goalkeeper,right,190.0,Istanbulspor,924,200000.0,2025-06-19,0.0,0.0,0.0,21.7
987022,2025,Skövde AIK,Ettan Södra,11.0,0.0,0.0,990.0,Filip Järlesand (987022),2004-03-29,Sweden,Goalkeeper,Goalkeeper,,186.0,Skövde AIK,5965,0.0,2024-07-11,0.0,0.0,0.0,22.4
1004709,24/25,Aston Villa U18,U18 Premier League,11.0,0.0,0.0,990.0,Sam Proctor (1004709),2006-12-21,England,Goalkeeper,Goalkeeper,,0.0,Aston Villa U21,12124,,,0.0,0.0,0.0,19.7
1009621,24/25,SC Braga U23,Revelação U23 - Qualif. round,11.0,0.0,0.0,990.0,Tai Znuderl (1009621),2007-01-21,Slovenia,Goalkeeper,Goalkeeper,right,201.0,GNK Dinamo Zagreb U19,9641,,,0.0,0.0,0.0,19.6
1023612,24/25,FC Viktoria 1889 Berlin,Regionalliga Northeast,11.0,0.0,0.0,990.0,Dmytro Karika (1023612),2005-06-25,Ukraine,Goalkeeper,Goalkeeper,,185.0,FC Hertha 03 Zehlendorf,2943,25000.0,2025-06-22,0.0,0.0,0.0,21.1
1034545,24/25,MSV Duisburg U19,U19 Nachwuchsliga - Gr. C,11.0,0.0,0.0,990.0,Fotios Adamidis (1034545),2006-12-16,Germany  Greece,Goalkeeper,Goalkeeper,right,196.0,Wuppertaler SV,299,,,0.0,0.0,0.0,19.7
1045957,24/25,SC Freiburg U19,U19 Nachwuchsliga - Gr. A,11.0,0.0,0.0,990.0,Kilian Katz (1045957),2006-02-23,Germany,Goalkeeper,Goalkeeper,,190.0,SC Freiburg II,245,50000.0,2025-09-04,0.0,0.0,0.0,20.5
1070002,24/25,Korona Kielce II,Betclic 3 Liga - Group IV,11.0,0.0,0.0,990.0,Michal Niedbala (1070002),2006-04-10,Poland,Goalkeeper,Goalkeeper,,193.0,Korona Kielce,6110,25000.0,2025-06-05,0.0,0.0,0.0,20.4
1087843,2025,CR Flamengo U20,CBF Brasileiro U20,11.0,0.0,0.0,990.0,Lucas Furtado (1087843),2005-03-09,Brazil,Goalkeeper,Goalkeeper,right,195.0,Vitória Guimarães SC B,15136,,,0.0,0.0,0.0,21.4
1089769,24/25,Genoa Under 18,Under 18,11.0,0.0,0.0,990.0,Gabriele Magalotti (1089769),2007-06-22,Italy,Goalkeeper,Goalkeeper,left,0.0,Catanzaro Primavera,93168,,,0.0,0.0,0.0,19.2
1097621,24/25,Wolverhampton Wanderers U21,Premier League 2,11.0,0.0,0.0,990.0,Lewys Benjamin (1097621),2006-09-13,Wales,Goalkeeper,Goalkeeper,,0.0,Chester FC,31367,,,0.0,0.0,0.0,19.9
1105547,24/25,Jong Genk,CPL,11.0,0.0,0.0,990.0,Lucca Brughmans (1105547),2008-06-27,Belgium,Goalkeeper,Goalkeeper,right,197.0,KRC Genk,1184,500000.0,2025-06-11,0.0,0.0,0.0,18.1
1157436,2025,CA Huracán II,Copa Proyección Apertura,11.0,0.0,0.0,990.0,Nazareno Durán (1157436),2004-05-10,Argentina,Goalkeeper,Goalkeeper,right,189.0,CA Huracán,2063,,,0.0,0.0,0.0,22.3
1159289,24/25,SV Lafnitz II,LL Steiermark,11.0,0.0,0.0,990.0,Kimi Løkkevik (1159289),2004-05-26,Germany  Norway,Goalkeeper,Goalkeeper,right,194.0,Stabæk Fotball,1274,150000.0,2025-05-29,0.0,0.0,0.0,22.2
1159511,24/25,Obolon Kyiv,Premier Liga,11.0,0.0,0.0,990.0,Denys Marchenko (1159511),2007-02-05,Ukraine,Goalkeeper,Goalkeeper,left,190.0,Obolon Kyiv,39097,600000.0,2025-09-09,0.0,0.0,0.0,19.5
1191212,24/25,Stranraer FC,League Two,11.0,0.0,0.0,990.0,Josh Lane (1191212),2006-06-22,Scotland,Goalkeeper,Goalkeeper,,0.0,Stranraer FC,3034,,,0.0,0.0,0.0,20.2
1224821,24/25,Gelbison,Serie D - G,11.0,0.0,0.0,990.0,Stefano Colella (1224821),2006-09-04,Italy,Goalkeeper,Goalkeeper,right,190.0,Acerrana 1926,56819,125000.0,2025-05-14,0.0,0.0,0.0,20.0
1231353,24/25,KAA Gent U18,U18 Elite 1,11.0,0.0,0.0,990.0,Bas Evers (1231353),2008-12-02,Belgium,Goalkeeper,Goalkeeper,,193.0,Jong KAA Gent,43562,,,0.0,0.0,0.0,17.7
1059483,24/25,FC Copenhagen U19,U19 Boys League,11.0,0.0,0.0,981.0,Oscar Buur (1059483),2006-10-29,Denmark,Goalkeeper,Goalkeeper,right,197.0,FC Copenhagen,190,,,0.0,0.0,0.0,19.8
1009439,24/25,FC Bayern Munich U19,U19 Nachwuchsliga - Gr. G,11.0,0.0,0.0,978.0,Leon Klanac (1009439),2007-03-01,Germany  Croatia,Goalkeeper,Goalkeeper,right,185.0,FC Bayern Munich II,28,150000.0,2025-09-04,0.0,0.0,0.0,19.5
1056995,24/25,FC Schaffhausen II,2. Liga Inter - Gr. 4,11.0,0.0,0.0,965.0,Samuele Rutigliano (1056995),2006-08-09,Italy,Goalkeeper,Goalkeeper,right,195.0,FC Schaffhausen,1277,50000.0,2025-06-09,0.0,0.0,0.0,20.0
1041614,24/25,Roma U20,Primavera 1,11.0,0.0,0.0,964.0,Renato Marin (1041614),2006-07-10,Italy  Brazil,Goalkeeper,Goalkeeper,right,193.0,Paris Saint-Germain,583,500000.0,2025-06-16,0.0,0.0,0.0,20.1
1194818,24/25,Roma Under 17,Under 17 - C,11.0,0.0,0.0,964.0,Christian Sbaccanti (1194818),2008-05-14,Italy,Goalkeeper,Goalkeeper,,0.0,Roma Under 18,76094,,,0.0,0.0,0.0,18.3
937557,24/25,Nuova Igea Virtus,Serie D - I,12.0,0.0,0.0,962.0,Francesco Costantini (937557),2006-04-23,Italy,Goalkeeper,Goalkeeper,,0.0,Paganese Calcio 1926,19164,100000.0,2025-05-14,0.0,0.0,0.0,20.3
802540,24/25,FC Utrecht U21,Keuken Kampioen Divisie,11.0,0.0,0.0,949.0,Andreas Dithmer (802540),2005-08-01,Denmark,Goalkeeper,Goalkeeper,right,198.0,Hilleröd Fodbold,49675,200000.0,2025-06-08,0.0,0.0,0.0,21.0
818536,24/25,Gelbison,Serie D - G,11.0,0.0,0.0,945.0,Clemente Tartaro (818536),2004-09-26,Italy,Goalkeeper,Goalkeeper,,188.0,ASD Manfredonia Calcio,8579,50000.0,2025-05-14,0.0,0.0,0.0,21.9
928873,24/25,FC Metz B,National 3 - Grp. H,11.0,0.0,0.0,945.0,Alexis Mirbach (928873),2005-03-04,France,Goalkeeper,Goalkeeper,right,192.0,FC Nantes,995,100000.0,2025-06-01,0.0,0.0,0.0,21.5
1033571,2025,Criciúma Esporte Clube,Série B,11.0,0.0,0.0,945.0,Kauã Moroso (1033571),2004-03-11,Brazil,Goalkeeper,Goalkeeper,right,190.0,Criciúma Esporte Clube,7178,200000.0,2025-06-26,0.0,0.0,0.0,22.4
1040072,24/25,San Marino Academy,Camp. Sammarinese,11.0,0.0,0.0,945.0,Alessandro Casadei (1040072),2005-05-18,Italy,Goalkeeper,Goalkeeper,,0.0,SS San Giovanni,24351,25000.0,2025-06-09,0.0,0.0,0.0,21.3
1095369,24/25,Arsenal FC U18,U18 Premier League,11.0,0.0,0.0,912.0,Khari Ranson (1095369),2007-09-13,England  Nigeria,Goalkeeper,Goalkeeper,,0.0,Arsenal FC U18,5679,,,0.0,0.0,0.0,18.9
1130022,24/25,Liverpool FC U21,Premier League 2,11.0,0.0,0.0,912.0,Kornel Misciur (1130022),2007-04-27,Poland  England,Goalkeeper,Goalkeeper,,0.0,Liverpool FC U21,9252,,,0.0,0.0,0.0,19.3
607720,24/25,1.FC Köln,2. Bundesliga,10.0,0.0,0.0,900.0,Jonas Urbig (607720),2003-08-08,Germany,Goalkeeper,Goalkeeper,both,189.0,Bayern Munich,27,12000000.0,2025-06-04,0.0,0.0,0.0,23.0
654375,24/25,Standard de Liège 16 FC,1ste NAT ACFF REL PO,10.0,0.0,0.0,900.0,Matteo Godfroid (654375),2004-02-25,Belgium,Goalkeeper,Goalkeeper,,190.0,Standard Liège,3057,50000.0,2025-06-11,0.0,0.0,0.0,22.5
728516,24/25,NK Celje,Prva Liga,10.0,0.0,0.0,900.0,Lovro Stubljar (728516),2004-08-09,Slovenia,Goalkeeper,Goalkeeper,left,191.0,FC Groningen,202,300000.0,2025-05-26,0.0,0.0,0.0,22.0
743551,24/25,Celtic FC B,Lowland League,10.0,0.0,0.0,900.0,Joe Morrison (743551),2004-06-01,Scotland,Goalkeeper,Goalkeeper,,0.0,East Kilbride FC,28457,,,0.0,0.0,0.0,22.2
764861,24/25,Gil Vicente U23,Liga Revelação,10.0,0.0,0.0,900.0,André Picornell (764861),2004-04-03,Sweden  Spain,Goalkeeper,Goalkeeper,left,190.0,Gil Vicente U23,99764,0.0,2024-09-26,0.0,0.0,0.0,22.4
817974,2025,Arsenal-2 Tula,2. Division B,10.0,0.0,0.0,900.0,Timofey Kashintsev (817974),2004-08-01,Russia,Goalkeeper,Goalkeeper,right,192.0,Neftekhimik Nizhnekamsk,3733,75000.0,2025-06-01,0.0,0.0,0.0,22.0
818929,24/25,US Città di Pontedera,Serie C-B,10.0,0.0,0.0,900.0,Simone Calvani (818929),2005-05-16,Italy,Goalkeeper,Goalkeeper,right,189.0,Forlì FC,9816,150000.0,2025-06-18,0.0,0.0,0.0,21.3
826528,24/25,Académico de Viseu Sub-23,Liga Revelação,10.0,0.0,0.0,900.0,Fede Gomes (826528),2004-03-05,Argentina  Portugal,Goalkeeper,Goalkeeper,right,195.0,CA Unión (Santa Fe),7097,100000.0,2025-06-22,0.0,0.0,0.0,22.5
834397,24/25,KRC Genk,JPL Champions PO,10.0,0.0,0.0,900.0,Mike Penders (834397),2005-07-31,Belgium,Goalkeeper,Goalkeeper,left,200.0,RC Strasbourg Alsace,667,12000000.0,2025-06-11,0.0,0.0,0.0,21.1
834483,24/25,UNAM Pumas,Liga MX Clausura,10.0,0.0,0.0,900.0,Álex Padilla (834483),2003-09-01,Mexico  Spain,Goalkeeper,Goalkeeper,right,190.0,Athletic Bilbao,621,3000000.0,2025-05-25,0.0,0.0,0.0,23.0
846382,24/25,Derby County U21,Premier League 2,10.0,0.0,0.0,900.0,Harry Evans (846382),2004-10-04,England,Goalkeeper,Goalkeeper,,195.0,Coleraine FC,3831,,,0.0,0.0,0.0,21.9
884818,24/25,Borussia Dortmund U19,U19 Nachwuchsliga - Liga A,10.0,0.0,0.0,900.0,Robin Lisewski (884818),2006-02-13,Poland  Germany,Goalkeeper,Goalkeeper,right,195.0,1.FC Nuremberg,4,150000.0,2025-09-04,0.0,0.0,0.0,20.5
903223,24/25,Royal Charleroi SC,JPL Europe PO,10.0,0.0,0.0,900.0,Martin Delavallée (903223),2004-03-18,Belgium,Goalkeeper,Goalkeeper,right,185.0,Royal Charleroi SC,172,1500000.0,2025-06-11,0.0,0.0,0.0,22.4
905112,24/25,AKA Steiermark - Sturm Graz U18,ÖFB Jugendliga U18,10.0,0.0,0.0,900.0,Christoph Wiener-Pucher (905112),2006-10-08,Austria  Germany,Goalkeeper,Goalkeeper,,186.0,SK Sturm Graz II,4443,50000.0,2025-05-29,0.0,0.0,0.0,19.9
931852,2025,Finn Harps,First Division,10.0,0.0,0.0,900.0,David Aziaya (931852),2004-08-03,England  Nigeria,Goalkeeper,Goalkeeper,right,197.0,Sutton United,3052,,,0.0,0.0,0.0,22.0
955280,24/25,FC Metz U19,National U19 - Grp. B,10.0,0.0,0.0,900.0,Romain Jean-Baptiste (955280),2006-02-21,France  Martinique,Goalkeeper,Goalkeeper,right,0.0,FC Metz B,8179,,,0.0,0.0,0.0,20.5
960628,24/25,Hibernians FC,Premier League Opening Round,10.0,0.0,0.0,900.0,Hugo Sacco (960628),2004-01-12,Malta  France,Goalkeeper,Goalkeeper,left,183.0,Hibernians FC,10604,250000.0,2025-05-18,0.0,0.0,0.0,22.6
984709,24/25,Feralpisalò Primavera,Primavera 2 - A,10.0,0.0,0.0,900.0,Enrico Lovato (984709),2006-01-09,Italy,Goalkeeper,Goalkeeper,right,201.0,Pro Sesto 1913,2254,,,0.0,0.0,0.0,20.6
1009438,24/25,VfB Stuttgart U19,U19 Nachwuchsliga - Gr. A,10.0,0.0,0.0,900.0,Florian Hellstern (1009438),2007-10-18,Germany,Goalkeeper,Goalkeeper,right,188.0,VfB Stuttgart II,102,500000.0,2025-08-23,0.0,0.0,0.0,18.8
1011150,24/25,Chelsea FC U18,U18 Premier League,10.0,0.0,0.0,900.0,Hudson Sands (1011150),2007-10-20,England,Goalkeeper,Goalkeeper,right,181.0,Chelsea FC U21,9250,,,0.0,0.0,0.0,18.8
1015497,24/25,Sivasspor U19,U19 Süper Lig,10.0,0.0,0.0,900.0,Kaan Sarman (1015497),2006-06-24,Türkiye,Goalkeeper,Goalkeeper,,0.0,Sivasspor,2381,,,0.0,0.0,0.0,20.2
1019114,24/25,Napoli Primavera,Primavera 2 - B,10.0,0.0,0.0,900.0,Andrea Sorrentino (1019114),2007-01-09,Italy,Goalkeeper,Goalkeeper,right,0.0,Nocerina Calcio,4114,,,0.0,0.0,0.0,19.6
1034545,24/25,MSV Duisburg U19,U19 Nachwuchsliga - Liga B,10.0,0.0,0.0,900.0,Fotios Adamidis (1034545),2006-12-16,Germany  Greece,Goalkeeper,Goalkeeper,right,196.0,Wuppertaler SV,299,,,0.0,0.0,0.0,19.7
1035315,24/25,FC Pratteln,2. Liga Inter - Gr. 2,10.0,0.0,0.0,900.0,Dwayne Wildhaber (1035315),2003-09-22,Switzerland,Goalkeeper,Goalkeeper,,0.0,FC Reinach,2060,,,0.0,0.0,0.0,22.9
1056641,2025,Flekkerøy IF,PostNord-ligaen Avd. 1,10.0,0.0,0.0,900.0,Sander Østraat (1056641),2005-02-02,Norway,Goalkeeper,Goalkeeper,right,189.0,Hamarkameratene,4309,50000.0,2025-06-17,0.0,0.0,0.0,21.5
1059293,24/25,Real Sociedad C,Segunda Federación - Gr. II,10.0,0.0,0.0,900.0,Lander Olasagasti (1059293),2004-03-26,Spain,Goalkeeper,Goalkeeper,,0.0,Real Sociedad C,44822,100000.0,2025-06-24,0.0,0.0,0.0,22.4
1072259,24/25,Samsunspor U19,U19 Süper Lig,10.0,0.0,0.0,900.0,Taha Tosun (1072259),2005-04-28,Türkiye,Goalkeeper,Goalkeeper,right,195.0,52 Orduspor FK,45369,0.0,2025-07-13,0.0,0.0,0.0,21.3
1083369,24/25,CD Santa Clara U23,Liga Revelação,10.0,0.0,0.0,900.0,João Afonso (1083369),2007-04-30,Portugal,Goalkeeper,Goalkeeper,right,187.0,CD Santa Clara U23,110983,,,0.0,0.0,0.0,19.3
1091871,24/25,UNAM Pumas U23,Liga MX U23 Clausura,10.0,0.0,0.0,900.0,Miguel Paul (1091871),2003-10-13,Mexico,Goalkeeper,Goalkeeper,,180.0,UNAM Pumas U21,110448,,,0.0,0.0,0.0,22.9
1135523,24/25,Crotone Primavera,Primavera 2 - B,10.0,0.0,0.0,900.0,Gabriele Greco (1135523),2006-06-13,Italy,Goalkeeper,Goalkeeper,,0.0,Without Club,515,,,0.0,0.0,0.0,20.2
1144518,24/25,1.FC Kaiserslautern U19,U19 Nachwuchsliga - Liga B,10.0,0.0,0.0,900.0,Enis Kamga (1144518),2007-07-08,Germany  Cameroon,Goalkeeper,Goalkeeper,right,195.0,1.FC Kaiserslautern,2,,,0.0,0.0,0.0,19.1
1185950,24/25,Cagliari Under 18,Under 18,10.0,0.0,0.0,900.0,Vincenzo Sarno (1185950),2008-05-16,Italy,Goalkeeper,Goalkeeper,right,189.0,Cagliari Primavera,11676,,,0.0,0.0,0.0,18.3
1216906,24/25,Olympique Lyon U19,National U19 - Grp. B,10.0,0.0,0.0,900.0,Matthias da Silva (1216906),2007-12-01,Portugal  France,Goalkeeper,Goalkeeper,right,0.0,Olympique Lyon B,12764,,,0.0,0.0,0.0,18.7
1231931,24/25,RSC Anderlecht U18,U18 Elite 1,10.0,0.0,0.0,900.0,Mattis Seghers (1231931),2009-01-19,Belgium,Goalkeeper,Goalkeeper,,0.0,RSC Anderlecht U18,66529,,,0.0,0.0,0.0,17.6
1270121,24/25,Cremonese Under 17,Under 17 - B,10.0,0.0,0.0,900.0,Riccardo Liberali (1270121),2008-02-07,Italy,Goalkeeper,Goalkeeper,,0.0,Cremonese Under 18,131869,,,0.0,0.0,0.0,18.5
1298953,24/25,Brescia Under 17,Under 17 - B,10.0,0.0,0.0,900.0,Alessandro Anelli (1298953),2008-12-16,Italy,Goalkeeper,Goalkeeper,,0.0,Atalanta Primavera,11998,,,0.0,0.0,0.0,17.7
974488,2025,Coritiba Foot Ball Club,Campeonato Paranaense,10.0,0.0,0.0,897.0,Pedro Morisco (974488),2004-01-10,Brazil,Goalkeeper,Goalkeeper,right,191.0,Coritiba Foot Ball Club,776,1000000.0,2025-06-26,0.0,0.0,0.0,22.6
1185950,24/25,Cagliari Under 17,Under 17 - B,10.0,0.0,0.0,897.0,Vincenzo Sarno (1185950),2008-05-16,Italy,Goalkeeper,Goalkeeper,right,189.0,Cagliari Primavera,11676,,,0.0,0.0,0.0,18.3
1131973,24/25,Arsenal FC U18,U18 Premier League,10.0,0.0,0.0,888.0,Jack Porter (1131973),2008-07-15,England,Goalkeeper,Goalkeeper,right,187.0,Arsenal FC U21,9249,400000.0,2025-05-29,0.0,0.0,0.0,18.1
706815,24/25,Liverpool FC U21,Premier League 2,10.0,0.0,0.0,885.0,Harvey Davies (706815),2003-09-03,England,Goalkeeper,Goalkeeper,left,190.0,Crawley Town,3537,500000.0,2025-05-29,0.0,0.0,0.0,23.0
1023809,24/25,Hannover 96 U19,U19 Nachwuchsliga - Liga A,10.0,0.0,0.0,884.0,Jonas Schwanke (1023809),2006-09-24,Germany,Goalkeeper,Goalkeeper,left,194.0,Hannover 96,42,,,0.0,0.0,0.0,19.9
1150980,24/25,Rot-Weiß Oberhausen U19,U19 Nachwuchsliga - Liga B,10.0,0.0,0.0,879.0,Jannis Knoblauch (1150980),2007-01-19,Germany,Goalkeeper,Goalkeeper,right,192.0,Rot-Weiß Oberhausen,57,10000.0,2025-06-22,0.0,0.0,0.0,19.6
1186669,24/25,Frosinone Under 17,Under 17 - C,10.0,0.0,0.0,877.0,Federico Giora (1186669),2008-09-11,Italy,Goalkeeper,Goalkeeper,right,0.0,Latina Primavera,27623,,,0.0,0.0,0.0,17.9
1054195,24/25,Nissa FC,Serie D - I,10.0,0.0,0.0,870.0,Enzo Cassano (1054195),2004-11-12,Italy,Goalkeeper,Goalkeeper,right,192.0,Without Club,515,50000.0,2025-05-14,0.0,0.0,0.0,21.8
1318286,24/25,Royal Antwerp FC U18,U18 Elite 1,10.0,0.0,0.0,870.0,Marcel Van Dijck (1318286),2008-01-10,Belgium,Goalkeeper,Goalkeeper,,0.0,Young Reds,59639,,,0.0,0.0,0.0,18.6
1312295,24/25,Sampdoria Under 17,Under 17 - A,10.0,0.0,0.0,864.0,Andrey Krastev (1312295),2008-08-04,Bulgaria,Goalkeeper,Goalkeeper,right,195.0,Sampdoria Primavera,12001,,,0.0,0.0,0.0,18.0
842187,24/25,SV Ried II,Regional League Central,11.0,0.0,0.0,858.0,Dominik Stöger (842187),2006-09-22,Austria,Goalkeeper,Goalkeeper,,200.0,SV Ried,266,10000.0,2025-05-29,0.0,0.0,0.0,19.9
584112,24/25,Zemplin Michalovce,Niké Liga,10.0,0.0,0.0,855.0,Muhamed Sahinovic (584112),2003-09-30,Bosnia-Herzegovina,Goalkeeper,Goalkeeper,right,191.0,FC Koper,433,500000.0,2025-06-05,0.0,0.0,0.0,22.9
809485,24/25,FC 08 Homburg,Regionalliga Südwest,10.0,0.0,0.0,855.0,Lukas Hoffmann (809485),2003-11-09,Germany,Goalkeeper,Goalkeeper,,0.0,FC 08 Homburg,459,100000.0,2025-06-10,0.0,0.0,0.0,22.8
896350,24/25,TSG 1899 Hoffenheim U19,U19 Nachwuchsliga - Gr. A,10.0,0.0,0.0,855.0,Benjamin Lade (896350),2006-06-28,Germany,Goalkeeper,Goalkeeper,,187.0,TSG 1899 Hoffenheim II,983,,,0.0,0.0,0.0,20.1
1014064,2025,Busan Transportation Corp.,K3 League,10.0,0.0,0.0,855.0,Min-seung Kim (1014064),2005-02-09,"Korea, South",Goalkeeper,Goalkeeper,,188.0,Busan Transportation Corp.,36871,0.0,2024-12-04,0.0,0.0,0.0,21.5
1263105,24/25,Como Under 17,Under 17 - B,10.0,0.0,0.0,855.0,Dylan Sgarbi (1263105),2009-04-21,Italy,Goalkeeper,Goalkeeper,,0.0,Como Under 17,49777,,,0.0,0.0,0.0,17.3
1360939,2025,New England Revolution II,MLS Next Pro,9.0,0.0,0.0,840.0,Donovan Parisian (1360939),2004-09-27,Armenia  United States,Goalkeeper,Goalkeeper,,193.0,New England Revolution,626,,,0.0,0.0,0.0,21.9
717910,24/25,Legia Warsaw II,Betclic 3 Liga - Group I,10.0,0.0,0.0,835.0,Marcel Mendes-Dudzinski (717910),2005-05-14,Poland  Brazil,Goalkeeper,Goalkeeper,right,193.0,Legia Warszawa,255,50000.0,2025-06-05,0.0,0.0,0.0,21.3
1104725,24/25,FC Bayern Munich II,Regionalliga Bayern,10.0,0.0,0.0,824.0,Anthony Pavlesic (1104725),2006-01-31,Croatia  Australia,Goalkeeper,Goalkeeper,right,190.0,NK Rudes,11083,150000.0,2025-06-23,0.0,0.0,0.0,20.5
649305,25/26,Chaika Peschanokopskoe,1.Division,9.0,0.0,0.0,810.0,Semen Fadeev (649305),2004-08-23,Russia,Goalkeeper,Goalkeeper,right,191.0,Chaika Peschanokopskoe,36972,150000.0,2025-07-27,0.0,0.0,0.0,22.0
690624,24/25,Go Ahead Eagles Deventer U21,U21 Div. 1 Fall,9.0,0.0,0.0,810.0,Sven Jansen (690624),2004-10-23,Netherlands,Goalkeeper,Goalkeeper,right,192.0,Go Ahead Eagles,1435,50000.0,2025-05-27,0.0,0.0,0.0,21.8
715382,25/26,Arsenal Tula,1.Division,9.0,0.0,0.0,810.0,Mikhail Tsulaya (715382),2005-02-08,Russia  Georgia,Goalkeeper,Goalkeeper,right,191.0,Arsenal Tula,3729,350000.0,2025-06-01,0.0,0.0,0.0,21.5
738112,24/25,AS Giana Erminio,Serie C-A,9.0,0.0,0.0,810.0,Luca Moro (738112),2004-07-14,Italy,Goalkeeper,Goalkeeper,right,192.0,AC Perugia Calcio,839,150000.0,2025-06-18,0.0,0.0,0.0,22.1
740040,24/25,De Graafschap Doetinchem U21,U21 Div. 2 Spring,9.0,0.0,0.0,810.0,Sten Kremers (740040),2004-02-16,Netherlands,Goalkeeper,Goalkeeper,right,191.0,De Graafschap Doetinchem,642,50000.0,2025-06-08,0.0,0.0,0.0,22.5
764861,24/25,Gil Vicente U23,Revelação U23 - Championship,9.0,0.0,0.0,810.0,André Picornell (764861),2004-04-03,Sweden  Spain,Goalkeeper,Goalkeeper,left,190.0,Gil Vicente U23,99764,0.0,2024-09-26,0.0,0.0,0.0,22.4
799899,24/25,Hvidovre IF,1.Division Promotion,9.0,0.0,0.0,810.0,Theo Sander (799899),2005-01-08,Denmark  France,Goalkeeper,Goalkeeper,both,192.0,Odense Boldklub,173,1000000.0,2025-06-15,0.0,0.0,0.0,21.6
827435,24/25,Chelsea FC U21,Premier League 2,9.0,0.0,0.0,810.0,Max Merrick (827435),2005-11-10,England,Goalkeeper,Goalkeeper,,0.0,Chelsea FC U21,9250,,,0.0,0.0,0.0,20.8
834397,24/25,Jong Genk,CPL,9.0,0.0,0.0,810.0,Mike Penders (834397),2005-07-31,Belgium,Goalkeeper,Goalkeeper,left,200.0,RC Strasbourg Alsace,667,12000000.0,2025-06-11,0.0,0.0,0.0,21.1
882209,24/25,Aston Villa U21,Premier League 2,9.0,0.0,0.0,810.0,Sam Lewis (882209),2006-01-18,England,Goalkeeper,Goalkeeper,,0.0,Oxford City,22563,,,0.0,0.0,0.0,20.6
896350,24/25,TSG 1899 Hoffenheim U19,U19 Nachwuchsliga - Liga A,9.0,0.0,0.0,810.0,Benjamin Lade (896350),2006-06-28,Germany,Goalkeeper,Goalkeeper,,187.0,TSG 1899 Hoffenheim II,983,,,0.0,0.0,0.0,20.1
903440,25/26,Brechin City FC,Highland League,9.0,0.0,0.0,810.0,Craig Hepburn (903440),2004-11-20,Scotland,Goalkeeper,Goalkeeper,right,194.0,Brechin City FC,3194,,,0.0,0.0,0.0,21.7
915071,24/25,FC St. Pauli II,Regionalliga Nord,9.0,0.0,0.0,810.0,Ronny Seibt (915071),2005-07-10,Germany,Goalkeeper,Goalkeeper,right,191.0,HNK Vukovar 1991,456,75000.0,2025-06-23,0.0,0.0,0.0,21.1
926602,24/25,Zébra Élites,1ste NAT ACFF REL PO,9.0,0.0,0.0,810.0,Nicolas Closset (926602),2004-07-10,Belgium,Goalkeeper,Goalkeeper,,185.0,Royal Charleroi SC,172,50000.0,2025-06-11,0.0,0.0,0.0,22.1
929868,24/25,SC Braga B,Liga 3 - Relegation round,9.0,0.0,0.0,810.0,João Carvalho (929868),2004-04-09,Portugal,Goalkeeper,Goalkeeper,right,189.0,SC Braga B,10789,1000000.0,2025-05-29,0.0,0.0,0.0,22.4
954709,24/25,Norwich City U21,Premier League 2,9.0,0.0,0.0,810.0,Caleb Ansen (954709),2005-09-18,England,Goalkeeper,Goalkeeper,,0.0,Bedford Town,3682,,,0.0,0.0,0.0,20.9
981532,24/25,Beerschot VA U23,3de Nationale VV A,9.0,0.0,0.0,810.0,Emile Doucouré (981532),2007-09-28,Mali  Belgium,Goalkeeper,Goalkeeper,,0.0,Beerschot VA,41274,300000.0,2025-06-11,0.0,0.0,0.0,18.9
993399,2025,Strømsgodset IF II,Norsk Tipping-Ligaen avd. 3,9.0,0.0,0.0,810.0,Simo Lampinen-Skaug (993399),2005-04-09,Norway,Goalkeeper,Goalkeeper,right,190.0,Strømsgodset IF,2817,200000.0,2025-06-17,0.0,0.0,0.0,21.4
1002283,2025,Pacific FC,CanPL,9.0,0.0,0.0,810.0,Max Anchor (1002283),2004-07-21,Canada,Goalkeeper,Goalkeeper,,191.0,Pacific FC,68221,150000.0,2025-05-11,0.0,0.0,0.0,22.1
1005653,2025,SC Corinthians U20,Copinha,9.0,0.0,0.0,810.0,Kauê (1005653),2004-02-08,Brazil,Goalkeeper,Goalkeeper,right,192.0,Sport Club Corinthians Paulista,199,,,0.0,0.0,0.0,22.5
1007801,2025,SK Brann II,PostNord-ligaen Avd. 1,9.0,0.0,0.0,810.0,Mathias Engevik Klausen (1007801),2007-10-10,Norway,Goalkeeper,Goalkeeper,right,182.0,SK Brann,1100,100000.0,2025-06-17,0.0,0.0,0.0,18.9
1009438,24/25,VfB Stuttgart U19,U19 Nachwuchsliga - Liga A,9.0,0.0,0.0,810.0,Florian Hellstern (1009438),2007-10-18,Germany,Goalkeeper,Goalkeeper,right,188.0,VfB Stuttgart II,102,500000.0,2025-08-23,0.0,0.0,0.0,18.8
1053219,24/25,Cosenza Primavera,Primavera 2 - B,9.0,0.0,0.0,810.0,Gioele Baldi (1053219),2007-04-14,Italy,Goalkeeper,Goalkeeper,,0.0,L'Aquila 1927,4153,,,0.0,0.0,0.0,19.3
1056170,24/25,Fossano Calcio,Serie D - A,9.0,0.0,0.0,810.0,Matteo Menino (1056170),2006-07-03,Italy,Goalkeeper,Goalkeeper,,0.0,Forza e Coraggio Alessandria,2721,,,0.0,0.0,0.0,20.1
1056430,24/25,Manchester City U18,U18 Premier League,9.0,0.0,0.0,810.0,Oliver Whatmuff (1056430),2007-11-06,England,Goalkeeper,Goalkeeper,right,185.0,Rochdale AFC,1088,,,0.0,0.0,0.0,18.8
1071517,24/25,Roma City FC,Serie D - F,9.0,0.0,0.0,810.0,Robert Matei (1071517),2006-09-13,Romania,Goalkeeper,Goalkeeper,,193.0,Virtus Francavilla Calcio,49939,0.0,2025-03-20,0.0,0.0,0.0,19.9
1079622,24/25,Eintracht Frankfurt U19,U19 Nachwuchsliga - Liga A,9.0,0.0,0.0,810.0,Amil Siljevic (1079622),2007-01-19,Germany  Serbia,Goalkeeper,Goalkeeper,right,190.0,Eintracht Frankfurt II,177,,,0.0,0.0,0.0,19.6
1083369,24/25,CD Santa Clara U23,Revelação U23 - Qualif. round,9.0,0.0,0.0,810.0,João Afonso (1083369),2007-04-30,Portugal,Goalkeeper,Goalkeeper,right,187.0,CD Santa Clara U23,110983,,,0.0,0.0,0.0,19.3
1091871,24/25,UNAM Pumas U23,Liga MX U23 Apertura,9.0,0.0,0.0,810.0,Miguel Paul (1091871),2003-10-13,Mexico,Goalkeeper,Goalkeeper,,180.0,UNAM Pumas U21,110448,,,0.0,0.0,0.0,22.9
1116620,2025,Botafogo FR U20,CBF Brasileiro U20,9.0,0.0,0.0,810.0,Rhyan (1116620),2006-01-03,Brazil,Goalkeeper,Goalkeeper,,188.0,Botafogo FR U20,16653,,,0.0,0.0,0.0,20.6
1127591,24/25,Deportivo Guadalajara U23,Liga MX U23 Clausura,9.0,0.0,0.0,810.0,Sebastián Liceaga (1127591),2007-04-11,Mexico,Goalkeeper,Goalkeeper,right,185.0,Deportivo Guadalajara U21,110459,,,0.0,0.0,0.0,19.4
1132846,24/25,Spezia Primavera,Primavera 2 - B,9.0,0.0,0.0,810.0,Diego Tortorella (1132846),2007-08-08,Italy,Goalkeeper,Goalkeeper,,0.0,Spezia Primavera,14893,,,0.0,0.0,0.0,19.0
1160291,24/25,Wolverhampton Wanderers U21,Premier League 2,9.0,0.0,0.0,810.0,Josh Gracey (1160291),2007-12-14,Northern Ireland,Goalkeeper,Goalkeeper,,196.0,Wolverhampton Wanderers U21,24226,0.0,2024-05-22,0.0,0.0,0.0,18.7
1182165,24/25,Empoli Under 18,Under 18,9.0,0.0,0.0,810.0,Francesco Versari (1182165),2007-02-25,Italy,Goalkeeper,Goalkeeper,right,0.0,FC Empoli,749,,,0.0,0.0,0.0,19.5
1193344,24/25,Modena Under 17,Under 17 - A,9.0,0.0,0.0,810.0,Andrea Maran (1193344),2008-08-12,Italy,Goalkeeper,Goalkeeper,,0.0,Modena Primavera,14908,,,0.0,0.0,0.0,18.0
1197308,2025,CA Talleres II,Copa Proyección Apertura,9.0,0.0,0.0,810.0,Santino Barbi (1197308),2005-06-14,Argentina,Goalkeeper,Goalkeeper,right,191.0,CA Talleres II,55574,,,0.0,0.0,0.0,21.2
1200023,24/25,SPAL Primavera,Primavera 2 - A,9.0,0.0,0.0,810.0,Tommaso Stagni (1200023),2007-04-06,Italy,Goalkeeper,Goalkeeper,,0.0,Ravenna FC,1105,,,0.0,0.0,0.0,19.4
1278378,24/25,Roma Under 17,Under 17 - C,9.0,0.0,0.0,810.0,Diego Di Salvatore (1278378),2008-08-25,Italy,Goalkeeper,Goalkeeper,,0.0,Roma Under 18,76094,,,0.0,0.0,0.0,18.0
1312295,24/25,Sampdoria Primavera,Primavera 1,9.0,0.0,0.0,810.0,Andrey Krastev (1312295),2008-08-04,Bulgaria,Goalkeeper,Goalkeeper,right,195.0,Sampdoria Primavera,12001,,,0.0,0.0,0.0,18.0
1312295,24/25,Sampdoria Under 18,Under 18,9.0,0.0,0.0,810.0,Andrey Krastev (1312295),2008-08-04,Bulgaria,Goalkeeper,Goalkeeper,right,195.0,Sampdoria Primavera,12001,,,0.0,0.0,0.0,18.0
1313610,24/25,Reggiana Under 17,Under 17 - A,9.0,0.0,0.0,810.0,Filippo Costi (1313610),2008-12-28,Italy,Goalkeeper,Goalkeeper,,0.0,Reggiana Primavera,20406,,,0.0,0.0,0.0,17.6
1318286,24/25,Young Reds,1ste Nationale VV,9.0,0.0,0.0,810.0,Marcel Van Dijck (1318286),2008-01-10,Belgium,Goalkeeper,Goalkeeper,,0.0,Young Reds,59639,,,0.0,0.0,0.0,18.6
1338614,24/25,Rochdale AFC,National League,9.0,0.0,0.0,810.0,Killian Barrett (1338614),2004-03-15,Ireland,Goalkeeper,Goalkeeper,left,190.0,Sheffield Wednesday,1035,,,0.0,0.0,0.0,22.4
1338614,24/25,Solihull Moors,National League,9.0,0.0,0.0,810.0,Killian Barrett (1338614),2004-03-15,Ireland,Goalkeeper,Goalkeeper,left,190.0,Sheffield Wednesday,1035,,,0.0,0.0,0.0,22.4
998664,2025,Colorado Rapids 2,MLS Next Pro,9.0,0.0,0.0,809.0,Adam Beaudry (998664),2006-04-18,United States,Goalkeeper,Goalkeeper,right,188.0,Colorado Rapids,1247,200000.0,2025-06-04,0.0,0.0,0.0,20.3
1047622,24/25,Kepez Spor Futbol,2.Lig Beyaz,9.0,0.0,0.0,806.0,Kağan Arıcan (1047622),2006-03-10,Türkiye,Goalkeeper,Goalkeeper,right,187.0,Antalyaspor,589,150000.0,2025-06-19,0.0,0.0,0.0,20.4
1113306,24/25,SC Bastia B,National 3 - Grp. D,9.0,0.0,0.0,791.0,Valentin Cenatiempo (1113306),2005-06-25,France,Goalkeeper,Goalkeeper,,0.0,US Concarneau,21688,,,0.0,0.0,0.0,21.1
1213302,2025,Yokohama Sports & Culture Club,Japan Football League,9.0,0.0,0.0,776.0,Yoon-sung Lee (1213302),2005-05-23,"Korea, South",Goalkeeper,Goalkeeper,right,188.0,Sagan Tosu,22177,50000.0,2024-12-09,0.0,0.0,0.0,21.2
960628,24/25,Hibernians FC,Premier League Closing Round,9.0,0.0,0.0,765.0,Hugo Sacco (960628),2004-01-12,Malta  France,Goalkeeper,Goalkeeper,left,183.0,Hibernians FC,10604,250000.0,2025-05-18,0.0,0.0,0.0,22.6
1091314,24/25,Everton FC U21,Premier League 2,9.0,0.0,0.0,765.0,Fraser Barnsley (1091314),2004-10-06,Northern Ireland  England,Goalkeeper,Goalkeeper,,0.0,Marine FC,23010,,,0.0,0.0,0.0,21.9
1166272,24/25,Stade de Reims U19,National U19 - Grp. B,9.0,0.0,0.0,765.0,Lino Duhamel (1166272),2006-01-12,France,Goalkeeper,Goalkeeper,right,188.0,Blois Football 41,25114,,,0.0,0.0,0.0,20.6
595530,24/25,Catania FC,Serie C-C,9.0,0.0,0.0,732.0,Klavs Bethers (595530),2003-12-24,Latvia,Goalkeeper,Goalkeeper,right,0.0,Catania FC,1627,150000.0,2025-06-18,0.0,0.0,0.0,22.7
1054924,24/25,Cádiz CF Mirandilla,Segunda Federación - Gr. IV,9.0,0.0,0.0,731.0,Rubén Domínguez (1054924),2005-06-08,Spain,Goalkeeper,Goalkeeper,,0.0,Atlético Sanluqueño CF,21322,25000.0,2025-06-24,0.0,0.0,0.0,21.2
607720,24/25,Bayern Munich,Bundesliga,8.0,0.0,0.0,720.0,Jonas Urbig (607720),2003-08-08,Germany,Goalkeeper,Goalkeeper,both,189.0,Bayern Munich,27,12000000.0,2025-06-04,0.0,0.0,0.0,23.0
632846,24/25,Olbia Calcio 1905,Serie D - G,8.0,0.0,0.0,720.0,Edoardo Ascioti (632846),2004-06-12,Italy,Goalkeeper,Goalkeeper,right,187.0,Olbia Calcio 1905,9826,50000.0,2025-05-14,0.0,0.0,0.0,22.2
659375,24/25,WSG Tirol II,Regionalliga Tirol,8.0,0.0,0.0,720.0,Paul Schermer (659375),2004-04-04,Austria,Goalkeeper,Goalkeeper,,186.0,WSG Tirol,2446,100000.0,2025-06-05,0.0,0.0,0.0,22.4
680218,24/25,Standard Liège,JPL Europe PO,8.0,0.0,0.0,720.0,Matthieu Epolo (680218),2005-01-15,Belgium  DR Congo,Goalkeeper,Goalkeeper,right,189.0,Standard Liège,3057,4000000.0,2025-06-11,0.0,0.0,0.0,21.6
688853,25/26,SSV Jeddeloh II,Regionalliga Nord,8.0,0.0,0.0,720.0,Moritz Onken (688853),2003-08-01,Germany,Goalkeeper,Goalkeeper,right,192.0,SSV Jeddeloh II,6776,10000.0,2025-06-23,0.0,0.0,0.0,23.0
703227,24/25,AC Milan Primavera,Primavera 1,8.0,0.0,0.0,720.0,Davide Mastrantonio (703227),2004-01-16,Italy,Goalkeeper,Goalkeeper,right,189.0,Latina Calcio 1932,22045,100000.0,2025-06-18,0.0,0.0,0.0,22.6
709986,24/25,FC Legnago Salus,Serie C-B,8.0,0.0,0.0,720.0,Giacomo Toniolo (709986),2004-04-01,Italy,Goalkeeper,Goalkeeper,right,192.0,Hellas Verona,276,75000.0,2025-06-18,0.0,0.0,0.0,22.4
724709,24/25,Preußen Münster II,Oberliga Westfalen,8.0,0.0,0.0,720.0,Marian Kirsch (724709),2004-02-12,Germany,Goalkeeper,Goalkeeper,,196.0,Preußen Münster,91,75000.0,2025-06-18,0.0,0.0,0.0,22.5
725816,24/25,SC Heerenveen U21,U21 Div. 2 Spring,8.0,0.0,0.0,720.0,Bernt Klaverboer (725816),2005-09-26,Netherlands,Goalkeeper,Goalkeeper,right,190.0,SC Heerenveen,306,75000.0,2025-05-27,0.0,0.0,0.0,20.9
726706,24/25,FC Vizela U23,Liga Revelação,8.0,0.0,0.0,720.0,Thiago Pereira (726706),2004-04-14,Portugal  Brazil,Goalkeeper,Goalkeeper,,191.0,GD Chaves,3325,,,0.0,0.0,0.0,22.3
727086,24/25,Olympique de Marseille B,National 3 - Grp. J,8.0,0.0,0.0,720.0,Jelle Van Neck (727086),2004-03-07,Belgium,Goalkeeper,Goalkeeper,right,191.0,Olympique de Marseille B,8524,50000.0,2025-06-02,0.0,0.0,0.0,22.5
729536,24/25,Alcione Milano,Serie C-A,8.0,0.0,0.0,720.0,Federico Agazzi (729536),2004-04-18,Italy,Goalkeeper,Goalkeeper,right,184.0,Alcione Milano,52687,100000.0,2025-06-18,0.0,0.0,0.0,22.3
741492,24/25,Sporting CP B,Liga 3,8.0,0.0,0.0,720.0,Francisco Silva (741492),2005-11-20,Portugal  Brazil,Goalkeeper,Goalkeeper,right,190.0,Sporting CP U23,67909,,,0.0,0.0,0.0,20.7
787248,24/25,Mazatlán FC U23,Liga MX U23 Clausura,8.0,0.0,0.0,720.0,Brian Betancourt (787248),2004-01-30,Mexico,Goalkeeper,Goalkeeper,,184.0,Mazatlán FC U21,110456,,,0.0,0.0,0.0,22.6
796234,24/25,Paksi FC,NB I.,8.0,0.0,0.0,720.0,Barnabás Simon (796234),2004-02-13,Hungary,Goalkeeper,Goalkeeper,right,192.0,Paksi FC,12163,200000.0,2025-05-27,0.0,0.0,0.0,22.5
798664,25/26,FC Kaluga,2. Division A (Phase 1),8.0,0.0,0.0,720.0,Vyacheslav Dorovskikh (798664),2003-09-14,Russia,Goalkeeper,Goalkeeper,right,197.0,FC Kaluga,28098,25000.0,2025-06-17,0.0,0.0,0.0,22.9
802986,24/25,FK Jedinstvo Ub,Super liga Srbije,8.0,0.0,0.0,720.0,Justin Bengui (802986),2005-07-09,France  Angola,Goalkeeper,Goalkeeper,left,190.0,RWDM Brussels,54189,400000.0,2025-06-11,0.0,0.0,0.0,21.1
861600,24/25,Sheffield Wednesday,Championship,8.0,0.0,0.0,720.0,Pierce Charles (861600),2005-07-21,Northern Ireland  England,Goalkeeper,Goalkeeper,right,186.0,Sheffield Wednesday,1035,300000.0,2025-05-26,0.0,0.0,0.0,21.1
870187,24/25,SC Covilhã,Liga 3,8.0,0.0,0.0,720.0,Rafa (870187),2003-09-28,Portugal,Goalkeeper,Goalkeeper,right,193.0,FC Paços de Ferreira,2995,0.0,2024-09-26,0.0,0.0,0.0,22.9
878645,25/26,Braintree Town,National League,8.0,0.0,0.0,720.0,Mason Terry (878645),2004-09-20,England,Goalkeeper,Goalkeeper,right,196.0,Braintree Town,6340,,,0.0,0.0,0.0,21.9
882209,25/26,Oxford City,National League North,8.0,0.0,0.0,720.0,Sam Lewis (882209),2006-01-18,England,Goalkeeper,Goalkeeper,,0.0,Oxford City,22563,,,0.0,0.0,0.0,20.6
899158,25/26,Hvidovre IF,1.Division,8.0,0.0,0.0,720.0,Anders Ravn (899158),2005-04-02,Denmark,Goalkeeper,Goalkeeper,right,193.0,Hvidovre IF,1894,25000.0,2025-06-15,0.0,0.0,0.0,21.4
903223,24/25,Royal Charleroi SC,Jupiler Pro League,8.0,0.0,0.0,720.0,Martin Delavallée (903223),2004-03-18,Belgium,Goalkeeper,Goalkeeper,right,185.0,Royal Charleroi SC,172,1500000.0,2025-06-11,0.0,0.0,0.0,22.4
903223,24/25,Zébra Élites,1ste Nationale ACFF,8.0,0.0,0.0,720.0,Martin Delavallée (903223),2004-03-18,Belgium,Goalkeeper,Goalkeeper,right,185.0,Royal Charleroi SC,172,1500000.0,2025-06-11,0.0,0.0,0.0,22.4
905961,24/25,SC Cambuur-Leeuwarden U21,U21 Div. 1 Spring,8.0,0.0,0.0,720.0,Thijmen Renkel (905961),2003-09-26,Netherlands,Goalkeeper,Goalkeeper,,0.0,ACV Assen,2958,,,0.0,0.0,0.0,22.9
920936,24/25,FC Schalke 04 II,Regionalliga West,8.0,0.0,0.0,720.0,Faaris Yusufu (920936),2005-02-11,Germany  Ghana,Goalkeeper,Goalkeeper,right,183.0,FC Schalke 04 II,34,50000.0,2025-06-22,0.0,0.0,0.0,21.5
926648,24/25,Roma Under 18,Under 18,8.0,0.0,0.0,720.0,Atanas Kehayov (926648),2007-05-16,Bulgaria,Goalkeeper,Goalkeeper,right,197.0,Cagliari Primavera,11676,,,0.0,0.0,0.0,19.3
926850,24/25,Real Madrid Castilla,Primera Federación - Gr. II,8.0,0.0,0.0,720.0,Diego Piñeiro (926850),2004-02-13,Spain,Goalkeeper,Goalkeeper,right,185.0,Real Murcia CF,171,100000.0,2025-06-24,0.0,0.0,0.0,22.5
926985,24/25,Arsenal FC U21,Premier League 2,8.0,0.0,0.0,720.0,Lucas Nygaard (926985),2006-06-26,Denmark,Goalkeeper,Goalkeeper,,188.0,Brabrand IF,5874,,,0.0,0.0,0.0,20.1
931512,24/25,Blackburn Rovers U21,Premier League 2,8.0,0.0,0.0,720.0,Nicholas Michalski (931512),2007-03-14,England  Poland,Goalkeeper,Goalkeeper,,0.0,Blackburn Rovers U21,9258,,,0.0,0.0,0.0,19.4
938145,24/25,FC Barcelona UEFA U19,UEFA Youth League,8.0,0.0,0.0,720.0,Áron Yaakobishvili (938145),2006-03-06,Hungary  Georgia,Goalkeeper,Goalkeeper,both,187.0,FC Andorra,10718,300000.0,2025-06-24,0.0,0.0,0.0,20.5
948135,24/25,SK Sturm Graz UEFA U19,UEFA Youth League,8.0,0.0,0.0,720.0,Elias Lorenz (948135),2006-03-27,Austria,Goalkeeper,Goalkeeper,,194.0,SK Sturm Graz,122,75000.0,2025-05-29,0.0,0.0,0.0,20.4
964114,25/26,SV Meppen,Regionalliga Nord,8.0,0.0,0.0,720.0,Julius Pünt (964114),2004-04-01,Germany,Goalkeeper,Goalkeeper,right,194.0,SV Meppen,247,125000.0,2025-06-23,0.0,0.0,0.0,22.4
965043,24/25,Jagiellonia Bialystok II,Betclic 3 Liga - Group I,8.0,0.0,0.0,720.0,Milosz Piekutowski (965043),2006-05-08,Poland,Goalkeeper,Goalkeeper,both,189.0,Jagiellonia Bialystok,2300,350000.0,2025-06-05,0.0,0.0,0.0,20.3
984573,24/25,Sporting CP U23,Revelação U23 - Championship,8.0,0.0,0.0,720.0,Guilherme Pires (984573),2005-04-19,Portugal,Goalkeeper,Goalkeeper,right,194.0,Sporting CP B,10949,,,0.0,0.0,0.0,21.3
1006612,2025,Philadelphia Union II,MLS Next Pro,7.0,0.0,0.0,720.0,Andrew Rick (1006612),2006-01-30,United States,Goalkeeper,Goalkeeper,,0.0,Philadelphia Union,25467,250000.0,2025-06-04,0.0,0.0,0.0,20.6
1009438,24/25,VfB Stuttgart UEFA U19,UEFA Youth League,8.0,0.0,0.0,720.0,Florian Hellstern (1009438),2007-10-18,Germany,Goalkeeper,Goalkeeper,right,188.0,VfB Stuttgart II,102,500000.0,2025-08-23,0.0,0.0,0.0,18.8
1009439,24/25,Bayern Munich UEFA U19,UEFA Youth League,8.0,0.0,0.0,720.0,Leon Klanac (1009439),2007-03-01,Germany  Croatia,Goalkeeper,Goalkeeper,right,185.0,FC Bayern Munich II,28,150000.0,2025-09-04,0.0,0.0,0.0,19.5
1009439,24/25,FC Bayern Munich U19,U19 Nachwuchsliga - Liga A,8.0,0.0,0.0,720.0,Leon Klanac (1009439),2007-03-01,Germany  Croatia,Goalkeeper,Goalkeeper,right,185.0,FC Bayern Munich II,28,150000.0,2025-09-04,0.0,0.0,0.0,19.5
1013690,24/25,Manchester United U21,Premier League 2,8.0,0.0,0.0,720.0,Elyh Harrison (1013690),2006-02-19,England  South Africa,Goalkeeper,Goalkeeper,,182.0,Shrewsbury Town,3054,,,0.0,0.0,0.0,20.5
1048715,24/25,RB Leipzig U19,U19 Nachwuchsliga - Liga A,8.0,0.0,0.0,720.0,Fernando Dickes (1048715),2007-10-13,Germany,Goalkeeper,Goalkeeper,left,193.0,Hamburger SV,41,,,0.0,0.0,0.0,18.9
1053392,24/25,Recreativo Granada,Segunda Federación - Gr. IV,8.0,0.0,0.0,720.0,Bogdan Isachenko (1053392),2004-01-30,Ukraine,Goalkeeper,Goalkeeper,right,191.0,Recreativo Granada,21550,25000.0,2025-06-24,0.0,0.0,0.0,22.6
1053852,25/26,Worthing FC,National League South,8.0,0.0,0.0,720.0,Sebastian Stacey (1053852),2006-05-19,England,Goalkeeper,Goalkeeper,,0.0,Worthing FC,8123,,,0.0,0.0,0.0,20.3
1054444,24/25,US Vibonese,Serie D - I,8.0,0.0,0.0,720.0,Giovanni Bolzon (1054444),2006-06-16,Italy,Goalkeeper,Goalkeeper,left,183.0,RC Codogno 1908,56808,50000.0,2025-05-14,0.0,0.0,0.0,20.2
1056430,24/25,Manchester City U21,Premier League 2,8.0,0.0,0.0,720.0,Oliver Whatmuff (1056430),2007-11-06,England,Goalkeeper,Goalkeeper,right,185.0,Rochdale AFC,1088,,,0.0,0.0,0.0,18.8
1057053,24/25,Udinese Primavera,Primavera 1,8.0,0.0,0.0,720.0,Luca Kristancig (1057053),2007-02-10,Italy,Goalkeeper,Goalkeeper,right,183.0,Bologna Primavera,14848,,,0.0,0.0,0.0,19.5
1059771,24/25,Empoli Primavera,Primavera 1,8.0,0.0,0.0,720.0,Filippo Vertua (1059771),2006-11-05,Italy,Goalkeeper,Goalkeeper,,0.0,AS Ostiamare Lido Calcio,9793,50000.0,2025-06-26,0.0,0.0,0.0,19.8
1085884,24/25,FC Viktoria 1889 Berlin U19,U19 Nachwuchsliga - Liga B,8.0,0.0,0.0,720.0,Lennox Lebelt (1085884),2007-07-09,Germany,Goalkeeper,Goalkeeper,,184.0,FC Viktoria 1889 Berlin U19,40719,,,0.0,0.0,0.0,19.1
1092126,24/25,Racing Strasbourg B,National 3 - Grp. H,8.0,0.0,0.0,720.0,Ryan Tutu Mayangila (1092126),2005-04-01,DR Congo  France,Goalkeeper,Goalkeeper,right,0.0,SM Caen B,12770,,,0.0,0.0,0.0,21.4
1095178,24/25,CD Tapatío,Liga Expansión MX Cl.,8.0,0.0,0.0,720.0,Erick Montiel (1095178),2004-03-18,Mexico,Goalkeeper,Goalkeeper,,187.0,CD Tapatío,13362,300000.0,2025-05-18,0.0,0.0,0.0,22.4
1111332,24/25,VfB Lübeck II,Oberliga Schleswig-Holstein,8.0,0.0,0.0,720.0,Phillip Diestel (1111332),2006-10-16,Germany,Goalkeeper,Goalkeeper,right,182.0,VfB Lübeck,78,50000.0,2025-06-23,0.0,0.0,0.0,19.8
1119876,24/25,AC Le Havre U19,National U19 - Grp. A,8.0,0.0,0.0,720.0,Alex Teixeira (1119876),2007-02-25,France,Goalkeeper,Goalkeeper,,0.0,AC Le Havre B,15439,,,0.0,0.0,0.0,19.5
1122685,2025,Finn Harps,First Division,8.0,0.0,0.0,720.0,Oisin Cooney (1122685),2007-02-19,Ireland,Goalkeeper,Goalkeeper,right,192.0,Burnley FC U21,24214,,,0.0,0.0,0.0,19.5
1131418,2025,CA Lanús II,Copa Proyección Apertura,8.0,0.0,0.0,720.0,Nicolás Cláa (1131418),2004-08-05,Argentina,Goalkeeper,Goalkeeper,left,185.0,CD Godoy Cruz Antonio Tomba,12574,100000.0,2025-06-01,0.0,0.0,0.0,22.0
1159289,24/25,SV Lafnitz,2. Liga,8.0,0.0,0.0,720.0,Kimi Løkkevik (1159289),2004-05-26,Germany  Norway,Goalkeeper,Goalkeeper,right,194.0,Stabæk Fotball,1274,150000.0,2025-05-29,0.0,0.0,0.0,22.2
1187446,24/25,Ternana Primavera,Primavera 2 - B,8.0,0.0,0.0,720.0,Edoardo Di Loreto (1187446),2006-04-25,Italy,Goalkeeper,Goalkeeper,,0.0,Foligno Calcio 1928,83391,25000.0,2025-05-27,0.0,0.0,0.0,20.3
1192697,24/25,Jong KV Mechelen,2de Nat. VV B,8.0,0.0,0.0,720.0,Axel Willockx (1192697),2007-02-07,Belgium,Goalkeeper,Goalkeeper,right,189.0,KV Mechelen,354,,,0.0,0.0,0.0,19.5
1229884,24/25,Empoli Under 17,Under 17 - C,8.0,0.0,0.0,720.0,Tommaso Lastoria (1229884),2008-04-22,Italy,Goalkeeper,Goalkeeper,,0.0,Empoli Primavera,8492,,,0.0,0.0,0.0,18.3
1298953,24/25,Brescia Primavera,Primavera 2 - A,8.0,0.0,0.0,720.0,Alessandro Anelli (1298953),2008-12-16,Italy,Goalkeeper,Goalkeeper,,0.0,Atalanta Primavera,11998,,,0.0,0.0,0.0,17.7
1079622,24/25,Eintracht Frankfurt U19,U19 Nachwuchsliga - Gr. D,8.0,0.0,0.0,718.0,Amil Siljevic (1079622),2007-01-19,Germany  Serbia,Goalkeeper,Goalkeeper,right,190.0,Eintracht Frankfurt II,177,,,0.0,0.0,0.0,19.6
1105999,25/26,GKS Tychy,Betclic 1 Liga,8.0,0.0,0.0,718.0,Leon-Oumar Wechsel (1105999),2005-03-09,Germany  Poland,Goalkeeper,Goalkeeper,right,190.0,GKS Tychy,1750,350000.0,2025-06-10,0.0,0.0,0.0,21.4
1272211,24/25,Bologna Under 18,Under 18,8.0,0.0,0.0,700.0,Matteo Franceschelli (1272211),2008-08-08,Italy,Goalkeeper,Goalkeeper,,0.0,Bologna Primavera,14848,,,0.0,0.0,0.0,18.0
935741,24/25,San Donato Tavarnelle,Serie D - E,8.0,0.0,0.0,695.0,Tomas Tampucci (935741),2005-04-21,Italy,Goalkeeper,Goalkeeper,right,194.0,San Donato Tavarnelle,39818,50000.0,2025-05-14,0.0,0.0,0.0,21.3
654472,2025,Austin FC II,MLS Next Pro,7.0,0.0,0.0,690.0,Marcus Alstrup (654472),2004-03-24,Denmark  United States,Goalkeeper,Goalkeeper,,0.0,Austin FC II,104630,0.0,2024-12-11,0.0,0.0,0.0,22.4
989980,2025,Huntsville City FC,MLS Next Pro,7.0,0.0,0.0,690.0,Xavier Valdez (989980),2003-11-23,Dominican Republic  United States,Goalkeeper,Goalkeeper,,195.0,Nashville SC,63966,75000.0,2025-06-04,0.0,0.0,0.0,22.7
982828,24/25,NK Varazdin U19,Prva HNL - Juniori,8.0,0.0,0.0,675.0,Domagoj Mamic (982828),2006-02-05,Croatia,Goalkeeper,Goalkeeper,,0.0,NK Varazdin U19,14448,50000.0,2025-06-08,0.0,0.0,0.0,20.5
934149,24/25,Guidonia Montecelio 1937 FC,Coppa Serie D,7.0,0.0,0.0,660.0,Christian Guerrieri (934149),2006-02-01,Italy,Goalkeeper,Goalkeeper,,0.0,Montespaccato Calcio,61144,10000.0,2025-05-14,0.0,0.0,0.0,20.5
895728,24/25,FC Lugano II,Promotion League,8.0,0.0,0.0,645.0,Diego Mina (895728),2005-08-12,Switzerland,Goalkeeper,Goalkeeper,right,185.0,FC Lugano,2790,100000.0,2025-06-09,0.0,0.0,0.0,21.0
795231,25/26,LKS Lodz,Betclic 1 Liga,8.0,0.0,0.0,637.0,Aleksander Bobek (795231),2004-04-07,Poland,Goalkeeper,Goalkeeper,right,196.0,LKS Lodz,256,500000.0,2025-06-05,0.0,0.0,0.0,22.4
607175,24/25,Excelsior Rotterdam U21,U21 Div. 2 Spring,7.0,0.0,0.0,630.0,Edwin Danquah (607175),2003-09-14,Netherlands  Ghana,Goalkeeper,Goalkeeper,both,188.0,Without Club,515,0.0,2025-06-09,0.0,0.0,0.0,22.9
646708,25/26,Wycombe Wanderers,League One,7.0,0.0,0.0,630.0,Mikki van Sas (646708),2004-02-29,Netherlands,Goalkeeper,Goalkeeper,right,193.0,Wycombe Wanderers,2805,400000.0,2025-06-08,0.0,0.0,0.0,22.5
654375,24/25,Standard de Liège 16 FC,1ste Nationale ACFF,7.0,0.0,0.0,630.0,Matteo Godfroid (654375),2004-02-25,Belgium,Goalkeeper,Goalkeeper,,190.0,Standard Liège,3057,50000.0,2025-06-11,0.0,0.0,0.0,22.5
667060,24/25,Atalanta U23,Serie C-A,7.0,0.0,0.0,630.0,Tommaso Bertini (667060),2004-01-13,Italy,Goalkeeper,Goalkeeper,right,190.0,US Pianese,34499,150000.0,2025-06-18,0.0,0.0,0.0,22.6
670840,25/26,Exeter City,League One,7.0,0.0,0.0,630.0,Joe Whitworth (670840),2004-02-29,England,Goalkeeper,Goalkeeper,right,179.0,Exeter City,6699,1700000.0,2025-06-17,0.0,0.0,0.0,22.5
680218,25/26,Standard Liège,Jupiler Pro League,7.0,0.0,0.0,630.0,Matthieu Epolo (680218),2005-01-15,Belgium  DR Congo,Goalkeeper,Goalkeeper,right,189.0,Standard Liège,3057,4000000.0,2025-06-11,0.0,0.0,0.0,21.6
689101,24/25,Rio Ave FC U23,Revelação U23 - Qualif. round,7.0,0.0,0.0,630.0,Pedro Virgínia (689101),2004-01-05,Portugal,Goalkeeper,Goalkeeper,right,189.0,Rio Ave FC U23,68110,,,0.0,0.0,0.0,22.6
699400,25/26,Korona Kielce,Ekstraklasa,7.0,0.0,0.0,630.0,Xavier Dziekonski (699400),2003-10-06,Poland,Goalkeeper,Goalkeeper,right,188.0,Korona Kielce,6110,500000.0,2025-06-05,0.0,0.0,0.0,22.9
704252,24/25,FC Groningen U21,U21 Div. 1 Fall,7.0,0.0,0.0,630.0,Jasper Meijster (704252),2005-01-03,Netherlands,Goalkeeper,Goalkeeper,right,188.0,SC Cambuur Leeuwarden,133,25000.0,2025-05-27,0.0,0.0,0.0,21.6
704626,24/25,FC Legnago Salus,Serie C-B,7.0,0.0,0.0,630.0,Andrea Rigon (704626),2003-09-05,Italy,Goalkeeper,Goalkeeper,right,190.0,Without Club,515,50000.0,2025-06-18,0.0,0.0,0.0,23.0
706815,25/26,Crawley Town,League Two,7.0,0.0,0.0,630.0,Harvey Davies (706815),2003-09-03,England,Goalkeeper,Goalkeeper,left,190.0,Crawley Town,3537,500000.0,2025-05-29,0.0,0.0,0.0,23.0
710045,25/26,ASV Neumarkt,Bayernliga Nord,7.0,0.0,0.0,630.0,Oskar Preil (710045),2003-09-14,Germany,Goalkeeper,Goalkeeper,right,189.0,ASV Neumarkt,1142,0.0,2024-08-20,0.0,0.0,0.0,22.9
716752,25/26,VfB Lübeck,Regionalliga Nord,7.0,0.0,0.0,630.0,Finn Böhmker (716752),2004-05-02,Germany,Goalkeeper,Goalkeeper,,189.0,VfB Lübeck,78,50000.0,2025-06-10,0.0,0.0,0.0,22.3
723386,25/26,CD Cruz Azul U21,Liga MX U21 Apertura,7.0,0.0,0.0,630.0,Emmanuel Ochoa (723386),2005-05-05,Mexico  United States,Goalkeeper,Goalkeeper,left,191.0,CD Cruz Azul,3711,100000.0,2025-05-25,0.0,0.0,0.0,21.3
725489,24/25,Southampton FC U21,Premier League 2,7.0,0.0,0.0,630.0,Josh McNamara (725489),2003-12-12,England,Goalkeeper,Goalkeeper,left,189.0,Eastleigh FC,10391,,,0.0,0.0,0.0,22.7
735364,24/25,Olympiacos Piraeus U19,Super League U19,7.0,0.0,0.0,630.0,Nikolaos Botis (735364),2004-03-31,Greece,Goalkeeper,Goalkeeper,,196.0,Olympiacos Piraeus,683,200000.0,2025-05-22,0.0,0.0,0.0,22.4
740040,24/25,De Graafschap Doetinchem U21,U21 Div. 1 Fall,7.0,0.0,0.0,630.0,Sten Kremers (740040),2004-02-16,Netherlands,Goalkeeper,Goalkeeper,right,191.0,De Graafschap Doetinchem,642,50000.0,2025-06-08,0.0,0.0,0.0,22.5
745416,24/25,Adelaide United,A-League Men,7.0,0.0,0.0,630.0,Ethan Cox (745416),2004-01-07,Australia,Goalkeeper,Goalkeeper,right,182.0,Adelaide United,875,150000.0,2025-06-02,0.0,0.0,0.0,22.6
801237,25/26,Warta Poznan,Betclic 2 Liga,7.0,0.0,0.0,630.0,Leo Przybylak (801237),2004-05-28,Poland,Goalkeeper,Goalkeeper,,194.0,Warta Poznan,7146,0.0,2025-07-08,0.0,0.0,0.0,22.2
813806,24/25,SL Benfica U23,Revelação U23 - Championship,7.0,0.0,0.0,630.0,Alexander Sandahl (813806),2004-01-13,Sweden,Goalkeeper,Goalkeeper,right,191.0,SL Benfica U23,68780,,,0.0,0.0,0.0,22.6
815567,24/25,Monza Primavera,Primavera 1,7.0,0.0,0.0,630.0,Andrea Mazza (815567),2004-03-19,Italy,Goalkeeper,Goalkeeper,right,190.0,AS Giana Erminio,44223,75000.0,2025-06-16,0.0,0.0,0.0,22.4
819383,24/25,SL Benfica U23,Revelação U23 - Championship,7.0,0.0,0.0,630.0,Arnas Voitinovičius (819383),2006-08-30,Lithuania,Goalkeeper,Goalkeeper,right,188.0,SL Benfica U23,68780,75000.0,2024-11-28,0.0,0.0,0.0,20.0
819383,24/25,SL Benfica UEFA U19,UEFA Youth League,7.0,0.0,0.0,630.0,Arnas Voitinovičius (819383),2006-08-30,Lithuania,Goalkeeper,Goalkeeper,right,188.0,SL Benfica U23,68780,75000.0,2024-11-28,0.0,0.0,0.0,20.0
826506,25/26,Wieczysta Krakow,Betclic 1 Liga,7.0,0.0,0.0,630.0,Antoni Mikulko (826506),2005-02-11,Poland,Goalkeeper,Goalkeeper,,189.0,Wieczysta Krakow,30974,100000.0,2025-07-20,0.0,0.0,0.0,21.5
873269,24/25,Sunderland AFC U21,Premier League 2,7.0,0.0,0.0,630.0,Dan Cameron (873269),2005-09-30,England,Goalkeeper,Goalkeeper,left,195.0,Hebburn Town,43467,,,0.0,0.0,0.0,20.9
884818,24/25,Borussia Dortmund UEFA U19,UEFA Youth League,7.0,0.0,0.0,630.0,Robin Lisewski (884818),2006-02-13,Poland  Germany,Goalkeeper,Goalkeeper,right,195.0,1.FC Nuremberg,4,150000.0,2025-09-04,0.0,0.0,0.0,20.5
898801,2025,Birmingham Legion FC,USLC,7.0,0.0,0.0,630.0,Fernando Delgado (898801),2006-07-25,Mexico  United States,Goalkeeper,Goalkeeper,right,188.0,Birmingham Legion FC,64480,,,0.0,0.0,0.0,20.1
908764,24/25,Ravenna FC,Coppa Serie D,7.0,0.0,0.0,630.0,Matteo Galassi (908764),2005-01-02,Italy,Goalkeeper,Goalkeeper,,0.0,AC Este 1920,27462,50000.0,2025-05-14,0.0,0.0,0.0,21.6
925636,25/26,Swit Szczecin,Betclic 2 Liga,7.0,0.0,0.0,630.0,Jakub Rajczykowski (925636),2005-02-04,Poland,Goalkeeper,Goalkeeper,,196.0,Swit Szczecin,50309,0.0,2024-06-08,0.0,0.0,0.0,21.5
925864,24/25,FC Sion U21,1. Liga gr. 1,7.0,0.0,0.0,630.0,Matteo Fuscaldo (925864),2005-02-25,Italy,Goalkeeper,Goalkeeper,right,196.0,Juventus Next Gen,41101,100000.0,2025-06-09,0.0,0.0,0.0,21.5
934860,24/25,Virtus Francavilla Calcio,Serie D - H,7.0,0.0,0.0,630.0,Matteo Bertini (934860),2005-09-07,Italy,Goalkeeper,Goalkeeper,,0.0,US Poggibonsi,4515,10000.0,2025-05-14,0.0,0.0,0.0,20.9
935517,24/25,Pro Sesto 1913,Serie D - B,7.0,0.0,0.0,630.0,Francesco Lionetti (935517),2005-03-28,Italy,Goalkeeper,Goalkeeper,,0.0,Casatese Merate,58028,75000.0,2025-05-14,0.0,0.0,0.0,21.4
944737,24/25,Treviso FBC 1993,Serie D - C,7.0,0.0,0.0,630.0,Luca Romagnoli (944737),2006-08-14,Italy,Goalkeeper,Goalkeeper,,0.0,Ars et Labor Ferrara,133521,0.0,2025-08-07,0.0,0.0,0.0,20.0
955389,2025,SK Brann II,PostNord-ligaen Avd. 1,7.0,0.0,0.0,630.0,Martin Børsheim (955389),2005-02-18,Norway,Goalkeeper,Goalkeeper,right,194.0,Fredrikstad FK,3837,450000.0,2025-09-07,0.0,0.0,0.0,21.5
955873,24/25,Southampton FC U21,Premier League 2,7.0,0.0,0.0,630.0,Adli Mohamed (955873),2005-06-25,United Arab Emirates  Bahrain,Goalkeeper,Goalkeeper,,185.0,Al-Nasr SC (UAE),5432,100000.0,2024-11-17,0.0,0.0,0.0,21.1
965728,25/26,Crewe Alexandra,League Two,7.0,0.0,0.0,630.0,Tom Booth (965728),2004-08-02,England,Goalkeeper,Goalkeeper,right,190.0,Crewe Alexandra,1042,100000.0,2025-06-29,0.0,0.0,0.0,22.0
991700,24/25,Olympique Lyon B,National 3 - Grp. I,7.0,0.0,0.0,630.0,Matéo Pereira (991700),2005-10-15,France  Portugal,Goalkeeper,Goalkeeper,right,0.0,FC Limonest,51404,,,0.0,0.0,0.0,20.8
999484,2025,Kalev Tallinn,Premium Liiga,7.0,0.0,0.0,630.0,Max Weinstein (999484),2004-06-05,United States  Israel,Goalkeeper,Goalkeeper,,188.0,Kalev Tallinn,23370,50000.0,2025-08-08,0.0,0.0,0.0,22.2
1005582,2025,CR Vasco da Gama U20,Copinha,7.0,0.0,0.0,630.0,Phillipe Gabriel (1005582),2006-02-23,Brazil  Portugal,Goalkeeper,Goalkeeper,right,196.0,CR Vasco da Gama U20,14724,,,0.0,0.0,0.0,20.5
1018834,25/26,Salford City,League Two,7.0,0.0,0.0,630.0,Matthew Young (1018834),2006-11-24,England,Goalkeeper,Goalkeeper,right,191.0,Salford City,34888,275000.0,2025-06-29,0.0,0.0,0.0,19.7
1023809,25/26,Hannover 96 II,Regionalliga Nord,7.0,0.0,0.0,630.0,Jonas Schwanke (1023809),2006-09-24,Germany,Goalkeeper,Goalkeeper,left,194.0,Hannover 96,42,,,0.0,0.0,0.0,19.9
1056162,24/25,Parma Under 18,Under 18,7.0,0.0,0.0,630.0,Leonardo Taina (1056162),2007-01-15,Italy,Goalkeeper,Goalkeeper,right,191.0,FC Vigor Senigallia,60872,,,0.0,0.0,0.0,19.6
1056430,24/25,Manchester City UEFA U19,UEFA Youth League,7.0,0.0,0.0,630.0,Oliver Whatmuff (1056430),2007-11-06,England,Goalkeeper,Goalkeeper,right,185.0,Rochdale AFC,1088,,,0.0,0.0,0.0,18.8
1056430,25/26,Rochdale AFC,National League,7.0,0.0,0.0,630.0,Oliver Whatmuff (1056430),2007-11-06,England,Goalkeeper,Goalkeeper,right,185.0,Rochdale AFC,1088,,,0.0,0.0,0.0,18.8
1060935,24/25,Udinese Primavera,Primavera 1,7.0,0.0,0.0,630.0,Joel Malusà (1060935),2007-03-28,Italy,Goalkeeper,Goalkeeper,,0.0,Caldiero Terme,46293,,,0.0,0.0,0.0,19.4
1089451,24/25,GSD Ghiviborgo VDS,Serie D - E,7.0,0.0,0.0,630.0,Iuri Gambassi (1089451),2006-08-30,Italy,Goalkeeper,Goalkeeper,both,0.0,San Donato Tavarnelle,39818,50000.0,2025-05-14,0.0,0.0,0.0,20.0
1095110,24/25,Mazatlán FC U23,Liga MX U23 Clausura,7.0,0.0,0.0,630.0,Christian García (1095110),2004-07-31,Mexico,Goalkeeper,Goalkeeper,,182.0,Mazatlán FC U21,110456,,,0.0,0.0,0.0,22.1
1106054,24/25,Acerrana 1926,Serie D - H,7.0,0.0,0.0,630.0,Giuseppe Pirrò (1106054),2005-02-01,Italy,Goalkeeper,Goalkeeper,,187.0,Palmese,62357,50000.0,2025-05-14,0.0,0.0,0.0,21.5
1130022,24/25,Liverpool FC UEFA U19,UEFA Youth League,7.0,0.0,0.0,630.0,Kornel Misciur (1130022),2007-04-27,Poland  England,Goalkeeper,Goalkeeper,,0.0,Liverpool FC U21,9252,,,0.0,0.0,0.0,19.3
1137943,24/25,GNK Dinamo Zagreb UEFA U19,UEFA Youth League,7.0,0.0,0.0,630.0,Antonio Rajic (1137943),2007-03-04,Croatia,Goalkeeper,Goalkeeper,,0.0,GNK Dinamo Zagreb,419,100000.0,2025-06-08,0.0,0.0,0.0,19.5
1143690,25/26,Avia Swidnik,Betclic 3 Liga - Group IV,7.0,0.0,0.0,630.0,Mateusz Bialka (1143690),2006-10-30,Poland,Goalkeeper,Goalkeeper,,0.0,Avia Swidnik,10768,0.0,2024-03-03,0.0,0.0,0.0,19.8
1185312,24/25,Ancona Calcio,Serie D - F,7.0,0.0,0.0,630.0,Filippo Bellucci (1185312),2006-08-25,Italy,Goalkeeper,Goalkeeper,right,188.0,Without Club,515,25000.0,2025-05-14,0.0,0.0,0.0,20.0
1185729,2025,North Texas SC,MLS Next Pro,7.0,0.0,0.0,630.0,Nicolás Montoya (1185729),2007-04-07,United States  Colombia,Goalkeeper,Goalkeeper,,0.0,North Texas SC,71021,,,0.0,0.0,0.0,19.4
1189173,24/25,PSV Eindhoven U17,U17 Div. 1 Fall,7.0,0.0,0.0,630.0,Daan Hulleman (1189173),2008-02-24,Netherlands,Goalkeeper,Goalkeeper,,0.0,PSV Eindhoven U17,39212,,,0.0,0.0,0.0,18.5
1189173,24/25,PSV Eindhoven U17,U17 Div. 1 Spring,7.0,0.0,0.0,630.0,Daan Hulleman (1189173),2008-02-24,Netherlands,Goalkeeper,Goalkeeper,,0.0,PSV Eindhoven U17,39212,,,0.0,0.0,0.0,18.5
1208545,24/25,Modena Under 17,Under 17 - A,7.0,0.0,0.0,630.0,Matteo Bosi (1208545),2009-02-17,Italy,Goalkeeper,Goalkeeper,,0.0,Modena Primavera,14908,,,0.0,0.0,0.0,17.5
1326276,24/25,Bari Under 17,Under 17 - C,7.0,0.0,0.0,630.0,Alessandro Mezzapesa (1326276),2008-06-24,Italy,Goalkeeper,Goalkeeper,,0.0,Bari Primavera,14907,,,0.0,0.0,0.0,18.2
1364525,24/25,Monopoli Primavera,Primavera 2 - B,7.0,0.0,0.0,630.0,Edoardo Silvestris (1364525),2008-01-01,Italy,Goalkeeper,Goalkeeper,,0.0,Monopoli Primavera,100631,,,0.0,0.0,0.0,18.6
1065144,24/25,Jong Essevee,2de Nat. VV A,7.0,0.0,0.0,626.0,Arnaud Dobbels (1065144),2005-02-02,Belgium,Goalkeeper,Goalkeeper,,0.0,Zulte Waregem,3508,50000.0,2025-04-23,0.0,0.0,0.0,21.5
818543,24/25,Palmese,Serie D - H,7.0,0.0,0.0,625.0,Gaspare Muraca (818543),2004-03-15,Italy,Goalkeeper,Goalkeeper,,190.0,Without Club,515,25000.0,2025-05-14,0.0,0.0,0.0,22.4
842149,24/25,Barnsley FC,League One,7.0,0.0,0.0,616.0,Kieren Flavell (842149),2003-09-21,England,Goalkeeper,Goalkeeper,,197.0,Barnsley FC,349,75000.0,2025-06-17,0.0,0.0,0.0,22.9
1216906,24/25,Olympique Lyon B,National 3 - Grp. I,8.0,0.0,0.0,615.0,Matthias da Silva (1216906),2007-12-01,Portugal  France,Goalkeeper,Goalkeeper,right,0.0,Olympique Lyon B,12764,,,0.0,0.0,0.0,18.7
1130286,24/25,FC Ingolstadt 04 U19,U19 Nachwuchsliga - Liga B,7.0,0.0,0.0,614.0,David Klein (1130286),2006-04-27,Germany,Goalkeeper,Goalkeeper,,0.0,FC Ingolstadt 04,4795,,,0.0,0.0,0.0,20.3
1075582,24/25,AS Monaco UEFA U19,UEFA Youth League,7.0,0.0,0.0,607.0,Jules Stawiecki (1075582),2007-04-10,France  Poland,Goalkeeper,Goalkeeper,left,186.0,AS Monaco U19,9669,200000.0,2025-06-02,0.0,0.0,0.0,19.4
