player_id,player_name,age,position,main_position,current_club_name,team_name,competition_name,season,minutes_played_num,goals_per90,assists_per90,ga_per90,market_value_eur,value_band,spike_score,production_pct,age_upside,affordability,minutes_confidence,hidden_gem_score
1042882,Malte Heyde (1042882),19.5,Midfield - Defensive Midfield,Midfield,FC Nordsjaelland,FC Nordsjaelland U19,U19 Boys League,24/25,2600.0,2.769230769230769,0.0,2.769230769230769,25000.0,<=0.5m,0.9936974789915967,0.9936974789915967,0.5714285714285714,0.9641544117647058,1.0,92.26286764705883
1198211,Albert Rrahmani (1198211),19.4,Midfield - Attacking Midfield,Midfield,Sönderjyske Fodbold,Sönderjyske Fodbold,U19 Boys League,24/25,2520.0,4.285714285714286,0.2857142857142857,4.571428571428571,50000.0,<=0.5m,0.9893170545593285,0.9699346405228758,0.585714285714286,0.8958333333333334,1.0,90.84570540285299
1177810,Valdemar Møller (1177810),19.2,Midfield - Central Midfield,Midfield,Aalborg BK,Aalborg BK,U19 Boys League,24/25,1690.0,6.923076923076923,0.0,6.923076923076923,25000.0,<=0.5m,0.9969788519637462,0.9969788519637462,0.6142857142857144,0.9641544117647058,0.676,89.9054643111021
1187629,Max Dowman (1187629),16.6,Midfield - Attacking Midfield,Midfield,Arsenal FC,Arsenal FC U18,U18 Premier League,24/25,5130.0,3.333333333333333,0.087719298245614,3.421052631578947,,,0.9437908496732026,0.9437908496732026,0.9857142857142855,0.5,1.0,89.39887955182073
1108475,Lucá Williams-Barnett (1108475),17.9,Midfield - Attacking Midfield,Midfield,Tottenham Hotspur U18,Tottenham Hotspur U18,U18 Premier League,24/25,3250.0,5.538461538461538,0.3323076923076923,5.870769230769231,,,0.9944677603967951,0.9764705882352941,0.8000000000000002,0.5,1.0,89.07212783625468
915427,Aaron Henkel (915427),20.1,Midfield - Attacking Midfield,Midfield,FC Eilenburg,FC Erzgebirge Aue U19,U19 Nachwuchsliga - Liga B,24/25,3160.0,2.848101265822785,0.170886075949367,3.018987341772152,10000.0,<=0.5m,0.9582220526516597,0.9281045751633987,0.4857142857142855,0.9932598039215687,1.0,88.50780448068835
1303120,Pietro Teixeira Falcetta (1303120),18.5,Midfield - Attacking Midfield,Midfield,Roma Under 18,Roma Under 17,Under 17 - Finals,24/25,2550.0,5.294117647058823,0.5294117647058824,5.823529411764706,,,0.9994276993513926,0.9751633986928104,0.7142857142857143,0.5,1.0,87.86041877516618
1182089,Iacopo Marrocco (1182089),18.0,Midfield - Central Midfield,Midfield,Lecce Under 18,Lecce Under 18,Under 18,24/25,2590.0,2.4324324324324325,0.0347490347490347,2.467181467181468,,,0.9617321248741189,0.9617321248741189,0.7857142857142857,0.5,1.0,87.27535606387569
1045964,Mika Reifsteck (1045964),20.5,Midfield - Attacking Midfield,Midfield,SC Freiburg II,SC Freiburg U19,U19 Nachwuchsliga - Liga B,24/25,4050.0,4.222222222222222,0.2222222222222222,4.444444444444445,75000.0,<=0.5m,0.9784433422357879,0.9647058823529412,0.42857142857142855,0.8249080882352942,1.0,86.81023250916162
1182083,Alessandro Di Pasquale (1182083),18.9,Midfield - Central Midfield,Midfield,Lecce Primavera,Lecce Under 18,Under 18,24/25,2550.0,4.235294117647059,0.0,4.235294117647059,,,0.9879154078549849,0.9879154078549849,0.6571428571428574,0.5,1.0,86.78921018558482
1010904,DeCarlo Guerra (1010904),18.5,Midfield - Defensive Midfield,Midfield,Los Angeles FC 2,Los Angeles FC 2,MLS Next Pro,2025,3830.0,1.8798955613577024,0.0,1.8798955613577024,,,0.9705882352941176,0.9705882352941176,0.7142857142857143,0.5,1.0,86.66386554621849
1301532,Filippo Plazzotta (1301532),18.0,Midfield - Central Midfield,Midfield,Milan Under 18,Milan Under 17,Under 17 - Finals,24/25,2910.0,1.5463917525773196,0.1855670103092783,1.731958762886598,,,0.9648988935520794,0.9254783484390735,0.7857142857142857,0.5,1.0,86.59811019206721
1257095,Bailey Palmer (1257095),17.7,Midfield,Midfield,Middlesbrough FC U18,Middlesbrough FC U18,U18 Premier League,24/25,2480.0,1.4516129032258065,0.1088709677419354,1.560483870967742,,,0.9365079365079365,0.9365079365079365,0.8285714285714286,0.5,0.992,86.36761904761904
1004385,Owen Martinez-Jullien (1004385),21.3,Midfield - Central Midfield,Midfield,Without Club,AC Ajaccio,National 3 - Grp. D,24/25,2690.0,2.342007434944238,0.1003717472118959,2.442379182156134,25000.0,<=0.5m,0.9607250755287009,0.9607250755287009,0.31428571428571417,0.9641544117647058,1.0,86.17023772499937
1211326,Matteo Papaccioli (1211326),18.3,Midfield - Central Midfield,Midfield,Como Primavera,Como Primavera,Play-off/out Primavera,24/25,2960.0,2.1283783783783785,0.1216216216216216,2.25,,,0.9526686807653575,0.9526686807653575,0.7428571428571428,0.5,1.0,86.04583513163574
1074987,Simon La Mantia (1074987),18.2,Midfield - Central Midfield,Midfield,AC Milan Primavera,Milan Under 17,Under 17 - Finals,24/25,6880.0,2.0930232558139537,0.0523255813953488,2.1453488372093026,,,0.9486404833836858,0.9486404833836858,0.7571428571428572,0.5,1.0,86.03271471730687
1085546,Matthew Evans (1085546),20.2,Midfield - Attacking Midfield,Midfield,Los Angeles FC 2,Los Angeles FC 2,MLS Next Pro,2025,3330.0,1.891891891891892,0.1891891891891892,2.081081081081081,50000.0,<=0.5m,0.9658527279664251,0.8718954248366013,0.47142857142857153,0.8958333333333334,1.0,85.96862681865319
1058365,,18.1,Midfield - Central Midfield,Midfield,Inter Under 18,Inter Under 17,Under 17 - Finals,24/25,4260.0,1.9014084507042253,0.1267605633802817,2.028169014084507,,,0.9425981873111783,0.9425981873111783,0.7714285714285712,0.5,1.0,85.89874838152784
1039275,MyKhi Joyner (1039275),20.0,Midfield - Left Midfield,Midfield,St. Louis CITY SC,St. Louis CITY SC,MLS,2025,2400.0,5.625,0.1125,5.7375,150000.0,<=0.5m,0.9885057471264368,0.9885057471264368,0.5,0.6395526960784313,0.96,85.86408257268424
1112401,Danilo Busiello (1112401),18.2,Midfield - Attacking Midfield,Midfield,FC Empoli,Empoli Under 17,Under 17 - Finals,24/25,2980.0,6.644295302013424,0.0906040268456375,6.734899328859061,500000.0,<=0.5m,0.984313725490196,0.984313725490196,0.7571428571428572,0.327359068627451,1.0,85.7561362044818
1270355,Milosz Kaczmarek (1270355),19.2,Midfield - Defensive Midfield,Midfield,Arka Gdynia II,Arka Gdynia U19,Youth League POL,24/25,2610.0,2.0689655172413794,0.0,2.0689655172413794,,,0.9810924369747899,0.9810924369747899,0.6142857142857144,0.5,1.0,85.69411764705882
1057854,Gabriele Conti (1057854),19.9,Midfield - Defensive Midfield,Midfield,Fiorentina Primavera,Pro Palazzolo,Play-off Serie D,24/25,3280.0,1.371951219512195,0.0823170731707317,1.454268292682927,100000.0,<=0.5m,0.9495798319327731,0.9495798319327731,0.5142857142857145,0.7486213235294117,1.0,85.68405987394958
1314292,Pietro Traversa (1314292),17.9,Midfield - Central Midfield,Midfield,Genoa Under 18,Genoa Under 17,Under 17 - Finals,24/25,1930.0,2.7979274611398965,0.0,2.7979274611398965,,,0.9687814702920443,0.9687814702920443,0.8000000000000002,0.5,0.772,85.64688821752266
1053216,Diego Ragone (1053216),20.6,Midfield - Defensive Midfield,Midfield,Cosenza Calcio,Cosenza Primavera,Primavera 2 - B,24/25,3030.0,2.376237623762376,0.0,2.376237623762376,125000.0,<=0.5m,0.9894957983193278,0.9894957983193278,0.4142857142857141,0.6836703431372548,1.0,85.56970413165266
1042884,Oliver Højer (1042884),19.6,Midfield - Central Midfield,Midfield,FC Copenhagen,FC Copenhagen,Conference League,24/25,1860.0,1.935483870967742,0.0967741935483871,2.032258064516129,50000.0,<=0.5m,0.9436052366565961,0.9436052366565961,0.5571428571428569,0.8958333333333334,0.744,85.51226658034814
930008,Lennart Koerdt (930008),21.6,Midfield - Attacking Midfield,Midfield,VfL Bochum II,VfL Bochum II,Oberliga Westfalen,24/25,3350.0,2.149253731343284,0.2686567164179104,2.417910447761194,10000.0,<=0.5m,0.9874093857306372,0.8967320261437909,0.27142857142857124,0.9932598039215687,1.0,85.49815563068671
1047280,Divine Mukasa (1047280),19.0,Midfield - Attacking Midfield,Midfield,Manchester City U21,Manchester City U21,PL2 Playoffs,24/25,6280.0,2.4363057324840764,0.35828025477707,2.7945859872611463,,,0.995803128576879,0.9202614379084967,0.6428571428571429,0.5,1.0,85.37198480562262
1078165,Dan Casey (1078165),19.0,Midfield - Attacking Midfield,Midfield,Without Club,Arsenal FC U18,U18 Premier League,24/25,2120.0,8.49056603773585,0.0849056603773584,8.575471698113208,,,0.9921568627450981,0.9921568627450981,0.6428571428571429,0.5,0.848,85.29512605042018
1260549,Samuele Piro (1260549),18.0,Midfield - Defensive Midfield,Midfield,Monastir,Cagliari Under 17,Under 17 - Finals,24/25,3740.0,1.2032085561497323,0.0240641711229946,1.2272727272727273,,,0.9264705882352942,0.9264705882352942,0.7857142857142857,0.5,1.0,85.15966386554622
1118271,Harvey Foster (1118271),19.5,Midfield - Defensive Midfield,Midfield,Everton FC U21,Everton FC U21,U18 Premier League,24/25,2980.0,2.114093959731544,0.0302013422818791,2.1442953020134228,,,0.9831932773109243,0.9831932773109243,0.5714285714285714,0.5,1.0,85.1344537815126
1032094,Lirim Jashari (1032094),20.3,Midfield - Attacking Midfield,Midfield,VfL Bochum,VfL Bochum U19,U19-Champ.,24/25,3600.0,2.25,0.25,2.5,100000.0,<=0.5m,0.9839755818389927,0.9052287581699346,0.457142857142857,0.7486213235294117,1.0,85.10108903331776
976218,Corrado Fulga (976218),20.4,Midfield - Central Midfield,Midfield,Ternana Primavera,Ternana Primavera,Play-off/out Primavera,24/25,2480.0,2.903225806451613,0.0725806451612903,2.9758064516129035,125000.0,<=0.5m,0.9748237663645518,0.9748237663645518,0.44285714285714306,0.6836703431372548,0.992,85.06652507150896
1295908,Yamirou Ouorou (1295908),20.2,Midfield - Attacking Midfield,Midfield,AC Horsens,AC Horsens,1.Division Promotion,24/25,2670.0,1.6853932584269664,0.1348314606741573,1.820224719101124,25000.0,<=0.5m,0.9364746280045784,0.8352941176470589,0.47142857142857153,0.9641544117647058,1.0,85.0035253599723
1184726,August De Wannemacker (1184726),17.6,Midfield - Central Midfield,Midfield,Jong Genk,Jong Genk,CPL,24/25,3250.0,1.9384615384615385,0.0,1.9384615384615385,400000.0,<=0.5m,0.9365558912386707,0.9365558912386707,0.8428571428571426,0.3772977941176471,1.0,84.96123687768159
995070,Pietro Fiorini (995070),20.6,Midfield - Attacking Midfield,Midfield,Empoli Primavera,Südtirol Primavera,Primavera 2 - A,24/25,2410.0,2.240663900414938,0.2240663900414937,2.464730290456432,75000.0,<=0.5m,0.9793017932086989,0.9032679738562092,0.4142857142857141,0.8249080882352942,0.964,84.90264823063272
1011659,Rhys Chadwick (1011659),19.5,Midfield - Defensive Midfield,Midfield,Leeds United U21,Leeds United U21,Premier League 2,24/25,4030.0,1.7866004962779156,0.2233250620347394,2.009925558312655,,,0.9790156428843952,0.9789915966386554,0.5714285714285714,0.5,1.0,84.88326669851459
1076130,Konstantinos Charoupas (1076130),18.9,Midfield - Attacking Midfield,Midfield,Aris Thessaloniki,Aris Thessaloniki U19,Super League 5th place play-off,24/25,2710.0,2.3247232472324724,0.2324723247232472,2.55719557195572,,,0.9811140785959558,0.9111111111111111,0.6571428571428574,0.5,1.0,84.84106514537649
1157414,Lukas Stoppel (1157414),21.2,Midfield - Attacking Midfield,Midfield,SG Sonnenhof Großaspach,SG Sonnenhof Großaspach,Oberliga Baden-Württemberg,24/25,3140.0,1.4331210191082802,0.3152866242038216,1.748407643312102,25000.0,<=0.5m,0.992941625333842,0.8274509803921568,0.3285714285714287,0.9641544117647058,1.0,84.69100795316218
1058406,Cristian Mazzara (1058406),19.6,Midfield - Attacking Midfield,Midfield,Como Primavera,Como Primavera,Play-off/out Primavera,24/25,2560.0,3.1640625,0.31640625,3.48046875,,,0.9931323922167111,0.9490196078431372,0.5571428571428569,0.5,1.0,84.53174799106974
1018043,Martin Kirilov (1018043),19.0,Midfield - Attacking Midfield,Midfield,Torino Primavera,Torino Under 18,Under 18 - Finals,24/25,2080.0,4.759615384615384,0.2596153846153846,5.019230769230769,,,0.9860740175505532,0.9738562091503268,0.6428571428571429,0.5,0.832,84.50136355394248
911500,Adam Chojecki (911500),21.6,Midfield - Attacking Midfield,Midfield,Podhale Nowy Targ,Korona Kielce II,Betclic 3 Liga - Group IV,24/25,2020.0,4.455445544554456,0.2227722772277227,4.678217821782178,25000.0,<=0.5m,0.978634109118657,0.9712418300653595,0.27142857142857124,0.9641544117647058,0.808,84.47643531550989
1273127,Kilyan Jusseron-Veniere (1273127),20.0,Midfield - Attacking Midfield,Midfield,FC Annecy,FC Annecy,Ligue 2,24/25,1240.0,6.53225806451613,0.0,6.53225806451613,50000.0,<=0.5m,0.9803921568627451,0.9803921568627451,0.5,0.8958333333333334,0.496,84.32519607843138
930547,Harry Whitwell (930547),20.8,Midfield - Central Midfield,Midfield,Forest Green Rovers,West Bromwich Albion,Championship,24/25,1840.0,3.9130434782608696,0.2445652173913043,4.157608695652174,75000.0,<=0.5m,0.9869083585095669,0.9869083585095669,0.3857142857142856,0.8249080882352942,0.736,84.2946433172967
1248920,Darris Zema (1248920),19.2,Midfield - Central Midfield,Midfield,FC Toulouse,Toulouse FC U19,National 3 - Grp. A,24/25,4290.0,2.3076923076923075,0.0209790209790209,2.3286713286713283,,,0.9577039274924471,0.9577039274924471,0.6142857142857144,0.5,1.0,84.29080707811826
1151753,Ádám Szamosi (1151753),19.7,Midfield - Defensive Midfield,Midfield,Budapest Honvéd FC,Budapest Honvéd FC,NB II.,25/26,1010.0,3.5643564356435644,0.0,3.5643564356435644,75000.0,<=0.5m,0.9978991596638656,0.9978991596638656,0.5428571428571429,0.8249080882352942,0.404,84.14837710084034
1146116,Kamil Nowogonski (1146116),19.5,Midfield - Attacking Midfield,Midfield,Zaglebie Lubin,Zaglebie Lubin U19,Youth League POL,24/25,1650.0,2.7272727272727275,0.0,2.7272727272727275,25000.0,<=0.5m,0.9150326797385621,0.9150326797385621,0.5714285714285714,0.9641544117647058,0.66,84.14297969187676
1008569,Federico Coletta (1008569),19.2,Midfield - Central Midfield,Midfield,SL Benfica B,Roma U20,Primavera Fase Finale,24/25,1880.0,6.702127659574468,0.1436170212765957,6.845744680851063,,,0.9959718026183283,0.9959718026183283,0.6142857142857144,0.5,0.752,84.10687958567112
1188618,Lorenzo Ferraris (1188618),19.1,Midfield - Central Midfield,Midfield,Torino Primavera,Torino Under 18,Under 18 - Finals,24/25,4770.0,1.509433962264151,0.1886792452830188,1.69811320754717,,,0.9656619610835558,0.9224572004028198,0.6285714285714283,0.5,1.0,84.04635578718002
1009732,Cavan Sullivan (1009732),16.9,Midfield - Attacking Midfield,Midfield,Philadelphia Union,Philadelphia Union,MLS,2025,1470.0,3.0612244897959187,0.1224489795918367,3.1836734693877555,,,0.934640522875817,0.934640522875817,0.9428571428571431,0.5,0.588,84.0441456582633
1071819,Ollie Harrison (1071819),19.0,Midfield - Defensive Midfield,Midfield,Chelsea FC U21,Chelsea FC U18,U18 Premier League,24/25,3310.0,1.3595166163141994,0.0543806646525679,1.4138972809667674,,,0.9453781512605042,0.9453781512605042,0.6428571428571429,0.5,1.0,84.00840336134453
1167462,Yunus Emre Dursun (1167462),20.6,Midfield - Defensive Midfield,Midfield,Manisa FK,Kusadasispor,3.Lig Grup 1,24/25,2420.0,1.115702479338843,0.0,1.115702479338843,50000.0,<=0.5m,0.9180672268907563,0.9180672268907563,0.4142857142857141,0.8958333333333334,0.968,83.93427170868347
885236,Lorenzo Russo (885236),21.3,Midfield - Defensive Midfield,Midfield,Guidonia Montecelio 1937 FC,Napoli Primavera,Play-off/out Primavera,24/25,3850.0,1.4025974025974026,0.0935064935064935,1.4961038961038962,75000.0,<=0.5m,0.9558823529411765,0.9558823529411765,0.31428571428571417,0.8249080882352942,1.0,83.93022584033613
1108464,Reggie Walsh (1108464),17.8,Midfield - Central Midfield,Midfield,Chelsea FC U21,Chelsea FC U18,Conference League,24/25,3790.0,1.424802110817942,0.0474934036939313,1.4722955145118737,,,0.8982880161127895,0.8982880161127895,0.8142857142857142,0.5,1.0,83.9258523953388
1123398,Baran Berk (1123398),20.6,Midfield,Midfield,SpVgg Hankofen-Hailing,FC Ingolstadt 04 U19,U19 Nachwuchsliga - Liga B,24/25,7450.0,1.2080536912751678,0.0,1.2080536912751678,10000.0,<=0.5m,0.8888888888888888,0.8888888888888888,0.4142857142857141,0.9932598039215687,1.0,83.86754201680672
937115,Bradley Nam James (937115),20.0,Midfield,Midfield,Standard Liège,Standard de Liège 16 FC,JPL Europe PO,24/25,1330.0,2.0300751879699246,0.0,2.0300751879699246,100000.0,<=0.5m,1.0,1.0,0.5,0.7486213235294117,0.532,83.80069852941176
1188668,Mattia Mendolia (1188668),18.7,Midfield - Attacking Midfield,Midfield,Genoa U20,Genoa Under 18,Under 18 - Finals,24/25,3070.0,2.931596091205212,0.0879478827361563,3.019543973941368,,,0.9294117647058824,0.9294117647058824,0.6857142857142858,0.5,1.0,83.7361344537815
1053772,Kledi Marinaj (1053772),20.5,Midfield - Central Midfield,Midfield,Lazio U20,Lazio U20,Primavera 1,24/25,1320.0,2.7272727272727275,0.0,2.7272727272727275,25000.0,<=0.5m,0.9667673716012085,0.9667673716012085,0.42857142857142855,0.9641544117647058,0.528,83.64134691792125
988998,Diego Pisani (988998),19.0,Midfield - Central Midfield,Midfield,Bologna Primavera,Fiorentina Under 18,Under 18,24/25,3270.0,1.926605504587156,0.0275229357798165,1.9541284403669723,,,0.9385699899295066,0.9385699899295066,0.6428571428571429,0.5,1.0,83.59991368148468
1273126,Lonan Zielyk (1273126),19.8,Midfield,Midfield,Andrézieux-Bouthéon FC U19,Andrézieux-Bouthéon FC U19,National U19 - Grp. B,24/25,3040.0,1.776315789473684,0.0,1.776315789473684,,,0.9682539682539683,0.9682539682539683,0.5285714285714285,0.5,1.0,83.55238095238094
1182176,Simone Menconi (1182176),18.9,Midfield - Attacking Midfield,Midfield,Empoli Primavera,Empoli Under 18,Under 18,24/25,1970.0,4.568527918781726,0.0,4.568527918781726,,,0.9686274509803922,0.9686274509803922,0.6571428571428574,0.5,0.788,83.51193277310924
878789,Samuele Carella (878789),20.4,Midfield - Central Midfield,Midfield,FC Viktoria Köln,FC Viktoria Köln U19,U19 Nachwuchsliga - Liga B,24/25,3340.0,5.119760479041916,0.0,5.119760479041916,,,0.9899295065458208,0.9899295065458208,0.44285714285714306,0.5,1.0,83.48148467846353
1067168,Harry Howell (1067168),18.3,Midfield - Attacking Midfield,Midfield,Brighton & Hove Albion U21,Brighton & Hove Albion U21,Premier League,24/25,4720.0,2.4788135593220337,0.0762711864406779,2.5550847457627115,,,0.9098039215686274,0.9098039215686274,0.7428571428571428,0.5,1.0,83.47394957983192
1017912,Simon Cara (1017912),21.4,Midfield - Attacking Midfield,Midfield,Istres Football Club,Montpellier HSC B,National 3 - Grp. J,24/25,2120.0,4.245283018867925,0.0849056603773584,4.330188679245283,50000.0,<=0.5m,0.9607843137254902,0.9607843137254902,0.3000000000000002,0.8958333333333334,0.848,83.46872549019608
655011,Raf Smekens (655011),22.6,Midfield - Central Midfield,Midfield,KVC Westerlo,KVC Westerlo,JPL Europe PO,24/25,2500.0,3.24,0.0,3.24,50000.0,<=0.5m,0.9808660624370594,0.9808660624370594,0.12857142857142836,0.8958333333333334,1.0,83.45077327003308
1295567,Samuele Mancini (1295567),18.6,Midfield - Defensive Midfield,Midfield,Salernitana Primavera,Salernitana Primavera,Primavera 2 - B,24/25,3990.0,1.1278195488721805,0.0,1.1278195488721805,,,0.9201680672268907,0.9201680672268907,0.6999999999999998,0.5,1.0,83.41008403361344
1130185,Yuri Leles (1130185),19.3,Midfield - Attacking Midfield,Midfield,RB Bragantino U20,RB Bragantino U20,CBF Brasileiro U20,2025,2200.0,4.5,0.0,4.5,,,0.9666666666666667,0.9666666666666667,0.5999999999999999,0.5,0.88,83.39999999999999
1034656,Henrik Wittrock (1034656),19.5,Midfield - Defensive Midfield,Midfield,SV Meppen U19,SV Meppen U19,U19 Nachwuchsliga - Liga B,24/25,4830.0,1.4906832298136647,0.0,1.4906832298136647,,,0.9537815126050421,0.9537815126050421,0.5714285714285714,0.5,1.0,83.36974789915966
1170801,Davide Balduzzi (1170801),19.2,Midfield - Attacking Midfield,Midfield,Parma Primavera,Parma Under 18,Under 18,24/25,2660.0,3.3834586466165413,0.0,3.3834586466165413,,,0.9398692810457516,0.9398692810457516,0.6142857142857144,0.5,1.0,83.22072829131653
1075147,Lennart Karl (1075147),18.5,Midfield - Attacking Midfield,Midfield,Bayern Munich,FC Bayern Munich U17,U17-Champ.,24/25,4100.0,7.463414634146342,0.2414634146341463,7.704878048780488,1500000.0,0.5-2m,0.9895424836601308,0.9895424836601308,0.7142857142857143,0.17080269607843135,1.0,83.19235819327731
924780,Berkay Öztürk (924780),21.4,Midfield - Central Midfield,Midfield,FC Ingolstadt 04 II,FC Ingolstadt 04 II,Bayernliga Nord,24/25,1460.0,7.397260273972602,0.3082191780821918,7.705479452054794,50000.0,<=0.5m,0.998992950654582,0.998992950654582,0.3000000000000002,0.8958333333333334,0.584,83.12124370594161
1058367,Oliver Blini (1058367),18.6,Midfield - Attacking Midfield,Midfield,Empoli Primavera,Empoli Under 17,Under 17 - Finals,24/25,1530.0,6.470588235294117,0.0588235294117647,6.529411764705881,,,0.9790849673202614,0.9790849673202614,0.6999999999999998,0.5,0.612,83.06509803921568
981709,Ayman Rabhi (981709),19.3,Midfield - Attacking Midfield,Midfield,Jong Genk,KRC Genk U18,U18 Elite 1 PO A,24/25,1830.0,2.950819672131148,0.0491803278688524,3.0,100000.0,<=0.5m,0.9254901960784314,0.9254901960784314,0.5999999999999999,0.7486213235294117,0.732,82.93011029411765
1185351,Raffaele Maria Di Costanzo (1185351),19.4,Midfield - Central Midfield,Midfield,Avellino Primavera,Bologna Primavera,Under 18,24/25,1820.0,3.956043956043956,0.0,3.956043956043956,,,0.9859013091641491,0.9859013091641491,0.585714285714286,0.5,0.728,82.80550712127751
1236133,Leonardo Cardilli (1236133),18.9,Midfield,Midfield,Pescara Primavera,Pescara Primavera,Play-off/out Primavera,24/25,3580.0,1.2569832402234635,0.0,1.2569832402234635,,,0.9206349206349206,0.9206349206349206,0.6571428571428574,0.5,1.0,82.75238095238096
1041083,Nevio Zotz (1041083),19.1,Midfield - Right Midfield,Midfield,SV Ried,AKA Tirol U18,ÖFB Jugendliga U18,24/25,1580.0,5.1265822784810124,0.0,5.1265822784810124,,,0.9894736842105263,0.9894736842105263,0.6285714285714283,0.5,0.632,82.74556390977445
1198210,Nicklas Pedersen (1198210),19.1,Midfield - Attacking Midfield,Midfield,Viborg FF U19,Viborg FF U19,U19 Boys Division,24/25,2620.0,2.404580152671756,0.1374045801526717,2.541984732824428,,,0.9389545974818772,0.9084967320261438,0.6285714285714283,0.5,1.0,82.72434566602934
1300548,Paolo Bighetti (1300548),18.6,Midfield - Attacking Midfield,Midfield,Cremonese Under 18,Cremonese Under 17,Under 17 - B,24/25,1670.0,4.311377245508982,0.1077844311377245,4.419161676646707,,,0.9633986928104575,0.9633986928104575,0.6999999999999998,0.5,0.668,82.68392156862745
1099949,Aleandro Manes (1099949),20.3,Midfield - Attacking Midfield,Midfield,Imolese Calcio 1919,Imolese Calcio 1919,Serie D - D,24/25,3310.0,3.262839879154079,0.1903323262839879,3.453172205438067,200000.0,<=0.5m,0.9664250286150324,0.9464052287581699,0.457142857142857,0.5553002450980392,1.0,82.63355526570923
1025974,Findlay Marshall (1025974),20.3,Midfield - Central Midfield,Midfield,Arbroath FC,Cove Rangers FC,Scottish Championship Play-offs,24/25,2340.0,3.076923076923077,0.1538461538461538,3.230769230769231,,,0.9798590130916415,0.9798590130916415,0.457142857142857,0.5,0.936,82.46582649978421
1170907,Eric Hamelberg (1170907),19.0,Midfield - Attacking Midfield,Midfield,Middlesbrough FC U21,Middlesbrough FC U18,U18 Premier League,24/25,3500.0,2.314285714285714,0.1285714285714285,2.4428571428571426,,,0.9306562380770699,0.9006535947712418,0.6428571428571429,0.5,1.0,82.46503041761025
1187951,Françoise Sgrò (1187951),19.0,Midfield - Central Midfield,Midfield,SS Milazzo,Crotone Primavera,Primavera 2 - B,24/25,2730.0,1.6483516483516485,0.0,1.6483516483516485,,,0.918429003021148,0.918429003021148,0.6428571428571429,0.5,1.0,82.39145446698316
1027830,Matti Tjaden (1027830),20.1,Midfield - Attacking Midfield,Midfield,Hannover 96 II,Hannover 96 U19,U19 Nachwuchsliga - Liga A,24/25,1220.0,7.377049180327869,0.0,7.377049180327869,100000.0,<=0.5m,0.9869281045751634,0.9869281045751634,0.4857142857142855,0.7486213235294117,0.488,82.34781337535014
1081943,Matteo Tessitori (1081943),20.2,Midfield - Right Midfield,Midfield,US Folgore Caratese,Reggiana Primavera,Play-off/out Primavera,24/25,3670.0,1.4713896457765667,0.0980926430517711,1.569482288828338,100000.0,<=0.5m,0.9052631578947369,0.9052631578947369,0.47142857142857153,0.7486213235294117,1.0,82.33934514595312
1168440,Filippo Armanini (1168440),19.4,Midfield - Attacking Midfield,Midfield,Bologna Primavera,Feralpisalò,Under 18,24/25,1740.0,6.724137931034483,0.0,6.724137931034483,,,0.9830065359477124,0.9830065359477124,0.585714285714286,0.5,0.696,82.31182072829132
1250770,Szymon Roguski (1250770),18.7,Midfield,Midfield,Cagliari Primavera,Sarpsborg 08 FF,Norsk Tipping-Ligaen avd. 6,2025,2970.0,1.2121212121212122,0.0,1.2121212121212122,,,0.9047619047619048,0.9047619047619048,0.6857142857142858,0.5,1.0,82.25714285714287
742943,Michal Rosiak (742943),20.9,Midfield - Defensive Midfield,Midfield,Slask Wroclaw,Arsenal FC U21,PL2 Playoffs,24/25,2520.0,2.142857142857143,0.0714285714285714,2.2142857142857144,,,0.9873949579831933,0.9873949579831933,0.3714285714285716,0.5,1.0,82.18655462184876
1058352,Mattia Marello (1058352),18.4,Midfield - Left Midfield,Midfield,Inter Milan Primavera,Udinese Under 17,Under 17 - Finals,24/25,3540.0,1.5254237288135593,0.1016949152542373,1.6271186440677965,,,0.896032048836322,0.8850574712643678,0.7285714285714288,0.5,1.0,82.17762508073919
688620,Leon Frokaj (688620),21.3,Midfield - Central Midfield,Midfield,FC Aarau,FC Basel 1893 U21,Promotion League,24/25,1420.0,2.535211267605634,0.0633802816901408,2.598591549295775,25000.0,<=0.5m,0.9657603222557906,0.9657603222557906,0.31428571428571417,0.9641544117647058,0.568,82.15235252862473
1038084,Christian Kouam (1038084),20.4,Midfield - Defensive Midfield,Midfield,Grasshopper Club Zürich U21,Grasshopper Club Zürich U19,U19 Elite Platzierungsspiele,24/25,2360.0,1.906779661016949,0.0,1.906779661016949,,,0.976890756302521,0.976890756302521,0.44285714285714306,0.5,0.944,82.13915966386556
1191473,Everton (1191473),19.4,Midfield - Defensive Midfield,Midfield,OGC Nizza U19,OGC Nizza U19,National U19 - Grp. D,24/25,6670.0,1.214392803598201,0.0134932533733133,1.2278860569715144,,,0.9285714285714286,0.9285714285714286,0.585714285714286,0.5,1.0,82.08571428571429
1311378,Marco Libra (1311378),18.4,Midfield - Attacking Midfield,Midfield,Bologna Under 18,Bologna Primavera,Under 18,24/25,2690.0,2.342007434944238,0.0,2.342007434944238,,,0.8901960784313725,0.8901960784313725,0.7285714285714288,0.5,1.0,82.06890756302522
1306954,Christian Molara (1306954),19.9,Midfield - Central Midfield,Midfield,Modena Primavera,Modena Primavera,Primavera 2 - A,24/25,4600.0,0.9782608695652174,0.1173913043478261,1.0956521739130436,100000.0,<=0.5m,0.917397939717665,0.8388721047331319,0.5142857142857145,0.7486213235294117,1.0,82.02557797138337
1001581,Ilan Bacha (1001581),21.5,Midfield - Defensive Midfield,Midfield,US Chantilly,NK Dekani,Druga Liga,24/25,6220.0,1.0128617363344052,0.0434083601286173,1.0562700964630225,25000.0,<=0.5m,0.8991596638655462,0.8991596638655462,0.2857142857142857,0.9641544117647058,1.0,82.01917016806723
1321296,Robin Björkman (1321296),18.7,Midfield - Attacking Midfield,Midfield,Without Club,Sampdoria Under 18,Under 18,24/25,1870.0,3.368983957219251,0.0481283422459893,3.4171122994652405,,,0.9424836601307189,0.9424836601307189,0.6857142857142858,0.5,0.748,82.0004481792717
1074993,Paolo Ceppi (1074993),18.5,Midfield - Defensive Midfield,Midfield,Juventus Primavera,Juventus Under 17,Under 17 - Finals,24/25,3940.0,0.9137055837563453,0.0913705583756345,1.0050761421319796,,,0.8928571428571429,0.8928571428571429,0.7142857142857143,0.5,1.0,82.00000000000001
1303121,Rafael Fasanella (1303121),18.4,Midfield - Central Midfield,Midfield,Roma Under 18,Roma Under 17,Under 17 - Finals,24/25,3440.0,1.3081395348837208,0.0784883720930232,1.386627906976744,,,0.8872104733131924,0.8872104733131924,0.7285714285714288,0.5,1.0,81.8897712559344
995107,Andrea Ambrogi (995107),20.4,Midfield - Central Midfield,Midfield,SS Maceratese 1922,Perugia Primavera,Primavera 2 - B,24/25,4330.0,1.6628175519630484,0.0207852193995381,1.6836027713625863,125000.0,<=0.5m,0.9204431017119838,0.9204431017119838,0.44285714285714306,0.6836703431372548,1.0,81.88368519235489
1080772,Adam Kardas (1080772),20.0,Midfield - Defensive Midfield,Midfield,Without Club,Lechia Gdansk,Youth League POL,24/25,3120.0,1.442307692307692,0.0,1.442307692307692,0.0,<=0.5m,0.9474789915966386,0.9474789915966386,0.5,0.5,1.0,81.84873949579831
1030276,Niclas Wessels (1030276),21.8,Midfield - Central Midfield,Midfield,SV Meppen,SV Meppen,Regionalliga Nord,24/25,3230.0,2.2291021671826625,0.0557275541795665,2.2848297213622293,100000.0,<=0.5m,0.9556898288016112,0.9556898288016112,0.24285714285714274,0.7486213235294117,1.0,81.70780254322273
1106376,Demiane Agustien (1106376),19.1,Midfield - Attacking Midfield,Midfield,Arsenal FC U21,Derby County U18,U18 Premier League,24/25,3550.0,1.267605633802817,0.2535211267605634,1.5211267605633805,,,0.9845478824876002,0.7830065359477124,0.6285714285714283,0.5,1.0,81.69610618252133
1011140,Jack Fletcher (1011140),19.4,Midfield - Attacking Midfield,Midfield,Manchester United U21,Manchester United U21,PL2 Playoffs,24/25,3880.0,1.855670103092784,0.1623711340206185,2.018041237113402,,,0.9543113315528424,0.8640522875816994,0.585714285714286,0.5,1.0,81.64440949723397
1263951,Artem Chornyi (1263951),18.4,Midfield - Attacking Midfield,Midfield,Obolon Kyiv U19,Obolon Kyiv U19,U19 Premier Liga,24/25,2420.0,2.231404958677686,0.0371900826446281,2.2685950413223144,,,0.8862745098039215,0.8862745098039215,0.7285714285714288,0.5,0.968,81.51361344537816
887137,Finlay Pollock (887137),22.1,Midfield - Attacking Midfield,Midfield,Heart of Midlothian FC,Raith Rovers FC,Championship,24/25,2420.0,2.231404958677686,0.2231404958677686,2.4545454545454546,75000.0,<=0.5m,0.9788248760015261,0.9019607843137255,0.1999999999999998,0.8249080882352942,0.968,81.46719577825407
1234457,Marco Tiozzo (1234457),17.9,Midfield - Central Midfield,Midfield,Juventus Primavera,Juventus Under 17,Under 17 - Finals,24/25,5180.0,0.5212355212355212,0.1563706563706563,0.6776061776061776,,,0.9513544448683708,0.7049345417925479,0.8000000000000002,0.5,1.0,81.46002882443413
1213680,Harald Woxen (1213680),18.5,Midfield - Attacking Midfield,Midfield,Lillestrøm SK,Lillestrøm SK,OBOS-ligaen,2025,2400.0,3.0,0.0375,3.0375,500000.0,<=0.5m,0.930718954248366,0.930718954248366,0.7142857142857143,0.327359068627451,0.96,81.45473564425771
1171155,Nemanja Milojevic (1171155),19.1,Midfield - Central Midfield,Midfield,Lecce Primavera,NK Radomlje U19,NextGen Liga,24/25,1090.0,18.1651376146789,0.0,18.1651376146789,,,1.0,1.0,0.6285714285714283,0.5,0.436,81.41714285714285
1151889,Dmitriy Nikitin (1151889),19.8,Midfield - Central Midfield,Midfield,Baltika-2 Kaliningrad,Baltika-2 Kaliningrad,2. Division B,2025,1880.0,2.8723404255319145,0.0957446808510638,2.9680851063829783,,,0.973313192346425,0.973313192346425,0.5285714285714285,0.5,0.752,81.37593439792835
1049596,Filippo Grosso (1049596),19.9,Midfield - Central Midfield,Midfield,Frosinone Primavera,Frosinone Primavera,Supercoppa Primavera 2,24/25,3260.0,1.6564417177914113,0.0276073619631901,1.6840490797546015,200000.0,<=0.5m,0.9214501510574018,0.9214501510574018,0.5142857142857145,0.5553002450980392,1.0,81.28978392338809
1254901,Mathias Silseth Mork (1254901),19.1,Midfield - Central Midfield,Midfield,Molde FK,Molde FK,Eliteserien,2025,1160.0,5.431034482758621,0.0,5.431034482758621,,,0.9919436052366566,0.9919436052366566,0.6285714285714283,0.5,0.464,81.21375917134226
1267607,Altin Azemi (1267607),17.3,Midfield - Attacking Midfield,Midfield,Neuchâtel Xamax FCS,Team BEJUNE U19,Challenge League,24/25,3570.0,1.2605042016806722,0.0,1.2605042016806722,50000.0,<=0.5m,0.7411764705882353,0.7411764705882353,0.8857142857142856,0.8958333333333334,1.0,81.18368347338935
1123210,Hunor Németh (1123210),19.4,Midfield - Central Midfield,Midfield,MTK Budapest,FC Copenhagen,U19 Boys League,24/25,2940.0,1.530612244897959,0.0918367346938775,1.6224489795918369,,,0.9133937562940584,0.9133937562940584,0.585714285714286,0.5,1.0,81.17505394907208
1309421,Maalik Hashi (1309421),17.9,Midfield,Midfield,Arsenal FC U18,Arsenal FC U18,U18 Premier League,25/26,1050.0,1.7142857142857144,0.0,1.7142857142857144,,,0.9523809523809523,0.9523809523809523,0.8000000000000002,0.5,0.42,81.14285714285714
1208968,Djibril Coulibaly (1208968),17.7,Midfield - Central Midfield,Midfield,OGC Nice,OGC Nizza U19,National U19 - Grp. D,24/25,3160.0,1.139240506329114,0.0,1.139240506329114,,,0.8479355488418933,0.8479355488418933,0.8285714285714286,0.5,1.0,81.13327578765644
989968,Máximo Carrizo (989968),18.5,Midfield - Central Midfield,Midfield,New York City FC,New York City FC,MLS,2025,2630.0,1.0266159695817492,0.1368821292775665,1.1634980988593158,400000.0,<=0.5m,0.9383822968332698,0.850956696878147,0.7142857142857143,0.3772977941176471,1.0,81.09031515720197
1175303,Manuel Scacchi (1175303),19.6,Midfield - Attacking Midfield,Midfield,Roma U20,Roma Under 18,Under 18 - Finals,24/25,1390.0,8.41726618705036,0.1942446043165467,8.611510791366907,,,0.9934640522875817,0.9934640522875817,0.5571428571428569,0.5,0.556,81.08212885154062
1231761,Chad Taieb (1231761),19.4,Midfield - Defensive Midfield,Midfield,Genoa U20,Genoa Under 18,Under 18 - Finals,24/25,2060.0,1.3106796116504855,0.0,1.3106796116504855,,,0.9411764705882353,0.9411764705882353,0.585714285714286,0.5,0.824,81.08201680672269
1175184,Carraro Injai (1175184),20.2,Midfield - Attacking Midfield,Midfield,Amiens SC B,Amiens SC,Ligue 2,24/25,1990.0,2.261306532663317,0.0,2.261306532663317,50000.0,<=0.5m,0.8836601307189542,0.8836601307189542,0.47142857142857153,0.8958333333333334,0.796,81.06413165266105
1088534,Villum Berthelsen (1088534),20.3,Midfield - Central Midfield,Midfield,FC Nordsjaelland,FC Nordsjaelland U19,U19 Boys League,24/25,2140.0,3.364485981308411,0.0420560747663551,3.406542056074766,300000.0,<=0.5m,0.9828801611278952,0.9828801611278952,0.457142857142857,0.4431678921568627,0.856,81.0514458721555
1145685,Myles Morgan (1145685),21.2,Midfield - Central Midfield,Midfield,Valour FC,Valour FC,CanPL,2025,2080.0,1.7307692307692308,0.1298076923076923,1.8605769230769231,75000.0,<=0.5m,0.933040824112934,0.9295065458207452,0.3285714285714287,0.8249080882352942,0.832,81.03055141678486
914260,Mason Grumbach (914260),21.1,Midfield - Defensive Midfield,Midfield,Eintracht Braunschweig II,Eintracht Braunschweig II,OL Niedersachsen,24/25,2980.0,1.8120805369127515,0.0906040268456375,1.902684563758389,,,0.9747899159663865,0.9747899159663865,0.34285714285714264,0.5,1.0,80.97310924369748
1291683,Dylan Vanney (1291683),18.7,Midfield - Central Midfield,Midfield,Los Angeles Galaxy Academy,Ventura County FC,MLS Next Pro,2025,3510.0,1.2820512820512822,0.0769230769230769,1.358974358974359,,,0.8831822759315207,0.8831822759315207,0.6857142857142858,0.5,1.0,80.96236512731981
1009441,Felipe Chávez (1009441),19.4,Midfield - Central Midfield,Midfield,FC Bayern Munich II,FC Bayern Munich U19,Regionalliga Bayern,24/25,7400.0,2.189189189189189,0.1581081081081081,2.3472972972972976,600000.0,0.5-2m,0.9587109768378651,0.9587109768378651,0.585714285714286,0.2890625,1.0,80.94096218170048
897401,Karim Affo (897401),20.4,Midfield - Attacking Midfield,Midfield,Fortuna Düsseldorf,Fortuna Düsseldorf U19,2. Bundesliga,24/25,1850.0,6.324324324324325,0.0486486486486486,6.372972972972973,200000.0,<=0.5m,0.9780618084700496,0.9777777777777777,0.44285714285714306,0.5553002450980392,0.74,80.93737755005984
1050120,Guille Fernández (1050120),18.2,Midfield - Central Midfield,Midfield,FC Barcelona Atlètic,FC Barcelona,Primera Federación - Gr. I,24/25,2880.0,2.1875,0.03125,2.21875,3000000.0,2-5m,0.9516616314199395,0.9516616314199395,0.7571428571428572,0.1128982843137255,1.0,80.79455957987426
1018830,Jack Whittaker (1018830),19.8,Midfield - Attacking Midfield,Midfield,Sunderland AFC U21,Sunderland AFC U21,U18 Premier League,24/25,2440.0,1.475409836065574,0.2581967213114754,1.7336065573770494,,,0.985692483784815,0.8222222222222222,0.5285714285714285,0.5,0.976,80.76234612985472
866247,Tommaso Rubino (866247),19.8,Midfield - Attacking Midfield,Midfield,Carrarese Calcio 1908,Fiorentina Primavera,Primavera Fase Finale,24/25,2470.0,7.287449392712551,0.4736842105263157,7.761133603238867,1200000.0,0.5-2m,0.9987600152613506,0.9908496732026144,0.5285714285714285,0.19056372549019607,0.988,80.75660840439444
920222,Loïs Martins (920222),22.5,Midfield - Central Midfield,Midfield,Paris 13 Atletico,Stade Lavallois,National 3 - Grp. B,24/25,1880.0,2.8723404255319145,0.0957446808510638,2.9680851063829783,50000.0,<=0.5m,0.973313192346425,0.973313192346425,0.14285714285714285,0.8958333333333334,0.752,80.74617249316645
1314282,,18.4,Midfield - Defensive Midfield,Midfield,Genoa Under 18,Genoa Under 17,Under 17 - Finals,24/25,990.0,1.8181818181818183,0.0,1.8181818181818183,,,0.9684873949579832,0.9684873949579832,0.7285714285714288,0.5,0.396,80.72638655462184
1043866,Roque Maisterra (1043866),20.3,Midfield - Central Midfield,Midfield,AC Reggiana 1919,Brescia Primavera,Primavera 2 - A,24/25,4910.0,1.4663951120162932,0.0,1.4663951120162932,125000.0,<=0.5m,0.8972809667673716,0.8972809667673716,0.457142857142857,0.6836703431372548,1.0,80.72252852424958
1222050,Rocco Di Vico (1222050),19.5,Midfield - Central Midfield,Midfield,US Salernitana 1919,Salernitana Primavera,Primavera 2 - B,24/25,3450.0,1.565217391304348,0.0260869565217391,1.591304347826087,250000.0,<=0.5m,0.9113796576032226,0.9113796576032226,0.5714285714285714,0.49188112745098034,1.0,80.71197238336421
1039623,Davud Keskin (1039623),20.1,Midfield - Defensive Midfield,Midfield,FC Hertha 03 Zehlendorf,FC Viktoria 1889 Berlin,Regionalliga Northeast,24/25,2650.0,0.6792452830188679,0.0,0.6792452830188679,10000.0,<=0.5m,0.8172268907563025,0.8172268907563025,0.4857142857142855,0.9932598039215687,1.0,80.71067927170867
1080788,Muhammed Bah (1080788),19.5,Midfield - Central Midfield,Midfield,Roma U20,Roma U20,Under 18 - Finals,24/25,4180.0,1.507177033492823,0.0645933014354067,1.5717703349282297,,,0.9093655589123867,0.9093655589123867,0.5714285714285714,0.5,1.0,80.70479067760033
1065272,Miguel Auría (1065272),21.4,Midfield - Attacking Midfield,Midfield,CA Osasuna Promesas,CD Subiza,Segunda Federación - Gr. II,24/25,2230.0,2.4215246636771304,0.0807174887892376,2.502242152466368,50000.0,<=0.5m,0.9071895424836601,0.9071895424836601,0.3000000000000002,0.8958333333333334,0.892,80.69303921568627
688617,Yannis Ryter (688617),20.8,Midfield - Central Midfield,Midfield,FC Rapperswil-Jona,FC Lugano,Promotion League,24/25,1790.0,5.53072625698324,0.0502793296089385,5.581005586592178,200000.0,<=0.5m,0.9929506545820745,0.9929506545820745,0.3857142857142856,0.5553002450980392,0.716,80.68267127772559
827711,Gabriël Reiziger (827711),20.9,Midfield - Attacking Midfield,Midfield,PEC Zwolle,PEC Zwolle U21,U21 Div. 1 Spring,24/25,3090.0,4.368932038834951,0.0,4.368932038834951,,,0.9620915032679739,0.9620915032679739,0.3714285714285716,0.5,1.0,80.66834733893559
1134172,Alessandro Pagliari (1134172),19.2,Midfield - Defensive Midfield,Midfield,Venezia Primavera,Genoa Under 18,Under 18 - Finals,24/25,7630.0,0.943643512450852,0.0825688073394495,1.0262123197903017,,,0.8970588235294118,0.8970588235294118,0.6142857142857144,0.5,1.0,80.65210084033613
1171063,Davide Atzeni (1171063),19.2,Midfield - Central Midfield,Midfield,Fiorentina Primavera,Fiorentina Under 18,Under 18,24/25,1510.0,2.384105960264901,0.119205298013245,2.503311258278146,,,0.9627391742195368,0.9627391742195368,0.6142857142857144,0.5,0.604,80.63292188174364
918581,Anton Roshchin (918581),21.4,Midfield - Right Midfield,Midfield,FC Leningradets,Metallurg Lipetsk,2. Division A (Phase 1),24/25,1380.0,3.260869565217392,0.0,3.260869565217392,75000.0,<=0.5m,0.9789473684210527,0.9789473684210527,0.3000000000000002,0.8249080882352942,0.552,80.60555534055727
1287735,Oscar Vargas (1287735),20.5,Midfield - Right Midfield,Midfield,Beerschot VA,Beerschot VA U23,3de Nationale VV A,24/25,3300.0,1.0909090909090908,0.0,1.0909090909090908,50000.0,<=0.5m,0.8526315789473684,0.8526315789473684,0.42857142857142855,0.8958333333333334,1.0,80.55670426065163
808651,Emirhan Acar (808651),21.1,Midfield - Central Midfield,Midfield,Bandirmaspor,Torino Primavera,Primavera 1,24/25,3820.0,1.6492146596858637,0.0706806282722513,1.719895287958115,125000.0,<=0.5m,0.9244712990936556,0.9244712990936556,0.34285714285714264,0.6836703431372548,1.0,80.52537703525518
897422,Max Meyer (897422),20.0,Midfield - Left Midfield,Midfield,SpVgg Greuther Fürth II,SSV Jahn Regensburg II,Bayernliga Nord,24/25,2380.0,1.512605042016807,0.0378151260504201,1.550420168067227,100000.0,<=0.5m,0.8735632183908046,0.8735632183908046,0.5,0.7486213235294117,0.952,80.41449163286005
1266282,Yaroslav Shevchenko (1266282),19.9,Midfield - Central Midfield,Midfield,Kryvbas Kryvyi Rig,Kryvbas Kryvyi Rig,Premier Liga,24/25,1370.0,3.284671532846715,0.0,3.284671532846715,200000.0,<=0.5m,0.9818731117824774,0.9818731117824774,0.5142857142857145,0.5553002450980392,0.548,80.39516156689261
927249,Alessandro Giovannini (927249),21.6,Midfield - Attacking Midfield,Midfield,Forlì FC,Pineto Calcio,Serie B,24/25,1950.0,1.8461538461538465,0.1846153846153846,2.0307692307692307,50000.0,<=0.5m,0.9646127432277757,0.865359477124183,0.27142857142857124,0.8958333333333334,0.78,80.37771654891132
920337,Mudaser Sadat (920337),19.5,Midfield - Central Midfield,Midfield,SKU Amstetten,FC Bayern Munich U19,U19-Champ.,24/25,3710.0,1.4555256064690028,0.0485175202156334,1.504043126684636,,,0.9023162134944612,0.9023162134944612,0.5714285714285714,0.5,1.0,80.2818299525248
1082993,Findlay Curtis (1082993),19.9,Midfield - Attacking Midfield,Midfield,Rangers FC B,Rangers FC,Scottish Premiership Top Six Split,24/25,1390.0,1.942446043165468,0.1942446043165467,2.1366906474820144,100000.0,<=0.5m,0.9676650133536818,0.8745098039215686,0.5142857142857145,0.7486213235294117,0.556,80.27975615169761
1073754,Jakub Adkonis (1073754),19.2,Midfield - Defensive Midfield,Midfield,Pogon Grodzisk Mazowiecki,Ruch Chorzow,Betclic 1 Liga,24/25,1650.0,3.2727272727272725,0.109090909090909,3.3818181818181814,600000.0,0.5-2m,0.9957983193277311,0.9957983193277311,0.6142857142857144,0.2890625,0.66,80.22334558823529
1334467,Malick Diop (1334467),20.5,Midfield - Central Midfield,Midfield,USL Dunkerque,USL Dunkerque U19,National U19 - Grp. A,24/25,2690.0,1.338289962825279,0.0,1.338289962825279,100000.0,<=0.5m,0.8811681772406847,0.8811681772406847,0.42857142857142855,0.7486213235294117,1.0,80.20793202099571
891869,Leonardo Colombo (891869),21.2,Midfield - Defensive Midfield,Midfield,AC Monza,AC Monza,Serie A,24/25,2930.0,1.5358361774744027,0.0921501706484641,1.627986348122867,250000.0,<=0.5m,0.9663865546218487,0.9663865546218487,0.3285714285714287,0.49188112745098034,1.0,80.12667191876751
1309920,Cesare Sergi (1309920),18.1,Midfield - Defensive Midfield,Midfield,Lecce Under 18,Lecce Under 17,Under 17 - C,24/25,2430.0,0.7407407407407408,0.0,0.7407407407407408,,,0.8508403361344538,0.8508403361344538,0.7714285714285712,0.5,0.972,80.11327731092437
1061744,Gonçalo Moreira (1061744),20.6,Midfield - Attacking Midfield,Midfield,SL Benfica B,SL Benfica U23,U-23 Cup Portugal,24/25,5210.0,3.2821497120921306,0.1209213051823416,3.4030710172744723,,,0.9411764705882353,0.9411764705882353,0.4142857142857141,0.5,1.0,80.09915966386555
1063834,Patrik Dulay (1063834),21.5,Midfield - Right Midfield,Midfield,FC Slovan Liberec,FC Slovan Liberec,CFL,24/25,2410.0,2.6141078838174274,0.0,2.6141078838174274,150000.0,<=0.5m,0.9473684210526315,0.9473684210526315,0.2857142857142857,0.6395526960784313,0.964,80.0072715796845
979361,Emmanuele De Chiara (979361),20.5,Midfield - Central Midfield,Midfield,Napoli Primavera,Napoli Primavera,Play-off/out Primavera,24/25,3520.0,1.7897727272727273,0.0767045454545454,1.8664772727272727,225000.0,<=0.5m,0.9315206445115811,0.9315206445115811,0.42857142857142855,0.5170036764705883,1.0,79.98643299842595
1106478,Victor Joseph (1106478),20.4,Midfield - Attacking Midfield,Midfield,FC Sochaux-Montbéliard,FC Sochaux-Montbéliard U19,National U19 - Phase finale,24/25,1520.0,8.881578947368421,0.0,8.881578947368421,,,0.996078431372549,0.996078431372549,0.44285714285714306,0.5,0.608,79.93042016806724
1310486,Alessio Baralla (1310486),18.5,Midfield - Defensive Midfield,Midfield,Empoli Primavera,Empoli Under 17,Under 17 - Finals,24/25,5460.0,0.3296703296703296,0.1648351648351648,0.4945054945054945,,,0.9553605494086227,0.6890756302521008,0.7142857142857143,0.5,1.0,79.89193617164531
954265,Lorenzo Riccio (954265),20.1,Midfield - Central Midfield,Midfield,Atalanta U23,Atalanta U23,Playoff Serie C,24/25,3350.0,3.492537313432836,0.026865671641791,3.5194029850746267,950000.0,0.5-2m,0.9838872104733132,0.9838872104733132,0.4857142857142855,0.21905637254901966,1.0,79.87145041551362
1056257,Luca Lo Scalzo (1056257),19.5,Midfield - Central Midfield,Midfield,Napoli Primavera,Ascoli Picchio Primavera,Play-off/out Primavera,24/25,3640.0,1.2362637362637363,0.0741758241758241,1.3104395604395604,175000.0,<=0.5m,0.8721047331319235,0.8721047331319235,0.5714285714285714,0.5994178921568627,1.0,79.86099162096863
1004391,Massimiliano Silvestri (1004391),19.9,Midfield - Central Midfield,Midfield,FC Calvi Noale,Cjarlins Muzane,Serie D - C,24/25,2910.0,0.9278350515463918,0.0,0.9278350515463918,10000.0,<=0.5m,0.7935548841893253,0.7935548841893253,0.5142857142857145,0.9932598039215687,1.0,79.74750173483291
1186745,Gorka Gorosabel (1186745),20.3,Midfield - Central Midfield,Midfield,Real Sociedad B,Real Sociedad B,Promoción a LaLiga2,24/25,3530.0,1.019830028328612,0.0,1.019830028328612,50000.0,<=0.5m,0.8308157099697885,0.8308157099697885,0.457142857142857,0.8958333333333334,1.0,79.7048949791397
1123209,Giulio Nebuloso (1123209),18.9,Midfield - Defensive Midfield,Midfield,Pineto Calcio,Pineto Calcio,Playoff Serie C,24/25,1000.0,0.9,0.0,0.9,50000.0,<=0.5m,0.8771008403361344,0.8771008403361344,0.6571428571428574,0.8958333333333334,0.4,79.68200280112046
911224,Alessandro Romano (911224),20.2,Midfield - Defensive Midfield,Midfield,Roma U20,Roma U20,Primavera Fase Finale,24/25,3660.0,1.475409836065574,0.0737704918032786,1.5491803278688523,500000.0,<=0.5m,0.957983193277311,0.957983193277311,0.47142857142857153,0.327359068627451,1.0,79.6048757002801
1052319,Ioannis Sarris (1052319),19.4,Midfield - Defensive Midfield,Midfield,Modena Primavera,Modena Primavera,Primavera 2 - A,24/25,3940.0,0.9137055837563453,0.0228426395939086,0.9365482233502538,,,0.884453781512605,0.884453781512605,0.585714285714286,0.5,1.0,79.43865546218488
837284,Mykyta Sytnykov (837284),22.2,Midfield - Central Midfield,Midfield,UCSA Tarasivka,UCSA Tarasivka,Persha Liga,24/25,1930.0,2.7979274611398965,0.1398963730569948,2.9378238341968914,100000.0,<=0.5m,0.9707955689828801,0.9707955689828801,0.1857142857142858,0.7486213235294117,0.772,79.41986123981314
930416,Aleksander Wolczek (930416),21.2,Midfield - Defensive Midfield,Midfield,Slask Wroclaw II,Slask Wroclaw,Betclic 3 Liga - Group III,24/25,3700.0,1.4594594594594597,0.0,1.4594594594594597,0.0,<=0.5m,0.9516806722689075,0.9516806722689075,0.3285714285714287,0.5,1.0,79.3579831932773
1234408,Alessandro Ribaudo (1234408),17.8,Midfield - Central Midfield,Midfield,Palermo Primavera,Palermo Under 17,Under 17 - C,24/25,4490.0,0.8017817371937639,0.0801781737193764,0.8819599109131403,,,0.8503433803891645,0.7734138972809668,0.8142857142857142,0.5,1.0,79.35672562354095
988997,Ernesto Perin (988997),19.4,Midfield - Central Midfield,Midfield,Empoli Primavera,AC Milan Primavera,Under 18,24/25,2390.0,0.7531380753138075,0.1506276150627615,0.903765690376569,,,0.9482067913010301,0.7895266868076536,0.585714285714286,0.5,0.956,79.3328737506361
985849,Edoardo Zaia (985849),19.9,Midfield - Right Midfield,Midfield,Torino Primavera,Torino Primavera,Primavera 1,24/25,1290.0,1.3953488372093024,0.1395348837209302,1.5348837209302326,100000.0,<=0.5m,0.9402899656619611,0.8947368421052632,0.5142857142857145,0.7486213235294117,0.516,79.2844991794535
1004739,Bahia (1004739),20.6,Midfield - Central Midfield,Midfield,SC Corinthians U20,Sport Club Corinthians Paulista,Série A,2025,4100.0,1.7560975609756098,0.0,1.7560975609756098,,,0.9264853977844915,0.9264853977844915,0.4142857142857141,0.5,1.0,79.21769529564092
1174171,Ömer Faruk Duymaz (1174171),20.3,Midfield - Attacking Midfield,Midfield,Istanbulspor,Trabzonspor U19,U19 Süper Lig,24/25,5200.0,2.5961538461538463,0.1038461538461538,2.7,,,0.9137254901960784,0.9137254901960784,0.457142857142857,0.5,1.0,79.13781512605041
1052350,Nick Rothweiler (1052350),20.2,Midfield - Central Midfield,Midfield,1.FC Heidenheim 1846,1.FC Heidenheim 1846 U19,U19 Nachwuchsliga - Liga A,24/25,1310.0,4.809160305343512,0.2061068702290076,5.01526717557252,,,0.9889224572004028,0.9889224572004028,0.47142857142857153,0.5,0.524,79.1182045748813
1307511,Flavio Afonso (1307511),18.3,Midfield - Attacking Midfield,Midfield,Stade de Reims U19,Stade de Reims U19,National U19 - Grp. B,24/25,1370.0,2.627737226277372,0.0,2.627737226277372,,,0.9124183006535947,0.9124183006535947,0.7428571428571428,0.5,0.548,79.11081232492998
1178961,Siebe Van Keymolen (1178961),21.5,Midfield - Attacking Midfield,Midfield,Jong Essevee,Jong Essevee,2 NAT PO Promotie,24/25,1920.0,10.3125,0.0,10.3125,,,0.9973856209150327,0.9973856209150327,0.2857142857142857,0.5,0.768,79.09456582633052
1201576,Luca Dagau (1201576),18.7,Midfield - Central Midfield,Midfield,SC Aubagne Air Bel,AC Ajaccio U19,National U19 - Grp. D,24/25,3080.0,1.168831168831169,0.0,1.168831168831169,,,0.851963746223565,0.851963746223565,0.6857142857142858,0.5,1.0,79.08925334484248
1079965,Frederik Damkjer (1079965),19.1,Midfield - Central Midfield,Midfield,Viborg FF,Viborg FF,Superliga Relegation round,24/25,1520.0,1.1842105263157894,0.0,1.1842105263157894,75000.0,<=0.5m,0.8559919436052367,0.8559919436052367,0.6285714285714283,0.8249080882352942,0.608,79.04537270875117
699589,Robert Geller (699589),22.6,Midfield - Left Midfield,Midfield,Karlsruher SC II,Karlsruher SC,VL Baden,24/25,2000.0,4.05,0.225,4.275,100000.0,<=0.5m,0.9795879435330027,0.9655172413793104,0.12857142857142836,0.7486213235294117,0.8,79.00356255115358
1039727,Muhammed Zekir Oglou (1039727),19.9,Midfield - Central Midfield,Midfield,FC Viktoria 1889 Berlin,FC Viktoria 1889 Berlin,Regionalliga Northeast,24/25,1770.0,2.0338983050847457,0.0,2.0338983050847457,0.0,<=0.5m,0.9446122860020141,0.9446122860020141,0.5142857142857145,0.5,0.708,78.98530858869228
924313,Imad Jaadar (924313),21.0,Midfield - Right Midfield,Midfield,SV Darmstadt 98 II,SV Rot-Weiss Walldorf,Hessenliga,24/25,2180.0,2.889908256880734,0.0,2.889908256880734,,,0.9578947368421052,0.9578947368421052,0.35714285714285715,0.5,0.872,78.90796992481204
983817,Fahri Ay (983817),21.6,Midfield - Central Midfield,Midfield,Istanbulspor,Besiktas JK,Süper Lig,24/25,2020.0,3.118811881188119,0.0445544554455445,3.1633663366336635,200000.0,<=0.5m,0.9778449144008057,0.9778449144008057,0.27142857142857124,0.5553002450980392,0.808,78.86775543827802
892165,Sergej Levak (892165),20.3,Midfield - Central Midfield,Midfield,Atalanta U23,Roma U20,Primavera Fase Finale,24/25,2630.0,2.3954372623574143,0.1368821292775665,2.5323193916349807,700000.0,0.5-2m,0.9637462235649547,0.9637462235649547,0.457142857142857,0.2643995098039216,1.0,78.84065226543788
886481,David Gocic (886481),22.7,Midfield - Defensive Midfield,Midfield,FC Gambarogno-Contone,FC Gambarogno-Contone,2. Liga Inter - Gr. 3,24/25,2670.0,4.044943820224719,0.0337078651685393,4.078651685393258,0.0,<=0.5m,1.0,1.0,0.1142857142857144,0.5,1.0,78.82857142857144
1011934,Hasan Bulut (1011934),19.3,Midfield - Central Midfield,Midfield,Oud-Heverlee Leuven U23,Oud-Heverlee Leuven U23,1ste Nationale VV,24/25,3490.0,1.2893982808022924,0.0,1.2893982808022924,,,0.8700906344410876,0.8700906344410876,0.5999999999999999,0.5,1.0,78.80543806646526
897921,Lorenzo Menegazzo (897921),21.1,Midfield - Central Midfield,Midfield,Ravenna FC,Bologna Primavera,Play-off/out Primavera,24/25,3870.0,2.0930232558139537,0.1162790697674418,2.209302325581396,300000.0,<=0.5m,0.9506545820745217,0.9506545820745217,0.34285714285714264,0.4431678921568627,1.0,78.72933970038164
965969,Conor McLeod (965969),19.7,Midfield - Attacking Midfield,Midfield,Wolverhampton Wanderers U21,Wolverhampton Wanderers U18,U18 Premier League,24/25,1450.0,3.724137931034482,0.1241379310344827,3.848275862068965,,,0.9529411764705882,0.9529411764705882,0.5428571428571429,0.5,0.58,78.66218487394958
1085929,Owen Eames (1085929),19.8,Midfield - Central Midfield,Midfield,Derby County U21,Derby County U18,U18 Premier League,24/25,8980.0,1.3028953229398663,0.0801781737193764,1.3830734966592426,,,0.8862034239677744,0.8862034239677744,0.5285714285714285,0.5,1.0,78.62934829520933
980346,Richi Agbonifo (980346),20.6,Midfield - Right Midfield,Midfield,Inter U23,Hellas Verona Primavera,Primavera 1,24/25,4340.0,2.903225806451613,0.228110599078341,3.131336405529954,800000.0,0.5-2m,0.9801602441816101,0.968421052631579,0.4142857142857141,0.24203431372549022,1.0,78.56840425752422
928629,Jorn Triep (928629),21.4,Midfield - Attacking Midfield,Midfield,VVV-Venlo,Sparta Rotterdam U21,Play-Offs Promotion Tweede Divisie,24/25,3020.0,3.2781456953642385,0.1490066225165563,3.427152317880795,,,0.9463945059137734,0.9450980392156862,0.3000000000000002,0.5,1.0,78.5551480874685
944335,Justin von der Hitz (944335),19.8,Midfield - Right Midfield,Midfield,1.FC Nuremberg,1.FC Köln U19,U19-Champ.,24/25,9140.0,1.3785557986870898,0.0984682713347921,1.477024070021882,,,0.885253719954216,0.8842105263157894,0.5285714285714285,0.5,1.0,78.54941579435042
1240114,Mattia Angelicchio (1240114),17.1,Midfield - Defensive Midfield,Midfield,AC Milan Primavera,Milan Under 18,Under 18,25/26,900.0,1.0,0.0,1.0,,,0.8886554621848739,0.8886554621848739,0.914285714285714,0.5,0.36,78.54789915966387
1015612,Daniel Daga (1015612),19.6,Midfield - Central Midfield,Midfield,Molde FK,Molde FK,Eliteserien,2025,2760.0,1.9565217391304348,0.0326086956521739,1.9891304347826089,900000.0,0.5-2m,0.9405840886203424,0.9405840886203424,0.5571428571428569,0.2244178921568627,1.0,78.49118152170233
811354,Cian Coleman (811354),21.9,Midfield - Defensive Midfield,Midfield,Buxton FC,Buxton FC,NL North Play-offs,24/25,5870.0,1.533219761499148,0.0459965928449744,1.5792163543441224,,,0.9621848739495799,0.9621848739495799,0.2285714285714288,0.5,1.0,78.38823529411764
982582,Miguel Perez (982582),21.3,Midfield - Central Midfield,Midfield,St. Louis CITY SC,St. Louis CITY SC 2,MLS Next Pro,2025,2330.0,3.0901287553648067,0.0772532188841201,3.167381974248926,400000.0,<=0.5m,0.9788519637462235,0.9788519637462235,0.31428571428571417,0.3772977941176471,0.932,78.3618583709919
918251,Yoann Cissé (918251),21.7,Midfield - Left Midfield,Midfield,Zébra Élites,AJ Auxerre B,National 3 - Grp. G,24/25,2550.0,2.117647058823529,0.1058823529411764,2.223529411764706,,,0.9540229885057471,0.9540229885057471,0.25714285714285723,0.5,1.0,78.35566502463055
1179829,Sebastian Murru (1179829),19.4,Midfield - Central Midfield,Midfield,Oud-Heverlee Leuven U23,Oud-Heverlee Leuven U18,U18 Elite 1 PO B,24/25,1240.0,2.177419354838709,0.0,2.177419354838709,,,0.9496475327291037,0.9496475327291037,0.585714285714286,0.5,0.496,78.3102805351748
1260851,Santiago Sandoval (1260851),19.0,Midfield - Attacking Midfield,Midfield,Deportivo Guadalajara U21,Deportivo Guadalajara U19,Liguilla MX U19 Cl.,24/25,1040.0,3.4615384615384617,0.0,3.4615384615384617,,,0.9477124183006536,0.9477124183006536,0.6428571428571429,0.5,0.416,78.30845938375349
815546,Francesco Gioielli (815546),22.5,Midfield - Defensive Midfield,Midfield,Atletico Calcio Afragolese,Asd Puteolana 1902,Serie D - G,24/25,6640.0,1.0843373493975903,0.0,1.0843373493975903,75000.0,<=0.5m,0.907563025210084,0.907563025210084,0.14285714285714285,0.8249080882352942,1.0,78.28820903361344
929870,Mattia Della Rocca (929870),20.6,Midfield - Attacking Midfield,Midfield,Roma U20,Roma U20,Primavera Fase Finale,24/25,2370.0,1.5189873417721518,0.1518987341772152,1.670886075949367,175000.0,<=0.5m,0.9491606257153758,0.803921568627451,0.4142857142857141,0.5994178921568627,0.948,78.25480020575573
927354,Vasco Tritten (927354),21.0,Midfield - Right Midfield,Midfield,FC Stade-Lausanne-Ouchy,Servette FC U21,1. Liga gr. 1,24/25,1380.0,7.17391304347826,0.0,7.17391304347826,0.0,<=0.5m,1.0,1.0,0.35714285714285715,0.5,0.552,78.23428571428572
985546,Callum Olusesi (985546),19.4,Midfield - Central Midfield,Midfield,Tottenham Hotspur U21,Tottenham Hotspur,Premier League,24/25,3550.0,1.52112676056338,0.0,1.52112676056338,500000.0,<=0.5m,0.904330312185297,0.904330312185297,0.585714285714286,0.327359068627451,1.0,78.21427426333071
1047258,Hindolo Mustapha (1047258),20.1,Midfield - Attacking Midfield,Midfield,1.FC Nuremberg,Crystal Palace U21,PL2 Playoffs,24/25,5080.0,1.9488188976377951,0.1062992125984252,2.0551181102362204,,,0.9030904235024799,0.869281045751634,0.4857142857142855,0.5,1.0,78.21304767105876
1015607,Alper Efe Pazar (1015607),21.5,Midfield - Central Midfield,Midfield,Menemen FK,Samsunspor U19,U19 Süper Lig,24/25,2790.0,1.6129032258064515,0.1612903225806451,1.7741935483870968,,,0.9534528805799313,0.9274924471299094,0.2857142857142857,0.5,1.0,78.20747187032396
1046499,Marouane Calame (1046499),20.5,Midfield - Central Midfield,Midfield,Lecce Primavera,Team BEJUNE U19,U19 Elite Platzierungsspiele,24/25,5460.0,1.3186813186813189,0.0,1.3186813186813189,150000.0,<=0.5m,0.8731117824773413,0.8731117824773413,0.42857142857142855,0.6395526960784313,1.0,78.19758755088138
539809,Miguel Reichmuth (539809),22.8,Midfield - Central Midfield,Midfield,FC Zürich,FC Zürich,Promotion League,24/25,1870.0,2.8877005347593587,0.0962566844919786,2.9839572192513373,100000.0,<=0.5m,0.9758308157099698,0.9758308157099698,0.0999999999999999,0.7486213235294117,0.748,78.11054747200996
897491,Bilal Yalcinkaya (897491),20.4,Midfield - Attacking Midfield,Midfield,Hamburger SV II,Hamburger SV U19,Regionalliga Nord,24/25,3220.0,1.6770186335403727,0.1677018633540372,1.84472049689441,300000.0,<=0.5m,0.9565051507058374,0.8392156862745098,0.44285714285714306,0.4431678921568627,1.0,78.10000560077141
900998,Mattia Di Mino (900998),22.8,Midfield - Right Midfield,Midfield,Nuova Igea Virtus,Anzio Calcio 1924,Serie D - G,24/25,3270.0,1.926605504587156,0.055045871559633,1.9816513761467889,75000.0,<=0.5m,0.9157894736842105,0.9157894736842105,0.0999999999999999,0.8249080882352942,1.0,78.09608165634675
994262,Cruz Medina (994262),19.9,Midfield - Central Midfield,Midfield,The Town FC,The Town FC,MLS Next Pro,2025,3560.0,1.2640449438202246,0.0758426966292134,1.339887640449438,250000.0,<=0.5m,0.8821752265861027,0.8821752265861027,0.5142857142857145,0.49188112745098034,1.0,78.04542080805132
1230229,Sabri Çakır (1230229),19.3,Midfield,Midfield,Sivasspor U19,Sivasspor U19,U19 Süper Lig,24/25,4110.0,1.094890510948905,0.0,1.094890510948905,,,0.8571428571428571,0.8571428571428571,0.5999999999999999,0.5,1.0,78.02857142857141
921062,Metehan Yildirim (921062),21.5,Midfield - Attacking Midfield,Midfield,Eintracht Frankfurt II,Eintracht Frankfurt II,Hessenliga,25/26,1060.0,4.245283018867925,0.2547169811320754,4.5,100000.0,<=0.5m,0.9847386493704693,0.9666666666666667,0.2857142857142857,0.7486213235294117,0.424,77.97886244358484
722653,Sami Satılmış (722653),22.2,Midfield - Central Midfield,Midfield,1461 Trabzon FK,Altinordu FK,2.Lig Playoff,24/25,2890.0,2.179930795847751,0.0934256055363321,2.273356401384083,200000.0,<=0.5m,0.9536757301107754,0.9536757301107754,0.1857142857142858,0.5553002450980392,1.0,77.96617580944765
817002,Tommaso Fermi (817002),22.0,Midfield - Central Midfield,Midfield,SS Cosmos,SS Cosmos,Camp. Sammarinese,24/25,2850.0,1.263157894736842,0.0,1.263157894736842,50000.0,<=0.5m,0.8665659617321249,0.8665659617321249,0.21428571428571427,0.8958333333333334,1.0,77.9641957991656
1169986,Karim Djerrah (1169986),20.7,Midfield - Attacking Midfield,Midfield,FC Balagne,Sarreguemines FC,National 3 - Grp. H,24/25,2530.0,1.7786561264822134,0.1422924901185771,1.9209486166007903,,,0.9421022510492179,0.8522875816993464,0.4000000000000001,0.5,1.0,77.9502123372559
954032,Valerio Loconte (954032),20.5,Midfield - Attacking Midfield,Midfield,Siena FC,Ternana Primavera,Play-off/out Primavera,24/25,5900.0,2.288135593220339,0.0152542372881355,2.3033898305084746,200000.0,<=0.5m,0.8875816993464052,0.8875816993464052,0.42857142857142855,0.5553002450980392,1.0,77.88624824929971
1028399,Borna Knezovic (1028399),21.1,Midfield - Attacking Midfield,Midfield,US Salernitana 1919,Sassuolo Primavera,Primavera Fase Finale,24/25,2370.0,6.835443037974684,0.3417721518987341,7.177215189873418,800000.0,0.5-2m,0.9952308279282717,0.9856209150326798,0.34285714285714264,0.24203431372549022,0.948,77.85662626986442
1180701,Ismael Cajazzo (1180701),22.5,Midfield - Right Midfield,Midfield,Casarano Calcio,Casarano Calcio,Meisterrunde,24/25,2500.0,2.16,0.252,2.412,200000.0,<=0.5m,0.9841663487218619,0.9263157894736842,0.14285714285714285,0.5553002450980392,1.0,77.83718633693864
1307106,Leonardo Pregnolato (1307106),19.2,Midfield - Central Midfield,Midfield,Pro Vercelli Primavera,Pro Vercelli Primavera,Primavera 2 - A,24/25,2020.0,1.3366336633663365,0.0,1.3366336633663365,,,0.8801611278952669,0.8801611278952669,0.6142857142857144,0.5,0.808,77.71823910228746
882914,Davide Ciccanti (882914),21.4,Midfield - Right Midfield,Midfield,US Recanatese,Ascoli Picchio Primavera,Play-off/out Primavera,24/25,5480.0,1.1496350364963503,0.0,1.1496350364963503,100000.0,<=0.5m,0.8736842105263158,0.8736842105263158,0.3000000000000002,0.7486213235294117,1.0,77.70175116099071
1027251,Geremi Perera (1027251),22.2,Midfield - Central Midfield,Midfield,SC Eltersdorf,ATSV Erlangen,Bayernliga Nord,24/25,2000.0,6.300000000000001,0.135,6.4350000000000005,0.0,<=0.5m,0.9949647532729103,0.9949647532729103,0.1857142857142858,0.5,0.8,77.66931376780319
1303922,Nicolas Romanelli (1303922),18.6,Midfield - Attacking Midfield,Midfield,Lazio Under 18,SS Lazio U17,Under 17 - Finals,24/25,1710.0,2.1052631578947367,0.0526315789473684,2.1578947368421053,,,0.8758169934640523,0.8758169934640523,0.6999999999999998,0.5,0.684,77.58901960784314
1071955,Luc Essiena (1071955),22.0,Midfield - Central Midfield,Midfield,Etoile Carouge FC,FC Lausanne-Sport II,1. Liga Playoff,24/25,2000.0,3.6,0.09,3.69,,,0.9848942598187311,0.9848942598187311,0.21428571428571427,0.5,0.8,77.52222701769531
938946,Ayoub Chaikhoun (938946),20.6,Midfield - Attacking Midfield,Midfield,1.FC Nuremberg,Eintracht Frankfurt U19,U19-Champ.,24/25,2020.0,2.227722772277228,0.5346534653465347,2.7623762376237626,500000.0,<=0.5m,0.9996184662342618,0.9163398692810457,0.4142857142857141,0.327359068627451,0.808,77.4365772304407
631441,Kacper Sommerfeld (631441),22.6,Midfield - Defensive Midfield,Midfield,Stal Mielec,Pogon Grodzisk Mazowiecki,Betclic 2 Liga,24/25,3540.0,1.779661016949153,0.1016949152542373,1.88135593220339,,,0.9726890756302521,0.9726890756302521,0.12857142857142836,0.5,1.0,77.41848739495796
896597,Jardell Kanga (896597),20.7,Midfield - Attacking Midfield,Midfield,Ilves Tampere,Ilves Tampere,Veikkausliiga,2025,1870.0,1.925133689839572,0.2406417112299465,2.1657754010695185,250000.0,<=0.5m,0.9824494467760396,0.8771241830065359,0.4000000000000001,0.49188112745098034,0.748,77.39614678794703
944427,Edhy Zuliani (944427),22.0,Midfield - Attacking Midfield,Midfield,Pau FC,FC Toulouse,Ligue 1,24/25,1960.0,2.295918367346939,0.0918367346938775,2.3877551020408165,50000.0,<=0.5m,0.8928104575163399,0.8928104575163399,0.21428571428571427,0.8958333333333334,0.784,77.37886554621849
1160833,Dilan Zárate (1160833),19.0,Midfield - Central Midfield,Midfield,Inter Milan Primavera,Inter Under 18,Under 18 - Finals,24/25,3370.0,1.0682492581602374,0.0,1.0682492581602374,,,0.8348439073514602,0.8348439073514602,0.6428571428571429,0.5,1.0,77.3763487268019
1218725,Cristiano La Sorsa (1218725),20.0,Midfield - Attacking Midfield,Midfield,FC Trapani 1905,Monopoli Primavera,Play-off/out Primavera,24/25,4580.0,1.7685589519650655,0.0,1.7685589519650655,125000.0,<=0.5m,0.8300653594771242,0.8300653594771242,0.5,0.6836703431372548,1.0,77.37530637254902
1053676,Antonio Potenza (1053676),20.7,Midfield - Central Midfield,Midfield,Sorrento 1945,Scafatese Calcio 1922,Play-off Serie D,24/25,4870.0,1.2936344969199178,0.0369609856262833,1.3305954825462012,175000.0,<=0.5m,0.8761329305135952,0.8761329305135952,0.4000000000000001,0.5994178921568627,1.0,77.35982632101181
622030,Valentino Salducco (622030),23.0,Midfield - Central Midfield,Midfield,USD Sestri Levante 1919,ASDC Gozzano,Play-off Serie D,24/25,2610.0,1.7241379310344829,0.1034482758620689,1.827586206896552,100000.0,<=0.5m,0.9284994964753273,0.9284994964753273,0.07142857142857142,0.7486213235294117,1.0,77.33352546078855
879868,Marco Dalla Vecchia (879868),21.5,Midfield - Central Midfield,Midfield,Virtus Entella,Torino Primavera,Serie A,24/25,3430.0,1.8367346938775508,0.0262390670553935,1.8629737609329444,250000.0,<=0.5m,0.9305135951661632,0.9305135951661632,0.2857142857142857,0.49188112745098034,1.0,77.28858006571208
981538,Kenny Liema Olinga (981538),19.1,Midfield - Defensive Midfield,Midfield,Torino Primavera,Torino Under 18,Under 18 - Finals,24/25,2120.0,0.4245283018867924,0.1273584905660377,0.5518867924528301,,,0.9297024036627242,0.7457983193277311,0.6285714285714283,0.5,0.848,77.27339722153646
1078779,Diego Finotti (1078779),19.6,Midfield - Attacking Midfield,Midfield,Ascoli Picchio Primavera,Ascoli Picchio Primavera,Play-off/out Primavera,24/25,1560.0,1.7307692307692308,0.173076923076923,1.903846153846154,,,0.9592712705074399,0.8470588235294118,0.5571428571428569,0.5,0.624,77.24188811121549
1007816,Jesper Eikrem (1007816),19.1,Midfield - Attacking Midfield,Midfield,SK Brann,SK Brann,NM-Cup,2025,3150.0,1.4285714285714284,0.0571428571428571,1.4857142857142855,100000.0,<=0.5m,0.7777777777777778,0.7777777777777778,0.6285714285714283,0.7486213235294117,1.0,77.20450805322129
810972,Patrick Weber (810972),22.4,Midfield - Central Midfield,Midfield,Yverdon Sport FC,Servette FC,Challenge League,24/25,2200.0,1.6363636363636362,0.0818181818181818,1.718181818181818,100000.0,<=0.5m,0.9234642497482377,0.9234642497482377,0.15714285714285733,0.7486213235294117,0.88,77.20283922859174
1279908,Wallace Davi (1279908),19.3,Midfield - Defensive Midfield,Midfield,Fluminense Football Club,Fluminense Football Club,CBF Brasileiro U20,2025,2480.0,0.7258064516129032,0.0,0.7258064516129032,,,0.8445378151260504,0.8445378151260504,0.5999999999999999,0.5,0.992,77.192268907563
908211,Nico Baier (908211),21.3,Midfield - Attacking Midfield,Midfield,GKS Tychy,SV Darmstadt 98 II,Hessenliga,24/25,3110.0,1.7363344051446947,0.1736334405144694,1.909967845659164,,,0.9595574208317436,0.8496732026143791,0.31428571428571417,0.5,1.0,77.18456387769402
1311247,Alessio Danieli (1311247),18.0,Midfield - Attacking Midfield,Midfield,Frosinone Primavera,Frosinone Primavera,Primavera 2 - B,24/25,3460.0,1.0404624277456649,0.0780346820809248,1.1184971098265897,,,0.8449065242273941,0.7045751633986929,0.7857142857142857,0.5,1.0,77.17853008684081
999382,Snyder Brunell (999382),19.4,Midfield - Defensive Midfield,Midfield,Seattle Sounders FC,Seattle Sounders FC,Leagues Cup,2025,5050.0,0.7128712871287128,0.0178217821782178,0.7306930693069307,,,0.8466386554621849,0.8466386554621849,0.585714285714286,0.5,1.0,77.16974789915966
848943,Jakub Jedrasik (848943),21.4,Midfield - Attacking Midfield,Midfield,Pogon Grodzisk Mazowiecki,Legia Warsaw II,Baraże II liga,24/25,4170.0,1.7266187050359711,0.1510791366906475,1.8776978417266184,200000.0,<=0.5m,0.9484929416253338,0.8431372549019608,0.3000000000000002,0.5553002450980392,1.0,77.16595482097837
1196342,Mateo Kunze (1196342),20.4,Midfield - Attacking Midfield,Midfield,Teramo Calcio 1913,Pescara Primavera,Play-off/out Primavera,24/25,3090.0,1.7475728155339805,0.0,1.7475728155339805,100000.0,<=0.5m,0.8261437908496732,0.8261437908496732,0.44285714285714306,0.7486213235294117,1.0,77.13504026610644
1298178,Adriano Delphis (1298178),19.2,Midfield - Attacking Midfield,Midfield,FC Sochaux-Montbéliard U19,FC Sochaux-Montbéliard U19,National U19 - Phase finale,24/25,2390.0,1.8828451882845187,0.0,1.8828451882845187,,,0.8457516339869281,0.8457516339869281,0.6142857142857144,0.5,0.956,77.13366946778712
1043557,Tommaso Lupinetti (1043557),20.9,Midfield - Central Midfield,Midfield,UC AlbinoLeffe,Monza Primavera,Primavera 1,24/25,4060.0,1.3300492610837438,0.0665024630541872,1.396551724137931,200000.0,<=0.5m,0.8892245720040282,0.8892245720040282,0.3714285714285716,0.5553002450980392,1.0,77.0705348944714
1039831,Bjarne Pfundheller (1039831),20.2,Midfield - Defensive Midfield,Midfield,VfB Lübeck,VfB Lübeck,Regionalliga Nord,25/26,3150.0,0.5714285714285714,0.0571428571428571,0.6285714285714286,75000.0,<=0.5m,0.7983193277310925,0.7983193277310925,0.47142857142857153,0.8249080882352942,1.0,76.9907300420168
889751,Simone Licco (889751),21.3,Midfield - Central Midfield,Midfield,Without Club,SC Ligorna 1922,Serie D - A,24/25,1100.0,1.6363636363636362,0.0,1.6363636363636362,50000.0,<=0.5m,0.9169184290030211,0.9169184290030211,0.31428571428571417,0.8958333333333334,0.44,76.98534383541937
1073028,Ivan Chaban (1073028),20.1,Midfield - Defensive Midfield,Midfield,Karpaty Lviv U19,Karpaty Lviv,Premier Liga,24/25,1710.0,0.5263157894736842,0.1052631578947368,0.631578947368421,100000.0,<=0.5m,0.9011827546737886,0.8004201680672269,0.4857142857142855,0.7486213235294117,0.684,76.94631547592329
1294647,Denys Khamko (1294647),18.7,Midfield - Central Midfield,Midfield,LNZ Cherkasy U19,LNZ Cherkasy U19,U19 Premier Liga,25/26,1190.0,1.512605042016807,0.0,1.512605042016807,,,0.9033232628398792,0.9033232628398792,0.6857142857142858,0.5,0.476,76.9308243418213
995105,Giulio Patrignani (995105),20.1,Midfield - Defensive Midfield,Midfield,Cremonese Primavera,Sampdoria Primavera,Primavera 1,24/25,5260.0,1.0266159695817492,0.0342205323193916,1.0608365019011408,450000.0,<=0.5m,0.9033613445378151,0.9033613445378151,0.4857142857142855,0.35340073529411764,1.0,76.92071953781512
867177,Nikolaj Lund (867177),21.0,Midfield - Central Midfield,Midfield,Without Club,Esbjerg fB U19,U19 Boys League,24/25,1180.0,5.338983050847458,0.0,5.338983050847458,,,0.9909365558912386,0.9909365558912386,0.35714285714285715,0.5,0.472,76.89047906776004
1001517,Alan Carleton (1001517),21.4,Midfield - Central Midfield,Midfield,Huntsville City FC,Huntsville City FC,MLS Next Pro,2025,1300.0,6.923076923076923,0.4153846153846154,7.338461538461539,,,0.9979859013091642,0.9979859013091642,0.3000000000000002,0.5,0.52,76.87915407854986
918581,Anton Roshchin (918581),21.4,Midfield - Right Midfield,Midfield,FC Leningradets,Metallurg Lipetsk,2. Division B,2025,2520.0,1.0714285714285714,0.0,1.0714285714285714,75000.0,<=0.5m,0.8421052631578947,0.8421052631578947,0.3000000000000002,0.8249080882352942,1.0,76.8750290247678
1004608,Malang Gomes (1004608),21.2,Midfield - Defensive Midfield,Midfield,Le Mans FC,FC Nantes B,National 3 - Grp. B,24/25,4260.0,1.056338028169014,0.0422535211267605,1.0985915492957743,,,0.9096638655462185,0.9096638655462185,0.3285714285714287,0.5,1.0,76.83697478991597
928032,Leonardo Graziani (928032),21.2,Midfield - Attacking Midfield,Midfield,Delfino Pescara 1936,Roma U20,Primavera Fase Finale,24/25,2160.0,6.25,0.2916666666666667,6.541666666666667,700000.0,0.5-2m,0.9902708889736742,0.9816993464052287,0.3285714285714287,0.2643995098039216,0.864,76.82641539631241
957295,Naj Razi (957295),19.8,Midfield - Attacking Midfield,Midfield,Without Club,Como Primavera,Primavera 2 - A,24/25,2800.0,1.2857142857142856,0.1285714285714285,1.414285714285714,300000.0,<=0.5m,0.9306562380770699,0.7607843137254902,0.5285714285714285,0.4431678921568627,1.0,76.76368529622837
805891,Lui Bradbury (805891),22.1,Midfield - Attacking Midfield,Midfield,FC Jazz,FC Jazz,Ykkönen,2025,2350.0,3.829787234042553,0.0,3.829787234042553,,,0.9516339869281045,0.9516339869281045,0.1999999999999998,0.5,0.94,76.69803921568626
991744,Luka Topalović (991744),20.5,Midfield - Central Midfield,Midfield,Inter U23,Inter Milan Primavera,Primavera Fase Finale,24/25,4450.0,2.224719101123596,0.1011235955056179,2.3258426966292136,1500000.0,0.5-2m,0.9566968781470292,0.9566968781470292,0.42857142857142855,0.17080269607843135,1.0,76.65019329106265
1032786,Reuben McAllister (1032786),20.2,Midfield - Central Midfield,Midfield,Without Club,Cove Rangers FC,League Two,24/25,3610.0,1.2465373961218835,0.0249307479224376,1.2714681440443212,,,0.8680765357502518,0.8680765357502518,0.47142857142857153,0.5,1.0,76.62744928787225
934876,Riccardo Arboscello (934876),20.7,Midfield - Central Midfield,Midfield,Novara FC,Genoa U20,Primavera 1,24/25,4020.0,1.343283582089552,0.044776119402985,1.388059701492537,250000.0,<=0.5m,0.8882175226586103,0.8882175226586103,0.4000000000000001,0.49188112745098034,1.0,76.57938714383035
1333520,Gabriel Costa (1333520),19.8,Midfield - Defensive Midfield,Midfield,CD Feirense,CD Feirense,Liga Portugal 2,25/26,1690.0,1.0650887573964496,0.0,1.0650887573964496,,,0.9054621848739496,0.9054621848739496,0.5285714285714285,0.5,0.676,76.54487394957984
1202830,Rayan Ouffa (1202830),19.5,Midfield - Left Midfield,Midfield,Angers SCO U19,Angers SCO U19,National 3 - Grp. B,24/25,1650.0,1.6363636363636362,0.0,1.6363636363636362,,,0.896551724137931,0.896551724137931,0.5714285714285714,0.5,0.66,76.535960591133
800912,Adam Claridge (800912),20.4,Midfield - Central Midfield,Midfield,FC Emmen,Bröndby IF U19,U19 Boys League,24/25,3610.0,1.2465373961218835,0.074792243767313,1.3213296398891965,,,0.8741188318227593,0.8741188318227593,0.44285714285714306,0.5,1.0,76.53284419507985
1133428,Alan Mondesir (1133428),22.8,Midfield - Attacking Midfield,Midfield,FC Montlouis,Cosne UCS Football,National 3 - Grp. F,24/25,2320.0,3.8793103448275854,0.271551724137931,4.150862068965518,,,0.9883632201449828,0.9568627450980393,0.0999999999999999,0.5,0.928,76.48878275766621
925843,Andrei Florea (925843),21.2,Midfield - Central Midfield,Midfield,MSK Zilina,Estoril Praia U23,Liga Portugal,24/25,5140.0,0.8754863813229572,0.0875486381322957,0.9630350194552528,100000.0,<=0.5m,0.866081648225868,0.8076535750251762,0.3285714285714287,0.7486213235294117,1.0,76.41732266969149
807204,Michel Dammeier (807204),22.3,Midfield - Defensive Midfield,Midfield,1.FC Phönix Lübeck,1.FC Phönix Lübeck,Regionalliga Nord,25/26,3400.0,1.0588235294117647,0.0,1.0588235294117647,125000.0,<=0.5m,0.9012605042016807,0.9012605042016807,0.17142857142857132,0.6836703431372548,1.0,76.38987219887954
936027,Alessandro Pavanati (936027),20.1,Midfield - Attacking Midfield,Midfield,Hellas Verona Primavera,Hellas Verona Primavera,Primavera 1,24/25,3950.0,2.050632911392405,0.0455696202531645,2.096202531645569,300000.0,<=0.5m,0.873202614379085,0.873202614379085,0.4857142857142855,0.4431678921568627,1.0,76.36793592436973
1314678,Angelo Di Gregorio (1314678),17.7,Midfield - Central Midfield,Midfield,Palermo Primavera,Palermo Primavera,Primavera 2 - B,24/25,4370.0,0.8237986270022883,0.0411899313501144,0.8649885583524027,,,0.7683786505538771,0.7683786505538771,0.8285714285714286,0.5,1.0,76.35986189037548
986286,Ismaïl Bouneb (986286),20.2,Midfield - Attacking Midfield,Midfield,Quevilly - Rouen Métropole,Le Havre AC,National U19 - Grp. A,24/25,1440.0,1.875,0.0,1.875,50000.0,<=0.5m,0.8418300653594771,0.8418300653594771,0.47142857142857153,0.8958333333333334,0.576,76.35432773109244
723613,Milosz Strzebonski (723613),22.7,Midfield - Defensive Midfield,Midfield,Korona Kielce,Korona Kielce,Ekstraklasa,24/25,2440.0,1.475409836065574,0.110655737704918,1.5860655737704918,250000.0,<=0.5m,0.9642857142857143,0.9642857142857143,0.1142857142857144,0.49188112745098034,0.976,76.33205007002802
539810,Kristian Sekularac (539810),22.7,Midfield - Attacking Midfield,Midfield,Without Club,Videoton FC Fehérvár,NB I.,24/25,2070.0,3.9130434782608696,0.0434782608695652,3.956521739130435,150000.0,<=0.5m,0.954248366013072,0.954248366013072,0.1142857142857144,0.6395526960784313,0.828,76.3172111344538
918157,Aymeric Ahmed (918157),22.8,Midfield - Attacking Midfield,Midfield,LB Châteauroux,Racing Strasbourg B,National 3 - Grp. H,24/25,3120.0,1.442307692307692,0.1153846153846153,1.5576923076923077,50000.0,<=0.5m,0.915871804654712,0.788235294117647,0.0999999999999999,0.8958333333333334,1.0,76.28597171413395
1078831,Matviy Panchenko (1078831),20.5,Midfield - Central Midfield,Midfield,Metalist 1925 Kharkiv,Metalist 1925 Kharkiv,Rel. Premier Liga,24/25,2620.0,1.0305343511450382,0.0687022900763358,1.099236641221374,150000.0,<=0.5m,0.8408862034239678,0.8408862034239678,0.42857142857142855,0.6395526960784313,1.0,76.26405280767898
1227731,Peterson (1227731),20.3,Midfield - Attacking Midfield,Midfield,Fortaleza EC U20,Fortaleza EC U20,CBF Brasileiro U20,2025,1220.0,3.6885245901639343,0.0,3.6885245901639343,,,0.9503267973856209,0.9503267973856209,0.457142857142857,0.5,0.488,76.21389355742296
1296419,Davide Zamagni (1296419),18.7,Midfield - Central Midfield,Midfield,Cesena FC,Cesena Under 18,Under 18 - Finals,24/25,5980.0,0.903010033444816,0.0451505016722408,0.9481605351170568,,,0.8036253776435045,0.8036253776435045,0.6857142857142858,0.5,1.0,76.18895123003885
1214236,Mehdi Ricci (1214236),21.0,Midfield - Central Midfield,Midfield,Without Club,Termoli Calcio 1920,Serie D - F,24/25,3980.0,1.1306532663316584,0.0,1.1306532663316584,125000.0,<=0.5m,0.8469284994964753,0.8469284994964753,0.35714285714285715,0.6836703431372548,1.0,76.10138048799581
1033104,Alfie Harrison (1033104),20.7,Midfield - Central Midfield,Midfield,Newcastle United U21,Newcastle United U21,PL2 Playoffs,24/25,4040.0,0.6683168316831682,0.1559405940594059,0.8242574257425742,,,0.9509729111026326,0.7522658610271903,0.4000000000000001,0.5,1.0,76.08681956449821
1029654,Souleyman Mandey (1029654),20.5,Midfield - Defensive Midfield,Midfield,West Bromwich Albion U21,West Bromwich Albion U21,Premier League 2,24/25,1140.0,1.5789473684210529,0.0,1.5789473684210529,,,0.9600840336134454,0.9600840336134454,0.42857142857142855,0.5,0.456,76.0221848739496
1202948,Mamadou Alpha Diallo (1202948),19.3,Midfield - Attacking Midfield,Midfield,Fiorentina Primavera,Fiorentina Under 18,Under 18,24/25,2580.0,1.744186046511628,0.0,1.744186046511628,,,0.8235294117647058,0.8235294117647058,0.5999999999999999,0.5,1.0,76.01176470588234
935476,Nicholas Pluvio (935476),22.4,Midfield - Central Midfield,Midfield,ASDC Gozzano,ASDC Gozzano,Serie D - A,24/25,2600.0,1.0384615384615383,0.0,1.0384615384615383,25000.0,<=0.5m,0.8328298086606244,0.8328298086606244,0.15714285714285733,0.9641544117647058,1.0,75.98223599862906
1104731,Danilo Treffiletti (1104731),18.5,Midfield - Central Midfield,Midfield,Monza Primavera,Monza Under 17,Under 17 - Finals,24/25,6220.0,0.4340836012861737,0.1012861736334405,0.5353697749196142,,,0.89536436474628,0.6117824773413897,0.7142857142857143,0.5,1.0,75.91163179044064
800647,Yervand Sukiasyan (800647),21.5,Midfield - Attacking Midfield,Midfield,SC Imst,SKN St. Pölten,LL Niederösterreich,24/25,1230.0,7.317073170731707,0.2195121951219512,7.536585365853658,,,0.9882352941176471,0.9882352941176471,0.2857142857142857,0.5,0.492,75.7855462184874
1053160,Ibrahima Diaby (1053160),19.4,Midfield - Defensive Midfield,Midfield,Cercle Brugge,Paris Saint-Germain U19,National U19 - Phase finale,24/25,3390.0,0.5309734513274336,0.079646017699115,0.6106194690265486,250000.0,<=0.5m,0.8491033956505151,0.7836134453781513,0.585714285714286,0.49188112745098034,1.0,75.76318918878118
935987,Stefano Dalla Riva (935987),21.2,Midfield - Defensive Midfield,Midfield,Fidelis Andria 2018,Hellas Verona Primavera,Primavera 1,24/25,2040.0,0.4411764705882353,0.1764705882352941,0.6176470588235294,175000.0,<=0.5m,0.9609881724532621,0.792016806722689,0.3285714285714287,0.5994178921568627,0.816,75.75091364846206
1202361,Bradley Burrowes (1202361),18.5,Midfield - Attacking Midfield,Midfield,Aston Villa U18,Aston Villa U18,U18 PL - Final Stage,24/25,9150.0,1.180327868852459,0.0688524590163934,1.2491803278688525,,,0.817817626859977,0.7372549019607844,0.7142857142857143,0.5,1.0,75.72524909238781
988697,Logan Briggs (988697),20.7,Midfield - Attacking Midfield,Midfield,Leicester City U21,Leicester City U21,PL2 Playoffs,24/25,3100.0,1.1612903225806452,0.1451612903225806,1.306451612903226,,,0.9432468523464327,0.7490196078431373,0.4000000000000001,0.5,1.0,75.72181176171348
1176318,Benjamin Mambo (1176318),19.9,Midfield,Midfield,De Graafschap Doetinchem U21,De Graafschap Doetinchem U21,U21 Div. 2 Spring,24/25,2540.0,1.062992125984252,0.0,1.062992125984252,,,0.8412698412698413,0.8412698412698413,0.5142857142857145,0.5,1.0,75.70476190476191
829820,Yann Sturm (829820),21.4,Midfield - Left Midfield,Midfield,FC Ingolstadt 04,SC Freiburg II,Regionalliga Südwest,24/25,1580.0,8.544303797468356,0.4556962025316455,9.000000000000002,500000.0,<=0.5m,1.0,1.0,0.3000000000000002,0.327359068627451,0.632,75.70302696078431
1047480,Niall McAndrew (1047480),19.3,Midfield - Central Midfield,Midfield,Derby County U21,Derby County U21,Premier League Cup,25/26,1180.0,1.5254237288135593,0.0,1.5254237288135593,,,0.9063444108761329,0.9063444108761329,0.5999999999999999,0.5,0.472,75.70066465256798
975347,Aladji Bamba (975347),20.1,Midfield - Defensive Midfield,Midfield,AS Monaco,AS Monaco U19,National U19 - Grp. D,24/25,2100.0,1.2857142857142856,0.0,1.2857142857142856,800000.0,0.5-2m,0.9348739495798319,0.9348739495798319,0.4857142857142855,0.24203431372549022,0.84,75.65234593837535
1163087,Filip Lachendro (1163087),20.1,Midfield - Attacking Midfield,Midfield,Ruch Chorzow,Ruch Chorzow,Puchar Polski,24/25,2920.0,1.5410958904109588,0.0924657534246575,1.6335616438356164,,,0.8763830599008012,0.7986928104575164,0.4857142857142855,0.5,1.0,75.64522667772438
983702,Jacob Wright (983702),20.9,Midfield - Defensive Midfield,Midfield,Norwich City,Manchester City,Championship,24/25,5390.0,1.0018552875695732,0.150278293135436,1.1521335807050093,800000.0,0.5-2m,0.9479206409767265,0.9222689075630253,0.3714285714285716,0.24203431372549022,1.0,75.64223785851618
695943,Jonathan Wensing (695943),22.4,Midfield - Attacking Midfield,Midfield,SV Meppen,SV Meppen,Regionalliga Nord,25/26,1380.0,2.608695652173913,0.1956521739130435,2.8043478260869565,100000.0,<=0.5m,0.9683326974437237,0.9215686274509803,0.15714285714285733,0.7486213235294117,0.552,75.58613655048056
1150370,Lukas Schimkus (1150370),18.9,Midfield - Right Midfield,Midfield,FC Erzgebirge Aue U19,FC Erzgebirge Aue U19,U19 Nachwuchsliga - Gr. C,25/26,1570.0,1.1464968152866242,0.0,1.1464968152866242,,,0.8631578947368421,0.8631578947368421,0.6571428571428574,0.5,0.628,75.58375939849624
1083748,Frank Vare (1083748),18.9,Midfield,Midfield,Blackburn Rovers U18,Blackburn Rovers U18,U18 Premier League,24/25,4470.0,0.8053691275167785,0.0805369127516778,0.8859060402684563,,,0.8512972148035101,0.7142857142857143,0.6571428571428574,0.5,1.0,75.57786559110481
1116191,Luis Engelns (1116191),19.4,Midfield - Central Midfield,Midfield,SC Paderborn 07,SC Paderborn 07,2. Bundesliga,24/25,1920.0,1.875,0.046875,1.921875,1500000.0,0.5-2m,0.9355488418932527,0.9355488418932527,0.585714285714286,0.17080269607843135,0.768,75.57559683012177
1043700,Mika Herrmann (1043700),20.3,Midfield - Attacking Midfield,Midfield,SV Meppen,SV Meppen U19,U19 Nachwuchsliga - Liga B,24/25,4190.0,1.9331742243436756,0.0,1.9331742243436756,,,0.85359477124183,0.85359477124183,0.457142857142857,0.5,1.0,75.52997198879552
898316,Nicolò Berengo (898316),21.6,Midfield - Central Midfield,Midfield,Vis Pesaro 1898,Venezia Primavera,Primavera 2 - A,24/25,4310.0,1.0440835266821344,0.062645011600928,1.1067285382830625,100000.0,<=0.5m,0.8449144008056395,0.8449144008056395,0.27142857142857124,0.7486213235294117,1.0,75.51841972060728
1052013,Anıl Emre Yılmaz (1052013),22.2,Midfield - Central Midfield,Midfield,Güzide Gebze Spor Kulübü,Bulvarspor,2.Lig Kirmizi,24/25,2850.0,1.263157894736842,0.0,1.263157894736842,100000.0,<=0.5m,0.8665659617321249,0.8665659617321249,0.1857142857142858,0.7486213235294117,1.0,75.44608480476784
631846,Nik Dubler (631846),22.4,Midfield - Attacking Midfield,Midfield,SC Buochs,SC Buochs,2. Liga Inter - Gr. 3,24/25,1550.0,8.709677419354838,0.0,8.709677419354838,0.0,<=0.5m,0.9947712418300654,0.9947712418300654,0.15714285714285733,0.5,0.62,75.40056022408965
1170830,Paolo Ragazzoni (1170830),19.4,Midfield - Attacking Midfield,Midfield,Pro Palazzolo,Brescia Primavera,Primavera 2 - A,24/25,3160.0,1.7088607594936709,0.0,1.7088607594936709,,,0.8169934640522876,0.8169934640522876,0.585714285714286,0.5,1.0,75.39103641456583
1157414,Lukas Stoppel (1157414),21.2,Midfield - Attacking Midfield,Midfield,SG Sonnenhof Großaspach,SG Sonnenhof Großaspach,Regionalliga Südwest,25/26,1170.0,0.7692307692307693,0.2307692307692307,1.0,25000.0,<=0.5m,0.9807325448302174,0.6660130718954248,0.3285714285714287,0.9641544117647058,0.468,75.35542890709637
648042,Glory Nzingo (648042),21.8,Midfield - Attacking Midfield,Midfield,Carolina Core FC,Carolina Core FC,MLS Next Pro,2025,1740.0,4.137931034482759,0.1034482758620689,4.241379310344828,,,0.9581699346405229,0.9581699346405229,0.24285714285714274,0.5,0.696,75.33591036414565
940548,Bogdan Mircetic (940548),20.8,Midfield - Attacking Midfield,Midfield,Raków Częstochowa,FK Radnicki 1923 Kragujevac,Super liga Championship round,24/25,2660.0,2.0300751879699246,0.2368421052631578,2.2669172932330826,1500000.0,0.5-2m,0.981495612361694,0.8849673202614379,0.3857142857142856,0.17080269607843135,1.0,75.32878063202261
1085868,Neo Lima Stacziwa (1085868),18.7,Midfield - Central Midfield,Midfield,SC Paderborn 07 U19,FC Erzgebirge Aue U19,U19 Nachwuchsliga - Liga B,24/25,5990.0,0.9015025041736228,0.0,0.9015025041736228,,,0.7885196374622356,0.7885196374622356,0.6857142857142858,0.5,1.0,75.28260681916271
1066230,Eryk Kozlowski (1066230),19.9,Midfield - Defensive Midfield,Midfield,Jagiellonia Bialystok,Jagiellonia Bialystok II,Betclic 3 Liga - Group I,24/25,8050.0,0.670807453416149,0.0335403726708074,0.7043478260869565,,,0.8340336134453782,0.8340336134453782,0.5142857142857145,0.5,1.0,75.27058823529413
1157024,Clae Ewing (1157024),19.8,Midfield - Left Midfield,Midfield,Liverpool FC U21,Liverpool FC U18,U18 Premier League,24/25,900.0,1.0,0.3,1.3,,,0.991606257153758,0.8390804597701149,0.5285714285714285,0.5,0.36,75.19795074392819
1293040,Andrés Antañón (1293040),19.6,Midfield - Central Midfield,Midfield,RC Celta Fortuna,RC Celta Fortuna,Primera Federación - Gr. I,24/25,4250.0,0.6352941176470589,0.0847058823529411,0.7200000000000001,200000.0,<=0.5m,0.8601678748569248,0.7190332326283988,0.5571428571428569,0.5553002450980392,1.0,75.19359950804618
928265,Sima Suso (928265),21.2,Midfield - Defensive Midfield,Midfield,Fortuna Düsseldorf,FC Hansa Rostock,3. Liga,24/25,3630.0,0.4958677685950413,0.1487603305785124,0.6446280991735538,300000.0,<=0.5m,0.9457268218237314,0.8067226890756303,0.3285714285714287,0.4431678921568627,1.0,75.14701173630459
1293294,Oleksandr Kamenskyi (1293294),18.9,Midfield - Left Midfield,Midfield,Kryvbas Kryvyi Rig,Kryvbas Kryvyi Rig,Premier Liga,24/25,3090.0,0.8737864077669902,0.029126213592233,0.9029126213592232,100000.0,<=0.5m,0.735632183908046,0.735632183908046,0.6571428571428574,0.7486213235294117,1.0,75.13291527818025
1231962,Jelle Driessen (1231962),17.6,Midfield - Attacking Midfield,Midfield,Jong Genk,KRC Genk U18,U18 Elite 1 PO A,24/25,3540.0,1.271186440677966,0.0,1.271186440677966,,,0.7437908496732026,0.7437908496732026,0.8428571428571426,0.5,1.0,75.11316526610644
1056269,Alessandro Bonomi (1056269),20.4,Midfield - Attacking Midfield,Midfield,Milan Futuro,AC Milan Primavera,Primavera Fase Finale,24/25,5850.0,1.6923076923076923,0.1076923076923077,1.8,400000.0,<=0.5m,0.9051888592140405,0.8339869281045752,0.44285714285714306,0.3772977941176471,1.0,75.11277247179555
708455,Mathis Servais (708455),21.7,Midfield - Attacking Midfield,Midfield,KV Mechelen,SK Beveren,CPL Promotion-Playoffs,24/25,2660.0,2.706766917293233,0.2706766917293233,2.9774436090225564,900000.0,0.5-2m,0.9881724532621137,0.9228758169934641,0.25714285714285723,0.2244178921568627,1.0,75.1099574022983
601117,Marco Wagner (601117),22.9,Midfield - Central Midfield,Midfield,Admira Wacker,Admira Wacker Panthers,LL Niederösterreich,24/25,1730.0,5.722543352601155,0.4161849710982659,6.1387283236994215,0.0,<=0.5m,0.9977107974055703,0.9939577039274925,0.08571428571428592,0.5,0.692,75.07150835924509
1067673,Jakub Kowalski (1067673),20.5,Midfield - Right Midfield,Midfield,Korona Kielce,Korona Kielce II,Betclic 3 Liga - Group IV,24/25,4000.0,0.9,0.09,0.99,,,0.8719000381533766,0.8210526315789474,0.42857142857142855,0.5,1.0,75.05250220170801
819472,Tommaso Signorini (819472),22.1,Midfield - Defensive Midfield,Midfield,GSD Ghiviborgo VDS,GSD Ghiviborgo VDS,Play-off Serie D,24/25,3220.0,0.5590062111801242,0.0838509316770186,0.6428571428571428,75000.0,<=0.5m,0.8577832888210607,0.8046218487394958,0.1999999999999998,0.8249080882352942,1.0,75.04615888276332
943910,Luke Brennan (943910),21.5,Midfield - Right Midfield,Midfield,Atlanta United FC,Atlanta United FC,MLS,2025,2470.0,0.728744939271255,0.1093117408906882,0.8380566801619433,150000.0,<=0.5m,0.9079549790156429,0.7789473684210526,0.2857142857142857,0.6395526960784313,0.988,75.0442976243842
1044818,Emanuele Sala (1044818),18.7,Midfield - Central Midfield,Midfield,Milan Futuro,AC Milan Primavera,Primavera Fase Finale,24/25,5210.0,0.8637236084452974,0.0345489443378119,0.8982725527831092,,,0.7844914400805639,0.7844914400805639,0.6857142857142858,0.5,1.0,75.04091497626241
1162017,Adrián Pérez (1162017),19.8,Midfield - Attacking Midfield,Midfield,Bilbao Athletic,Bilbao Athletic,Primera Federación - Gr. I,24/25,2270.0,1.1894273127753303,0.079295154185022,1.2687224669603523,150000.0,<=0.5m,0.8476726440289966,0.742483660130719,0.5285714285714285,0.6395526960784313,0.908,75.03708159821858
1175269,Simone Curzi (1175269),19.5,Midfield - Attacking Midfield,Midfield,Lazio U20,Lazio Under 18,Under 18 - Finals,24/25,3660.0,1.475409836065574,0.0737704918032786,1.5491803278688523,,,0.8320297596337276,0.7843137254901961,0.5714285714285714,0.5,1.0,75.01488996972311
1038084,Christian Kouam (1038084),20.4,Midfield - Defensive Midfield,Midfield,Grasshopper Club Zürich U21,Grasshopper Club Zürich U21,1. Liga gr. 2,25/26,1780.0,1.0112359550561798,0.0,1.0112359550561798,,,0.8949579831932774,0.8949579831932774,0.44285714285714306,0.5,0.712,74.90319327731095
953933,Jack Moorhouse (953933),20.7,Midfield - Central Midfield,Midfield,Leyton Orient,Manchester United U21,PL2 Playoffs,24/25,1960.0,1.3775510204081631,0.0459183673469387,1.423469387755102,,,0.8942598187311178,0.8942598187311178,0.4000000000000001,0.5,0.784,74.8955891238671
916461,Rhys Bozinovski (916461),22.1,Midfield - Defensive Midfield,Midfield,Without Club,Western United FC,A-League Fin.,24/25,3720.0,1.2096774193548387,0.0483870967741935,1.2580645161290325,350000.0,<=0.5m,0.9327731092436975,0.9327731092436975,0.1999999999999998,0.40670955882352944,1.0,74.86032037815126
724068,Kevin Leone (724068),21.4,Midfield - Central Midfield,Midfield,Casertana FC,Sassuolo Primavera,Primavera Fase Finale,24/25,3060.0,1.7647058823529411,0.1176470588235294,1.8823529411764703,600000.0,0.5-2m,0.9335347432024169,0.9335347432024169,0.3000000000000002,0.2890625,1.0,74.85895959214503
943828,Olivier de Nijs (943828),21.8,Midfield - Attacking Midfield,Midfield,Almere City FC,Almere City FC U23,Tweede Divisie,24/25,990.0,13.636363636363637,0.3636363636363636,14.0,,,1.0,1.0,0.24285714285714274,0.5,0.396,74.84571428571428
741228,,21.3,Midfield - Central Midfield,Midfield,Southampton FC U21,Southampton FC U21,PL2 Playoffs,24/25,4500.0,1.4,0.02,1.42,300000.0,<=0.5m,0.8932527693856999,0.8932527693856999,0.31428571428571417,0.4431678921568627,1.0,74.8280880819095
990836,Romeo Akachukwu (990836),20.1,Midfield - Central Midfield,Midfield,Southampton FC U21,Southampton FC U21,Premier League 2,25/26,1350.0,1.3333333333333337,0.0,1.3333333333333337,150000.0,<=0.5m,0.878147029204431,0.878147029204431,0.4857142857142855,0.6395526960784313,0.54,74.81398806879247
1189841,Ychann Theresine (1189841),22.8,Midfield,Midfield,Racing Besançon,Racing Besançon,National 3 - Grp. H,24/25,1780.0,2.02247191011236,0.0,2.02247191011236,,,0.9841269841269841,0.9841269841269841,0.0999999999999999,0.5,0.712,74.76761904761905
869975,Szabolcs Dusinszki (869975),21.0,Midfield - Attacking Midfield,Midfield,FK Csikszereda Miercurea Ciuc,Aqvital FC Csákvár,NB II.,24/25,4250.0,1.0588235294117647,0.1058823529411764,1.1647058823529413,150000.0,<=0.5m,0.9025181228538726,0.7176470588235294,0.35714285714285715,0.6395526960784313,1.0,74.75194742194856
1318393,Luca Lo Monaco (1318393),18.1,Midfield - Defensive Midfield,Midfield,Bologna Under 18,Empoli Under 17,Under 17 - Finals,24/25,3300.0,0.5454545454545454,0.0272727272727272,0.5727272727272726,,,0.7563025210084033,0.7563025210084033,0.7714285714285712,0.5,1.0,74.72100840336134
793885,Patryk Soboczynski (793885),22.8,Midfield - Attacking Midfield,Midfield,Cartusia Kartuzy,Cartusia Kartuzy,Betclic 3 Liga - Group II,24/25,2130.0,4.225352112676056,0.0845070422535211,4.309859154929577,0.0,<=0.5m,0.9594771241830066,0.9594771241830066,0.0999999999999999,0.5,0.852,74.68862745098039
900072,Philip Brittijn (900072),22.4,Midfield - Central Midfield,Midfield,Fortuna Sittard,De Graafschap Doetinchem,Keuken Kampioen Play-Offs,24/25,2740.0,2.2992700729927007,0.0656934306569343,2.364963503649635,500000.0,<=0.5m,0.959718026183283,0.959718026183283,0.15714285714285733,0.327359068627451,1.0,74.680394246067
1068096,Jiwen Kuai (1068096),20.5,Midfield - Attacking Midfield,Midfield,Shanghai Port,Shanghai Port,Super League,2025,2140.0,0.8411214953271028,0.2523364485981308,1.0934579439252337,275000.0,<=0.5m,0.984357115604731,0.6954248366013072,0.42857142857142855,0.46844362745098034,0.856,74.68027043966514
1007381,Rubén Ramos (1007381),19.6,Midfield - Attacking Midfield,Midfield,Los Angeles Galaxy,Los Angeles Galaxy,MLS,2025,2200.0,1.6363636363636362,0.0409090909090909,1.6772727272727272,175000.0,<=0.5m,0.8091503267973856,0.8091503267973856,0.5571428571428569,0.5994178921568627,0.88,74.65515581232492
1231993,Adrian Lahdo (1231993),18.6,Midfield - Central Midfield,Midfield,Hammarby IF,Hammarby IF,Svenska Cupen,25/26,900.0,1.0,0.0,1.0,100000.0,<=0.5m,0.8222557905337362,0.8222557905337362,0.6999999999999998,0.7486213235294117,0.36,74.61604596143594
991455,Filip Rejczyk (991455),20.3,Midfield - Defensive Midfield,Midfield,GKS Katowice,Slask Wroclaw,Youth League POL,24/25,900.0,2.0,0.2,2.2,500000.0,<=0.5m,0.9852941176470589,0.9852941176470589,0.457142857142857,0.327359068627451,0.36,74.61495973389356
813198,Fabrizio Lilli (813198),22.4,Midfield - Left Midfield,Midfield,Montespaccato Calcio,Forlì FC,Meisterrunde,24/25,3810.0,1.1811023622047243,0.0944881889763779,1.2755905511811023,100000.0,<=0.5m,0.8790537962609691,0.8275862068965517,0.15714285714285733,0.7486213235294117,1.0,74.60592505333845
960944,Louis Richter (960944),20.5,Midfield - Attacking Midfield,Midfield,FC Bayern Munich II,FC Bayern Munich U19,U19-Champ.,24/25,1820.0,1.4835164835164836,0.1483516483516483,1.6318681318681318,,,0.9452499046165586,0.7973856209150327,0.42857142857142855,0.5,0.728,74.59912289270281
805126,Paul Bratschko (805126),20.8,Midfield - Right Midfield,Midfield,TSV Hartberg,SC Weiz,Regional League Central,24/25,4330.0,0.6235565819861432,0.1247113163972286,0.7482678983833718,0.0,<=0.5m,0.9257916825639069,0.7368421052631579,0.3857142857142856,0.5,1.0,74.5620388246465
1146794,Denis Adamkovic (1146794),19.8,Midfield - Attacking Midfield,Midfield,AS Trencin,AS Trencin,I. Liga SD,24/25,4260.0,1.6901408450704225,0.0211267605633802,1.7112676056338028,,,0.8183006535947712,0.8183006535947712,0.5285714285714285,0.5,1.0,74.55518207282913
856274,Jonathan Asp Jensen (856274),20.6,Midfield - Attacking Midfield,Midfield,Grasshopper Club Zurich,FC Bayern Munich II,Regionalliga Bayern,24/25,3330.0,1.351351351351351,0.3243243243243243,1.6756756756756757,1500000.0,0.5-2m,0.9938954597481877,0.8065359477124183,0.4142857142857141,0.17080269607843135,1.0,74.5316274937738
1232124,Carson Locker (1232124),18.9,Midfield - Central Midfield,Midfield,FC Cincinnati Academy,FC Cincinnati 2,MLS Next Pro,2025,3110.0,0.8681672025723474,0.0289389067524115,0.897106109324759,,,0.783484390735146,0.783484390735146,0.6571428571428574,0.5,1.0,74.52334915839448
623095,Lynnt Audoor (623095),22.9,Midfield - Defensive Midfield,Midfield,Club Brugge KV,Club Brugge KV,Croky Cup,24/25,2400.0,2.625,0.1125,2.7375,600000.0,0.5-2m,0.9915966386554622,0.9915966386554622,0.08571428571428592,0.2890625,0.96,74.51410189075632
876719,Yusuf İnci (876719),21.5,Midfield - Attacking Midfield,Midfield,Yozgat Belediyesi Bozok Spor,Kasimpasa,Süper Lig,24/25,2800.0,2.25,0.0,2.25,0.0,<=0.5m,0.8823529411764706,0.8823529411764706,0.2857142857142857,0.5,1.0,74.51260504201682
1237301,Ammeer Suleiman Auwal (1237301),20.5,Midfield - Central Midfield,Midfield,NK Rudes,NK Rudes U19,Prva HNL - Juniori,24/25,2090.0,1.291866028708134,0.0,1.291866028708134,,,0.8710976837865055,0.8710976837865055,0.42857142857142855,0.5,0.836,74.48300388433319
867589,Samuel Marques (867589),21.5,Midfield - Central Midfield,Midfield,Grasshopper Club Zurich,Grasshopper Club Zurich,Super League,25/26,900.0,1.0,0.2,1.2,100000.0,<=0.5m,0.9710988172453262,0.8595166163141994,0.2857142857142857,0.7486213235294117,0.36,74.46324771507513
1181742,Soufian Bourkaa (1181742),22.8,Midfield - Left Midfield,Midfield,FC Locarno,FC Locarno,2. Liga Inter - Gr. 3,24/25,3660.0,1.9672131147540983,0.0,1.9672131147540983,0.0,<=0.5m,0.9310344827586207,0.9310344827586207,0.0999999999999999,0.5,1.0,74.46206896551725
738515,Erald Krasniqi (738515),21.0,Midfield - Attacking Midfield,Midfield,SC Heerenveen U21,SC Heerenveen U21,U21 Div. 2 Spring,24/25,1430.0,3.146853146853147,0.0,3.146853146853147,,,0.9333333333333333,0.9333333333333333,0.35714285714285715,0.5,0.572,74.43428571428574
1049595,Adam Boufandar (1049595),20.0,Midfield - Defensive Midfield,Midfield,Juventus Primavera,Juventus Primavera,Primavera Fase Finale,24/25,5350.0,0.6728971962616823,0.0504672897196261,0.7233644859813085,325000.0,<=0.5m,0.842436974789916,0.842436974789916,0.5,0.41789215686274506,1.0,74.39670868347338
1234399,Valerio Maccaroni (1234399),18.2,Midfield - Attacking Midfield,Midfield,Roma U20,Roma Under 17,Under 17 - Finals,24/25,2720.0,1.3235294117647058,0.0330882352941176,1.3566176470588236,,,0.7542483660130719,0.7542483660130719,0.7571428571428572,0.5,1.0,74.36918767507002
690664,Siem Askamp (690664),21.7,Midfield - Central Midfield,Midfield,Go Ahead Eagles Deventer U21,Go Ahead Eagles Deventer U21,U21 Div. 1 Spring,24/25,1160.0,3.103448275862069,0.0,3.103448275862069,,,0.9768378650553877,0.9768378650553877,0.25714285714285723,0.5,0.464,74.36455761760898
987502,Simone Rossello (987502),19.8,Midfield - Defensive Midfield,Midfield,Sampdoria Primavera,Sampdoria Primavera,Primavera 1,24/25,3490.0,0.5157593123209169,0.0,0.5157593123209169,50000.0,<=0.5m,0.7226890756302521,0.7226890756302521,0.5285714285714285,0.8958333333333334,1.0,74.36015406162466
1229903,Loiange Ondoa (1229903),21.4,Midfield - Attacking Midfield,Midfield,SV Ried,SV Ried II,Regional League Central,24/25,2440.0,2.2131147540983607,0.0,2.2131147540983607,,,0.8797385620915033,0.8797385620915033,0.3000000000000002,0.5,0.976,74.34431372549021
955330,Troy Perrett (955330),19.8,Midfield - Central Midfield,Midfield,Cardiff City U21,Cardiff City U21,Championship,24/25,1500.0,0.6000000000000001,0.18,0.78,,,0.9620373903090423,0.7421953675730111,0.5285714285714285,0.5,0.6,74.34286177549272
1001578,Dean Vranici (1001578),20.6,Midfield - Attacking Midfield,Midfield,Parma Primavera,Parma Primavera,Supercoppa Primavera 2,24/25,2680.0,1.007462686567164,0.0671641791044776,1.0746268656716418,75000.0,<=0.5m,0.811903853491034,0.6928104575163399,0.4142857142857141,0.8249080882352942,1.0,74.27146116188432
1126892,Leo Hedenberg (1126892),22.6,Midfield - Central Midfield,Midfield,Ängelholms FF,Ängelholms FF,Ettan Södra,2025,2740.0,1.6423357664233575,0.0328467153284671,1.6751824817518246,0.0,<=0.5m,0.919436052366566,0.919436052366566,0.12857142857142836,0.5,1.0,74.22330599913681
1008568,Guido Della Rovere (1008568),19.2,Midfield - Attacking Midfield,Midfield,FC Bayern Munich II,FC Bayern Munich II,Regionalliga Bayern,25/26,2630.0,0.6844106463878327,0.2395437262357414,0.9239543726235742,900000.0,0.5-2m,0.9818771461274323,0.6326797385620915,0.6142857142857144,0.2244178921568627,1.0,74.20070771997594
981937,Gleb Kuchko (981937),21.2,Midfield - Left Midfield,Midfield,Miedz Legnica,Wisla Plock,Baraze o udzial w Ekstraklasie,24/25,5480.0,1.313868613138686,0.0821167883211678,1.395985401459854,200000.0,<=0.5m,0.8538725677222434,0.8505747126436781,0.3285714285714287,0.5553002450980392,1.0,74.19114754012158
1009633,David Pejičić (1009633),19.2,Midfield - Attacking Midfield,Midfield,NK Maribor,Udinese Primavera,Primavera 1,24/25,3700.0,1.945945945945946,0.0486486486486486,1.9945945945945944,1000000.0,0.5-2m,0.857516339869281,0.857516339869281,0.6142857142857144,0.20634191176470584,1.0,74.16833858543417
953053,Anders Bergholt (953053),20.9,Midfield - Central Midfield,Midfield,Brönshöj Boldklub,Sönderjyske Fodbold,Superliga Relegation round,24/25,4050.0,1.1111111111111112,0.0666666666666666,1.1777777777777778,0.0,<=0.5m,0.8529707955689829,0.8529707955689829,0.3714285714285716,0.5,1.0,74.12110487699611
1009733,Kellan LeBlanc (1009733),18.4,Midfield - Attacking Midfield,Midfield,Philadelphia Union II,Philadelphia Union II,MLS Next Pro,2025,4050.0,0.6666666666666667,0.0888888888888888,0.7555555555555556,,,0.868943151468905,0.5647058823529412,0.7285714285714288,0.5,1.0,74.10051202472594
1295778,Samuel Wiafe (1295778),18.2,Midfield - Central Midfield,Midfield,Modena Primavera,Modena Primavera,Primavera 2 - A,24/25,4400.0,0.8181818181818181,0.0,0.8181818181818181,,,0.7497482376636455,0.7497482376636455,0.7571428571428572,0.5,1.0,74.09917997410446
1250515,Andrija Vukoje (1250515),18.4,Midfield - Central Midfield,Midfield,Inter Milan Primavera,Inter Under 18,Under 18 - Finals,24/25,6690.0,0.8071748878923767,0.0269058295964125,0.8340807174887892,,,0.75730110775428,0.75730110775428,0.7285714285714288,0.5,1.0,74.09520932239967
1023838,Walid Bouaziz (1023838),21.7,Midfield - Attacking Midfield,Midfield,Union Foot de Touraine,GSI Pontivy,National 3 - Grp. C,24/25,2270.0,2.378854625550661,0.039647577092511,2.418502202643172,0.0,<=0.5m,0.8980392156862745,0.8980392156862745,0.25714285714285723,0.5,0.908,74.07663865546219
1072279,Salvatore Dore (1072279),21.8,Midfield - Central Midfield,Midfield,US Pergolettese 1932,US Pergolettese 1932,Serie C - A,25/26,1480.0,1.2162162162162162,0.0,1.2162162162162162,50000.0,<=0.5m,0.8620342396777442,0.8620342396777442,0.24285714285714274,0.8958333333333334,0.592,74.0694353330456
945805,Riyan Majdi (945805),22.5,Midfield - Attacking Midfield,Midfield,Without Club,FC Sochaux-Montbéliard B,National 3 - Grp. H,24/25,2880.0,2.1875,0.125,2.3125,,,0.9264593666539489,0.8888888888888888,0.14285714285714285,0.5,1.0,74.04672577411992
965971,Tyrese Hall (965971),21.0,Midfield - Central Midfield,Midfield,Notts County,Tottenham Hotspur U21,Premier League 2,24/25,4870.0,1.108829568788501,0.0739219712525667,1.1827515400410678,,,0.8549848942598187,0.8549848942598187,0.35714285714285715,0.5,1.0,74.01337936987483
1237868,Kacper Cwielong (1237868),19.0,Midfield - Attacking Midfield,Midfield,Sandecja Nowy Sacz,MKS Kluczbork,Baraże II liga,24/25,2320.0,1.5517241379310345,0.0,1.5517241379310345,,,0.7925410148798169,0.7862745098039216,0.6428571428571429,0.5,0.928,73.98031206683359
1002758,Giacomo Maucci (1002758),19.4,Midfield - Attacking Midfield,Midfield,Pisa Sporting Club,Brescia Primavera,Serie B,24/25,2860.0,1.5734265734265735,0.0,1.5734265734265735,,,0.7945440671499427,0.7895424836601307,0.585714285714286,0.5,1.0,73.93403776364927
559330,,23.0,Midfield - Central Midfield,Midfield,Without Club,Arsenal FC U21,PL2 Playoffs,24/25,2130.0,2.535211267605634,0.2957746478873239,2.830985915492958,400000.0,<=0.5m,0.9908431896222816,0.9697885196374623,0.07142857142857142,0.3772977941176471,0.852,73.93241489817508
1100475,Gabriel Pfeifer (1100475),21.3,Midfield - Central Midfield,Midfield,América Mineiro U20,Atlético Mineiro U20,CBF Brasileiro U20,2025,1290.0,2.0930232558139537,0.0,2.0930232558139537,,,0.945619335347432,0.945619335347432,0.31428571428571417,0.5,0.516,73.92573154941734
719683,Dylan Reid (719683),21.5,Midfield - Defensive Midfield,Midfield,Crystal Palace U21,Crystal Palace U21,PL2 Playoffs,24/25,3650.0,0.4931506849315069,0.0986301369863013,0.5917808219178082,150000.0,<=0.5m,0.8860167874856925,0.7584033613445378,0.2857142857142857,0.6395526960784313,1.0,73.87867819056274
1029788,Sondre Granaas (1029788),20.0,Midfield - Central Midfield,Midfield,Molde FK,Molde FK,Eliteserien,2025,1880.0,0.9574468085106382,0.1914893617021276,1.1489361702127658,1000000.0,0.5-2m,0.9669973292636398,0.8499496475327291,0.5,0.20634191176470584,0.752,73.85357752244424
1061281,Carlos Reina (1061281),22.0,Midfield - Attacking Midfield,Midfield,Betis Deportivo Balompié,Betis Deportivo Balompié,Primera Federación - Gr. II,24/25,2260.0,2.7876106194690267,0.0,2.7876106194690267,300000.0,<=0.5m,0.918954248366013,0.918954248366013,0.21428571428571427,0.4431678921568627,0.904,73.81017682072829
803422,Arran Pettifer (803422),22.9,Midfield - Central Midfield,Midfield,Arbroath FC,Arbroath FC,Championship,25/26,910.0,2.967032967032967,0.0,2.967032967032967,100000.0,<=0.5m,0.9718026183282981,0.9718026183282981,0.08571428571428592,0.7486213235294117,0.364,73.80028420053823
1295569,Walter Menduto (1295569),18.2,Midfield - Central Midfield,Midfield,Salernitana Primavera,Salernitana Under 17,Under 17 - C,24/25,4510.0,0.7982261640798226,0.0,0.7982261640798226,,,0.7442094662638469,0.7442094662638469,0.7571428571428572,0.5,1.0,73.76685369011653
1058361,Cristian Bagordo (1058361),18.6,Midfield - Central Midfield,Midfield,Empoli Primavera,Empoli Under 17,Under 17 - Finals,24/25,6640.0,0.8132530120481928,0.0271084337349397,0.8403614457831325,,,0.7593152064451159,0.7593152064451159,0.6999999999999998,0.5,1.0,73.75891238670694
859035,Kees Smit (859035),20.6,Midfield - Central Midfield,Midfield,AZ Alkmaar,AZ Alkmaar,Play-Offs Conference League,24/25,5030.0,1.7892644135188869,0.125248508946322,1.9145129224652089,5000000.0,2-5m,0.9345417925478349,0.9345417925478349,0.4142857142857141,0.07521446078431371,1.0,73.75408143242191
1134119,Digne Kaelas Pounga (1134119),20.3,Midfield - Central Midfield,Midfield,Atalanta U23,Atalanta U23,Serie C - C,25/26,900.0,1.0,0.0,1.0,25000.0,<=0.5m,0.8222557905337362,0.8222557905337362,0.457142857142857,0.9641544117647058,0.36,73.74779491101577
878138,Finley Welch (878138),21.9,Midfield - Central Midfield,Midfield,Norwich City U21,Norwich City U21,National League,24/25,2700.0,1.3333333333333337,0.0333333333333333,1.366666666666667,,,0.8841893252769386,0.8841893252769386,0.2285714285714288,0.5,1.0,73.70850237375917
1019173,Tibe De Vlieger (1019173),20.8,Midfield - Attacking Midfield,Midfield,KAA Gent,KAA Gent,JPL Champions PO,24/25,2620.0,2.0610687022900764,0.0,2.0610687022900764,400000.0,<=0.5m,0.8705882352941177,0.8705882352941177,0.3857142857142856,0.3772977941176471,1.0,73.6888918067227
945462,Mihael Stipic (945462),21.9,Midfield - Defensive Midfield,Midfield,NK Karlovac 1919,NK Rudes,Prva NL,24/25,1110.0,0.8108108108108109,0.0,0.8108108108108109,25000.0,<=0.5m,0.8676470588235294,0.8676470588235294,0.2285714285714288,0.9641544117647058,0.444,73.65412815126051
928352,Muhammet Özbaskıcı (928352),20.9,Midfield - Central Midfield,Midfield,Sariyer,Samsunspor,Süper Lig,24/25,2230.0,1.2107623318385652,0.0403587443946188,1.251121076233184,250000.0,<=0.5m,0.865055387713998,0.865055387713998,0.3714285714285716,0.49188112745098034,0.892,73.65251619001076
1120241,Francisco Gallego (1120241),22.9,Midfield - Attacking Midfield,Midfield,Juventud Torremolinos CF,Juventud Torremolinos CF,Segunda Federación - Gr. IV,24/25,2120.0,2.9716981132075477,0.1273584905660377,3.099056603773585,200000.0,<=0.5m,0.9320261437908497,0.9320261437908497,0.08571428571428592,0.5553002450980392,0.848,73.5472006302521
814014,Bruno Cellerino (814014),22.4,Midfield - Left Midfield,Midfield,MO State Bears (Missouri State University),Calcio Brusaporto,Serie D - C,24/25,900.0,1.0,0.2,1.2,50000.0,<=0.5m,0.9710988172453262,0.8160919540229885,0.15714285714285733,0.8958333333333334,0.36,73.51173042478052
1078772,Walid El Bouradi (1078772),19.5,Midfield - Right Midfield,Midfield,Udinese Primavera,Udinese Primavera,Primavera 1,24/25,4220.0,0.8530805687203792,0.0426540284360189,0.8957345971563981,,,0.7894736842105263,0.7894736842105263,0.5714285714285714,0.5,1.0,73.51127819548871
1081566,Eduardo Felicíssimo (1081566),19.6,Midfield - Defensive Midfield,Midfield,Sporting CP B,Sporting CP,Taça de Portugal,24/25,3090.0,0.5825242718446603,0.116504854368932,0.6990291262135924,3000000.0,2-5m,0.9168256390690576,0.8256302521008403,0.5571428571428569,0.1128982843137255,1.0,73.49810152552053
927251,Gianmarco Castorri (927251),20.9,Midfield - Central Midfield,Midfield,Calcio Foggia 1920,Cesena Primavera,Primavera 1,24/25,5790.0,0.7772020725388601,0.0932642487046632,0.8704663212435233,225000.0,<=0.5m,0.8775276611980161,0.770392749244713,0.3714285714285716,0.5170036764705883,1.0,73.47560022235368
806245,Irakli Yegoian (806245),22.4,Midfield - Central Midfield,Midfield,Excelsior Rotterdam,Vitesse Arnhem,U21 Div. 1 Spring,24/25,4310.0,1.8793503480278424,0.1044083526682134,1.9837587006960555,500000.0,<=0.5m,0.9395770392749244,0.9395770392749244,0.15714285714285733,0.327359068627451,1.0,73.4719350315655
1010296,Ervin Torres (1010296),18.8,Midfield - Central Midfield,Midfield,Austin FC II,Austin FC,MLS,2025,4440.0,0.8108108108108109,0.0405405405405405,0.8513513513513514,,,0.7618328298086606,0.7618328298086606,0.6714285714285714,0.5,1.0,73.45282693137679
1027705,Jarne Flies (1027705),19.6,Midfield - Central Midfield,Midfield,RSCA Futures,RSC Anderlecht U18,U18 Elite 1,24/25,3650.0,0.7397260273972602,0.0,0.7397260273972602,100000.0,<=0.5m,0.7341389728096677,0.7341389728096677,0.5571428571428569,0.7486213235294117,1.0,73.44332261227754
1202299,Nadir El Jamali (1202299),19.3,Midfield - Attacking Midfield,Midfield,AS Saint-Étienne,AS Saint-Étienne U19,National 3 - Grp. I,24/25,5720.0,1.4160839160839165,0.0157342657342657,1.431818181818182,200000.0,<=0.5m,0.7673202614379085,0.7673202614379085,0.5999999999999999,0.5553002450980392,1.0,73.41341911764707
986291,Andrija Bulatovic (986291),19.6,Midfield - Central Midfield,Midfield,RC Lens,Buducnost Podgorica,Meridianbet 1. CFL,24/25,5370.0,0.8379888268156425,0.100558659217877,0.9385474860335196,1000000.0,0.5-2m,0.8932659290347196,0.8026183282980867,0.5571428571428569,0.20634191176470584,1.0,73.40478100486885
825073,Leon Opitz (825073),21.4,Midfield - Attacking Midfield,Midfield,Karlsruher SC,SV Werder Bremen II,Regionalliga Nord,24/25,1130.0,12.743362831858407,0.9557522123893804,13.699115044247788,600000.0,0.5-2m,1.0,0.9986928104575163,0.3000000000000002,0.2890625,0.452,73.33811683006537
1233175,Toon Franssen (1233175),20.6,Midfield - Attacking Midfield,Midfield,Young Reds,Lommel SK,3de Nationale VV B,24/25,3670.0,1.2261580381471389,0.0,1.2261580381471389,50000.0,<=0.5m,0.7359477124183007,0.7359477124183007,0.4142857142857141,0.8958333333333334,1.0,73.32710084033614
1054052,Paul Nsio (1054052),20.4,Midfield - Central Midfield,Midfield,Raith Rovers FC,Rangers FC,Premiership,24/25,3230.0,0.2786377708978328,0.1114551083591331,0.3900928792569659,100000.0,<=0.5m,0.910339565051507,0.5075528700906344,0.44285714285714306,0.7486213235294117,1.0,73.32547942907728
726860,Jay Turner-Cooke (726860),22.6,Midfield - Attacking Midfield,Midfield,FC Halifax Town,Newcastle United U21,PL2 Playoffs,24/25,2680.0,1.67910447761194,0.1007462686567164,1.7798507462686566,150000.0,<=0.5m,0.8936474628004578,0.8326797385620915,0.12857142857142836,0.6395526960784313,1.0,73.2884384370243
923592,Jamie Wähling (923592),20.0,Midfield - Central Midfield,Midfield,Derby County U21,TSG 1899 Hoffenheim U19,U19 Nachwuchsliga - Liga A,24/25,8700.0,0.9310344827586208,0.0206896551724137,0.9517241379310344,,,0.8046324269889225,0.8046324269889225,0.5,0.5,1.0,73.27794561933536
1310457,Leonardo Parodi (1310457),18.1,Midfield - Defensive Midfield,Midfield,Genoa Under 18,Sampdoria Under 17,Under 17 - A,24/25,5130.0,0.5263157894736842,0.0,0.5263157894736842,,,0.7310924369747899,0.7310924369747899,0.7714285714285712,0.5,1.0,73.20840336134454
1228431,Condé Camara (1228431),19.4,Midfield - Central Midfield,Midfield,FC Sochaux-Montbéliard U19,FC Sochaux-Montbéliard U19,National U19 - Phase finale,24/25,4230.0,0.851063829787234,0.0425531914893617,0.8936170212765957,,,0.7804632426988922,0.7804632426988922,0.585714285714286,0.5,1.0,73.1992231333621
1074130,Lutfi Dalipi (1074130),20.2,Midfield - Attacking Midfield,Midfield,BSC Young Boys U21,BSC Young Boys U21,Promotion League,25/26,1070.0,1.6822429906542056,0.0841121495327102,1.7663551401869158,100000.0,<=0.5m,0.8587371232354063,0.8287581699346406,0.47142857142857153,0.7486213235294117,0.428,73.16824609377643
1035982,Dmytro Chernysh (1035982),22.0,Midfield - Central Midfield,Midfield,FC Oleksandriya,FC Oleksandriya-2,Druga Liga,24/25,3000.0,0.9,0.0,0.9,50000.0,<=0.5m,0.7865055387713998,0.7865055387713998,0.21428571428571427,0.8958333333333334,1.0,73.16057042152208
864480,Kamari Doyle (864480),21.0,Midfield - Attacking Midfield,Midfield,Reading FC,Exeter City,League One,24/25,5080.0,1.9488188976377951,0.0885826771653543,2.037401574803149,400000.0,<=0.5m,0.8685616177031668,0.8679738562091504,0.35714285714285715,0.3772977941176471,1.0,73.09722114125442
875631,Sanders Ngabo (875631),22.1,Midfield - Central Midfield,Midfield,BK Häcken,AC Horsens,1.Division Promotion,24/25,4700.0,1.5319148936170213,0.0957446808510638,1.627659574468085,450000.0,<=0.5m,0.9154078549848943,0.9154078549848943,0.1999999999999998,0.35340073529411764,1.0,73.0720815932113
1069962,Maksym Lekhiv (1069962),20.3,Midfield - Central Midfield,Midfield,Karpaty Lviv U19,Karpaty Lviv U19,U19 Premier Liga,24/25,3980.0,0.9045226130653268,0.0678391959798995,0.9723618090452262,,,0.8147653567340709,0.8086606243705942,0.457142857142857,0.5,1.0,73.06590300633347
1011131,Josh King (1011131),19.6,Midfield - Central Midfield,Midfield,Fulham FC,Fulham FC,Premier League,24/25,2320.0,0.7758620689655172,0.1163793103448275,0.8922413793103449,1000000.0,0.5-2m,0.9166348721861884,0.7794561933534743,0.5571428571428569,0.20634191176470584,0.928,73.0632338758432
1015819,Elmedin Zahaj (1015819),19.5,Midfield - Attacking Midfield,Midfield,Team BEJUNE U19,Team BEJUNE U19,Challenge League,24/25,5140.0,1.050583657587549,0.0,1.050583657587549,50000.0,<=0.5m,0.6930560854635636,0.6836601307189543,0.5714285714285714,0.8958333333333334,1.0,73.06117793295623
751027,Hamza Anhari (751027),22.6,Midfield - Attacking Midfield,Midfield,Fortuna Düsseldorf II,Fortuna Düsseldorf,2. Bundesliga,24/25,2800.0,1.607142857142857,0.0964285714285714,1.7035714285714283,125000.0,<=0.5m,0.8817245326211369,0.8143790849673203,0.12857142857142836,0.6836703431372548,1.0,73.05039976994867
1293592,Davyd Blagodarnyi (1293592),20.1,Midfield - Left Midfield,Midfield,LNZ Cherkasy U19,LNZ Cherkasy,U19 Premier Liga,24/25,5290.0,1.0207939508506616,0.0340264650283553,1.054820415879017,,,0.8045977011494253,0.8045977011494253,0.4857142857142855,0.5,1.0,73.0472906403941
1170805,Matteo Mantini (1170805),19.0,Midfield - Defensive Midfield,Midfield,Grasshopper Club Zurich,Inter Milan Primavera,Primavera 1,24/25,4520.0,0.5973451327433629,0.0,0.5973451327433629,,,0.7626050420168067,0.7626050420168067,0.6428571428571429,0.5,1.0,73.0420168067227
1159512,Oleksandr Kozlov (1159512),20.4,Midfield - Attacking Midfield,Midfield,Obolon Kyiv U19,Obolon Kyiv U19,U19 Premier Liga,25/26,1800.0,1.0,0.15,1.15,,,0.9472529568866844,0.7163398692810458,0.44285714285714306,0.5,0.72,73.04080377159131
1060384,Giammaria Fiorin (1060384),19.9,Midfield - Central Midfield,Midfield,Virtusvecomp Verona,Chievo Verona,Serie D - B,24/25,5220.0,0.689655172413793,0.0344827586206896,0.7241379310344827,75000.0,<=0.5m,0.7205438066465257,0.7205438066465257,0.5142857142857145,0.8249080882352942,1.0,73.00991306265708
1116360,Matteo Lontani (1116360),19.4,Midfield - Central Midfield,Midfield,Spezia Primavera,Cesena Under 18,Primavera 1,24/25,4070.0,0.6633906633906634,0.0663390663390663,0.7297297297297298,,,0.8064669973292636,0.7265861027190332,0.585714285714286,0.5,1.0,73.00206872975933
1047506,Jimmy Sinclair (1047506),20.0,Midfield - Right Midfield,Midfield,Nottingham Forest U21,Nottingham Forest U21,PL2 Playoffs,24/25,3920.0,0.9183673469387754,0.0459183673469387,0.9642857142857142,,,0.8,0.8,0.5,0.5,1.0,73.00000000000001
1239712,Christian Dottori (1239712),17.8,Midfield - Central Midfield,Midfield,Perugia Primavera,Perugia Primavera,Coppa Primavera,25/26,900.0,1.0,0.0,1.0,,,0.8222557905337362,0.8222557905337362,0.8142857142857142,0.5,0.36,72.96391886059561
1069931,Talha Şeker (1069931),20.4,Midfield - Central Midfield,Midfield,Sivasspor,Sivasspor,Süper Lig,24/25,4970.0,0.7243460764587526,0.0,0.7243460764587526,50000.0,<=0.5m,0.7220543806646526,0.7220543806646526,0.44285714285714306,0.8958333333333334,1.0,72.95064379226012
1170685,Thierry Rohart-Brown (1170685),19.2,Midfield - Central Midfield,Midfield,Southampton FC U21,Southampton FC U18,U18 Premier League,24/25,2020.0,0.8910891089108911,0.0445544554455445,0.9356435643564356,,,0.8006042296072508,0.8006042296072508,0.6142857142857144,0.5,0.808,72.94482520500647
745460,Evan Rotundo (745460),22.1,Midfield - Attacking Midfield,Midfield,F91 Dudelange,F91 Dudelange,Coupe de Luxembourg,24/25,5570.0,0.9694793536804308,0.1292639138240574,1.0987432675044884,150000.0,<=0.5m,0.9313239221671118,0.6980392156862745,0.1999999999999998,0.6395526960784313,1.0,72.90090953254632
1286488,Matteo Carfagna (1286488),18.1,Midfield - Central Midfield,Midfield,Frosinone Primavera,Frosinone Primavera,Supercoppa Primavera 2,24/25,6290.0,0.7154213036565977,0.0143084260731319,0.7297297297297297,,,0.7250755287009063,0.7250755287009063,0.7714285714285712,0.5,1.0,72.84738886491152
740617,Damiano Basili (740617),22.5,Midfield - Central Midfield,Midfield,AC Reggiana 1919,US Pergolettese 1932,Serie C-A,24/25,4530.0,0.9933774834437088,0.0993377483443708,1.0927152317880795,175000.0,<=0.5m,0.886779855017169,0.837865055387714,0.14285714285714285,0.5994178921568627,1.0,72.8082304850925
890296,Harold Osorio (890296),23.0,Midfield - Central Midfield,Midfield,Chicago Fire FC II,Chicago Fire FC II,MLS Next Pro,2025,2530.0,1.067193675889328,0.1422924901185771,1.209486166007905,250000.0,<=0.5m,0.9421022510492179,0.8610271903323263,0.07142857142857142,0.49188112745098034,1.0,72.77167665435232
1089260,Deming Li (1089260),22.9,Midfield - Attacking Midfield,Midfield,Shanghai Port B,Shanghai Port B,League Two Rel.,2025,2930.0,1.8430034129692832,0.0614334470989761,1.9044368600682595,100000.0,<=0.5m,0.8483660130718954,0.8483660130718954,0.08571428571428592,0.7486213235294117,1.0,72.75408788515408
741931,Max Ejdum (741931),21.8,Midfield - Central Midfield,Midfield,Odense Boldklub,Odense Boldklub,1.Division Promotion,24/25,2950.0,1.830508474576271,0.1220338983050847,1.952542372881356,1300000.0,0.5-2m,0.9375629405840886,0.9375629405840886,0.24285714285714274,0.18566176470588236,1.0,72.73875542664196
913645,Matéo Loubatières (913645),22.9,Midfield - Central Midfield,Midfield,Istres Football Club,SC Bastia,National 2 - Grp. A,24/25,2720.0,0.9926470588235294,0.0,0.9926470588235294,50000.0,<=0.5m,0.8136958710976838,0.8136958710976838,0.08571428571428592,0.8958333333333334,1.0,72.73484750395627
883051,Kevin Bruno (883051),21.3,Midfield - Attacking Midfield,Midfield,FC Crotone,Sassuolo Primavera,Primavera Fase Finale,24/25,4800.0,1.5,0.15,1.65,600000.0,0.5-2m,0.9472529568866844,0.8013071895424837,0.31428571428571417,0.2890625,1.0,72.69981696020008
1304522,Salvatore Cianciulli (1304522),18.0,Midfield - Defensive Midfield,Midfield,Fiorentina Under 18,Fiorentina Under 17,Under 17 - Finals,24/25,5860.0,0.4607508532423208,0.046075085324232,0.5068259385665529,,,0.7206219000381534,0.7142857142857143,0.7857142857142857,0.5,1.0,72.6693464871641
654872,Marcel Wenig (654872),22.3,Midfield - Central Midfield,Midfield,SSV Ulm 1846,Eintracht Frankfurt II,Regionalliga Südwest,24/25,3670.0,0.9809264305177112,0.1226158038147138,1.103542234332425,300000.0,<=0.5m,0.9240747806180847,0.8439073514602216,0.17142857142857132,0.4431678921568627,1.0,72.62801102866531
816786,Tommaso Clerici (816786),22.1,Midfield - Attacking Midfield,Midfield,Pro Sesto 1913,Pro Sesto 1913,Serie D - B,24/25,4040.0,1.3366336633663365,0.0891089108910891,1.4257425742574257,125000.0,<=0.5m,0.8697062190003816,0.7633986928104575,0.1999999999999998,0.6836703431372548,1.0,72.61499236776613
994268,Micah Burton (994268),20.4,Midfield - Attacking Midfield,Midfield,Austin FC,Austin FC II,MLS Next Pro,2025,2530.0,1.4229249011857708,0.0711462450592885,1.494071146245059,,,0.8245898512018314,0.7803921568627451,0.44285714285714306,0.5,1.0,72.58875608236427
1187464,Leonardo Tiana (1187464),20.2,Midfield - Right Midfield,Midfield,SC Ligorna 1922,SC Ligorna 1922,Serie D - A,25/26,900.0,1.0,0.0,1.0,75000.0,<=0.5m,0.8315789473684211,0.8315789473684211,0.47142857142857153,0.8249080882352942,0.36,72.58630722025653
1089611,João Lourenço (1089611),21.1,Midfield - Attacking Midfield,Midfield,Atlético de San Luis U21,Atlético de San Luis U23,Liguilla MX U23 Clausura (- 24/25),24/25,1440.0,2.5,0.0,2.5,,,0.9052287581699346,0.9052287581699346,0.34285714285714264,0.5,0.576,72.55943977591036
659269,Luca Romano (659269),22.3,Midfield - Defensive Midfield,Midfield,SC Kriens,FC Winterthur U21,1. Liga gr. 3,24/25,4950.0,0.9090909090909092,0.0,0.9090909090909092,0.0,<=0.5m,0.8802521008403361,0.8802521008403361,0.17142857142857132,0.5,1.0,72.55798319327732
1146130,Alex Cetnar (1146130),19.5,Midfield - Defensive Midfield,Midfield,Legia Warsaw II,Legia Warsaw U19,Youth League POL,25/26,1120.0,0.8035714285714285,0.0,0.8035714285714285,0.0,<=0.5m,0.865546218487395,0.865546218487395,0.5714285714285714,0.5,0.448,72.55563025210083
1081025,Stephen Edmondson (1081025),19.4,Midfield,Midfield,Without Club,Blackburn Rovers U18,U18 Premier League,24/25,4480.0,0.4017857142857142,0.1205357142857142,0.5223214285714285,,,0.9207363601678749,0.5079365079365079,0.585714285714286,0.5,1.0,72.534013432411
726992,Charlie Whitaker (726992),22.9,Midfield - Attacking Midfield,Midfield,Tranmere Rovers,Everton FC U21,League Two Play-Offs,24/25,5790.0,1.865284974093264,0.0155440414507772,1.8808290155440412,100000.0,<=0.5m,0.8444444444444444,0.8444444444444444,0.08571428571428592,0.7486213235294117,1.0,72.51879376750702
941437,Filip Lörincz (941437),21.7,Midfield - Attacking Midfield,Midfield,FC Viktoria Plzen B,FC Viktoria Plzen B,CFL,24/25,3220.0,1.9565217391304348,0.0279503105590062,1.984472049689441,,,0.8562091503267973,0.8562091503267973,0.25714285714285723,0.5,1.0,72.48683473389356
706699,Lennon Walker (706699),22.7,Midfield - Attacking Midfield,Midfield,Caledonian Braves FC,Caledonian Braves FC,Lowland League,24/25,1580.0,3.9873417721518982,0.0,3.9873417721518982,0.0,<=0.5m,0.9555555555555556,0.9555555555555556,0.1142857142857144,0.5,0.632,72.48190476190479
860053,Ismaël Guerti (860053),22.1,Midfield - Attacking Midfield,Midfield,FC Metz,FC Metz,Ligue 2,24/25,3470.0,1.296829971181556,0.1296829971181556,1.4265129682997115,,,0.9328500572300649,0.7647058823529411,0.1999999999999998,0.5,1.0,72.47183158650715
1054262,Oleksandr Dragan (1054262),19.5,Midfield - Central Midfield,Midfield,Venezia Primavera,Atalanta Under 18,Under 18,24/25,4320.0,0.8333333333333333,0.0416666666666666,0.8749999999999999,,,0.771399798590131,0.771399798590131,0.5714285714285714,0.5,1.0,72.42684505826502
813973,Michele Carboni (813973),22.0,Midfield - Defensive Midfield,Midfield,SEF Torres 1903,SEF Torres 1903,Serie C-B,24/25,4000.0,0.6749999999999999,0.0675,0.7424999999999999,200000.0,<=0.5m,0.8529411764705882,0.8529411764705882,0.21428571428571427,0.5553002450980392,1.0,72.37924544817926
1094135,Reda Laalaoui (1094135),21.3,Midfield - Central Midfield,Midfield,KVC Westerlo,FUS Rabat,Botola Pro Inwi,24/25,2620.0,1.3740458015267174,0.1030534351145038,1.4770992366412212,850000.0,0.5-2m,0.9013091641490433,0.9013091641490433,0.31428571428571417,0.23100490196078427,1.0,72.341189904965
944822,Marcus Rafferty (944822),21.9,Midfield - Left Midfield,Midfield,Degerfors IF,Degerfors IF,Allsvenskan,2025,2360.0,1.906779661016949,0.0,1.906779661016949,600000.0,0.5-2m,0.9195402298850575,0.9195402298850575,0.2285714285714288,0.2890625,0.944,72.31643165024632
747016,Sami Ouaissa (747016),21.9,Midfield - Right Midfield,Midfield,NEC Nijmegen,NEC Nijmegen,Play-Offs Conference League,24/25,2670.0,2.359550561797753,0.0674157303370786,2.426966292134832,1500000.0,0.5-2m,0.9368421052631579,0.9368421052631579,0.2285714285714288,0.17080269607843135,1.0,72.25890691803038
1118873,Bartosz Mazurek (1118873),19.6,Midfield - Attacking Midfield,Midfield,Jagiellonia Bialystok,Jagiellonia Bialystok,Ekstraklasa,25/26,900.0,1.0,0.1,1.1,100000.0,<=0.5m,0.8901182754673789,0.7006535947712418,0.5571428571428569,0.7486213235294117,0.36,72.2338577964252
1188620,Lorenzo Grandi (1188620),19.6,Midfield - Central Midfield,Midfield,Torino Under 18,Torino Under 18,Under 18,24/25,1970.0,0.9137055837563453,0.0456852791878172,0.9593908629441624,,,0.8066465256797583,0.8066465256797583,0.5571428571428569,0.5,0.788,72.1930772550712
787250,Miguel Carreón (787250),22.2,Midfield,Midfield,Atlético de San Luis U21,Atlético de San Luis U23,Liguilla MX U23 Clausura (- 24/25),24/25,2460.0,1.0975609756097562,0.0,1.0975609756097562,,,0.873015873015873,0.873015873015873,0.1857142857142858,0.5,0.984,72.19238095238096
920941,Noah Mutanda (920941),21.2,Midfield - Central Midfield,Midfield,Dolomiti Bellunesi,US Avellino 1912,Superc. Serie C,24/25,2090.0,0.8612440191387559,0.0,0.8612440191387559,50000.0,<=0.5m,0.7663645518630413,0.7663645518630413,0.3285714285714287,0.8958333333333334,0.836,72.140682635592
993720,Alexander Vogel (993720),20.6,Midfield - Attacking Midfield,Midfield,Hannover 96 II,Hannover 96 U19,U19 Nachwuchsliga - Liga A,24/25,10680.0,0.7584269662921348,0.0758426966292134,0.8342696629213483,100000.0,<=0.5m,0.8379435330026708,0.5973856209150327,0.4142857142857141,0.7486213235294117,1.0,72.0936078722154
930780,Thomas Berenbruch (930780),21.2,Midfield - Central Midfield,Midfield,Inter U23,Inter Milan,Primavera Fase Finale,24/25,7290.0,1.4814814814814816,0.0493827160493827,1.5308641975308643,1500000.0,0.5-2m,0.9073514602215509,0.9073514602215509,0.3285714285714287,0.17080269607843135,1.0,72.08946821553394
973976,Scott Bailey (973976),20.6,Midfield - Defensive Midfield,Midfield,Newcastle United U21,Newcastle United U21,PL2 Playoffs,24/25,900.0,1.0,0.1,1.1,,,0.9138655462184874,0.9138655462184874,0.4142857142857141,0.5,0.36,72.06050420168069
1075575,Marius Courcoul (1075575),19.6,Midfield - Defensive Midfield,Midfield,Angers SCO,Angers SCO,Ligue 1,24/25,900.0,1.0,0.0,1.0,300000.0,<=0.5m,0.8886554621848739,0.8886554621848739,0.5571428571428569,0.4431678921568627,0.36,72.03796393557423
821358,Maksym Czekala (821358),22.5,Midfield - Attacking Midfield,Midfield,Zaglebie Lubin II,Zaglebie Lubin II,Baraże II liga,24/25,2250.0,2.4000000000000004,0.0,2.4000000000000004,0.0,<=0.5m,0.8954248366013072,0.8954248366013072,0.14285714285714285,0.5,0.9,72.01120448179273
902200,Jesse Khan (902200),22.4,Midfield - Central Midfield,Midfield,AS Trencin,AS Trencin,Niké Liga,25/26,1640.0,1.0975609756097562,0.0,1.0975609756097562,50000.0,<=0.5m,0.8398791540785498,0.8398791540785498,0.15714285714285733,0.8958333333333334,0.656,72.00870162566538
935519,Federico Tavernaro (935519),21.6,Midfield - Left Midfield,Midfield,Vis Pesaro 1898,Vis Pesaro 1898,Playoff Serie C,24/25,2580.0,0.3488372093023256,0.1744186046511628,0.5232558139534884,200000.0,<=0.5m,0.9599389545974819,0.6091954022988506,0.27142857142857124,0.5553002450980392,1.0,71.99703969950872
823567,Emanuele Occhipinti (823567),21.6,Midfield - Defensive Midfield,Midfield,AS Giana Erminio,Sant'Angelo,Serie D - B,24/25,5890.0,0.6112054329371817,0.0,0.6112054329371817,100000.0,<=0.5m,0.7857142857142857,0.7857142857142857,0.27142857142857124,0.7486213235294117,1.0,71.96641281512605
1073028,Ivan Chaban (1073028),20.1,Midfield - Defensive Midfield,Midfield,Karpaty Lviv U19,Karpaty Lviv,U19 Premier Liga,25/26,2860.0,0.3146853146853147,0.0629370629370629,0.3776223776223776,100000.0,<=0.5m,0.7939717665013354,0.615546218487395,0.4857142857142855,0.7486213235294117,1.0,71.96507103461377
1059730,Giuseppe Mazzaglia (1059730),20.3,Midfield - Central Midfield,Midfield,Piacenza Calcio 1919,Como Primavera,Play-off/out Primavera,24/25,8010.0,0.449438202247191,0.1011235955056179,0.550561797752809,250000.0,<=0.5m,0.8946966806562381,0.6243705941591138,0.457142857142857,0.49188112745098034,1.0,71.935248435037
881085,Xavi Gnaulati (881085),21.6,Midfield - Attacking Midfield,Midfield,Monterey Bay FC,Monterey Bay FC,USLC,2025,1580.0,2.278481012658228,0.1139240506329113,2.39240506329114,250000.0,<=0.5m,0.9131056848531095,0.8941176470588236,0.27142857142857124,0.49188112745098034,0.632,71.91779718688315
930814,Jack Panayotou (930814),22.2,Midfield - Central Midfield,Midfield,Hartford Athletic,Hartford Athletic,USLC,2025,2170.0,1.2442396313364057,0.0,1.2442396313364057,175000.0,<=0.5m,0.8640483383685801,0.8640483383685801,0.1857142857142858,0.5994178921568627,0.868,71.88617936373944
1112522,Alfie Lynskey (1112522),18.6,Midfield - Central Midfield,Midfield,Aston Villa U18,Aston Villa U21,Premier League 2,25/26,2450.0,0.7346938775510204,0.0,0.7346938775510204,,,0.7306143001007049,0.7306143001007049,0.6999999999999998,0.5,0.98,71.8368580060423
827441,Caden Kelly (827441),22.7,Midfield - Attacking Midfield,Midfield,South Shields FC,Darlington FC,National League North,24/25,4820.0,1.4937759336099583,0.1307053941908713,1.62448132780083,,,0.9333269744372377,0.796078431372549,0.1142857142857144,0.5,1.0,71.80872194738254
997908,Mattia Arrigoni (997908),20.3,Midfield - Central Midfield,Midfield,Atalanta Primavera,Atalanta Primavera,Primavera 1,24/25,2180.0,0.4128440366972477,0.0825688073394495,0.4954128440366973,100000.0,<=0.5m,0.8553033193437619,0.581067472306143,0.457142857142857,0.7486213235294117,0.872,71.79999476949558
869901,Messias (869901),20.7,Midfield - Attacking Midfield,Midfield,NK Kustosija Zagreb,FC Vizela U23,Revelação U23 - Championship,24/25,5610.0,1.1229946524064172,0.0802139037433155,1.2032085561497328,,,0.8506295307134681,0.7294117647058823,0.4000000000000001,0.5,1.0,71.77098099064119
1187468,Pedro Vian Seewald (1187468),20.5,Midfield - Central Midfield,Midfield,Virtus Entella Primavera,Virtus Entella Primavera,Primavera 2 - A,24/25,4250.0,0.6352941176470589,0.0423529411764705,0.6776470588235295,50000.0,<=0.5m,0.7059415911379657,0.7059415911379657,0.42857142857142855,0.8958333333333334,1.0,71.75530499208746
951697,Emirhan Yılmaz (951697),22.3,Midfield - Central Midfield,Midfield,Beykoz Ishakli Spor,Beykoz Ishakli Spor,3.Lig Grup 1,25/26,980.0,2.7551020408163263,0.0,2.7551020408163263,0.0,<=0.5m,0.9677744209466264,0.9677744209466264,0.17142857142857132,0.5,0.392,71.72932239965473
1093157,Kasper Sætherbø (1093157),21.6,Midfield - Defensive Midfield,Midfield,Mjøndalen IF,Mjøndalen IF,NM-Cup,2026,900.0,1.0,0.1,1.1,150000.0,<=0.5m,0.9138655462184874,0.9138655462184874,0.27142857142857124,0.6395526960784313,0.36,71.72852766106443
888665,Wojciech Zielinski (888665),21.9,Midfield - Defensive Midfield,Midfield,GKS Wikielec,Arka Gdynia,Betclic 2 Liga,24/25,4450.0,0.6067415730337079,0.0,0.6067415730337079,75000.0,<=0.5m,0.7752100840336135,0.7752100840336135,0.2285714285714288,0.8249080882352942,1.0,71.71846113445378
1187464,Leonardo Tiana (1187464),20.2,Midfield - Right Midfield,Midfield,SC Ligorna 1922,Virtus Entella Primavera,Play-off/out Primavera,24/25,6030.0,0.5970149253731344,0.044776119402985,0.6417910447761195,75000.0,<=0.5m,0.7133727584891263,0.7052631578947368,0.47142857142857153,0.8249080882352942,1.0,71.71552467442227
1089874,Harry Murphy (1089874),22.6,Midfield - Attacking Midfield,Midfield,Without Club,Queens Park Rangers U21,Premier League Cup,24/25,1290.0,2.7906976744186047,0.2093023255813953,3.0,,,0.9753910721098817,0.9254901960784314,0.12857142857142836,0.5,0.516,71.64278791104385
1083970,JP (1083970),21.3,Midfield - Central Midfield,Midfield,Avaí FC,Avaí FC,Série B,2025,2270.0,1.5859030837004406,0.039647577092511,1.6255506607929515,1200000.0,0.5-2m,0.9144008056394763,0.9144008056394763,0.31428571428571417,0.19056372549019607,0.908,71.64051192380275
795523,Enes Yilmaz (795523),21.6,Midfield - Central Midfield,Midfield,US Lecce Youth,Lecce Primavera,Primavera 1,24/25,6130.0,0.4404567699836867,0.0734094616639478,0.5138662316476346,50000.0,<=0.5m,0.8311713086608165,0.5981873111782477,0.27142857142857124,0.8958333333333334,1.0,71.62915438455627
1018224,Wiktor Nowak (1018224),21.9,Midfield - Attacking Midfield,Midfield,Wisla Plock,Znicz Pruszkow,Betclic 1 Liga,24/25,4170.0,1.5107913669064748,0.1294964028776978,1.640287769784173,450000.0,<=0.5m,0.9319916062571537,0.8,0.2285714285714288,0.35340073529411764,1.0,71.62043418903235
748803,Luca Monticelli (748803),21.5,Midfield - Central Midfield,Midfield,Hellas Verona Primavera,Hellas Verona Primavera,Primavera 1,24/25,5620.0,1.1209964412811388,0.096085409252669,1.217081850533808,500000.0,<=0.5m,0.8809614650896604,0.8630412890231621,0.2857142857142857,0.327359068627451,1.0,71.61789956412954
1020686,Tiago Brito (1020686),22.3,Midfield - Defensive Midfield,Midfield,GD Estoril Praia,Estoril Praia U23,Liga Portugal,24/25,7190.0,0.7510431154381085,0.0375521557719054,0.7885952712100139,,,0.8634453781512605,0.8634453781512605,0.17142857142857132,0.5,1.0,71.54957983193279
694039,Nils Rossen (694039),22.0,Midfield - Central Midfield,Midfield,SC Telstar,SC Telstar,Keuken Kampioen Play-Offs,24/25,1740.0,0.5172413793103449,0.4137931034482758,0.9310344827586208,350000.0,<=0.5m,0.9973292636398321,0.796576032225579,0.21428571428571427,0.40670955882352944,0.696,71.5056899793772
957322,Nabil El Basri (957322),22.4,Midfield - Central Midfield,Midfield,MVV Maastricht,MVV Maastricht,Keuken Kampioen Divisie,24/25,4080.0,1.3235294117647058,0.0441176470588235,1.3676470588235294,325000.0,<=0.5m,0.8851963746223565,0.8851963746223565,0.15714285714285733,0.41789215686274506,1.0,71.47655838770552
1232346,Fabio Pandolfi (1232346),18.2,Midfield - Attacking Midfield,Midfield,AC Milan Primavera,Milan Under 17,Under 17 - Finals,24/25,5680.0,0.9507042253521126,0.0475352112676056,0.9982394366197184,,,0.7293017932086989,0.6627450980392157,0.7571428571428572,0.5,1.0,71.40814601307902
845809,Lewis Orford (845809),20.5,Midfield - Central Midfield,Midfield,Stevenage FC,West Ham United U21,PL2 Playoffs,24/25,6830.0,0.527086383601757,0.1054172767203514,0.6325036603221084,400000.0,<=0.5m,0.9017550553223961,0.6817724068479355,0.42857142857142855,0.3772977941176471,1.0,71.40499702769554
1082993,Findlay Curtis (1082993),19.9,Midfield - Attacking Midfield,Midfield,Rangers FC B,Rangers FC,Premiership,25/26,2250.0,1.2000000000000002,0.0,1.2000000000000002,100000.0,<=0.5m,0.7281045751633987,0.7281045751633987,0.5142857142857145,0.7486213235294117,0.9,71.39554446778712
887961,Eren Kaya (887961),22.4,Midfield - Attacking Midfield,Midfield,Erciyes 38 Futbol Spor Kulübü,Belediye Kütahyaspor,3.Lig Playoff,24/25,1390.0,3.237410071942446,0.0,3.237410071942446,0.0,<=0.5m,0.938562091503268,0.938562091503268,0.15714285714285733,0.5,0.556,71.38801120448178
1075007,Mamadou Ousmane Diagne (1075007),22.9,Midfield - Central Midfield,Midfield,Västerås SK,Västerås SK,Superettan,2025,3010.0,1.495016611295681,0.0299003322259136,1.5249169435215948,350000.0,<=0.5m,0.905337361530715,0.905337361530715,0.08571428571428592,0.40670955882352944,1.0,71.3856040868009
1187436,Kirill Korkh (1187436),20.5,Midfield - Central Midfield,Midfield,Obolon Kyiv U19,Obolon Kyiv,Premier Liga,24/25,6220.0,0.4340836012861737,0.1012861736334405,0.5353697749196142,,,0.89536436474628,0.6117824773413897,0.42857142857142855,0.5,1.0,71.34020321901208
1088566,Theo Mawene (1088566),19.1,Midfield,Midfield,Brentford FC B,Preston North End,Championship,24/25,1470.0,0.6122448979591837,0.1224489795918367,0.7346938775510204,,,0.9233117130866082,0.6031746031746031,0.6285714285714283,0.5,0.588,71.29282922427524
928612,Hamza el Dahri (928612),21.5,Midfield - Central Midfield,Midfield,Almere City FC,Sparta Rotterdam U21,Play-Offs Promotion Tweede Divisie,24/25,7210.0,0.3744798890429958,0.0998613037447988,0.4743411927877947,100000.0,<=0.5m,0.8878290728729492,0.56797583081571,0.2857142857142857,0.7486213235294117,1.0,71.28510014795803
670107,Isak Hjorteseth (670107),22.4,Midfield - Defensive Midfield,Midfield,Sotra SK,Sotra SK,PostNord-ligaen Avd. 1,2025,2100.0,0.4285714285714286,0.1714285714285714,0.6000000000000001,0.0,<=0.5m,0.958603586417398,0.7699579831932774,0.15714285714285733,0.5,0.84,71.28029762839893
1027251,Geremi Perera (1027251),22.2,Midfield - Central Midfield,Midfield,SC Eltersdorf,SC Eltersdorf,Bayernliga Nord,25/26,1830.0,1.475409836065574,0.0,1.475409836065574,0.0,<=0.5m,0.8997985901309165,0.8997985901309165,0.1857142857142858,0.5,0.732,71.27934397928357
953372,Francesco Perrotta (953372),22.1,Midfield - Left Midfield,Midfield,SS Arezzo,Atletico Lodigiani,Serie D play-out,24/25,4300.0,1.0465116279069768,0.0,1.0465116279069768,100000.0,<=0.5m,0.7931034482758621,0.7931034482758621,0.1999999999999998,0.7486213235294117,1.0,71.26690542596349
1213680,Harald Woxen (1213680),18.5,Midfield - Attacking Midfield,Midfield,Lillestrøm SK,Lillestrøm SK,NM-Cup,2026,900.0,2.0,0.0,2.0,500000.0,<=0.5m,0.8607843137254902,0.8607843137254902,0.7142857142857143,0.327359068627451,0.36,71.25865721288515
867688,Jack Hinshelwood (867688),21.4,Midfield - Defensive Midfield,Midfield,Brighton & Hove Albion,Brighton & Hove Albion,Premier League,24/25,3700.0,1.2162162162162162,0.0729729729729729,1.2891891891891891,24000000.0,10m+,0.9369747899159664,0.9369747899159664,0.3000000000000002,0.017003676470588203,1.0,71.25653886554622
898781,Jakob Vester (898781),21.7,Midfield - Central Midfield,Midfield,Viborg FF,Viborg FF,Superliga Relegation round,24/25,2010.0,1.791044776119403,0.0895522388059701,1.8805970149253728,900000.0,0.5-2m,0.932527693856999,0.932527693856999,0.25714285714285723,0.2244178921568627,0.804,71.24779783590172
637669,Emre Demir (637669),22.6,Midfield - Attacking Midfield,Midfield,Sakaryaspor,Sakaryaspor,1.Lig,24/25,1690.0,4.792899408284024,0.0532544378698224,4.846153846153846,600000.0,0.5-2m,0.9725490196078431,0.9725490196078431,0.12857142857142836,0.2890625,0.676,71.21695903361345
738479,Rafik El Arguioui (738479),21.1,Midfield - Attacking Midfield,Midfield,FC Utrecht,FC Utrecht,Keuken Kampioen Divisie,24/25,2440.0,1.8442622950819672,0.0,1.8442622950819672,350000.0,<=0.5m,0.8379084967320262,0.8379084967320262,0.34285714285714264,0.40670955882352944,0.976,71.21415791316527
659353,Filipe de Carvalho (659353),22.7,Midfield - Left Midfield,Midfield,FC Rapperswil-Jona,Grasshopper Club Zurich,1. Liga gr. 2,24/25,1370.0,5.255474452554744,0.0656934306569343,5.321167883211679,400000.0,<=0.5m,0.9770114942528736,0.9770114942528736,0.1142857142857144,0.3772977941176471,0.548,71.21143020139091
1058362,Nicolò Ballabio (1058362),18.5,Midfield - Central Midfield,Midfield,Monza Primavera,Monza Under 17,Under 17 - Finals,24/25,9280.0,0.6788793103448276,0.0193965517241379,0.6982758620689655,,,0.7129909365558912,0.7129909365558912,0.7142857142857143,0.5,1.0,71.2080276219249
1115271,Zakhar Karpus (1115271),21.4,Midfield - Right Midfield,Midfield,Girnyk-Sport Gorishni Plavni,Vorskla Poltava U19,U19 Premier Liga,24/25,6400.0,0.421875,0.1265625,0.5484375,0.0,<=0.5m,0.9282716520412057,0.6421052631578947,0.3000000000000002,0.5,1.0,71.2006385670395
670718,Diogo Prioste (670718),22.4,Midfield - Central Midfield,Midfield,SL Benfica B,SL Benfica,Liga Portugal 2,24/25,3160.0,1.9936708860759491,0.0284810126582278,2.0221518987341773,1800000.0,0.5-2m,0.9415911379657603,0.9415911379657603,0.15714285714285733,0.1556372549019608,1.0,71.1886755608588
928998,Will Jenkins-Davies (928998),21.8,Midfield - Attacking Midfield,Midfield,Bath City,Torquay United,NL South Play-offs,24/25,3330.0,1.6216216216216215,0.081081081081081,1.7027027027027029,0.0,<=0.5m,0.8522510492178558,0.8130718954248366,0.24285714285714274,0.5,1.0,71.1588358553392
695943,Jonathan Wensing (695943),22.4,Midfield - Attacking Midfield,Midfield,SV Meppen,SV Meppen,Regionalliga Nord,24/25,4880.0,0.9221311475409836,0.0922131147540983,1.014344262295082,100000.0,<=0.5m,0.8758107592521939,0.6745098039215687,0.15714285714285733,0.7486213235294117,1.0,71.11500878155536
1293796,Farouck Adekami (1293796),20.0,Midfield - Attacking Midfield,Midfield,Royal Antwerp FC,Royal Antwerp FC,1ste Nationale VV,24/25,2650.0,1.3584905660377358,0.0,1.3584905660377358,200000.0,<=0.5m,0.7555555555555555,0.7555555555555555,0.5,0.5553002450980392,1.0,71.10753676470588
629390,Silvan Schwegler (629390),23.0,Midfield - Defensive Midfield,Midfield,FC Aarau,FC Aarau,Promotion League,24/25,4630.0,0.7775377969762419,0.038876889848812,0.816414686825054,200000.0,<=0.5m,0.8697478991596639,0.8697478991596639,0.07142857142857142,0.5553002450980392,1.0,71.10193452380953
1150370,Lukas Schimkus (1150370),18.9,Midfield - Right Midfield,Midfield,FC Erzgebirge Aue U19,FC Erzgebirge Aue,Sachsenpokal,24/25,7840.0,0.6887755102040816,0.0114795918367346,0.7002551020408163,,,0.7263157894736842,0.7263157894736842,0.6571428571428574,0.5,1.0,71.09323308270677
843597,Louie Copley (843597),19.8,Midfield - Central Midfield,Midfield,Arsenal FC U21,Arsenal FC U18,U18 Premier League,24/25,4370.0,0.8237986270022883,0.0205949656750572,0.8443935926773456,,,0.7603222557905337,0.7603222557905337,0.5285714285714285,0.5,1.0,71.07647820457487
890532,Fayssal Harchaoui (890532),20.6,Midfield - Defensive Midfield,Midfield,1.FC Köln,1.FC Köln U19,U19-Champ.,24/25,11170.0,0.4028648164726947,0.0483437779767233,0.4512085944494181,75000.0,<=0.5m,0.7334986646318199,0.6827731092436975,0.4142857142857141,0.8249080882352942,1.0,71.07124232323604
953065,Rayan Touzghar (953065),22.8,Midfield - Central Midfield,Midfield,Pau FC,EA Guingamp,Championnat National,24/25,2540.0,1.4173228346456692,0.0354330708661417,1.4527559055118109,350000.0,<=0.5m,0.8962739174219537,0.8962739174219537,0.0999999999999999,0.40670955882352944,1.0,71.07036886884663
1264058,Blerton Isufi (1264058),20.5,Midfield - Attacking Midfield,Midfield,Molde FK,Moss FK,OBOS-ligaen,2025,2020.0,1.7821782178217822,0.0891089108910891,1.8712871287128716,500000.0,<=0.5m,0.8697062190003816,0.8405228758169935,0.42857142857142855,0.327359068627451,0.808,71.06050940791553
991476,Mattias Hellisdal (991476),20.6,Midfield - Central Midfield,Midfield,Västerås SK,B36 Tórshavn,Betri-deildin,2025,5200.0,0.5192307692307693,0.0692307692307692,0.5884615384615385,150000.0,<=0.5m,0.8194391453643648,0.649546827794562,0.4142857142857141,0.6395526960784313,1.0,71.01102690899569
1107709,Daniel James (1107709),19.7,Midfield - Central Midfield,Midfield,Middlesbrough FC U18,Middlesbrough FC U18,U18 Premier League,24/25,3250.0,0.8307692307692308,0.0,0.8307692307692308,,,0.7552870090634441,0.7552870090634441,0.5428571428571429,0.5,1.0,71.00293482952092
797414,Owen Wolff (797414),21.6,Midfield - Central Midfield,Midfield,Austin FC,Austin FC,MLS,2025,4420.0,1.0180995475113122,0.1628959276018099,1.1809954751131222,3000000.0,2-5m,0.9547882487600152,0.8539778449144008,0.27142857142857124,0.1128982843137255,1.0,70.99289916424668
1119650,Carl Christensen (1119650),20.4,Midfield - Central Midfield,Midfield,Viborg FF U19,Viborg FF,U19 Boys Division,24/25,3120.0,0.8653846153846154,0.0288461538461538,0.8942307692307693,,,0.7814702920443102,0.7814702920443102,0.44285714285714306,0.5,1.0,70.9739318083729
1235199,Yacqub Finey (1235199),22.9,Midfield - Attacking Midfield,Midfield,GIF Sundsvall,GIF Sundsvall,Superettan,2025,2020.0,3.118811881188119,0.0891089108910891,3.207920792079208,400000.0,<=0.5m,0.9372549019607843,0.9372549019607843,0.08571428571428592,0.3772977941176471,0.808,70.9688918067227
1168046,Dhirar Brik (1168046),18.9,Midfield - Defensive Midfield,Midfield,Südtirol Primavera,Südtirol Primavera,Primavera 2 - A,24/25,7450.0,0.2416107382550335,0.07248322147651,0.3140939597315436,,,0.8285005723006486,0.5441176470588235,0.6571428571428574,0.5,1.0,70.96789569700447
1267416,Luca Soares Nascimento (1267416),18.7,Midfield - Central Midfield,Midfield,FC Wohlen,FC Wohlen,1. Liga gr. 2,25/26,900.0,1.0,0.0,1.0,,,0.8222557905337362,0.8222557905337362,0.6857142857142858,0.5,0.36,70.90677600345275
980343,Sam Chambers (980343),19.0,Midfield - Attacking Midfield,Midfield,Leeds United,Leeds United U21,Premier League 2,24/25,900.0,1.0,0.1,1.1,200000.0,<=0.5m,0.8901182754673789,0.7006535947712418,0.6428571428571429,0.5553002450980392,0.36,70.89879126981455
789898,Muhammed Damar (789898),22.4,Midfield - Attacking Midfield,Midfield,TSG 1899 Hoffenheim,SV 07 Elversberg,Bundesliga Playoffs,24/25,2700.0,3.0,0.2,3.2,7000000.0,5-10m,0.9710988172453262,0.9359477124183007,0.15714285714285733,0.060049019607843146,1.0,70.84757671732052
1047044,Lukas Eixler (1047044),22.8,Midfield - Attacking Midfield,Midfield,FSV Zwickau,FSV Zwickau,Regionalliga Northeast,24/25,5560.0,0.971223021582734,0.0971223021582733,1.0683453237410072,100000.0,<=0.5m,0.8826783670354826,0.6915032679738562,0.0999999999999999,0.7486213235294117,1.0,70.83554837218495
1146632,Jakub Michlik (1146632),20.2,Midfield,Midfield,Slavia TU Kosice,FC Tatran Presov,MONACObet liga,24/25,2800.0,0.3214285714285714,0.0642857142857142,0.3857142857142857,25000.0,<=0.5m,0.7990270888973674,0.42857142857142855,0.47142857142857153,0.9641544117647058,1.0,70.83261971423441
623825,Marko Soldo (623825),22.7,Midfield - Defensive Midfield,Midfield,GNK Dinamo Zagreb,NK Osijek,SuperSport HNL,24/25,5660.0,1.2720848056537102,0.0636042402826855,1.3356890459363957,1500000.0,0.5-2m,0.9432773109243697,0.9432773109243697,0.1142857142857144,0.17080269607843135,1.0,70.81644782913166
884810,Kjell Wätjen (884810),20.5,Midfield - Central Midfield,Midfield,VfL Bochum,Borussia Dortmund,3. Liga,24/25,4960.0,1.2701612903225803,0.0181451612903225,1.288306451612903,2500000.0,2-5m,0.8690835850956697,0.8690835850956697,0.42857142857142855,0.12745098039215685,1.0,70.78647168837324
1055320,Waldo Madrid (1055320),23.0,Midfield - Defensive Midfield,Midfield,Venados FC Yucatán,Venados FC Yucatán,Liguilla de Expansión Clausura,24/25,7940.0,0.6801007556675063,0.0,0.6801007556675063,100000.0,<=0.5m,0.819327731092437,0.819327731092437,0.07142857142857142,0.7486213235294117,1.0,70.78321953781513
925893,Ondrej Deml (925893),21.6,Midfield - Right Midfield,Midfield,Zeleziarne Podbrezova,Zeleziarne Podbrezova,Niké Liga,25/26,2520.0,0.7142857142857142,0.0714285714285714,0.7857142857142856,175000.0,<=0.5m,0.8254483021747424,0.7578947368421053,0.27142857142857124,0.5994178921568627,1.0,70.77542732621974
959917,Bartlomiej Baranski (959917),19.9,Midfield - Attacking Midfield,Midfield,Lech Poznan,Ruch Chorzow,Betclic 1 Liga,24/25,4000.0,1.5750000000000002,0.0,1.5750000000000002,450000.0,<=0.5m,0.7947348340328119,0.7908496732026143,0.5142857142857145,0.35340073529411764,1.0,70.77479822639344
718250,Ethan Brierley (718250),22.7,Midfield - Central Midfield,Midfield,Exeter City,FC Brentford U21,Premier League Cup,24/25,2430.0,1.1111111111111112,0.074074074074074,1.1851851851851851,200000.0,<=0.5m,0.8569989929506546,0.8569989929506546,0.1142857142857144,0.5553002450980392,0.972,70.74271443698325
935747,Edoardo Cecchi (935747),21.5,Midfield - Defensive Midfield,Midfield,Pavia Calcio 1911,SSD Zenith Prato,Serie D - D,24/25,5060.0,0.533596837944664,0.0177865612648221,0.5513833992094861,75000.0,<=0.5m,0.7436974789915967,0.7436974789915967,0.2857142857142857,0.8249080882352942,1.0,70.74199054621849
731200,Alberto Bellandi (731200),22.0,Midfield - Right Midfield,Midfield,Villa Valle,Villa Valle,Play-off Serie D,24/25,4650.0,0.5806451612903226,0.0580645161290322,0.6387096774193549,50000.0,<=0.5m,0.7756581457458985,0.6947368421052632,0.21428571428571427,0.8958333333333334,1.0,70.72945815989803
1047480,Niall McAndrew (1047480),19.3,Midfield - Central Midfield,Midfield,Derby County U21,Derby County U21,Premier League 2,24/25,7350.0,0.7346938775510204,0.0122448979591836,0.7469387755102042,,,0.7351460221550856,0.7351460221550856,0.5999999999999999,0.5,1.0,70.70876132930513
890719,Ethan Nwaneri (890719),19.4,Midfield - Attacking Midfield,Midfield,Arsenal FC,Arsenal FC,Premier League,24/25,4220.0,1.9194312796208528,0.0426540284360189,1.9620853080568723,55000000.0,10m+,0.8549019607843137,0.8549019607843137,0.585714285714286,0.0027573529411765163,1.0,70.70414915966387
1135545,Miguel Nogueira (1135545),21.5,Midfield - Attacking Midfield,Midfield,Vitória Guimarães SC,Vitória Guimarães SC,Liga Portugal,25/26,900.0,3.0,0.0,3.0,,,0.9254901960784314,0.9254901960784314,0.2857142857142857,0.5,0.36,70.70084033613446
978196,Mamadou Diako (978196),22.8,Midfield - Attacking Midfield,Midfield,US Orléans,US Orléans,Championnat National,24/25,5150.0,0.6990291262135923,0.087378640776699,0.7864077669902912,25000.0,<=0.5m,0.8655093475772606,0.5777777777777777,0.0999999999999999,0.9641544117647058,1.0,70.6986280837529
907219,Axel Piesold (907219),21.4,Midfield - Central Midfield,Midfield,Galway United FC,Cliftonville FC,Playoff Conference League,24/25,3790.0,0.4749340369393139,0.0949868073878627,0.5699208443271767,175000.0,<=0.5m,0.8794353300267074,0.6374622356495468,0.3000000000000002,0.5994178921568627,1.0,70.63456221550098
1168861,Faton Ademi (1168861),20.3,Midfield - Attacking Midfield,Midfield,Alemannia Aachen,Alemannia Aachen,3. Liga,25/26,900.0,1.0,0.1,1.1,100000.0,<=0.5m,0.8901182754673789,0.7006535947712418,0.457142857142857,0.7486213235294117,0.36,70.6338577964252
927183,Giuseppe Mollica (927183),21.0,Midfield - Central Midfield,Midfield,Without Club,SSD NovaRomentin,Serie D - A,24/25,3300.0,0.5454545454545454,0.0545454545454545,0.6,75000.0,<=0.5m,0.7608737123235406,0.6570996978851964,0.35714285714285715,0.8249080882352942,1.0,70.63239337134868
1086701,Jussef Nasrawe (1086701),19.4,Midfield - Attacking Midfield,Midfield,FC Bayern Munich II,FC Bayern Munich U19,U19-Champ.,24/25,8490.0,0.9540636042402828,0.0530035335689045,1.007067137809187,200000.0,<=0.5m,0.7552460892789011,0.6705882352941176,0.585714285714286,0.5553002450980392,1.0,70.59792457186995
855283,Jack Nadin (855283),21.8,Midfield - Attacking Midfield,Midfield,The New Saints,Nottingham Forest U21,PL2 Playoffs,24/25,3520.0,1.0227272727272727,0.1022727272727272,1.125,,,0.8970812666921022,0.7098039215686275,0.24285714285714274,0.5,1.0,70.59048869452397
924778,Emre Gül (924778),21.6,Midfield - Defensive Midfield,Midfield,FC Ingolstadt 04,FC Ingolstadt 04,Bayernpokal,25/26,1090.0,0.8256880733944955,0.0,0.8256880733944955,125000.0,<=0.5m,0.8718487394957983,0.8718487394957983,0.27142857142857124,0.6836703431372548,0.436,70.58516631652661
801029,Enoch Mastoras (801029),20.2,Midfield - Defensive Midfield,Midfield,AZ Alkmaar U21,AZ Alkmaar U21,Keuken Kampioen Divisie,24/25,900.0,1.0,0.1,1.1,500000.0,<=0.5m,0.9138655462184874,0.9138655462184874,0.47142857142857153,0.327359068627451,0.36,70.5578168767507
1173383,Min-young Lee (1173383),20.9,Midfield - Central Midfield,Midfield,Gangneung Citizen,FC Viktoria 1889 Berlin,Regionalliga Northeast,24/25,2910.0,0.9278350515463918,0.0,0.9278350515463918,0.0,<=0.5m,0.7935548841893253,0.7935548841893253,0.3714285714285716,0.5,1.0,70.55615019421667
1061527,Bobby Pointon (1061527),22.6,Midfield - Central Midfield,Midfield,Bradford City,Bradford City,League One,25/26,1270.0,2.125984251968504,0.0,2.125984251968504,275000.0,<=0.5m,0.9476334340382678,0.9476334340382678,0.12857142857142836,0.46844362745098034,0.508,70.55335968375265
1168294,Vladimir Karajcic (1168294),22.5,Midfield - Central Midfield,Midfield,Zeleznicar Pancevo,Football Bourg-en-Bresse Péronnas 01,Championnat National,24/25,1350.0,0.6666666666666667,0.2666666666666666,0.9333333333333332,200000.0,<=0.5m,0.9872186188477681,0.798590130916415,0.14285714285714285,0.5553002450980392,0.54,70.54320811346317
912849,Davide-Danilo Sekulovic (912849),21.9,Midfield - Attacking Midfield,Midfield,FC Ingolstadt 04 II,FC Ingolstadt 04,3. Liga,24/25,3040.0,1.776315789473684,0.0,1.776315789473684,0.0,<=0.5m,0.8313725490196079,0.8313725490196079,0.2285714285714288,0.5,1.0,70.53949579831934
618436,Oliwier Slawinski (618436),21.3,Midfield - Attacking Midfield,Midfield,Stal Rzeszow,LKS Lodz II,Puchar Polski,24/25,5410.0,0.6654343807763401,0.066543438077634,0.7319778188539741,50000.0,<=0.5m,0.8071346814193056,0.5568627450980392,0.31428571428571417,0.8958333333333334,1.0,70.49233638132857
869964,Atakan Dama (869964),22.5,Midfield - Attacking Midfield,Midfield,Ankara Demirspor,Ankara Demirspor,2.Lig Kirmizi,24/25,3200.0,1.6875,0.0,1.6875,125000.0,<=0.5m,0.8104575163398693,0.8104575163398693,0.14285714285714285,0.6836703431372548,1.0,70.48455007002802
1183724,Cristian Nasti (1183724),20.2,Midfield - Central Midfield,Midfield,Feralpisalò Primavera,Feralpisalò Primavera,Primavera 2 - A,24/25,1750.0,0.5142857142857142,0.0514285714285714,0.5657142857142856,25000.0,<=0.5m,0.748664631819916,0.6359516616314199,0.47142857142857153,0.9641544117647058,0.7,70.48121147261107
1192458,Naël Bensoula (1192458),22.9,Midfield - Central Midfield,Midfield,Vendée Poiré Football,FC Rouen 1899,Championnat National,24/25,930.0,0.967741935483871,0.0967741935483871,1.064516129032258,25000.0,<=0.5m,0.8822968332697444,0.8338368580060423,0.08571428571428592,0.9641544117647058,0.372,70.46128087651769
871335,Cameron Humphreys (871335),22.8,Midfield - Central Midfield,Midfield,Ipswich Town,Wycombe Wanderers,League One Play-Offs,24/25,4830.0,1.3043478260869563,0.1118012422360248,1.4161490683229814,500000.0,<=0.5m,0.9109118657001145,0.892245720040282,0.0999999999999999,0.327359068627451,1.0,70.42708369827487
667455,Burak Alili (667455),22.5,Midfield - Central Midfield,Midfield,FC Stade Nyonnais,FC Stade Nyonnais,Challenge League,25/26,1140.0,1.5789473684210529,0.0,1.5789473684210529,150000.0,<=0.5m,0.9103726082578046,0.9103726082578046,0.14285714285714285,0.6395526960784313,0.456,70.4218085262806
928054,Alessandro Pellegrino (928054),21.4,Midfield - Central Midfield,Midfield,Pineto Calcio,Pineto Calcio,Playoff Serie C,24/25,3280.0,0.823170731707317,0.0,0.823170731707317,100000.0,<=0.5m,0.7512588116817724,0.7512588116817724,0.3000000000000002,0.7486213235294117,1.0,70.35622723031811
926991,Jonatan Lindekilde (926991),20.4,Midfield - Central Midfield,Midfield,FC Fredericia,FC Fredericia,1.Division Promotion,24/25,6150.0,0.7317073170731708,0.073170731707317,0.8048780487804879,400000.0,<=0.5m,0.8303128576879054,0.7452165156092648,0.44285714285714306,0.3772977941176471,1.0,70.31453533890557
905218,Christian Jörgensen (905218),20.6,Midfield - Central Midfield,Midfield,Thisted FC,FC Midtjylland U19,U19 Boys League,24/25,4070.0,0.6633906633906634,0.0663390663390663,0.7297297297297298,,,0.8064669973292636,0.7265861027190332,0.4142857142857141,0.5,1.0,70.25921158690217
644253,André Gomes (644253),20.6,Midfield - Defensive Midfield,Midfield,SL Benfica U23,SL Benfica U23,U-23 Cup Portugal,24/25,3080.0,0.2922077922077922,0.0876623376623376,0.3798701298701299,,,0.8666539488744754,0.6218487394957983,0.4142857142857141,0.5,1.0,70.24209375470906
962113,Quim Junyent (962113),19.4,Midfield - Central Midfield,Midfield,FC Barcelona Atlètic,FC Barcelona UEFA U19,UEFA Youth League,24/25,4050.0,0.4444444444444444,0.0666666666666666,0.5111111111111111,,,0.8088515833651279,0.594159113796576,0.585714285714286,0.5,1.0,70.17928924282812
743600,Andrey Santos (743600),22.3,Midfield - Central Midfield,Midfield,Chelsea FC,RC Strasbourg Alsace,Ligue 1,24/25,4530.0,2.185430463576159,0.0993377483443708,2.2847682119205297,35000000.0,10m+,0.9546827794561934,0.9546827794561934,0.17142857142857132,0.009957107843137303,1.0,70.16322342003265
803422,Arran Pettifer (803422),22.9,Midfield - Central Midfield,Midfield,Arbroath FC,Cliftonville FC,Playout Premier League,24/25,1830.0,0.4918032786885246,0.1475409836065573,0.639344262295082,100000.0,<=0.5m,0.9450591377336894,0.6847935548841894,0.08571428571428592,0.7486213235294117,0.732,70.14983254217272
704069,Rami Zouaoui (704069),22.1,Midfield - Central Midfield,Midfield,Without Club,KSV Hessen Kassel,OL Niedersachsen,24/25,3750.0,0.24,0.24,0.48,0.0,<=0.5m,0.982163296451736,0.5735146022155085,0.1999999999999998,0.5,1.0,70.13952651390714
1048011,Samuel Ardau (1048011),19.9,Midfield - Attacking Midfield,Midfield,Monastir,Cagliari Primavera,Primavera 1,24/25,4290.0,0.6293706293706294,0.0419580419580419,0.6713286713286714,10000.0,<=0.5m,0.6988744753910721,0.5202614379084968,0.5142857142857145,0.9932598039215687,1.0,70.13719038232105
795724,Emin Kujovic (795724),21.9,Midfield - Central Midfield,Midfield,1.FC Köln,1.FC Köln II,Regionalliga West,24/25,4400.0,0.8181818181818181,0.0613636363636363,0.8795454545454545,125000.0,<=0.5m,0.7871041587180465,0.7724068479355488,0.2285714285714288,0.6836703431372548,1.0,70.13143634693226
715957,Dominik Sztojka (715957),22.7,Midfield - Central Midfield,Midfield,Vasas FC,Budafoki MTE,NB II.,24/25,4580.0,0.982532751091703,0.0393013100436681,1.0218340611353711,175000.0,<=0.5m,0.8318227593152064,0.8318227593152064,0.1142857142857144,0.5994178921568627,1.0,70.1297874776799
1237999,Samuel Obinaya (1237999),21.0,Midfield - Central Midfield,Midfield,FK Jablonec,Metalist 1925 Kharkiv,Rel. Premier Liga,24/25,2560.0,0.703125,0.03515625,0.73828125,100000.0,<=0.5m,0.7321248741188319,0.7321248741188319,0.35714285714285715,0.7486213235294117,1.0,70.1224766908274
678846,Ronaldo Dantas Fernandes (678846),21.7,Midfield - Attacking Midfield,Midfield,FC Vaduz,FC Vaduz,Challenge League,25/26,1690.0,1.5976331360946745,0.1065088757396449,1.7041420118343196,250000.0,<=0.5m,0.9034719572682183,0.8156862745098039,0.25714285714285723,0.49188112745098034,0.676,70.03765391400742
1030276,Niclas Wessels (1030276),21.8,Midfield - Central Midfield,Midfield,SV Meppen,SV Meppen,Regionalliga Nord,25/26,920.0,0.9782608695652174,0.0978260869565217,1.0760869565217392,100000.0,<=0.5m,0.8838229683326975,0.8358509566968781,0.24285714285714274,0.7486213235294117,0.368,70.02040665909988
924773,Mustafa Özden (924773),20.6,Midfield - Defensive Midfield,Midfield,FC Ingolstadt 04 II,FC Ingolstadt 04 U19,U19 Nachwuchsliga - Liga B,24/25,2990.0,0.6020066889632107,0.0,0.6020066889632107,,,0.773109243697479,0.773109243697479,0.4142857142857141,0.5,1.0,70.01512605042016
1030009,Yénio Holder (1030009),19.1,Midfield - Central Midfield,Midfield,FC Groningen,FC Groningen U21,U21 Div. 1 Spring,24/25,900.0,1.0,0.0,1.0,,,0.8222557905337362,0.8222557905337362,0.6285714285714283,0.5,0.36,69.99249028916704
1103790,Rodrigue Nsingi Malongi (1103790),20.1,Midfield - Attacking Midfield,Midfield,Angers SCO B,Angers SCO U19,National U19 - Grp. C,24/25,2670.0,1.348314606741573,0.0,1.348314606741573,,,0.7536245707745135,0.7529411764705882,0.4857142857142855,0.5,1.0,69.97386814321304
1070396,Kazım Kahya (1070396),21.1,Midfield - Central Midfield,Midfield,GMG Kastamonuspor,Manisa FK,1.Lig,24/25,900.0,1.0,0.0,1.0,75000.0,<=0.5m,0.8222557905337362,0.8222557905337362,0.34285714285714264,0.8249080882352942,0.36,69.96977495303258
907688,Riccardo Spaggiari (907688),21.6,Midfield - Attacking Midfield,Midfield,Arzignano Valchiampo,Cremonese Primavera,Primavera 1,24/25,3920.0,1.1479591836734695,0.0688775510204081,1.2168367346938775,175000.0,<=0.5m,0.8181037771842808,0.7333333333333333,0.27142857142857124,0.5994178921568627,1.0,69.95598449938922
1050344,Patrik Farkas (1050344),19.8,Midfield - Central Midfield,Midfield,Blackburn Rovers U21,Blackburn Rovers U18,U18 Premier League,24/25,3730.0,0.7238605898123325,0.0482573726541555,0.772117962466488,,,0.7401812688821753,0.7401812688821753,0.5285714285714285,0.5,1.0,69.86801899007337
1047183,Alberto Caliendo (1047183),19.9,Midfield - Attacking Midfield,Midfield,USD Caravaggio,Brescia Primavera,Primavera 2 - A,24/25,2890.0,0.9342560553633218,0.0622837370242214,0.9965397923875432,,,0.7914917970240366,0.661437908496732,0.5142857142857145,0.5,1.0,69.85689370241292
1260069,Dijar Ferati (1260069),17.9,Midfield - Central Midfield,Midfield,Rio Ave FC U23,Rio Ave FC U23,Liga Revelação,25/26,1430.0,0.6293706293706294,0.0,0.6293706293706294,100000.0,<=0.5m,0.6807653575025177,0.6807653575025177,0.8000000000000002,0.7486213235294117,0.572,69.84661997956283
1250365,Mykhaylo Rasko (1250365),21.7,Midfield - Attacking Midfield,Midfield,Polissya-2 Zhytomyr,Polissya-2 Zhytomyr,Druga Liga,25/26,2100.0,1.2857142857142856,0.0,1.2857142857142856,50000.0,<=0.5m,0.74640522875817,0.74640522875817,0.25714285714285723,0.8958333333333334,0.84,69.84026610644257
667464,Elias Maluvunu (667464),22.0,Midfield - Right Midfield,Midfield,FC Winterthur,FC Winterthur,Challenge League,24/25,6610.0,0.9531013615733736,0.0272314674735249,0.9803328290468988,200000.0,<=0.5m,0.8105263157894737,0.8105263157894737,0.21428571428571427,0.5553002450980392,1.0,69.8343538073124
1428280,Natan Lawa (1428280),17.1,Midfield - Attacking Midfield,Midfield,Pogon Szczecin,Pogon Szczecin II,Betclic 3 Liga - Group II,25/26,1720.0,1.0465116279069768,0.0,1.0465116279069768,,,0.6926745516978252,0.681045751633987,0.914285714285714,0.5,0.688,69.8132109290365
667506,Cameron Congreve (667506),22.6,Midfield - Left Midfield,Midfield,Dundee FC,Bromley FC,League Two,24/25,5920.0,0.9121621621621622,0.1064189189189189,1.0185810810810811,300000.0,<=0.5m,0.9032811903853492,0.7816091954022989,0.12857142857142836,0.4431678921568627,1.0,69.78158088083278
605113,Yousef Qashi (605113),21.3,Midfield - Central Midfield,Midfield,Al-Hussein SC (Irbid),Wuppertaler SV,Regionalliga West,24/25,1350.0,0.6666666666666667,0.0666666666666666,0.7333333333333334,50000.0,<=0.5m,0.8088515833651279,0.729103726082578,0.31428571428571417,0.8958333333333334,0.54,69.74688023692967
1095612,Zixi Min (1095612),21.4,Midfield,Midfield,Wuhan Three Towns,Wuhan Three Towns B,League Two Rel.,2025,3240.0,0.8333333333333333,0.0,0.8333333333333333,25000.0,<=0.5m,0.6904761904761905,0.6904761904761905,0.3000000000000002,0.9641544117647058,1.0,69.72673319327731
1046589,Ricardo Matias (1046589),23.0,Midfield - Defensive Midfield,Midfield,AC Marinhense,CF Estrela Amadora U23,U-23 Cup Portugal,24/25,6040.0,0.7450331125827815,0.0298013245033112,0.7748344370860928,,,0.8592436974789915,0.8592436974789915,0.07142857142857142,0.5,1.0,69.69747899159663
725352,Endri Muhameti (725352),22.1,Midfield - Central Midfield,Midfield,Virtusvecomp Verona,Virtusvecomp Verona,Serie C - A,25/26,900.0,1.0,0.1,1.1,100000.0,<=0.5m,0.8901182754673789,0.8423967774420946,0.1999999999999998,0.7486213235294117,0.36,69.63792210089824
1102235,Milo Horemans (1102235),20.3,Midfield - Attacking Midfield,Midfield,Young Reds,Young Reds,2de Nationale VV B,25/26,900.0,2.0,0.0,2.0,,,0.8607843137254902,0.8607843137254902,0.457142857142857,0.5,0.36,69.56134453781513
936755,Alberto Manzoni (936755),21.1,Midfield - Central Midfield,Midfield,Atalanta U23,Atalanta BC,Primavera 1,24/25,3540.0,0.7627118644067796,0.1016949152542373,0.8644067796610169,900000.0,0.5-2m,0.896032048836322,0.7673716012084593,0.34285714285714264,0.2244178921568627,1.0,69.5589578582767
1061527,Bobby Pointon (1061527),22.6,Midfield - Central Midfield,Midfield,Bradford City,Bradford City,League Two,24/25,6790.0,1.0603829160530192,0.0795287187039764,1.1399116347569955,275000.0,<=0.5m,0.8489425981873112,0.8489425981873112,0.12857142857142836,0.46844362745098034,1.0,69.55190953269525
1155723,Gilberto Mora (1155723),17.8,Midfield - Attacking Midfield,Midfield,Club Tijuana,Club Tijuana,Liga MX Apertura,25/26,1610.0,1.6770186335403727,0.0,1.6770186335403727,3000000.0,2-5m,0.807843137254902,0.807843137254902,0.8142857142857142,0.1128982843137255,0.644,69.51973564425771
721731,Antonio Prisco (721731),22.4,Midfield - Defensive Midfield,Midfield,Benevento Calcio,Benevento Calcio,Playoff Serie C,24/25,1620.0,0.5555555555555556,0.1666666666666666,0.7222222222222223,350000.0,<=0.5m,0.9562190003815337,0.8403361344537815,0.15714285714285733,0.40670955882352944,0.648,69.5119365102966
1066134,Jacopo Grossi (1066134),19.9,Midfield - Defensive Midfield,Midfield,Genoa U20,Genoa U20,Primavera 1,25/26,2310.0,0.3896103896103896,0.0389610389610389,0.4285714285714286,75000.0,<=0.5m,0.6797024036627242,0.6659663865546218,0.5142857142857145,0.8249080882352942,0.924,69.49723650725075
844774,Figa (844774),22.8,Midfield - Defensive Midfield,Midfield,FC Tirsense,FC Tirsense,Taça de Portugal,25/26,2300.0,0.782608695652174,0.0,0.782608695652174,,,0.8613445378151261,0.8613445378151261,0.0999999999999999,0.5,0.92,69.48067226890757
1299227,Will Dobson (1299227),18.9,Midfield - Central Midfield,Midfield,Newcastle United Jets,Newcastle United Jets,Australia Cup,2025,1100.0,0.8181818181818181,0.0,0.8181818181818181,125000.0,<=0.5m,0.7497482376636455,0.7497482376636455,0.6571428571428574,0.6836703431372548,0.44,69.47056477802602
802520,Magnus Munck (802520),21.6,Midfield - Central Midfield,Midfield,Vendsyssel FF,Vendsyssel FF,2.Division,25/26,1200.0,0.75,0.15,0.9,0.0,<=0.5m,0.9472529568866844,0.7865055387713998,0.27142857142857124,0.5,0.48,69.44159135752194
1155723,Gilberto Mora (1155723),17.8,Midfield - Attacking Midfield,Midfield,Club Tijuana,Club Tijuana,Leagues Cup,2025,940.0,1.9148936170212765,0.0,1.9148936170212765,3000000.0,2-5m,0.8509803921568627,0.8509803921568627,0.8142857142857142,0.1128982843137255,0.376,69.42797093837535
706699,Lennon Walker (706699),22.7,Midfield - Attacking Midfield,Midfield,Caledonian Braves FC,Caledonian Braves FC,Lowland League,25/26,1190.0,2.26890756302521,0.1512605042016807,2.4201680672268906,0.0,<=0.5m,0.9486837085082029,0.8993464052287582,0.1142857142857144,0.5,0.476,69.42417326691583
890522,Alessandro Bitti (890522),21.6,Midfield - Attacking Midfield,Midfield,Without Club,SS Folgore/Falciano,Camp. Sammarinese,24/25,4010.0,1.1221945137157108,0.0,1.1221945137157108,50000.0,<=0.5m,0.7099389545974819,0.7071895424836602,0.27142857142857124,0.8958333333333334,1.0,69.42037401886864
1183350,Nicola Masut (1183350),20.4,Midfield - Left Midfield,Midfield,Dolomiti Bellunesi,Dolomiti Bellunesi,Meisterrunde,24/25,6250.0,0.72,0.0576,0.7776,200000.0,<=0.5m,0.7731781762685997,0.6896551724137931,0.44285714285714306,0.5553002450980392,1.0,69.41310220839708
694901,Jamie McDonnell (694901),22.5,Midfield - Defensive Midfield,Midfield,Mansfield Town,Mansfield Town,League One,25/26,2620.0,0.6870229007633587,0.0,0.6870229007633587,200000.0,<=0.5m,0.8224789915966386,0.8224789915966386,0.14285714285714285,0.5553002450980392,1.0,69.40865721288515
1058398,Gioele Perina (1058398),20.5,Midfield - Attacking Midfield,Midfield,Milan Futuro,AC Milan Primavera,Primavera 1,24/25,2150.0,0.8372093023255813,0.041860465116279,0.8790697674418604,10000.0,<=0.5m,0.6983021747424647,0.6130718954248366,0.42857142857142855,0.9932598039215687,0.86,69.38584445160488
1005845,Cruz Allen (1005845),19.5,Midfield - Attacking Midfield,Midfield,Derby County U21,Derby County U18,U18 Premier League,24/25,10760.0,0.8364312267657993,0.0585501858736059,0.8949814126394052,,,0.7781381152231972,0.6209150326797386,0.5714285714285714,0.5,1.0,69.37223624029288
998205,Alejandro Granados (998205),20.2,Midfield - Central Midfield,Midfield,Club Brugge KV,Club NXT,Challenger Pro League,25/26,1350.0,1.3333333333333337,0.0,1.3333333333333337,700000.0,0.5-2m,0.878147029204431,0.878147029204431,0.47142857142857153,0.2643995098039216,0.54,69.3332720323779
717916,Kacper Terlecki (717916),21.1,Midfield - Defensive Midfield,Midfield,Polonia Bytom,LKS Lodz II,Betclic 2 Liga,24/25,11620.0,0.3098106712564544,0.0697074010327022,0.3795180722891566,150000.0,<=0.5m,0.8206791301030141,0.6197478991596639,0.34285714285714264,0.6395526960784313,1.0,69.25971275623947
814345,Pierpaolo Colarelli (814345),22.1,Midfield - Defensive Midfield,Midfield,Termoli Calcio 1920,Termoli Calcio 1920,Serie D - F,24/25,5560.0,0.4856115107913669,0.0323741007194244,0.5179856115107914,50000.0,<=0.5m,0.7247899159663865,0.7247899159663865,0.1999999999999998,0.8958333333333334,1.0,69.22906162464986
1210116,Abdoulaye Camara (1210116),17.9,Midfield - Defensive Midfield,Midfield,Udinese Calcio,Montpellier HSC U19,National 3 - Grp. J,24/25,1800.0,0.5,0.0,0.5,,,0.7037815126050421,0.7037815126050421,0.8000000000000002,0.5,0.72,69.22689075630252
1258095,Samuel Beldenti (1258095),18.3,Midfield - Defensive Midfield,Midfield,Without Club,Brescia Primavera,Primavera 2 - A,24/25,6400.0,0.421875,0.0140625,0.4359375,,,0.6722689075630253,0.6722689075630253,0.7428571428571428,0.5,1.0,69.22184873949581
1057318,Samuele Giallombardo (1057318),22.5,Midfield - Central Midfield,Midfield,AC Bra,AC Bra,Meisterrunde,24/25,7230.0,0.8713692946058091,0.0622406639004149,0.933609958506224,150000.0,<=0.5m,0.7995971802618328,0.7995971802618328,0.14285714285714285,0.6395526960784313,1.0,69.21528284652229
949113,Pape Demba Diop (949113),23.0,Midfield - Central Midfield,Midfield,1.FC Nuremberg,Zulte Waregem,CPL,24/25,4120.0,1.3106796116504855,0.1310679611650485,1.441747572815534,1000000.0,0.5-2m,0.9338038916444106,0.8952668680765358,0.07142857142857142,0.20634191176470584,1.0,69.21206288773442
651000,Gabriele Alesi (651000),22.6,Midfield - Attacking Midfield,Midfield,US Catanzaro,Milan Futuro,Playout Serie C,24/25,2100.0,1.7142857142857144,0.0,1.7142857142857144,125000.0,<=0.5m,0.8196078431372549,0.8196078431372549,0.12857142857142836,0.6836703431372548,0.84,69.2049982492997
957653,Rodrigo Mora (957653),19.3,Midfield - Attacking Midfield,Midfield,FC Porto,FC Porto,Liga Portugal,24/25,5880.0,1.683673469387755,0.0612244897959183,1.7448979591836735,40000000.0,10m+,0.8248366013071895,0.8248366013071895,0.5999999999999999,0.0078125,1.0,69.19957107843136
1172430,Axel Brönner (1172430),18.4,Midfield - Central Midfield,Midfield,IFK Norrköping,IFK Norrköping,Svenska Cupen,25/26,900.0,1.0,0.0,1.0,500000.0,<=0.5m,0.8222557905337362,0.8222557905337362,0.7285714285714288,0.327359068627451,0.36,69.17551724995134
671737,David van der Werff (671737),22.0,Midfield - Attacking Midfield,Midfield,FC Groningen,FC Groningen U21,Eredivisie,24/25,3710.0,1.6981132075471697,0.0,1.6981132075471697,,,0.8117647058823529,0.8117647058823529,0.21428571428571427,0.5,1.0,69.1344537815126
1170803,Filippo Cerpelletti (1170803),19.2,Midfield - Defensive Midfield,Midfield,Inter Milan Primavera,Inter Under 18,Under 18 - Finals,24/25,9330.0,0.2893890675241157,0.0578778135048231,0.3472668810289389,,,0.7747996947729874,0.5840336134453782,0.6142857142857144,0.5,1.0,69.11969932574328
1049599,Michele Scienza (1049599),20.4,Midfield - Attacking Midfield,Midfield,Empoli Primavera,Empoli Primavera,Primavera 1,24/25,5520.0,0.9782608695652174,0.0,0.9782608695652174,50000.0,<=0.5m,0.6597672644028997,0.6549019607843137,0.44285714285714306,0.8958333333333334,1.0,69.10638013694604
1105528,Loïc Alvarez Fernandez (1105528),18.6,Midfield - Attacking Midfield,Midfield,Jong Genk,OFI Crete U19,Super League U19,24/25,1060.0,0.8490566037735848,0.0849056603773584,0.9339622641509432,,,0.8608355589469668,0.6339869281045751,0.6999999999999998,0.5,0.424,69.09946365828539
987370,Thijs Kraaijeveld (987370),19.3,Midfield - Central Midfield,Midfield,Feyenoord Rotterdam,Feyenoord U21,Play-Offs Promotion Tweede Divisie,24/25,7950.0,0.6792452830188679,0.0,0.6792452830188679,,,0.7074521651560927,0.7074521651560927,0.5999999999999999,0.5,1.0,69.04712990936555
907215,George Abbott (907215),21.0,Midfield - Defensive Midfield,Midfield,Wycombe Wanderers,Notts County,League Two Play-Offs,24/25,8620.0,0.6264501160092807,0.0730858468677494,0.6995359628770301,750000.0,0.5-2m,0.8298359404807325,0.8277310924369747,0.35714285714285715,0.25382965686274506,1.0,69.01175068224542
1148787,Josh Stokes (1148787),22.3,Midfield - Attacking Midfield,Midfield,Bristol City,Cambridge United,League One,24/25,4720.0,1.5254237288135593,0.0762711864406779,1.6016949152542372,250000.0,<=0.5m,0.8388973674170164,0.7947712418300653,0.17142857142857132,0.49188112745098034,1.0,68.99226020927892
1182367,Nicolò Milia (1182367),19.5,Midfield - Central Midfield,Midfield,Juventus Primavera,AC Saluzzo,Serie D - A,24/25,1940.0,0.4639175257731959,0.0463917525773195,0.5103092783505154,75000.0,<=0.5m,0.7233880198397559,0.5931520644511581,0.5714285714285714,0.8249080882352942,0.776,68.98966054998746
1170685,Thierry Rohart-Brown (1170685),19.2,Midfield - Central Midfield,Midfield,Southampton FC U21,Southampton FC U18,U18 Premier League,25/26,3470.0,0.2593659942363112,0.0778097982708933,0.3371757925072046,,,0.844715757344525,0.4551863041289023,0.6142857142857144,0.5,1.0,68.94186889849924
927264,Giacomo Ghinelli (927264),21.4,Midfield - Central Midfield,Midfield,Fossombrone Calcio,Cesena Primavera,Primavera 1,24/25,7010.0,0.5135520684736091,0.0641940085592011,0.5777460770328102,125000.0,<=0.5m,0.7987409385730637,0.6455186304128903,0.3000000000000002,0.6836703431372548,1.0,68.92495033878157
808664,Florian Micheler (808664),21.3,Midfield - Attacking Midfield,Midfield,Arminia Bielefeld,TSG 1899 Hoffenheim,Regionalliga Südwest,24/25,4740.0,1.5189873417721518,0.0759493670886076,1.5949367088607591,500000.0,<=0.5m,0.838325066768409,0.7934640522875817,0.31428571428571417,0.327359068627451,1.0,68.92416007688207
1214452,Lorenzo Prandini (1214452),21.1,Midfield - Central Midfield,Midfield,Chievo Verona,Chievo Verona,Serie D - B,25/26,900.0,1.0,0.0,1.0,100000.0,<=0.5m,0.8222557905337362,0.8222557905337362,0.34285714285714264,0.7486213235294117,0.36,68.90176024715024
978668,Joe Knight (978668),20.9,Midfield - Central Midfield,Midfield,Brighton & Hove Albion U21,Brighton & Hove Albion U21,PL2 Playoffs,24/25,900.0,1.0,0.1,1.1,,,0.8901182754673789,0.8423967774420946,0.3714285714285716,0.5,0.36,68.90008071434363
999302,Gerardo Valenzuela (999302),21.9,Midfield - Attacking Midfield,Midfield,FC Cincinnati,FC Cincinnati,MLS,2025,1650.0,2.7272727272727275,0.0545454545454545,2.781818181818182,750000.0,0.5-2m,0.9176470588235294,0.9176470588235294,0.2285714285714288,0.25382965686274506,0.66,68.86958158263306
950906,Veis Yildiz (950906),20.5,Midfield - Central Midfield,Midfield,Hellas Verona Primavera,FC Bayern Munich U19,Regionalliga Bayern,24/25,1000.0,0.9,0.09,0.99,,,0.8719000381533766,0.8126888217522659,0.42857142857142855,0.5,0.4,68.86849838552102
1182456,Dennis Brasolin (1182456),19.6,Midfield - Central Midfield,Midfield,Sancataldese Calcio,Como Primavera,Serie D - B,24/25,900.0,1.0,0.0,1.0,,,0.8222557905337362,0.8222557905337362,0.5571428571428569,0.5,0.36,68.8496331463099
875006,Skirmantas Paukštys (875006),19.6,Midfield - Central Midfield,Midfield,Monopoli Primavera,Monopoli Primavera,Coppa Primavera,25/26,900.0,1.0,0.0,1.0,,,0.8222557905337362,0.8222557905337362,0.5571428571428569,0.5,0.36,68.8496331463099
1026127,Karl Gunnarsson (1026127),20.9,Midfield - Central Midfield,Midfield,Västerås SK,Västerås SK,Superettan,2025,4260.0,0.8450704225352113,0.0633802816901408,0.908450704225352,400000.0,<=0.5m,0.7954979015642885,0.7905337361530715,0.3714285714285716,0.3772977941176471,1.0,68.84568871531475
990836,Romeo Akachukwu (990836),20.1,Midfield - Central Midfield,Midfield,Southampton FC U21,Southampton FC U21,PL2 Playoffs,24/25,8010.0,0.6741573033707865,0.0,0.6741573033707865,150000.0,<=0.5m,0.701913393756294,0.701913393756294,0.4857142857142855,0.6395526960784313,1.0,68.83996994190424
948169,Ryunosuke Sato (948169),19.8,Midfield - Attacking Midfield,Midfield,Fagiano Okayama,Fagiano Okayama,J1 League,2025,3190.0,1.4106583072100312,0.0282131661442006,1.4388714733542318,550000.0,0.5-2m,0.7686274509803922,0.7686274509803922,0.5285714285714285,0.30438112745098034,1.0,68.8361257002801
1060383,Massimiliano Piazza (1060383),20.4,Midfield - Attacking Midfield,Midfield,Dolomiti Bellunesi,Venezia Primavera,Primavera 2 - A,24/25,4530.0,0.3973509933774834,0.0596026490066225,0.4569536423841059,25000.0,<=0.5m,0.7813811522319726,0.38823529411764707,0.44285714285714306,0.9641544117647058,1.0,68.81753630582337
837334,Joel Colwill (837334),21.8,Midfield - Attacking Midfield,Midfield,Cardiff City,Cheltenham Town,League One,24/25,5710.0,1.418563922942207,0.0472854640980735,1.4658493870402802,175000.0,<=0.5m,0.7751633986928105,0.7751633986928105,0.24285714285714274,0.5994178921568627,1.0,68.787368697479
898780,Carl Nygaard (898780),20.2,Midfield - Central Midfield,Midfield,Aarhus Fremad,Viborg FF U19,U19 Boys Division,24/25,4780.0,0.7531380753138075,0.0,0.7531380753138075,,,0.7371601208459214,0.7371601208459214,0.47142857142857153,0.5,1.0,68.77246439361244
655987,James Balagizi (655987),22.9,Midfield - Central Midfield,Midfield,Forest Green Rovers,Liverpool FC U21,PL2 Playoffs,24/25,900.0,2.0,0.1,2.1,0.0,<=0.5m,0.94662638469285,0.94662638469285,0.08571428571428592,0.5,0.36,68.76901165299958
1108475,Lucá Williams-Barnett (1108475),17.9,Midfield - Attacking Midfield,Midfield,Tottenham Hotspur U18,Tottenham Hotspur U21,Premier League 2,25/26,3390.0,0.5309734513274336,0.0530973451327433,0.5840707964601769,,,0.755723006486074,0.4627450980392157,0.8000000000000002,0.5,1.0,68.69786640333356
880626,Diego Luna (880626),22.9,Midfield - Left Midfield,Midfield,Real Salt Lake City,Real Salt Lake City,MLS,2025,4120.0,1.966019417475728,0.0436893203883495,2.0097087378640777,8000000.0,5-10m,0.9425287356321839,0.9425287356321839,0.08571428571428592,0.05346200980392157,1.0,68.67162084661452
1313604,Nicolò Turchi (1313604),18.0,Midfield - Defensive Midfield,Midfield,Reggiana Primavera,Reggiana Primavera,Play-off/out Primavera,24/25,6700.0,0.4029850746268656,0.0,0.4029850746268656,,,0.6512605042016807,0.6512605042016807,0.7857142857142857,0.5,1.0,68.64705882352943
1089809,Gonçalo Maia (1089809),20.7,Midfield - Attacking Midfield,Midfield,Gil Vicente U23,Gil Vicente U23,Liga Revelação,25/26,900.0,2.0,0.0,2.0,,,0.8607843137254902,0.8607843137254902,0.4000000000000001,0.5,0.36,68.64705882352942
1080370,Cole Deeming (1080370),19.6,Midfield - Central Midfield,Midfield,West Bromwich Albion U21,West Bromwich Albion U18,U18 Premier League,24/25,10450.0,0.6889952153110048,0.0086124401913875,0.6976076555023923,,,0.7119838872104733,0.7119838872104733,0.5571428571428569,0.5,1.0,68.6333189469141
944570,Vasilije Adžić (944570),20.3,Midfield - Attacking Midfield,Midfield,Juventus FC,Juventus FC,Serie A,24/25,1860.0,1.935483870967742,0.0967741935483871,2.032258064516129,4000000.0,2-5m,0.8822968332697444,0.8666666666666667,0.457142857142857,0.09068627450980393,0.744,68.61783988833992
796303,Leo Castledine (796303),21.0,Midfield - Attacking Midfield,Midfield,Huddersfield Town,Huddersfield Town,League One,25/26,1850.0,0.972972972972973,0.1945945945945946,1.1675675675675676,1000000.0,0.5-2m,0.9679511636779855,0.7189542483660131,0.35714285714285715,0.20634191176470584,0.74,68.60221016280734
618424,Wojciech Urbanski (618424),21.6,Midfield - Attacking Midfield,Midfield,Legia Warszawa,Legia Warszawa,Ekstraklasa,24/25,1780.0,1.5168539325842696,0.1516853932584269,1.6685393258426966,800000.0,0.5-2m,0.9488744753910721,0.8026143790849674,0.27142857142857124,0.24203431372549022,0.712,68.56608393974403
857155,Ryan Fage (857155),22.8,Midfield - Attacking Midfield,Midfield,Paris 13 Atletico,ESTAC Troyes,National 3 - Grp. G,24/25,2860.0,1.2587412587412588,0.0,1.2587412587412588,50000.0,<=0.5m,0.7398692810457517,0.7398692810457517,0.0999999999999999,0.8958333333333334,1.0,68.53382352941176
1065156,Nicolò Spinelli (1065156),19.3,Midfield - Central Midfield,Midfield,Lecce Primavera,Lecce Under 18,Under 18,24/25,5360.0,0.6716417910447761,0.0,0.6716417910447761,,,0.6983887210473313,0.6983887210473313,0.5999999999999999,0.5,1.0,68.50332326283987
1055345,Kieran Morrison (1055345),19.8,Midfield - Attacking Midfield,Midfield,Liverpool FC U21,Liverpool FC U21,Premier League 2,24/25,7190.0,0.7510431154381085,0.062586926286509,0.8136300417246176,,,0.7928271652041206,0.5869281045751634,0.5285714285714285,0.5,1.0,68.49699343555304
581675,Harvey Vale (581675),22.9,Midfield - Attacking Midfield,Midfield,Queens Park Rangers,Chelsea FC U21,Conference League,24/25,4350.0,1.6551724137931034,0.1655172413793103,1.8206896551724137,1500000.0,0.5-2m,0.95593285005723,0.8366013071895425,0.08571428571428592,0.17080269607843135,1.0,68.4933433768713
987364,Jim Koller (987364),19.4,Midfield - Attacking Midfield,Midfield,PSV Eindhoven U21,Vitesse Arnhem,Keuken Kampioen Divisie,24/25,6460.0,1.1145510835913313,0.0278637770897832,1.1424148606811146,300000.0,<=0.5m,0.7150326797385621,0.7150326797385621,0.585714285714286,0.4431678921568627,1.0,68.47773984593837
1146632,Jakub Michlik (1146632),20.2,Midfield,Midfield,Slavia TU Kosice,Slavia TU Kosice,II. Liga,25/26,2680.0,0.6716417910447761,0.0335820895522388,0.7052238805970149,25000.0,<=0.5m,0.6444105303319344,0.5873015873015873,0.47142857142857153,0.9641544117647058,1.0,68.44925398081145
855159,Sacha Ziani (855159),23.0,Midfield - Defensive Midfield,Midfield,FC Nantes B,FC Nantes B,National 3 - Grp. B,24/25,3750.0,0.72,0.0,0.72,,,0.8382352941176471,0.8382352941176471,0.07142857142857142,0.5,1.0,68.43697478991596
668207,Petar Sučić (668207),22.8,Midfield - Defensive Midfield,Midfield,Inter Milan,GNK Dinamo Zagreb,SuperSport HNL,24/25,5090.0,1.237721021611002,0.0707269155206286,1.3084479371316309,14000000.0,10m+,0.9390756302521008,0.9390756302521008,0.0999999999999999,0.034773284313725505,1.0,68.43136379551821
815546,Francesco Gioielli (815546),22.5,Midfield - Defensive Midfield,Midfield,Atletico Calcio Afragolese,Atletico Calcio Afragolese,Serie D - H,25/26,1310.0,0.6870229007633587,0.0,0.6870229007633587,75000.0,<=0.5m,0.8224789915966386,0.8224789915966386,0.14285714285714285,0.8249080882352942,0.524,68.42316701680672
806305,Noa Dundas (806305),22.3,Midfield - Central Midfield,Midfield,FC Utrecht U21,FC Utrecht U21,Keuken Kampioen Divisie,25/26,1180.0,1.5254237288135593,0.0762711864406779,1.6016949152542372,300000.0,<=0.5m,0.9123867069486404,0.9123867069486404,0.17142857142857132,0.4431678921568627,0.472,68.41041004997165
786827,Marius Wörl (786827),22.4,Midfield - Central Midfield,Midfield,Arminia Bielefeld,Arminia Bielefeld,Westfalenpokal,24/25,6200.0,1.3064516129032258,0.1016129032258064,1.4080645161290322,1700000.0,0.5-2m,0.8956505150705838,0.8912386706948641,0.15714285714285733,0.15808823529411764,1.0,68.36949133637256
807388,Nikolaj Andreassen (807388),21.2,Midfield - Right Midfield,Midfield,Without Club,Randers FC U19,U19 Boys League,24/25,5660.0,0.7950530035335689,0.0,0.7950530035335689,,,0.7684210526315789,0.7684210526315789,0.3285714285714287,0.5,1.0,68.36240601503759
695229,Bertram Kvist (695229),21.4,Midfield - Attacking Midfield,Midfield,Naestved Boldklub,Esbjerg fB,NordicBet LIGA,24/25,910.0,0.989010989010989,0.1978021978021978,1.1868131868131868,0.0,<=0.5m,0.9698588325066768,0.7254901960784313,0.3000000000000002,0.5,0.364,68.25541994897921
1048145,Andrea Bonanomi (1048145),20.5,Midfield - Attacking Midfield,Midfield,Atalanta U23,Atalanta Primavera,Primavera 1,24/25,6440.0,0.5590062111801242,0.1257763975155279,0.6847826086956521,500000.0,<=0.5m,0.9276993513925983,0.5254901960784314,0.42857142857142855,0.327359068627451,1.0,68.2535294845714
1220899,Luis Morales (1220899),21.5,Midfield - Attacking Midfield,Midfield,Atlético Sanluqueño CF,Cádiz CF,Segunda Federación - Gr. IV,24/25,3510.0,1.0256410256410258,0.0,1.0256410256410258,50000.0,<=0.5m,0.6890499809233117,0.6797385620915033,0.2857142857142857,0.8958333333333334,1.0,68.25124287919417
918251,Yoann Cissé (918251),21.7,Midfield - Left Midfield,Midfield,Zébra Élites,Zébra Élites,1ste Nationale ACFF,25/26,1350.0,1.3333333333333337,0.0666666666666666,1.4,,,0.8620689655172413,0.8620689655172413,0.25714285714285723,0.5,0.54,68.2384236453202
967340,Owen Hampson (967340),21.8,Midfield - Central Midfield,Midfield,Boston United,Dunfermline Athletic FC,Championship,24/25,3510.0,0.2564102564102564,0.0769230769230769,0.3333333333333333,50000.0,<=0.5m,0.8410911865700115,0.4471299093655589,0.24285714285714274,0.8958333333333334,1.0,68.22570404808367
1310557,Umberto Legrottaglie (1310557),18.6,Midfield - Left Midfield,Midfield,Bari Primavera,Bari Primavera,Primavera 2 - B,24/25,4980.0,0.7228915662650601,0.0,0.7228915662650601,,,0.6666666666666666,0.6666666666666666,0.6999999999999998,0.5,1.0,68.19999999999999
1047259,Giulio Marroni (1047259),20.8,Midfield - Defensive Midfield,Midfield,Olbia Calcio 1905,Olbia Calcio 1905,Serie D - G,24/25,4410.0,0.4081632653061224,0.0,0.4081632653061224,50000.0,<=0.5m,0.657563025210084,0.657563025210084,0.3857142857142856,0.8958333333333334,1.0,68.16687675070028
930416,Aleksander Wolczek (930416),21.2,Midfield - Defensive Midfield,Midfield,Slask Wroclaw II,Slask Wroclaw II,Betclic 2 Liga,25/26,3010.0,0.5980066445182725,0.0,0.5980066445182725,0.0,<=0.5m,0.7647058823529411,0.7647058823529411,0.3285714285714287,0.5,1.0,68.13949579831932
883349,Kevin Zeroli (883349),21.6,Midfield - Central Midfield,Midfield,AC Monza,AC Milan,Serie A,24/25,2790.0,1.2903225806451613,0.032258064516129,1.3225806451612905,4000000.0,2-5m,0.8751258811681772,0.8751258811681772,0.27142857142857124,0.09068627450980393,1.0,68.12001785608503
970633,Unai Hernández (970633),21.7,Midfield - Central Midfield,Midfield,Al-Shabab FC,Al-Ittihad Club,King's Cup,24/25,7950.0,1.1320754716981132,0.0679245283018867,1.2,1500000.0,0.5-2m,0.8595166163141994,0.8595166163141994,0.25714285714285723,0.17080269607843135,1.0,68.07652043823572
883152,Finley Barbrook (883152),21.7,Midfield - Defensive Midfield,Midfield,Lincoln City,Ipswich Town,EFL Trophy,25/26,900.0,1.0,0.0,1.0,,,0.8886554621848739,0.8886554621848739,0.25714285714285723,0.5,0.36,68.03361344537815
679754,Niklas Pyyhtiä (679754),22.9,Midfield - Central Midfield,Midfield,Modena FC,FC Südtirol,Serie B,24/25,2480.0,1.4516129032258065,0.1088709677419354,1.560483870967742,1700000.0,0.5-2m,0.9083585095669687,0.9083585095669687,0.08571428571428592,0.15808823529411764,0.992,68.00617443956436
1310384,Francis Gomez (1310384),20.5,Midfield - Defensive Midfield,Midfield,Everton FC U21,Everton FC U21,PL2 Playoffs,24/25,5210.0,0.5182341650671786,0.0172744721689059,0.5355086372360846,,,0.7352941176470589,0.7352941176470589,0.42857142857142855,0.5,1.0,67.97478991596638
811792,Sedat Kurnaz (811792),22.4,Midfield - Central Midfield,Midfield,Balikesirspor,Balikesirspor,3.Lig Playoff,24/25,4050.0,0.8888888888888888,0.0666666666666666,0.9555555555555556,0.0,<=0.5m,0.8088515833651279,0.8056394763343404,0.15714285714285733,0.5,1.0,67.97471436151606
1255890,Léo Latour (1255890),19.3,Midfield - Attacking Midfield,Midfield,Angers SCO U19,Angers SCO U19,National U19 - Grp. C,25/26,1240.0,1.4516129032258065,0.0,1.4516129032258065,,,0.7727966425028615,0.7725490196078432,0.5999999999999999,0.5,0.496,67.92235084648127
867814,João Pedro (867814),22.6,Midfield - Defensive Midfield,Midfield,Without Club,Zabbar St. Patrick FC,Premier League Closing Round,24/25,3760.0,0.2393617021276595,0.1196808510638297,0.3590425531914893,200000.0,<=0.5m,0.9196871423120946,0.5966386554621849,0.12857142857142836,0.5553002450980392,1.0,67.90550811654306
1008440,CJ Olney Jr. (1008440),19.7,Midfield - Left Midfield,Midfield,Lexington SC,Lexington SC,USLC,2025,4830.0,0.3726708074534162,0.0559006211180124,0.4285714285714286,150000.0,<=0.5m,0.7662151850438764,0.5057471264367817,0.5428571428571429,0.6395526960784313,1.0,67.88206584408883
1077811,Will Flint (1077811),20.7,Midfield - Central Midfield,Midfield,Gateshead FC,Gateshead FC,National League,25/26,2070.0,0.8695652173913043,0.0,0.8695652173913043,,,0.7693856998992951,0.7693856998992951,0.4000000000000001,0.5,0.828,67.84314199395772
802513,Kasper Davidsen (802513),21.6,Midfield - Defensive Midfield,Midfield,Holstein Kiel,Aalborg BK,Superliga Relegation round,24/25,900.0,1.0,0.2,1.2,1300000.0,0.5-2m,0.9710988172453262,0.9243697478991597,0.27142857142857124,0.18566176470588236,0.36,67.7800113578434
1047092,Gabriel Sadlek (1047092),20.2,Midfield - Defensive Midfield,Midfield,MSV Duisburg,MSV Duisburg,Niederrheinpokal,25/26,1460.0,0.6164383561643836,0.0,0.6164383561643836,,,0.7899159663865546,0.7899159663865546,0.47142857142857153,0.5,0.584,67.77781512605041
954105,Jamaldeen Jimoh-Aloba (954105),19.9,Midfield - Attacking Midfield,Midfield,Aston Villa U21,Aston Villa U18,U18 PL - Final Stage,24/25,8940.0,1.0067114093959733,0.0503355704697986,1.057046979865772,300000.0,<=0.5m,0.743609309423884,0.6849673202614379,0.5142857142857145,0.4431678921568627,1.0,67.75935672262673
1078155,Louis Page (1078155),18.1,Midfield - Attacking Midfield,Midfield,Leicester City,Leicester City U21,U18 Premier League,24/25,6990.0,0.5150214592274678,0.0515021459227467,0.5665236051502146,,,0.7496184662342618,0.45098039215686275,0.7714285714285712,0.5,1.0,67.74992748721006
688652,Lorenzo Ferro (688652),23.0,Midfield - Defensive Midfield,Midfield,US Recanatese,Potenza Calcio,Playoff Serie C,24/25,1280.0,0.703125,0.0,0.703125,75000.0,<=0.5m,0.8319327731092437,0.8319327731092437,0.07142857142857142,0.8249080882352942,0.512,67.72753676470589
1290268,Oleksandr Pshenychnyuk (1290268),20.3,Midfield - Attacking Midfield,Midfield,Chornomorets Odesa,Chornomorets Odesa,Premier Liga,24/25,5180.0,1.0424710424710424,0.0173745173745173,1.0598455598455598,150000.0,<=0.5m,0.6921022510492179,0.6888888888888889,0.457142857142857,0.6395526960784313,1.0,67.72346455480958
649343,Dmitriy Vasiljev (649343),22.2,Midfield - Defensive Midfield,Midfield,FC Sochi,Zenit St. Petersburg,Premier Liga,24/25,1940.0,0.9278350515463918,0.0,0.9278350515463918,600000.0,0.5-2m,0.8823529411764706,0.8823529411764706,0.1857142857142858,0.2890625,0.776,67.71948004201681
1262309,Hugo Pinilla (1262309),20.3,Midfield - Attacking Midfield,Midfield,RZ Deportivo Aragón,Real Zaragoza,LaLiga2,24/25,4000.0,1.125,0.0,1.125,200000.0,<=0.5m,0.7108927890118275,0.7098039215686275,0.457142857142857,0.5553002450980392,1.0,67.7181014026175
984375,Miha Trdan (984375),21.4,Midfield - Central Midfield,Midfield,Krasava ENY,Empoli Primavera,Play-off/out Primavera,24/25,4530.0,0.5960264900662252,0.0198675496688741,0.6158940397350994,50000.0,<=0.5m,0.6727089627391742,0.6727089627391742,0.3000000000000002,0.8958333333333334,1.0,67.70420443101713
829820,Yann Sturm (829820),21.4,Midfield - Left Midfield,Midfield,FC Ingolstadt 04,FC Ingolstadt 04,Bayernpokal,25/26,950.0,1.894736842105263,0.0,1.894736842105263,500000.0,<=0.5m,0.9080459770114943,0.9080459770114943,0.3000000000000002,0.327359068627451,0.38,67.66578558147398
1108637,Akwasi Owusu (1108637),20.6,Midfield - Attacking Midfield,Midfield,Vendsyssel FF,FC Midtjylland U19,U19 Boys League,24/25,1920.0,0.46875,0.140625,0.609375,,,0.9413391835177414,0.48104575163398694,0.4142857142857141,0.5,0.768,67.6624669381933
856594,Pity (856594),22.3,Midfield - Central Midfield,Midfield,Anorthosis Famagusta,CA Lanús,Copa Sudamericana,2025,1820.0,0.989010989010989,0.0,0.989010989010989,150000.0,<=0.5m,0.8111782477341389,0.8111782477341389,0.17142857142857132,0.6395526960784313,0.728,67.64728975200352
1097465,Boldizsár Rab (1097465),20.9,Midfield - Defensive Midfield,Midfield,Vasas FC,Szentlőrinc SE,NB II.,24/25,7490.0,0.4806408544726301,0.0120160213618157,0.4926568758344459,100000.0,<=0.5m,0.6869747899159664,0.6869747899159664,0.3714285714285716,0.7486213235294117,1.0,67.6420430672269
1018837,Jaydon Jones (1018837),19.8,Midfield - Central Midfield,Midfield,Sunderland AFC U21,Sunderland AFC U21,U18 Premier League,24/25,7070.0,0.6364922206506365,0.0381895332390381,0.6746817538896747,,,0.702920443101712,0.702920443101712,0.5285714285714285,0.5,1.0,67.63236944324557
866607,Niko Kovač (866607),21.4,Midfield - Central Midfield,Midfield,Lecce Primavera,Lecce Primavera,Primavera 1,24/25,5840.0,0.7705479452054794,0.0616438356164383,0.8321917808219178,300000.0,<=0.5m,0.7882487600152613,0.756294058408862,0.3000000000000002,0.4431678921568627,1.0,67.59627265577097
1053773,Valerio Gelli (1053773),20.6,Midfield - Attacking Midfield,Midfield,Lazio U20,Lazio U20,Primavera 1,24/25,2210.0,0.8144796380090499,0.0407239819004524,0.8552036199095023,50000.0,<=0.5m,0.6917207172834796,0.6026143790849673,0.4142857142857141,0.8958333333333334,0.884,67.5531416918796
1064928,Jack Shorrock (1064928),19.3,Midfield - Left Midfield,Midfield,Port Vale FC,Port Vale FC,League Two,24/25,4340.0,0.4147465437788018,0.0414746543778801,0.456221198156682,125000.0,<=0.5m,0.6961083555894697,0.5402298850574713,0.5999999999999999,0.6836703431372548,1.0,67.50855978758578
1183832,Osmane Camara (1183832),19.7,Midfield - Right Midfield,Midfield,SS Cittadella Vis Modena,Reggiana Primavera,Play-off/out Primavera,24/25,9470.0,0.1900739176346357,0.0570221752903907,0.2470960929250264,25000.0,<=0.5m,0.7706982067913011,0.2736842105263158,0.5428571428571429,0.9641544117647058,1.0,67.49146054006856
1268412,Dawid Polak (1268412),18.1,Midfield - Defensive Midfield,Midfield,Cracovia,Cracovia U19,Youth League POL,24/25,5910.0,0.3045685279187817,0.0,0.3045685279187817,25000.0,<=0.5m,0.5273109243697479,0.5273109243697479,0.7714285714285712,0.9641544117647058,1.0,67.47967436974788
1167022,Axel Kouame (1167022),22.8,Midfield - Attacking Midfield,Midfield,AIK,FC Inter Turku,Veikkausliiga,2025,6400.0,0.984375,0.196875,1.18125,900000.0,0.5-2m,0.9692865318580695,0.722875816993464,0.0999999999999999,0.2244178921568627,1.0,67.47800667465891
926653,Thomas Lutte (926653),22.1,Midfield - Defensive Midfield,Midfield,Zébra Élites,Zébra Élites,1ste NAT ACFF REL PO,24/25,2930.0,0.6143344709897611,0.0,0.6143344709897611,,,0.7878151260504201,0.7878151260504201,0.1999999999999998,0.5,1.0,67.4689075630252
854633,Daniel Kelly (854633),20.9,Midfield - Central Midfield,Midfield,Millwall FC,Millwall FC,Championship,24/25,1580.0,1.139240506329114,0.0569620253164556,1.1962025316455698,700000.0,0.5-2m,0.8580060422960725,0.8580060422960725,0.3714285714285716,0.2643995098039216,0.632,67.44481281787641
997473,Hiago (997473),22.5,Midfield - Defensive Midfield,Midfield,CD Santa Clara U23,Grêmio FBPA U20,Copinha,2025,2840.0,0.6338028169014085,0.0,0.6338028169014085,,,0.8025210084033614,0.8025210084033614,0.14285714285714285,0.5,1.0,67.43697478991598
1004619,Dehmaine Tabibou (1004619),21.3,Midfield - Central Midfield,Midfield,FC Nantes,FC Nantes,Ligue 1,24/25,2220.0,0.8108108108108109,0.0405405405405405,0.8513513513513514,200000.0,<=0.5m,0.7618328298086606,0.7618328298086606,0.31428571428571417,0.5553002450980392,0.888,67.39274464846362
954792,Jesper Gregersen (954792),22.0,Midfield - Central Midfield,Midfield,Bryne FK,Sarpsborg 08 FF,Eliteserien,2025,1470.0,0.6122448979591837,0.1224489795918367,0.7346938775510204,250000.0,<=0.5m,0.9233117130866082,0.7306143001007049,0.21428571428571427,0.49188112745098034,0.588,67.35426691239176
920272,Ludwig Malachowski Thorell (920272),21.5,Midfield - Central Midfield,Midfield,Mjällby AIF,Mjällby AIF,Allsvenskan,2025,3030.0,0.8910891089108911,0.0297029702970297,0.9207920792079208,400000.0,<=0.5m,0.7915407854984894,0.7915407854984894,0.2857142857142857,0.3772977941176471,1.0,67.34604481898499
820261,Pascal Klemens (820261),21.5,Midfield - Defensive Midfield,Midfield,Hertha BSC,Hertha BSC,2. Bundesliga,24/25,1800.0,0.5,0.15,0.65,2500000.0,2-5m,0.9472529568866844,0.8088235294117647,0.2857142857142857,0.12745098039215685,0.72,67.34547230567159
967034,Etienne Michut (967034),19.7,Midfield - Attacking Midfield,Midfield,Rio Ave FC U23,Rio Ave FC U23,Revelação U23 - Qualif. round,24/25,1210.0,1.487603305785124,0.0,1.487603305785124,,,0.7794734834032812,0.7790849673202614,0.5428571428571429,0.5,0.484,67.28557593608473
1113413,Gabriel Lopes (1113413),20.1,Midfield - Attacking Midfield,Midfield,RB Bragantino U20,RB Bragantino U20,CBF Brasileiro U20,2025,3210.0,1.1214953271028036,0.0,1.1214953271028036,,,0.709462037390309,0.7058823529411765,0.4857142857142855,0.5,1.0,67.2603977569662
1037996,Tommy McDermott (1037996),21.2,Midfield - Attacking Midfield,Midfield,Shrewsbury Town,Shrewsbury Town,League Two,25/26,1800.0,0.5,0.1,0.6,100000.0,<=0.5m,0.8901182754673789,0.4738562091503268,0.3285714285714287,0.7486213235294117,0.72,67.18717245562222
961833,Jaden Heskey (961833),20.7,Midfield - Attacking Midfield,Midfield,Manchester City U21,Manchester City U21,PL2 Playoffs,24/25,5540.0,0.4873646209386281,0.0974729241877256,0.5848375451263538,,,0.8833460511255246,0.46405228758169936,0.4000000000000001,0.5,1.0,67.17630026956732
692025,Armend Qenaj (692025),23.0,Midfield - Left Midfield,Midfield,FC 08 Homburg,SGV Freiberg,Regionalliga Südwest,24/25,4770.0,0.9433962264150944,0.0377358490566037,0.981132075471698,100000.0,<=0.5m,0.7586206896551724,0.7586206896551724,0.07142857142857142,0.7486213235294117,1.0,67.14079705157926
1278607,Ben Zidane (1278607),20.9,Midfield - Central Midfield,Midfield,FC Drita,SC Bastia B,National 3 - Grp. D,24/25,3840.0,0.703125,0.046875,0.75,,,0.7361530715005036,0.7361530715005036,0.3714285714285716,0.5,1.0,67.11204143288737
1388776,Kevin Meola (1388776),19.6,Midfield - Attacking Midfield,Midfield,Ancona Calcio,Roma City FC,Serie D play-out,24/25,1250.0,1.44,0.0,1.44,,,0.7699346405228759,0.7699346405228759,0.5571428571428569,0.5,0.5,67.11036414565828
818955,Matteo Bassi (818955),22.6,Midfield - Central Midfield,Midfield,Virtusvecomp Verona,Virtusvecomp Verona,Serie C - A,25/26,1800.0,0.5,0.1,0.6,125000.0,<=0.5m,0.8901182754673789,0.6570996978851964,0.12857142857142836,0.6836703431372548,0.72,67.10921548229913
858680,Emil Özkan (858680),23.0,Midfield - Central Midfield,Midfield,Enköpings SK,Enköpings SK,Ettan Norra,2025,4600.0,0.782608695652174,0.0782608695652174,0.8608695652173913,0.0,<=0.5m,0.845383441434567,0.7653575025176234,0.07142857142857142,0.5,1.0,67.10529297275839
1314528,Ilan Daf (1314528),19.2,Midfield,Midfield,Amiens SC U19,Amiens SC U19,National U19 - Grp. A,25/26,900.0,1.0,0.0,1.0,,,0.7777777777777778,0.7777777777777778,0.6142857142857144,0.5,0.36,67.0952380952381
1101843,Said Godínez (1101843),21.8,Midfield - Defensive Midfield,Midfield,Mazatlán FC,Mazatlán FC,Liga MX Clausura,24/25,4500.0,0.6000000000000001,0.0,0.6000000000000001,,,0.7699579831932774,0.7699579831932774,0.24285714285714274,0.5,1.0,67.08319327731093
1190028,Piergiorgio Bonanno (1190028),19.1,Midfield - Central Midfield,Midfield,Fiorentina Primavera,Fiorentina Under 18,Under 18,24/25,6230.0,0.5778491171749599,0.0288924558587479,0.6067415730337079,,,0.6666666666666666,0.6666666666666666,0.6285714285714283,0.5,1.0,67.05714285714285
948294,Nico Paz (948294),21.9,Midfield - Attacking Midfield,Midfield,Como 1907,Como 1907,Serie A,24/25,4490.0,1.2026726057906458,0.1804008908685968,1.3830734966592426,35000000.0,10m+,0.9624189240747806,0.7581699346405228,0.2285714285714288,0.009957107843137303,1.0,67.04820004387993
704246,Denis Manu (704246),22.9,Midfield - Central Midfield,Midfield,Unipomezia Virtus,Union Clodiense Chioggia,Serie D - H,24/25,4800.0,0.5625,0.05625,0.61875,75000.0,<=0.5m,0.767836703548264,0.6787512588116817,0.08571428571428592,0.8249080882352942,1.0,67.03046423541372
1105541,Nathan De Cat (1105541),18.1,Midfield - Central Midfield,Midfield,RSC Anderlecht,RSC Anderlecht,JPL Champions PO,24/25,6830.0,0.527086383601757,0.0527086383601757,0.5797950219619327,2500000.0,2-5m,0.7544830217474247,0.6465256797583081,0.7714285714285712,0.12745098039215685,1.0,67.02109064943225
929133,Rio Robbemond (929133),21.6,Midfield - Central Midfield,Midfield,AZ Alkmaar U21,AZ Alkmaar U21,Keuken Kampioen Divisie,24/25,3420.0,0.7894736842105263,0.0263157894736842,0.8157894736842105,200000.0,<=0.5m,0.7482376636455186,0.7482376636455186,0.27142857142857124,0.5553002450980392,1.0,67.01132039296081
1058363,Christian Comotto (1058363),18.3,Midfield - Central Midfield,Midfield,Spezia Calcio,AC Milan Primavera,Primavera 1,24/25,5840.0,0.6164383561643836,0.0462328767123287,0.6626712328767124,1500000.0,0.5-2m,0.7223388019839756,0.6908358509566969,0.7428571428571428,0.17080269607843135,1.0,66.92421522725073
1220226,Mohamed Bawa (1220226),22.1,Midfield,Midfield,FC Trollhättan,FC Trollhättan,Ettan Södra,2025,1800.0,1.0,0.05,1.05,0.0,<=0.5m,0.8253968253968254,0.8253968253968254,0.1999999999999998,0.5,0.72,66.92380952380951
1175933,Demir Mermerci (1175933),19.9,Midfield - Defensive Midfield,Midfield,Istanbulspor,Istanbulspor,Türkiye Kupasi,24/25,1510.0,0.5960264900662252,0.0,0.5960264900662252,,,0.7605042016806722,0.7605042016806722,0.5142857142857145,0.5,0.604,66.89882352941177
1088870,Giovanny Sequera (1088870),20.5,Midfield - Central Midfield,Midfield,Philadelphia Union II,Philadelphia Union II,MLS Next Pro,2025,3900.0,0.6923076923076923,0.023076923076923,0.7153846153846154,0.0,<=0.5m,0.7170191339375629,0.7170191339375629,0.42857142857142855,0.5,1.0,66.87829089339662
969561,Kian Taylor (969561),21.5,Midfield - Central Midfield,Midfield,Greenock Morton FC,Altrincham FC,National League,24/25,4040.0,0.6683168316831682,0.0,0.6683168316831682,100000.0,<=0.5m,0.6968781470292045,0.6968781470292045,0.2857142857142857,0.7486213235294117,1.0,66.8648159225926
928735,Ben Stanway (928735),21.9,Midfield - Defensive Midfield,Midfield,Partick Thistle FC,Partick Thistle FC,Premiership Play-offs,24/25,3360.0,0.5357142857142857,0.0,0.5357142857142857,150000.0,<=0.5m,0.7373949579831933,0.7373949579831933,0.2285714285714288,0.6395526960784313,1.0,66.85457808123249
1048036,Yusuf Yardımcı (1048036),21.5,Midfield - Defensive Midfield,Midfield,Karaman FK,Karaman FK,2.Lig Kirmizi,24/25,1810.0,0.4972375690607734,0.0,0.4972375690607734,25000.0,<=0.5m,0.6922268907563025,0.6922268907563025,0.2857142857142857,0.9641544117647058,0.724,66.8432037815126
746891,Cristian Volpato (746891),22.8,Midfield - Attacking Midfield,Midfield,US Sassuolo,US Sassuolo,Serie B,24/25,1760.0,2.0454545454545454,0.3068181818181818,2.352272727272727,6500000.0,5-10m,0.9919877909194964,0.8915032679738563,0.0999999999999999,0.06280637254901966,0.704,66.82789716605197
1177356,Bala Keita (1177356),19.6,Midfield - Central Midfield,Midfield,Fiorentina Primavera,Fiorentina Primavera,Primavera Fase Finale,24/25,5780.0,0.4671280276816609,0.046712802768166,0.513840830449827,225000.0,<=0.5m,0.7245326211369706,0.5971802618328298,0.5571428571428569,0.5170036764705883,1.0,66.82254254840109
740728,Marcel Misztal (740728),22.8,Midfield - Attacking Midfield,Midfield,Polonia Sroda Wielkopolska,MKS Kluczbork,Baraże II liga,24/25,2590.0,1.38996138996139,0.0694980694980695,1.4594594594594597,0.0,<=0.5m,0.8202975963372758,0.7738562091503268,0.0999999999999999,0.5,1.0,66.79614526212366
1170680,Tyler Sackey (1170680),19.8,Midfield - Central Midfield,Midfield,Reading FC,Reading FC,U18 Premier League,24/25,8770.0,0.6157354618015963,0.0307867730900798,0.6465222348916762,,,0.6878147029204431,0.6878147029204431,0.5285714285714285,0.5,1.0,66.72602503236944
555056,Iwo Kaczmarski (555056),22.3,Midfield - Defensive Midfield,Midfield,Inter U23,Miedz Legnica,Betclic 1 Liga,24/25,5670.0,0.6349206349206349,0.0158730158730158,0.6507936507936508,400000.0,<=0.5m,0.8109243697478992,0.8109243697478992,0.17142857142857132,0.3772977941176471,1.0,66.68048844537815
1163076,Bogdan Olychenko (1163076),19.6,Midfield - Central Midfield,Midfield,FC Bayern Munich U19,FC Bayern Munich U19,U19 Nachwuchsliga - Gr. E,25/26,2920.0,0.3082191780821918,0.0616438356164383,0.3698630136986301,,,0.7882487600152613,0.4904330312185297,0.5571428571428569,0.5,1.0,66.65726528167329
1057839,Lapo Deli (1057839),20.3,Midfield - Defensive Midfield,Midfield,Fiorentina Primavera,Fiorentina Primavera,Primavera 1,25/26,2300.0,0.391304347826087,0.0391304347826087,0.4304347826086956,125000.0,<=0.5m,0.6807516215185044,0.6680672268907563,0.457142857142857,0.6836703431372548,0.92,66.65171112750708
657957,Jakob Breum (657957),22.8,Midfield - Attacking Midfield,Midfield,Go Ahead Eagles,Go Ahead Eagles,Eredivisie,24/25,4790.0,2.066805845511482,0.1127348643006263,2.1795407098121085,5000000.0,2-5m,0.9120564669973292,0.8784313725490196,0.0999999999999999,0.07521446078431371,1.0,66.63663839295734
732109,Ben Lloyd (732109),21.4,Midfield - Attacking Midfield,Midfield,Newport County,Swansea City,Championship,24/25,2250.0,0.8,0.08,0.88,,,0.8498664631819917,0.6143790849673203,0.3000000000000002,0.5,0.9,66.61126547019673
1179260,Mohamed Cherif Haidara (1179260),20.9,Midfield - Defensive Midfield,Midfield,Sönderjyske Fodbold,Sönderjyske Fodbold,Superliga Relegation round,24/25,3430.0,0.5247813411078717,0.0,0.5247813411078717,250000.0,<=0.5m,0.7289915966386554,0.7289915966386554,0.3714285714285716,0.49188112745098034,1.0,66.5686887254902
866246,Lucas Bergvall (866246),20.5,Midfield - Central Midfield,Midfield,Tottenham Hotspur,Tottenham Hotspur,Premier League,24/25,1960.0,0.4591836734693877,0.1836734693877551,0.6428571428571428,38000000.0,10m+,0.9642312094620374,0.6858006042296072,0.42857142857142855,0.008578431372548989,0.784,66.54564014896734
964595,Fola Onanuga (964595),20.0,Midfield - Central Midfield,Midfield,Liverpool FC U21,Liverpool FC U18,U18 Premier League,24/25,4380.0,0.6164383561643836,0.0410958904109589,0.6575342465753424,,,0.6937237695536055,0.6888217522658611,0.5,0.5,1.0,66.51558179288595
1194135,Ata Gür (1194135),18.6,Midfield - Defensive Midfield,Midfield,Fenerbahce U19,Fenerbahce U19,U19 Süper Lig,25/26,2120.0,0.4245283018867924,0.0,0.4245283018867924,,,0.6638655462184874,0.6638655462184874,0.6999999999999998,0.5,0.848,66.51193277310925
1173279,Mehmet Ali Kablan (1173279),20.0,Midfield - Central Midfield,Midfield,Silivrispor,Samsunspor U19,U19 Süper Lig,24/25,5700.0,0.631578947368421,0.031578947368421,0.6631578947368421,,,0.6918429003021148,0.6918429003021148,0.5,0.5,1.0,66.51057401812689
1119937,Antonin Melis (1119937),21.3,Midfield - Central Midfield,Midfield,FC Metz B,FC Metz B,National 3 - Grp. H,24/25,3600.0,0.75,0.025,0.775,,,0.7411883182275931,0.7411883182275931,0.31428571428571417,0.5,1.0,66.49987052222703
631442,Jakub Antczak (631442),22.3,Midfield - Attacking Midfield,Midfield,Lech Poznan II,Lech Poznan II,Betclic 3 Liga - Group II,25/26,1740.0,1.0344827586206895,0.1034482758620689,1.137931034482759,250000.0,<=0.5m,0.8988935520793591,0.7124183006535948,0.17142857142857132,0.49188112745098034,0.696,66.42035052056559
1141076,Björn Veldhuis (1141076),19.5,Midfield,Midfield,FC Groningen U21,FC Groningen U21,U21 Div. 1 Spring,24/25,900.0,1.0,0.0,1.0,,,0.7777777777777778,0.7777777777777778,0.5714285714285714,0.5,0.36,66.4095238095238
1092033,Romain Grand (1092033),22.4,Midfield - Defensive Midfield,Midfield,Olympique de Valence,FC Espaly Saint-Marcel,National 3 - Grp. I,24/25,2950.0,0.6101694915254237,0.0,0.6101694915254237,,,0.7815126050420168,0.7815126050420168,0.15714285714285733,0.5,1.0,66.40504201680673
1052013,Anıl Emre Yılmaz (1052013),22.2,Midfield - Central Midfield,Midfield,Güzide Gebze Spor Kulübü,Güzide Gebze Spor Kulübü,2.Lig Kirmizi,25/26,900.0,1.0,0.0,1.0,100000.0,<=0.5m,0.8222557905337362,0.8222557905337362,0.1857142857142858,0.7486213235294117,0.36,66.38747453286452
961085,Óscar Marcos (961085),20.5,Midfield - Attacking Midfield,Midfield,RC Celta Fortuna,RC Celta Fortuna,Primera Federación - Gr. I,24/25,4490.0,1.0022271714922049,0.0601336302895322,1.0623608017817372,500000.0,<=0.5m,0.7830980541777948,0.6901960784313725,0.42857142857142855,0.327359068627451,1.0,66.38220960217357
866651,Henry Cartwright (866651),21.7,Midfield - Central Midfield,Midfield,Falkirk FC,Leicester City U21,PL2 Playoffs,24/25,6830.0,0.7906295754026355,0.0395314787701317,0.8301610541727672,,,0.7542799597180262,0.7542799597180262,0.25714285714285723,0.5,1.0,66.37108329736728
1178476,Antoine Sekongo (1178476),22.2,Midfield - Attacking Midfield,Midfield,USL Dunkerque,USL Dunkerque,Ligue 2,25/26,1630.0,1.1042944785276074,0.1104294478527607,1.2147239263803682,300000.0,<=0.5m,0.908813429988554,0.7320261437908496,0.1857142857142858,0.4431678921568627,0.652,66.33526456458839
1135629,Christian De Gennaro (1135629),21.5,Midfield - Central Midfield,Midfield,Monopoli Primavera,Monopoli Primavera,Play-off/out Primavera,24/25,6070.0,0.5930807248764415,0.0,0.5930807248764415,50000.0,<=0.5m,0.6525679758308157,0.6525679758308157,0.2857142857142857,0.8958333333333334,1.0,66.26717378794419
741271,Justin Ferizaj (741271),21.6,Midfield - Central Midfield,Midfield,Bray Wanderers,Bray Wanderers,First Division,2025,3940.0,0.2284263959390862,0.1142131979695431,0.3426395939086294,0.0,<=0.5m,0.9136779855017169,0.46324269889224573,0.27142857142857124,0.5,1.0,66.25395996755178
1107314,Taonsa Axel (1107314),22.5,Midfield - Attacking Midfield,Midfield,Västerås SK,Västerås SK,Svenska Cupen,24/25,4650.0,0.5806451612903226,0.1354838709677419,0.7161290322580646,300000.0,<=0.5m,0.9373330789774895,0.5490196078431373,0.14285714285714285,0.4431678921568627,1.0,66.18715314960399
1120188,Rafael Lima (1120188),20.4,Midfield - Defensive Midfield,Midfield,RB Bragantino U20,RB Bragantino U20,CBF Brasileiro U20,2025,1770.0,0.5084745762711864,0.0508474576271186,0.559322033898305,,,0.75,0.75,0.44285714285714306,0.5,0.708,66.1657142857143
697278,Charlie Webster (697278),22.5,Midfield - Central Midfield,Midfield,Burton Albion,Burton Albion,League One,24/25,5640.0,0.9574468085106382,0.0159574468085106,0.9734042553191488,400000.0,<=0.5m,0.8096676737160121,0.8096676737160121,0.14285714285714285,0.3772977941176471,1.0,66.14794382632208
1088817,Jayden Luker (1088817),21.3,Midfield - Central Midfield,Midfield,Notts County,Grimsby Town,League Two,24/25,4670.0,0.5781584582441114,0.038543897216274,0.6167023554603854,100000.0,<=0.5m,0.6774132010682945,0.676737160120846,0.31428571428571417,0.7486213235294117,1.0,66.139189121237
1163767,Pascal Mozie (1163767),18.3,Midfield - Defensive Midfield,Midfield,Legia Warszawa,Legia Warsaw II,Baraże II liga,24/25,7860.0,0.3435114503816793,0.0229007633587786,0.3664122137404579,200000.0,<=0.5m,0.6071428571428571,0.6071428571428571,0.7428571428571428,0.5553002450980392,1.0,66.08848914565826
1004486,Mathys De Carvalho (1004486),21.3,Midfield - Defensive Midfield,Midfield,Olympique Lyon,Olympique Lyon B,National 3 - Grp. I,24/25,5080.0,0.5314960629921259,0.0,0.5314960629921259,,,0.7331932773109243,0.7331932773109243,0.31428571428571417,0.5,1.0,66.02016806722689
966681,Alex Henderson (966681),21.9,Midfield - Attacking Midfield,Midfield,Accrington Stanley,Accrington Stanley,League Two,25/26,2860.0,0.6293706293706294,0.0629370629370629,0.6923076923076923,100000.0,<=0.5m,0.7939717665013354,0.5313725490196078,0.2285714285714288,0.7486213235294117,1.0,65.99896459203674
900072,Philip Brittijn (900072),22.4,Midfield - Central Midfield,Midfield,Fortuna Sittard,Fortuna Sittard,Eredivisie,25/26,1350.0,1.3333333333333337,0.0666666666666666,1.4,500000.0,<=0.5m,0.8902316213494461,0.8902316213494461,0.15714285714285733,0.327359068627451,0.54,65.91120995603681
1186988,Leonardo Franchetti Rosada (1186988),19.0,Midfield - Left Midfield,Midfield,Vis Pesaro 1898,Spezia Primavera,Primavera 2 - B,24/25,5950.0,0.6050420168067228,0.0,0.6050420168067228,,,0.6436781609195402,0.6436781609195402,0.6428571428571429,0.5,1.0,65.9064039408867
1104114,Anthony Dennis (1104114),22.2,Midfield - Defensive Midfield,Midfield,Göztepe,Göztepe,Süper Lig,25/26,1450.0,1.2413793103448276,0.0,1.2413793103448276,4000000.0,2-5m,0.930672268907563,0.930672268907563,0.1857142857142858,0.09068627450980393,0.58,65.8813725490196
1004738,João Cruz (1004738),20.3,Midfield - Central Midfield,Midfield,Club Athletico Paranaense,Club Athletico Paranaense,Copa do Brasil,2025,3100.0,0.5806451612903226,0.0580645161290322,0.6387096774193549,600000.0,0.5-2m,0.7756581457458985,0.6837865055387714,0.457142857142857,0.2890625,1.0,65.87947337448283
882765,Alessandro Borgo (882765),21.2,Midfield - Defensive Midfield,Midfield,Pro Sesto 1913,Pro Sesto 1913,Serie D - B,24/25,4980.0,0.36144578313253,0.0180722891566265,0.3795180722891565,25000.0,<=0.5m,0.6176470588235294,0.6176470588235294,0.3285714285714287,0.9641544117647058,1.0,65.8141281512605
890525,Marco Piredda (890525),21.4,Midfield - Central Midfield,Midfield,SC Ligorna 1922,Virtus Entella,Serie D - A,24/25,4280.0,0.6308411214953271,0.0420560747663551,0.6728971962616823,150000.0,<=0.5m,0.7004028197381672,0.7004028197381672,0.3000000000000002,0.6395526960784313,1.0,65.77790692938808
902200,Jesse Khan (902200),22.4,Midfield - Central Midfield,Midfield,AS Trencin,AS Trencin,Nike Liga - Releg. G.,24/25,1010.0,0.8910891089108911,0.0,0.8910891089108911,50000.0,<=0.5m,0.7779456193353474,0.7779456193353474,0.15714285714285733,0.8958333333333334,0.404,65.77268954107322
937840,Harrison Jones (937840),21.6,Midfield - Attacking Midfield,Midfield,Sunderland AFC,Sunderland AFC,Championship Play-Offs,24/25,6950.0,0.5179856115107914,0.0776978417266187,0.5956834532374101,150000.0,<=0.5m,0.8445249904616559,0.4718954248366013,0.27142857142857124,0.6395526960784313,1.0,65.77024387190332
935189,Daniel Ferrante (935189),21.1,Midfield - Right Midfield,Midfield,Virtus Francavilla Calcio,US Recanatese,Serie D - F,24/25,6470.0,0.5564142194744977,0.0417310664605873,0.598145285935085,150000.0,<=0.5m,0.6975391072109882,0.6736842105263158,0.34285714285714264,0.6395526960784313,1.0,65.76699073640883
1256073,Alessio Fortunato (1256073),19.3,Midfield,Midfield,Renate Primavera,Renate Primavera,Play-off/out Primavera,24/25,2290.0,0.7860262008733624,0.0,0.7860262008733624,,,0.6666666666666666,0.6666666666666666,0.5999999999999999,0.5,0.916,65.75999999999999
888823,Jordan Robinand (888823),22.9,Midfield - Central Midfield,Midfield,Doxa Katokopias,Istres Football Club,National 2 - Grp. A,24/25,2600.0,0.6923076923076923,0.0692307692307692,0.7615384615384615,0.0,<=0.5m,0.8194391453643648,0.7381671701913394,0.08571428571428592,0.5,1.0,65.7497938394839
1063811,Miguelito (1063811),22.3,Midfield - Attacking Midfield,Midfield,América Futebol Clube (MG),América Futebol Clube (MG),Série B,2025,3310.0,1.0876132930513596,0.1087613293051359,1.1963746223564955,1400000.0,0.5-2m,0.9065242273941244,0.726797385620915,0.17142857142857132,0.18290441176470584,1.0,65.74098203219988
1049333,Walter Coscia (1049333),20.9,Midfield - Right Midfield,Midfield,Guidonia Montecelio 1937 FC,Gelbison,Serie D - G,24/25,10400.0,0.173076923076923,0.0865384615384615,0.2596153846153846,100000.0,<=0.5m,0.8635062953071346,0.29473684210526313,0.3714285714285716,0.7486213235294117,1.0,65.7210054202558
948916,Rudi Molotnikov (948916),20.2,Midfield - Attacking Midfield,Midfield,Hibernian FC,Hibernian FC,Premiership,24/25,2360.0,1.1440677966101696,0.0381355932203389,1.1822033898305084,400000.0,<=0.5m,0.7241830065359477,0.7241830065359477,0.47142857142857153,0.3772977941176471,0.944,65.71600665266108
1089809,Gonçalo Maia (1089809),20.7,Midfield - Attacking Midfield,Midfield,Gil Vicente U23,Gil Vicente U23,U-23 Cup Portugal,24/25,7990.0,1.013767209011264,0.0450563204005006,1.0588235294117645,,,0.715185043876383,0.6862745098039216,0.4000000000000001,0.5,1.0,65.67507088298883
980632,Sergiu Perciun (980632),20.3,Midfield - Attacking Midfield,Midfield,Torino FC,Torino Primavera,Serie A,24/25,2580.0,1.3953488372093024,0.0348837209302325,1.430232558139535,1500000.0,0.5-2m,0.7660130718954249,0.7660130718954249,0.457142857142857,0.17080269607843135,1.0,65.66630777310924
1049911,Tyler Fletcher (1049911),19.4,Midfield - Central Midfield,Midfield,Manchester United U21,Manchester United U21,PL2 Playoffs,24/25,18510.0,0.1944894651539708,0.0680713128038897,0.2625607779578606,,,0.8153376573826784,0.3776435045317221,0.585714285714286,0.5,1.0,65.66241665166824
796221,Mats Pannewig (796221),21.8,Midfield - Central Midfield,Midfield,VfL Bochum,VfL Bochum,Bundesliga,24/25,1220.0,1.475409836065574,0.0,1.475409836065574,1000000.0,0.5-2m,0.8997985901309165,0.8997985901309165,0.24285714285714274,0.20634191176470584,0.488,65.64241645827515
917857,Antonio Ilic (917857),21.2,Midfield - Attacking Midfield,Midfield,NK Jarun,HNK Gorica,SuperSport HNL,24/25,5840.0,0.6164383561643836,0.0616438356164383,0.678082191780822,150000.0,<=0.5m,0.7882487600152613,0.5215686274509804,0.3285714285714287,0.6395526960784313,1.0,65.6388432867424
1087009,Abdou-Salam Konate (1087009),19.7,Midfield - Central Midfield,Midfield,Parma Primavera,Parma Primavera,Primavera 1,25/26,1600.0,0.5625,0.0,0.5625,50000.0,<=0.5m,0.6334340382678751,0.6334340382678751,0.5428571428571429,0.8958333333333334,0.64,65.63342324845347
998101,Alex Tóth (998101),20.8,Midfield - Central Midfield,Midfield,Ferencvárosi TC,Ferencvárosi TC,NB I.,24/25,6650.0,0.2706766917293233,0.1488721804511278,0.4195488721804511,2500000.0,2-5m,0.9462037390309043,0.5327291037260826,0.3857142857142856,0.12745098039215685,1.0,65.63152466206694
1129935,Momoh Kamara (1129935),21.3,Midfield - Attacking Midfield,Midfield,Minnesota United FC 2,Minnesota United FC 2,MLS Next Pro,2025,2000.0,1.35,0.045,1.3949999999999998,,,0.7594771241830065,0.7594771241830065,0.31428571428571417,0.5,0.8,65.59719887955183
612748,Rico Richards (612748),22.9,Midfield - Attacking Midfield,Midfield,Walsall FC,Port Vale FC,League Two,24/25,4990.0,0.9018036072144288,0.0721442885771543,0.9739478957915833,175000.0,<=0.5m,0.8277375047691721,0.6535947712418301,0.08571428571428592,0.5994178921568627,1.0,65.59638921017346
565435,Arne Engels (565435),22.9,Midfield - Central Midfield,Midfield,Celtic FC,Celtic FC,SFA Cup,24/25,9320.0,0.965665236051502,0.1255364806866952,1.091201716738197,12000000.0,10m+,0.9273178176268599,0.8368580060422961,0.08571428571428592,0.039675245098039214,1.0,65.57583520555232
1001578,Dean Vranici (1001578),20.6,Midfield - Attacking Midfield,Midfield,Parma Primavera,Parma Primavera,Primavera 1,25/26,1450.0,0.6206896551724138,0.0620689655172413,0.6827586206896552,75000.0,<=0.5m,0.790537962609691,0.5241830065359477,0.4142857142857141,0.8249080882352942,0.58,65.54975338682465
1046119,Finn Heidrich (1046119),19.8,Midfield - Central Midfield,Midfield,FC Energie Cottbus,FC Energie Cottbus U19,U19 Nachwuchsliga - Liga B,24/25,7390.0,0.6089309878213802,0.0,0.6089309878213802,,,0.6676737160120846,0.6676737160120846,0.5285714285714285,0.5,1.0,65.51756581786793
981136,Fabio Rispoli (981136),19.9,Midfield - Central Midfield,Midfield,US Catanzaro,Virtusvecomp Verona,Playoff Serie C,24/25,5220.0,0.689655172413793,0.0344827586206896,0.7241379310344827,600000.0,0.5-2m,0.7205438066465257,0.7205438066465257,0.5142857142857145,0.2890625,1.0,65.50807482736298
795909,Luan Simnica (795909),22.6,Midfield - Defensive Midfield,Midfield,FC Erzgebirge Aue,FC Erzgebirge Aue,3. Liga,25/26,1190.0,0.7563025210084033,0.0,0.7563025210084033,225000.0,<=0.5m,0.8571428571428571,0.8571428571428571,0.12857142857142836,0.5170036764705883,0.476,65.48376575630252
921348,Josh Williams (921348),22.1,Midfield - Central Midfield,Midfield,Tranmere Rovers,Tranmere Rovers,League Two,24/25,1010.0,0.8910891089108911,0.0,0.8910891089108911,75000.0,<=0.5m,0.7779456193353474,0.7779456193353474,0.1999999999999998,0.8249080882352942,0.404,65.46545039541496
745439,Simone Pozzato (745439),21.8,Midfield - Attacking Midfield,Midfield,ASD Euganea Rovolon,Club Milano,Serie D - B,24/25,2740.0,0.3284671532846715,0.0656934306569343,0.3941605839416058,25000.0,<=0.5m,0.803510110644792,0.34248366013071896,0.24285714285714274,0.9641544117647058,1.0,65.45190077779809
1010912,Markus Cimermancic (1010912),21.9,Midfield - Central Midfield,Midfield,Toronto FC,Toronto FC,MLS,2025,1930.0,0.932642487046632,0.0,0.932642487046632,300000.0,<=0.5m,0.797583081570997,0.797583081570997,0.2285714285714288,0.4431678921568627,0.772,65.43647824159876
1143805,Oleksandr Tsvirenko (1143805),20.5,Midfield - Attacking Midfield,Midfield,Metalist Kharkiv,Metalist Kharkiv,Persha Liga,24/25,4050.0,0.4444444444444444,0.0444444444444444,0.4888888888888889,50000.0,<=0.5m,0.7112743227775659,0.4091503267973856,0.42857142857142855,0.8958333333333334,1.0,65.4285409788995
821905,Alex Ferguson (821905),22.9,Midfield - Central Midfield,Midfield,Kelty Hearts FC,Kelty Hearts FC,Challenge Cup,25/26,970.0,0.9278350515463918,0.0,0.9278350515463918,50000.0,<=0.5m,0.7935548841893253,0.7935548841893253,0.08571428571428592,0.8958333333333334,0.388,65.40638828945475
939542,Antony García (939542),21.8,Midfield - Attacking Midfield,Midfield,Colorado Rapids 2,Colorado Rapids 2,MLS Next Pro,2025,4480.0,0.4017857142857142,0.1205357142857142,0.5223214285714285,0.0,<=0.5m,0.9207363601678749,0.4326797385620915,0.24285714285714274,0.5,1.0,65.39265022045953
1049875,Simone Cecere (1049875),21.1,Midfield - Central Midfield,Midfield,Scafatese Calcio 1922,Nocerina Calcio,Play-off Serie D,24/25,1930.0,0.466321243523316,0.0466321243523316,0.5129533678756477,75000.0,<=0.5m,0.7241510873712323,0.5961732124874118,0.34285714285714264,0.8249080882352942,0.772,65.3879795158383
1210034,Soiyir Ahamada (1210034),19.2,Midfield - Central Midfield,Midfield,SC Aubagne Air Bel,Olympique Marseille U19,National 3 - Grp. J,24/25,3130.0,0.5750798722044728,0.0,0.5750798722044728,,,0.6424974823766365,0.6424974823766365,0.6142857142857144,0.5,1.0,65.37842037116963
612749,Isaac Price (612749),22.9,Midfield - Central Midfield,Midfield,West Bromwich Albion,West Bromwich Albion,Championship,25/26,1130.0,2.3893805309734515,0.1592920353982301,2.5486725663716814,3000000.0,2-5m,0.9647532729103726,0.9647532729103726,0.08571428571428592,0.1128982843137255,0.452,65.3572009264431
1188653,Luca De Oliveira (1188653),19.6,Midfield - Defensive Midfield,Midfield,Catanzaro Primavera,Catanzaro Primavera,Coppa Primavera,25/26,1800.0,0.5,0.0,0.5,,,0.7037815126050421,0.7037815126050421,0.5571428571428569,0.5,0.72,65.34117647058822
746987,Sven Simons (746987),22.5,Midfield - Central Midfield,Midfield,FC Eindhoven,FC Eindhoven,Keuken Kampioen Divisie,24/25,5200.0,0.8653846153846154,0.0346153846153846,0.9,325000.0,<=0.5m,0.7865055387713998,0.7865055387713998,0.14285714285714285,0.41789215686274506,1.0,65.32653680807671
984440,Anai Morales (984440),20.2,Midfield - Attacking Midfield,Midfield,UD Logroñés,CA Osasuna Promesas,Primera Federación - Gr. I,24/25,2850.0,0.631578947368421,0.031578947368421,0.6631578947368421,50000.0,<=0.5m,0.6306753147653568,0.5124183006535947,0.47142857142857153,0.8958333333333334,1.0,65.32338838498644
1119149,Dağhan Erdoğan (1119149),20.0,Midfield - Central Midfield,Midfield,52 Orduspor FK,Kasimpasa,Süper Lig,24/25,5850.0,0.6153846153846154,0.0,0.6153846153846154,,,0.6717019133937563,0.6717019133937563,0.5,0.5,1.0,65.30211480362537
1052290,Antoine Gauthier (1052290),22.1,Midfield - Attacking Midfield,Midfield,Le Puy Foot 43 Auvergne,AS Saint-Étienne B,National 3 - Grp. I,24/25,2740.0,1.313868613138686,0.0328467153284671,1.3467153284671531,0.0,<=0.5m,0.7516339869281046,0.7516339869281046,0.1999999999999998,0.5,1.0,65.29803921568626
651001,Simone Bonavita (651001),22.5,Midfield - Defensive Midfield,Midfield,Standard de Liège 16 FC,FC Pompei,Serie D - I,24/25,3160.0,0.569620253164557,0.0284810126582278,0.5981012658227849,0.0,<=0.5m,0.7668067226890757,0.7668067226890757,0.14285714285714285,0.5,1.0,65.29411764705883
928359,Myron Mau-Asam (928359),22.4,Midfield - Central Midfield,Midfield,FC Volendam,FC Volendam U21,U21 Div. 2 Spring,24/25,3750.0,0.48,0.048,0.528,75000.0,<=0.5m,0.7317817626859977,0.6092648539778449,0.15714285714285733,0.8249080882352942,1.0,65.27453271916033
921062,Metehan Yildirim (921062),21.5,Midfield - Attacking Midfield,Midfield,Eintracht Frankfurt II,FC Viktoria 1889 Berlin,Regionalliga Südwest,24/25,5880.0,0.7653061224489797,0.0459183673469387,0.8112244897959184,100000.0,<=0.5m,0.7191911484166349,0.5856209150326798,0.2857142857142857,0.7486213235294117,1.0,65.26505087139142
1106524,Facundo Viveros (1106524),23.0,Midfield - Attacking Midfield,Midfield,Villarreal CF B,Villarreal CF B,Primera Federación - Gr. II,24/25,2550.0,1.0588235294117647,0.0,1.0588235294117647,50000.0,<=0.5m,0.6957268218237314,0.6875816993464052,0.07142857142857142,0.8958333333333334,1.0,65.24894042444652
1251861,Mathias Svenningsen-Grønn (1251861),18.0,Midfield - Defensive Midfield,Midfield,Sarpsborg 08 FF II,Sarpsborg 08 FF,Eliteserien,2025,5350.0,0.3364485981308411,0.016822429906542,0.3532710280373832,,,0.5945378151260504,0.5945378151260504,0.7857142857142857,0.5,1.0,65.2436974789916
1063593,Jon Eceizabarrena (1063593),21.4,Midfield - Central Midfield,Midfield,Real Sociedad C,Real Sociedad C,Segunda Federación - Gr. II,24/25,6240.0,0.5769230769230769,0.0288461538461538,0.6057692307692307,100000.0,<=0.5m,0.6656596173212488,0.6656596173212488,0.3000000000000002,0.7486213235294117,1.0,65.2202755686867
937952,Javier Fernández (937952),19.7,Midfield - Central Midfield,Midfield,FC Bayern Munich II,Bayern Munich UEFA U19,UEFA Youth League,24/25,2250.0,0.4,0.08,0.48,1300000.0,0.5-2m,0.8498664631819917,0.5735146022155085,0.5428571428571429,0.18566176470588236,0.9,65.19722584125351
962118,Juan Hernández (962118),19.1,Midfield - Attacking Midfield,Midfield,FC Barcelona Atlètic,FC Barcelona UEFA U19,UEFA Youth League,24/25,2600.0,0.6923076923076923,0.0,0.6923076923076923,50000.0,<=0.5m,0.5495993895459749,0.5313725490196078,0.6285714285714283,0.8958333333333334,1.0,65.17378240498793
1236513,João Vitor (1236513),22.7,Midfield - Defensive Midfield,Midfield,Tombense Futebol Clube (MG),Tombense Futebol Clube (MG),Série C,2025,1350.0,0.6666666666666667,0.0666666666666666,0.7333333333333334,,,0.8487394957983193,0.8487394957983193,0.1142857142857144,0.5,0.54,65.15294117647059
942738,Milan Aleksic (942738),21.0,Midfield - Attacking Midfield,Midfield,Cracovia,Sunderland AFC,Championship,24/25,1620.0,1.6666666666666663,0.0555555555555555,1.722222222222222,700000.0,0.5-2m,0.8209150326797385,0.8209150326797385,0.35714285714285715,0.2643995098039216,0.648,65.15078081232492
829257,Dennis Kaygin (829257),22.4,Midfield - Central Midfield,Midfield,FC Ingolstadt 04,Rapid Vienna,Keuken Kampioen Play-Offs,24/25,2100.0,0.4285714285714286,0.1285714285714285,0.5571428571428572,450000.0,<=0.5m,0.9306562380770699,0.6324269889224572,0.15714285714285733,0.35340073529411764,0.84,65.14022681162606
828045,Miguel Monsalve (828045),22.5,Midfield - Attacking Midfield,Midfield,Grêmio Foot-Ball Porto Alegrense,Grêmio Foot-Ball Porto Alegrense,Copa Sudamericana,2025,1920.0,1.40625,0.1875,1.59375,5000000.0,2-5m,0.9653758107592522,0.792156862745098,0.14285714285714285,0.07521446078431371,0.768,65.1304485259384
651007,Niccolò Sette (651007),22.4,Midfield - Right Midfield,Midfield,FC Calvi Noale,US Fiorenzuola 1922,Serie D - B,24/25,4500.0,0.6000000000000001,0.02,0.6200000000000001,75000.0,<=0.5m,0.6842105263157895,0.6842105263157895,0.15714285714285733,0.8249080882352942,1.0,65.11563052852722
1233409,Diabé Kanouté (1233409),18.7,Midfield,Midfield,SM Caen B,SM Caen U19,National U19 - Phase finale,24/25,6140.0,0.7328990228013029,0.014657980456026,0.747557003257329,,,0.6190476190476191,0.6190476190476191,0.6857142857142858,0.5,1.0,65.11428571428571
1243184,Kemalcan Esen (1243184),19.6,Midfield - Central Midfield,Midfield,Yeni Malatyaspor,Yeni Malatyaspor,1.Lig,24/25,5900.0,0.4576271186440677,0.0,0.4576271186440677,50000.0,<=0.5m,0.5609264853977844,0.5609264853977844,0.5571428571428569,0.8958333333333334,1.0,65.11154150481944
1089767,Emmanuele Lorenzelli (1089767),19.3,Midfield - Defensive Midfield,Midfield,Spezia Primavera,Spezia Primavera,Primavera 2 - B,24/25,9120.0,0.3947368421052631,0.0,0.3947368421052631,,,0.6407563025210085,0.6407563025210085,0.5999999999999999,0.5,1.0,65.04537815126051
932755,Nicolò Ravaioli (932755),21.3,Midfield - Central Midfield,Midfield,Correggese Calcio 1948,Sammaurese,Serie D play-out,24/25,5220.0,0.5172413793103449,0.0344827586206896,0.5517241379310345,75000.0,<=0.5m,0.6500381533765738,0.6253776435045317,0.31428571428571417,0.8249080882352942,1.0,65.03704264927505
1301530,Riccardo Grassini (1301530),18.2,Midfield - Central Midfield,Midfield,Milan Under 18,Milan Under 17,Under 17 - Finals,24/25,3920.0,0.2295918367346938,0.0459183673469387,0.2755102040816326,,,0.7191911484166349,0.38872104733131924,0.7571428571428572,0.5,1.0,64.99541239540686
744621,Matteo Dagasso (744621),22.4,Midfield - Central Midfield,Midfield,Delfino Pescara 1936,Delfino Pescara 1936,Playoff Serie C,24/25,7140.0,0.5042016806722689,0.1134453781512605,0.6176470588235294,1000000.0,0.5-2m,0.9126287676459367,0.6777442094662638,0.15714285714285733,0.20634191176470584,1.0,64.993338257795
934207,Alessandro Romano (934207),21.3,Midfield - Central Midfield,Midfield,FC Nola 1925,Perugia Primavera,Primavera 2 - B,24/25,900.0,1.0,0.0,1.0,0.0,<=0.5m,0.8222557905337362,0.8222557905337362,0.31428571428571417,0.5,0.36,64.9639188605956
1021836,Alex Stepien-Iwumene (1021836),21.3,Midfield - Central Midfield,Midfield,Bromley FC,Bromley FC,Premier League Cup,25/26,900.0,1.0,0.0,1.0,,,0.8222557905337362,0.8222557905337362,0.31428571428571417,0.5,0.36,64.9639188605956
960274,Michele Grande (960274),22.9,Midfield - Central Midfield,Midfield,ASD Team Altamura,ASD Team Altamura,Serie C-C,24/25,4560.0,0.7894736842105263,0.0394736842105263,0.8289473684210527,175000.0,<=0.5m,0.7532729103726082,0.7532729103726082,0.08571428571428592,0.5994178921568627,1.0,64.95965368398114
814976,Martin Adeline (814976),22.7,Midfield - Central Midfield,Midfield,ESTAC Troyes,ESTAC Troyes,Ligue 2,25/26,1100.0,1.6363636363636362,0.0,1.6363636363636362,700000.0,0.5-2m,0.9169184290030211,0.9169184290030211,0.1142857142857144,0.2643995098039216,0.44,64.94527030600761
1177907,Ethan Bruchez (1177907),18.4,Midfield - Attacking Midfield,Midfield,FC Lausanne-Sport,FC Lausanne-Sport II,Promotion League,25/26,2460.0,0.3658536585365854,0.0365853658536585,0.4024390243902439,100000.0,<=0.5m,0.6646318199160626,0.3503267973856209,0.7285714285714288,0.7486213235294117,0.984,64.94104008584867
906537,Roko Mrvelj (906537),22.3,Midfield - Defensive Midfield,Midfield,Albany Great Danes (University at Albany),Kickers Offenbach II,VL Hessen-Süd,24/25,6340.0,0.5678233438485805,0.0,0.5678233438485805,0.0,<=0.5m,0.7531512605042017,0.7531512605042017,0.17142857142857132,0.5,1.0,64.93193277310924
965351,Patryk Olejnik (965351),20.4,Midfield - Defensive Midfield,Midfield,Chojniczanka Chojnice,Chojniczanka Chojnice,Promotion Playoffs 1 Liga,24/25,6410.0,0.421216848673947,0.0280811232449297,0.4492979719188767,,,0.680672268907563,0.680672268907563,0.44285714285714306,0.5,1.0,64.92605042016807
724066,Antonio Troise (724066),21.3,Midfield - Central Midfield,Midfield,Unknown,Monza Primavera,Primavera 1,24/25,2240.0,0.4017857142857142,0.0401785714285714,0.4419642857142857,50000.0,<=0.5m,0.6885730637161389,0.552870090634441,0.31428571428571417,0.8958333333333334,0.896,64.85915651040908
1025974,Findlay Marshall (1025974),20.3,Midfield - Central Midfield,Midfield,Arbroath FC,Arbroath FC,Championship,25/26,3810.0,0.2362204724409448,0.0708661417322834,0.3070866141732283,,,0.8239221671117893,0.4179254783484391,0.457142857142857,0.5,1.0,64.81768858819936
1258114,Alessandro Bizzarri (1258114),18.9,Midfield - Right Midfield,Midfield,AC Taverne,FC Schaffhausen,2. Liga Inter - Gr. 4,24/25,5380.0,0.5018587360594795,0.0,0.5018587360594795,0.0,<=0.5m,0.6210526315789474,0.6210526315789474,0.6571428571428574,0.5,1.0,64.77744360902257
935088,Dani García (935088),22.9,Midfield - Central Midfield,Midfield,Ourense CF,San Fernando CD (-2025),Segunda Federación - Gr. IV,24/25,5080.0,0.7086614173228346,0.0,0.7086614173228346,100000.0,<=0.5m,0.7150050352467271,0.7150050352467271,0.08571428571428592,0.7486213235294117,1.0,64.75242921564397
911224,Alessandro Romano (911224),20.2,Midfield - Defensive Midfield,Midfield,Roma U20,Roma U20,Primavera 1,25/26,1480.0,0.6081081081081081,0.0,0.6081081081081081,500000.0,<=0.5m,0.7783613445378151,0.7783613445378151,0.47142857142857153,0.327359068627451,0.592,64.74756477591036
745692,Joe Snowdon (745692),22.5,Midfield - Right Midfield,Midfield,Swindon Town,Leeds United U21,Premier League 2,24/25,1950.0,0.4615384615384615,0.0923076923076923,0.5538461538461539,,,0.8760969095764976,0.6526315789473685,0.14285714285714285,0.5,0.78,64.73529158646329
704470,Andrea Franzolini (704470),23.0,Midfield - Central Midfield,Midfield,Forlì FC,Feralpisalò,Serie C-B,24/25,5360.0,0.8395522388059701,0.0167910447761194,0.8563432835820894,200000.0,<=0.5m,0.7633434038267876,0.7633434038267876,0.07142857142857142,0.5553002450980392,1.0,64.71766480383695
667455,Burak Alili (667455),22.5,Midfield - Central Midfield,Midfield,FC Stade Nyonnais,SV Lafnitz,LL Steiermark,24/25,7670.0,0.7040417209908736,0.0234680573663624,0.7275097783572361,150000.0,<=0.5m,0.7240684793554885,0.7240684793554885,0.14285714285714285,0.6395526960784313,1.0,64.68356079214162
1059776,Andrea Bacciardi (1059776),20.5,Midfield - Central Midfield,Midfield,US Grosseto 1912,US Livorno 1915,Meisterrunde,24/25,5370.0,0.1675977653631284,0.0502793296089385,0.217877094972067,50000.0,<=0.5m,0.7430370087752766,0.3192346424974824,0.42857142857142855,0.8958333333333334,1.0,64.65737799221465
1300468,Treasure Egharevba (1300468),18.2,Midfield - Left Midfield,Midfield,Modena Primavera,Modena Primavera,Primavera 2 - A,24/25,6070.0,0.4448105436573311,0.029654036243822,0.4744645799011531,,,0.6150324303700877,0.5517241379310345,0.7571428571428572,0.5,1.0,64.62344910283181
1044516,Ethan Sutherland (1044516),20.3,Midfield - Left Midfield,Midfield,Wolverhampton Wanderers U21,Wolverhampton Wanderers U21,EFL Trophy,25/26,1440.0,0.625,0.0625,0.6875,,,0.7923502479969478,0.6551724137931034,0.457142857142857,0.5,0.576,64.59738824161802
815629,David Savic (815629),21.2,Midfield - Defensive Midfield,Midfield,Fortuna Düsseldorf II,Fortuna Düsseldorf II,Regionalliga West,25/26,5380.0,0.1672862453531598,0.0501858736059479,0.2174721189591077,75000.0,<=0.5m,0.7424647081266692,0.43487394957983194,0.3285714285714287,0.8249080882352942,1.0,64.58674189200671
1380483,Domagoj Cavar (1380483),20.3,Midfield,Midfield,HNK Cibalia Vinkovci,NK Bedem Ivankovo,Hrvatski nogometni kup,25/26,900.0,1.0,0.0,1.0,,,0.7777777777777778,0.7777777777777778,0.457142857142857,0.5,0.36,64.58095238095238
789091,Mokrane Bentoumi (789091),21.2,Midfield - Attacking Midfield,Midfield,SC Aubagne Air Bel,FC Villefranche-Beaujolais,Championnat National,24/25,1850.0,0.972972972972973,0.0,0.972972972972973,50000.0,<=0.5m,0.658145745898512,0.6522875816993464,0.3285714285714287,0.8958333333333334,0.74,64.5586746653386
1187549,Christian Melai (1187549),18.6,Midfield - Attacking Midfield,Midfield,Fiorentina Under 18,Fiorentina Under 17,Under 17 - Finals,24/25,8070.0,0.2230483271375464,0.0669144981412639,0.2899628252788104,,,0.8111407859595574,0.25098039215686274,0.6999999999999998,0.5,1.0,64.54491849391417
1136766,Zalán Kugyela (1136766),19.1,Midfield - Attacking Midfield,Midfield,Torino Primavera,Torino Under 18,Under 18 - Finals,24/25,3050.0,0.8852459016393444,0.0,0.8852459016393444,,,0.6276230446394506,0.6196078431372549,0.6285714285714283,0.5,1.0,64.53819110246158
979866,Nicola Chiccaro (979866),20.5,Midfield - Attacking Midfield,Midfield,ASD Brian Lignano,Portogruaro Calcio,Serie D - C,24/25,3470.0,0.7780979827089338,0.0259365994236311,0.804034582132565,50000.0,<=0.5m,0.5856543304082411,0.5843137254901961,0.42857142857142855,0.8958333333333334,1.0,64.508576040107
743413,,21.4,Midfield - Central Midfield,Midfield,Manchester City,Manchester City,Premier League,24/25,6570.0,0.958904109589041,0.0410958904109589,1.0,18000000.0,10m+,0.8222557905337362,0.8222557905337362,0.3000000000000002,0.024356617647058876,1.0,64.47634007908299
1010300,David Vazquez (1010300),20.5,Midfield - Right Midfield,Midfield,San Diego FC,San Diego FC,MLS,2025,6320.0,0.2848101265822785,0.0427215189873417,0.3275316455696203,75000.0,<=0.5m,0.705074399084319,0.42105263157894735,0.42857142857142855,0.8249080882352942,1.0,64.46184115237794
888647,Reiss-Alexander Russell-Denny (888647),20.3,Midfield - Central Midfield,Midfield,Tottenham Hotspur U21,Chelsea FC U21,Premier League 2,24/25,6790.0,0.5301914580265096,0.0397643593519882,0.5699558173784978,,,0.6852346432659291,0.6384692849949648,0.457142857142857,0.5,1.0,64.39952642828024
938728,Ibon Badiola (938728),21.9,Midfield - Central Midfield,Midfield,Atlético Malagueño,Atlético Malagueño,Segunda Federación - Gr. IV,25/26,900.0,1.0,0.0,1.0,200000.0,<=0.5m,0.8222557905337362,0.8222557905337362,0.2285714285714288,0.5553002450980392,0.36,64.36669372053959
883168,Aaron Essel (883168),21.1,Midfield - Defensive Midfield,Midfield,North Texas SC,St. Johnstone FC,Premiership,24/25,1780.0,0.5056179775280899,0.0505617977528089,0.5561797752808989,250000.0,<=0.5m,0.7478991596638656,0.7478991596638656,0.34285714285714264,0.49188112745098034,0.712,64.36599964985994
976217,Amedeo Mellini (976217),20.4,Midfield - Defensive Midfield,Midfield,Sora Calcio 1907,Sora Calcio 1907,Serie D play-out,24/25,3190.0,0.2821316614420062,0.0282131661442006,0.3103448275862068,50000.0,<=0.5m,0.6057802365509347,0.5315126050420168,0.44285714285714306,0.8958333333333334,1.0,64.34030725224085
926389,Noé Lebreton (926389),22.3,Midfield - Defensive Midfield,Midfield,NEC Nijmegen,SM Caen,Ligue 2,24/25,5610.0,0.6417112299465241,0.0320855614973262,0.6737967914438503,1200000.0,0.5-2m,0.8151260504201681,0.8151260504201681,0.17142857142857132,0.19056372549019607,1.0,64.31831232492998
942736,Matteo Venturini (942736),20.0,Midfield - Central Midfield,Midfield,Inter U23,Inter Milan Primavera,Primavera Fase Finale,24/25,9200.0,0.391304347826087,0.0489130434782608,0.4402173913043478,300000.0,<=0.5m,0.736550934757726,0.5498489425981873,0.5,0.4431678921568627,1.0,64.28996274814979
660747,Kenneth Boakye (660747),22.6,Midfield - Defensive Midfield,Midfield,Berchem Sport,Berchem Sport,2de Nat. VV B,24/25,6340.0,0.5678233438485805,0.0,0.5678233438485805,,,0.7531512605042017,0.7531512605042017,0.12857142857142836,0.5,1.0,64.24621848739494
997479,Kai Jansen (997479),19.2,Midfield - Central Midfield,Midfield,SC Heerenveen U21,SC Heerenveen U21,U21 Div. 2 Spring,24/25,3270.0,0.5504587155963303,0.0,0.5504587155963303,,,0.6233635448136958,0.6233635448136958,0.6142857142857144,0.5,1.0,64.23038411739319
1290268,Oleksandr Pshenychnyuk (1290268),20.3,Midfield - Attacking Midfield,Midfield,Chornomorets Odesa,Chornomorets Odesa,Druga Liga,25/26,1780.0,1.0112359550561798,0.0,1.0112359550561798,150000.0,<=0.5m,0.6850438763830599,0.6718954248366014,0.457142857142857,0.6395526960784313,0.712,64.20139010834525
937322,Federico Nisi (937322),21.4,Midfield - Central Midfield,Midfield,Sammaurese Calcio,Sammaurese Calcio,Coppa Serie D,25/26,1360.0,0.6617647058823529,0.0,0.6617647058823529,50000.0,<=0.5m,0.6898288016112789,0.6898288016112789,0.3000000000000002,0.8958333333333334,0.544,64.17139476334341
1060118,Samuele La Mantia (1060118),20.3,Midfield - Attacking Midfield,Midfield,Enna Calcio,Enna Calcio,Serie D - I,25/26,930.0,0.967741935483871,0.0,0.967741935483871,10000.0,<=0.5m,0.6561426936283861,0.6496732026143791,0.457142857142857,0.9932598039215687,0.372,64.16615578458268
886331,Jesús Castellano (886331),22.4,Midfield - Attacking Midfield,Midfield,Anzoátegui FC,Anzoátegui FC,Copa Venezuela,24/25,1600.0,1.125,0.0,1.125,50000.0,<=0.5m,0.7108927890118275,0.7098039215686275,0.15714285714285733,0.8958333333333334,0.64,64.08556463791165
1016036,Levi Roeland (1016036),20.6,Midfield - Attacking Midfield,Midfield,FC Groningen U21,NAC Breda U19,U19 Cup Netherlands,24/25,1350.0,1.3333333333333337,0.0,1.3333333333333337,,,0.7505723006486074,0.7503267973856209,0.4142857142857141,0.5,0.54,64.05750839570217
923091,Oliver Holden (923091),21.4,Midfield - Central Midfield,Midfield,Ranheim IL,Ranheim IL,OBOS-ligaen,2025,2790.0,0.3225806451612903,0.064516129032258,0.3870967741935484,200000.0,<=0.5m,0.7995040061045402,0.5045317220543807,0.3000000000000002,0.5553002450980392,1.0,64.05505354854145
787150,Teoman Gündüz (787150),22.2,Midfield - Central Midfield,Midfield,US Triestina,US Triestina,Serie C - A,25/26,1020.0,0.8823529411764706,0.0,0.8823529411764706,100000.0,<=0.5m,0.7749244712990937,0.7749244712990937,0.1857142857142858,0.7486213235294117,0.408,64.02759537878597
815556,Antonio Gala (815556),22.2,Midfield - Central Midfield,Midfield,Campobasso FC,Calcio Foggia 1920,Playout Serie C,24/25,3570.0,0.5042016806722689,0.0504201680672268,0.5546218487394958,150000.0,<=0.5m,0.7441816100724914,0.6273917421953675,0.1857142857142858,0.6395526960784313,1.0,64.00668582757937
819083,Gabriele Costa (819083),21.7,Midfield - Central Midfield,Midfield,AS Gubbio 1910,Virtus Entella,Superc. Serie C,24/25,1240.0,0.7258064516129032,0.0,0.7258064516129032,75000.0,<=0.5m,0.7230614300100705,0.7230614300100705,0.25714285714285723,0.8249080882352942,0.496,64.00668475018406
860056,Aïman Maurer (860056),21.9,Midfield - Attacking Midfield,Midfield,RWDM Brussels,RWD Molenbeek,CPL Promotion-Playoffs,24/25,3220.0,1.3975155279503106,0.0279503105590062,1.4254658385093169,500000.0,<=0.5m,0.76211369706219,0.7620915032679738,0.2285714285714288,0.327359068627451,1.0,63.96650337818583
1084972,Tanguy Ahile (1084972),21.9,Midfield - Defensive Midfield,Midfield,EA Guingamp B,EA Guingamp,National 3 - Grp. C,24/25,7690.0,0.3511053315994799,0.0234070221066319,0.3745123537061118,25000.0,<=0.5m,0.6134453781512605,0.6134453781512605,0.2285714285714288,0.9641544117647058,1.0,63.96202731092438
927025,Zamir Aliji (927025),22.4,Midfield - Central Midfield,Midfield,Hvidovre IF,Hvidovre IF,1.Division Promotion,24/25,8510.0,0.6345475910693302,0.0,0.6345475910693302,100000.0,<=0.5m,0.6827794561933535,0.6827794561933535,0.15714285714285733,0.7486213235294117,1.0,63.96175161529869
1285165,Massimo Civitan (1285165),17.8,Midfield,Midfield,SSD Certosa,Salernitana Under 17,Under 17 - C,24/25,2580.0,0.3488372093023256,0.0348837209302325,0.3837209302325581,,,0.6530904235024799,0.4126984126984127,0.8142857142857142,0.5,1.0,63.92537260103074
851804,Mateo Tanlongo (851804),23.0,Midfield - Defensive Midfield,Midfield,Sporting CP B,Pafos FC,Kypello Kyprou,24/25,2810.0,0.6405693950177935,0.0640569395017793,0.7046263345195729,1300000.0,0.5-2m,0.8361344537815126,0.8361344537815126,0.07142857142857142,0.18566176470588236,1.0,63.91018907563025
1132797,Jakub Zewlakow (1132797),19.7,Midfield - Attacking Midfield,Midfield,Legia Warszawa,Legia Warsaw II,Baraże II liga,24/25,5290.0,0.5103969754253308,0.051039697542533,0.5614366729678639,250000.0,<=0.5m,0.7472338801983975,0.44836601307189544,0.5428571428571429,0.49188112745098034,1.0,63.83098980514882
1071948,Maxime Bisleau (1071948),22.4,Midfield - Attacking Midfield,Midfield,Vendée Fontenay Foot,Vendée Fontenay Foot,National 3 - Grp. B,24/25,3740.0,1.2032085561497323,0.0481283422459893,1.2513368983957218,,,0.738562091503268,0.738562091503268,0.15714285714285733,0.5,1.0,63.8280112044818
982056,Lorenzo Schietroma (982056),20.6,Midfield - Attacking Midfield,Midfield,Frosinone Primavera,Frosinone Primavera,Supercoppa Primavera 2,24/25,4700.0,0.7659574468085106,0.0,0.7659574468085106,50000.0,<=0.5m,0.5807897748950782,0.5712418300653594,0.4142857142857141,0.8958333333333334,1.0,63.80756980268897
817270,Alberto Centis (817270),22.5,Midfield - Attacking Midfield,Midfield,Sangiuliano City,Arzignano Valchiampo,Serie D - B,24/25,2070.0,0.8695652173913043,0.0434782608695652,0.9130434782608696,50000.0,<=0.5m,0.7074589851201831,0.6274509803921569,0.14285714285714285,0.8958333333333334,0.828,63.79474395557536
803967,Sanel Saljic (803967),20.7,Midfield - Attacking Midfield,Midfield,Austria Vienna,SV Stripfing,2. Liga,24/25,4020.0,0.8955223880597015,0.044776119402985,0.9402985074626866,300000.0,<=0.5m,0.7133727584891263,0.6385620915032679,0.4000000000000001,0.4431678921568627,1.0,63.76088132585477
1295909,Abdul Moro (1295909),20.3,Midfield - Defensive Midfield,Midfield,AC Horsens,AC Horsens,1.Division Promotion,24/25,3560.0,0.2528089887640449,0.0252808988764044,0.2780898876404494,25000.0,<=0.5m,0.5785005723006486,0.49789915966386555,0.457142857142857,0.9641544117647058,1.0,63.74925073902128
1056059,Francesco Gatto (1056059),19.2,Midfield - Central Midfield,Midfield,Reggina 1914,Lazio Under 18,Under 18 - Finals,24/25,5000.0,0.54,0.0,0.54,,,0.6153071500503524,0.6153071500503524,0.6142857142857144,0.5,1.0,63.74700043159257
1093824,Daniel Vost (1093824),20.3,Midfield - Defensive Midfield,Midfield,Huddersfield Town B,Huddersfield Town,EFL Trophy,25/26,1800.0,0.5,0.0,0.5,,,0.7037815126050421,0.7037815126050421,0.457142857142857,0.5,0.72,63.741176470588236
931837,Pontus Carlsson (931837),21.9,Midfield,Midfield,Sandvikens IF,Sandvikens IF,Svenska Cupen,24/25,930.0,0.967741935483871,0.0,0.967741935483871,50000.0,<=0.5m,0.7301587301587301,0.7301587301587301,0.2285714285714288,0.8958333333333334,0.372,63.72833333333333
1070396,Kazım Kahya (1070396),21.1,Midfield - Central Midfield,Midfield,GMG Kastamonuspor,GMG Kastamonuspor,2.Lig Beyaz,25/26,2410.0,0.3734439834024896,0.0373443983402489,0.4107883817427386,75000.0,<=0.5m,0.6696871423120946,0.526686807653575,0.34285714285714264,0.8249080882352942,0.964,63.70964869724666
861410,Arda Güler (861410),21.5,Midfield - Attacking Midfield,Midfield,Real Madrid,Real Madrid,LaLiga,24/25,6060.0,0.7425742574257425,0.1336633663366336,0.8762376237623761,45000000.0,10m+,0.9357115604731019,0.611764705882353,0.2857142857142857,0.006127450980392135,1.0,63.67307571254369
1003783,Hugo Le Bolloch (1003783),22.6,Midfield - Central Midfield,Midfield,Vannes OC,Vannes OC,National 3 - Grp. C,24/25,5760.0,0.78125,0.0,0.78125,,,0.743202416918429,0.743202416918429,0.12857142857142836,0.5,1.0,63.64928787224859
927713,Bernardo Gomes (927713),22.3,Midfield - Central Midfield,Midfield,UD Leiria,UD Leiria,Liga Portugal 2,25/26,960.0,0.9375,0.0,0.9375,150000.0,<=0.5m,0.8016112789526687,0.8016112789526687,0.17142857142857132,0.6395526960784313,0.384,63.63327162511532
1039731,Tommaso Miccoli (1039731),22.1,Midfield - Central Midfield,Midfield,FC Calvi Noale,AC Este 1920,Serie D - C,24/25,6470.0,0.5564142194744977,0.0,0.5564142194744977,50000.0,<=0.5m,0.6314199395770392,0.6314199395770392,0.1999999999999998,0.8958333333333334,1.0,63.62686304128901
1054827,Samuel Pugliese (1054827),22.2,Midfield - Central Midfield,Midfield,AZ Picerno,AZ Picerno,Serie C - C,25/26,2700.0,0.6666666666666667,0.0,0.6666666666666667,150000.0,<=0.5m,0.6948640483383686,0.6948640483383686,0.1857142857142858,0.6395526960784313,1.0,63.61700921682873
1094614,Agner (1094614),21.4,Midfield - Attacking Midfield,Midfield,Fluminense FC U20,SE Palmeiras São Paulo U20,CBF Brasileiro U20,2025,1190.0,1.512605042016807,0.0,1.512605042016807,,,0.7851011064479206,0.7816993464052288,0.3000000000000002,0.5,0.476,63.591227665936024
1185513,Jordy Burbano (1185513),23.0,Midfield - Defensive Midfield,Midfield,Houston Dynamo FC 2,Houston Dynamo FC 2,MLS Next Pro,2025,1410.0,0.6382978723404256,0.0638297872340425,0.7021276595744681,0.0,<=0.5m,0.8298319327731093,0.8298319327731093,0.07142857142857142,0.5,0.564,63.5727731092437
907085,Ruben Müller (907085),21.0,Midfield - Right Midfield,Midfield,SC Paderborn 07,SC Freiburg II,Regionalliga Südwest,24/25,8740.0,0.3089244851258581,0.051487414187643,0.3604118993135011,150000.0,<=0.5m,0.7493323159099581,0.47368421052631576,0.35714285714285715,0.6395526960784313,1.0,63.563704095541105
1362140,Awaka Djoro (1362140),20.7,Midfield - Central Midfield,Midfield,Kalmar FF,Kalmar FF,Superettan,2025,1500.0,0.6000000000000001,0.0,0.6000000000000001,75000.0,<=0.5m,0.6601208459214502,0.6601208459214502,0.4000000000000001,0.8249080882352942,0.6,63.55596399058112
983571,Rodrigo Ribeiro (983571),20.2,Midfield - Attacking Midfield,Midfield,FC Famalicão U23,FC Famalicão U23,U-23 Cup Portugal,24/25,11270.0,0.3992901508429459,0.0638864241348713,0.4631765749778172,,,0.7979778710415871,0.3934640522875817,0.47142857142857153,0.5,1.0,63.522225392764256
953053,Anders Bergholt (953053),20.9,Midfield - Central Midfield,Midfield,Brönshöj Boldklub,Brönshöj Boldklub,Oddset Pokalen,25/26,1020.0,0.8823529411764706,0.0,0.8823529411764706,0.0,<=0.5m,0.7749244712990937,0.7749244712990937,0.3714285714285716,0.5,0.408,63.51832542080275
1303914,Federico Di Claudio (1303914),18.6,Midfield - Central Midfield,Midfield,Lazio Under 18,SS Lazio U17,Under 17 - Finals,24/25,5350.0,0.3364485981308411,0.0336448598130841,0.3700934579439253,,,0.6447920640976726,0.4914400805639476,0.6999999999999998,0.5,1.0,63.51378020811841
1185351,Raffaele Maria Di Costanzo (1185351),19.4,Midfield - Central Midfield,Midfield,Avellino Primavera,Avellino Primavera,Coppa Primavera,25/26,1350.0,0.6666666666666667,0.0,0.6666666666666667,,,0.6948640483383686,0.6948640483383686,0.585714285714286,0.5,0.54,63.4632714717307
1124241,Filippo Bellino (1124241),19.2,Midfield - Central Midfield,Midfield,Juventus Primavera,Juventus Primavera,Under 18,24/25,3370.0,0.5341246290801187,0.0,0.5341246290801187,,,0.6102719033232629,0.6102719033232629,0.6142857142857144,0.5,1.0,63.44488562796721
819207,Daniele Quieto (819207),20.8,Midfield - Attacking Midfield,Midfield,Latina Calcio 1932,Inter Milan Primavera,Primavera Fase Finale,24/25,5480.0,0.4927007299270073,0.0656934306569343,0.5583941605839416,250000.0,<=0.5m,0.803510110644792,0.4470588235294118,0.3857142857142856,0.49188112745098034,1.0,63.42644267789146
942091,Filippo Mencaraglia (942091),20.4,Midfield - Defensive Midfield,Midfield,Atalanta Primavera,Atalanta Primavera,Primavera 1,25/26,2660.0,0.3383458646616541,0.0,0.3383458646616541,75000.0,<=0.5m,0.5798319327731093,0.5798319327731093,0.44285714285714306,0.8249080882352942,1.0,63.424343487394964
821038,Stefano Di Mario (821038),21.8,Midfield - Left Midfield,Midfield,Virtus Entella,Virtus Entella,Superc. Serie C,24/25,5530.0,0.81374321880651,0.0650994575045208,0.8788426763110309,800000.0,0.5-2m,0.8016978252575353,0.7126436781609196,0.24285714285714274,0.24203431372549022,1.0,63.416872957197725
814015,Matteo Colombo (814015),22.4,Midfield - Defensive Midfield,Midfield,Atalanta U23,US Pianese,Playoff Serie C,24/25,5270.0,0.5123339658444023,0.0,0.5123339658444023,200000.0,<=0.5m,0.7184873949579832,0.7184873949579832,0.15714285714285733,0.5553002450980392,1.0,63.397732843137256
1314291,Andrea Mariotti (1314291),18.3,Midfield - Central Midfield,Midfield,Genoa Under 18,Genoa Under 17,Under 17 - Finals,24/25,5780.0,0.4671280276816609,0.0155709342560553,0.4826989619377163,,,0.5750251762336355,0.5750251762336355,0.7428571428571428,0.5,1.0,63.38722485973241
1134898,Alessio Marconi (1134898),19.0,Midfield - Central Midfield,Midfield,USD Lavagnese 1919,Genoa Under 18,Under 18 - Finals,24/25,6970.0,0.5164992826398852,0.0,0.5164992826398852,,,0.6012084592145015,0.6012084592145015,0.6428571428571429,0.5,1.0,63.358221838584384
1165375,Axel Lucas (1165375),21.5,Midfield - Left Midfield,Midfield,Siena FC,Siena FC,Serie D - E,25/26,900.0,1.0,0.0,1.0,150000.0,<=0.5m,0.7701149425287356,0.7701149425287356,0.2857142857142857,0.6395526960784313,0.36,63.33206286825075
1032094,Lirim Jashari (1032094),20.3,Midfield - Attacking Midfield,Midfield,VfL Bochum,VfL Bochum II,Regionalliga West,25/26,2040.0,0.8823529411764706,0.0,0.8823529411764706,100000.0,<=0.5m,0.6266692102251049,0.6163398692810458,0.457142857142857,0.7486213235294117,0.816,63.32789135643447
922465,Marshall Burke (922465),21.2,Midfield - Defensive Midfield,Midfield,Sunderland AFC U21,Sunderland AFC U21,Premier League 2,24/25,1670.0,0.5389221556886228,0.0,0.5389221556886228,,,0.7394957983193278,0.7394957983193278,0.3285714285714287,0.5,0.668,63.306890756302515
966399,Charlie Pegrum (966399),21.9,Midfield - Right Midfield,Midfield,Hornchurch FC,Leyton Orient,National League South,24/25,9360.0,0.2884615384615384,0.0769230769230769,0.3653846153846153,0.0,<=0.5m,0.8410911865700115,0.4842105263157895,0.2285714285714288,0.5,1.0,63.27123952575066
659352,Dion Kacuri (659352),22.5,Midfield - Central Midfield,Midfield,FC Basel 1893,FC Basel 1893 U21,Promotion League,25/26,1350.0,1.3333333333333337,0.0,1.3333333333333337,1000000.0,0.5-2m,0.878147029204431,0.878147029204431,0.14285714285714285,0.20634191176470584,0.54,63.26332280268604
708169,Egor Mosin (708169),23.0,Midfield - Left Midfield,Midfield,Ural Yekaterinburg,Ural Yekaterinburg,1.Division,25/26,2470.0,0.728744939271255,0.0728744939271255,0.8016194331983806,400000.0,<=0.5m,0.8293590232735597,0.7011494252873564,0.07142857142857142,0.3772977941176471,0.988,63.245956501221315
1047298,Amin Muja (1047298),20.6,Midfield - Attacking Midfield,Midfield,SV Meppen,SV Meppen U19,U19 Nachwuchsliga - Liga B,24/25,7770.0,0.694980694980695,0.0,0.694980694980695,10000.0,<=0.5m,0.5511255246089279,0.534640522875817,0.4142857142857141,0.9932598039215687,1.0,63.23907012188062
1238079,Dzemo Sefidanoski (1238079),21.5,Midfield - Central Midfield,Midfield,VfB Forstinning,VfB Forstinning,LL Bayern-S/O,24/25,5470.0,0.4936014625228519,0.0493601462522851,0.5429616087751371,0.0,<=0.5m,0.7383632201449828,0.6173212487411883,0.2857142857142857,0.5,1.0,63.21029840924407
837287,Vadym Sologub (837287),22.4,Midfield - Right Midfield,Midfield,Elana Torun,Elana Torun,Betclic 3 Liga - Group II,24/25,2430.0,0.3703703703703704,0.074074074074074,0.4444444444444445,0.0,<=0.5m,0.833269744372377,0.5578947368421052,0.15714285714285733,0.5,0.972,63.17222021096236
965963,Fraser Harper (965963),19.9,Midfield - Attacking Midfield,Midfield,Newcastle United U21,Newcastle United U18,U18 Premier League,24/25,4640.0,0.3879310344827586,0.0581896551724137,0.4461206896551724,,,0.776421213277375,0.38300653594771245,0.5142857142857145,0.5,1.0,63.15872132396135
928998,Will Jenkins-Davies (928998),21.8,Midfield - Attacking Midfield,Midfield,Bath City,Bath City,National League South,25/26,3500.0,0.5142857142857142,0.0771428571428571,0.5914285714285714,0.0,<=0.5m,0.841854254101488,0.4666666666666667,0.24285714285714274,0.5,1.0,63.142842608237494
1188511,Guilherme Cardoso (1188511),21.5,Midfield - Defensive Midfield,Midfield,Académico de Viseu Sub-23,Académico de Viseu Sub-23,U-23 Cup Portugal,24/25,3620.0,0.4972375690607734,0.0,0.4972375690607734,,,0.6922268907563025,0.6922268907563025,0.2857142857142857,0.5,1.0,63.10504201680672
1016015,,21.8,Midfield - Defensive Midfield,Midfield,LOSC Lille,LOSC Lille,Ligue 1,24/25,2840.0,0.6338028169014085,0.0316901408450704,0.6654929577464789,15000000.0,10m+,0.8130252100840336,0.8130252100840336,0.24285714285714274,0.030637254901960786,1.0,63.09614845938375
1317566,Alessandro Sabino Russo (1317566),20.6,Midfield - Defensive Midfield,Midfield,Cagliari Primavera,Palermo Primavera,Primavera 2 - B,24/25,7900.0,0.3417721518987341,0.0,0.3417721518987341,75000.0,<=0.5m,0.5819327731092437,0.5819327731092437,0.4142857142857141,0.8249080882352942,1.0,63.093251050420164
810972,Patrick Weber (810972),22.4,Midfield - Central Midfield,Midfield,Yverdon Sport FC,Yverdon Sport FC,Challenge League,25/26,1640.0,0.5487804878048781,0.0548780487804878,0.603658536585366,100000.0,<=0.5m,0.7620183136207554,0.6626384692849949,0.15714285714285733,0.7486213235294117,0.656,63.089726485556085
1168492,Marvin Nöske (1168492),21.6,Midfield - Defensive Midfield,Midfield,FC Eintracht Münchberg,FC Eintracht Münchberg,LL Bayern-N/O,25/26,3800.0,0.4736842105263157,0.0236842105263157,0.4973684210526315,0.0,<=0.5m,0.6953781512605042,0.6953781512605042,0.27142857142857124,0.5,1.0,63.06554621848738
1015089,Sebastián Rodríguez (1015089),18.9,Midfield - Central Midfield,Midfield,Houston Dynamo FC,Houston Dynamo FC 2,MLS Next Pro,2025,5300.0,0.5094339622641509,0.0,0.5094339622641509,,,0.5921450151057401,0.5921450151057401,0.6571428571428574,0.5,1.0,63.04298662063012
920194,Matt Ward (920194),23.0,Midfield - Right Midfield,Midfield,Woking FC,Woking FC,National League,24/25,4820.0,0.7468879668049793,0.0373443983402489,0.7842323651452282,,,0.7473684210526316,0.7473684210526316,0.07142857142857142,0.5,1.0,62.98496240601504
1091709,Dudu Mosconi (1091709),20.2,Midfield - Attacking Midfield,Midfield,Operário FEC U20,Operário Ferroviário Esporte Clube (PR),Série B,2025,2700.0,0.3333333333333333,0.0666666666666666,0.4,,,0.8088515833651279,0.3483660130718954,0.47142857142857153,0.5,1.0,62.9432695983137
559324,Youri Regeer (559324),23.0,Midfield - Central Midfield,Midfield,Ajax Amsterdam,Twente Enschede FC,Eredivisie,24/25,1120.0,0.8035714285714285,0.3214285714285714,1.125,6000000.0,5-10m,0.9937046928653186,0.8459214501510574,0.07142857142857142,0.0660232843137255,0.448,62.918233355454674
905011,Ibrahim Maza (905011),20.7,Midfield - Attacking Midfield,Midfield,Bayer 04 Leverkusen,Hertha BSC,2. Bundesliga,24/25,6600.0,0.9545454545454546,0.0681818181818181,1.0227272727272727,12000000.0,10m+,0.8158145745898512,0.6784313725490196,0.4000000000000001,0.039675245098039214,1.0,62.881897461865336
1243053,Fernando Torres (1243053),22.0,Midfield - Central Midfield,Midfield,Gimnàstic de Tarragona,Boyacá Patriotas FC,Torneo DIMAYOR II,2025,2920.0,0.6164383561643836,0.0,0.6164383561643836,150000.0,<=0.5m,0.67472306143001,0.67472306143001,0.21428571428571427,0.6395526960784313,1.0,62.865692859470066
583913,Xander Martlé (583913),23.0,Midfield - Attacking Midfield,Midfield,Jong Cercle,Jong Cercle,1ste Nationale VV,24/25,4240.0,1.2735849056603774,0.0,1.2735849056603774,0.0,<=0.5m,0.7450980392156863,0.7450980392156863,0.07142857142857142,0.5,1.0,62.84873949579832
1226594,Guille Berzal (1226594),21.6,Midfield - Attacking Midfield,Midfield,Real Oviedo Vetusta,CF Rayo Majadahonda,Promoción a 1ª Federación,24/25,4860.0,0.7407407407407408,0.037037037037037,0.7777777777777779,100000.0,<=0.5m,0.6678748569248378,0.5738562091503268,0.27142857142857124,0.7486213235294117,1.0,62.82763683671993
1146840,Luciano Pascual (1146840),22.2,Midfield - Attacking Midfield,Midfield,CD Godoy Cruz Antonio Tomba,CD Godoy Cruz Antonio Tomba,Copa Proyección Clausura,2025,1530.0,1.1764705882352942,0.0,1.1764705882352942,100000.0,<=0.5m,0.7209150326797386,0.7209150326797386,0.1857142857142858,0.7486213235294117,0.612,62.82702906162465
1087487,Vimal Yoganathan (1087487),20.6,Midfield - Central Midfield,Midfield,Barnsley FC,Barnsley FC,National League Playoffs,24/25,8910.0,0.4040404040404041,0.0303030303030303,0.4343434343434343,100000.0,<=0.5m,0.6227584891262877,0.5478348439073515,0.4142857142857141,0.7486213235294117,1.0,62.82645911074386
1150821,Cristiano Oliveira (1150821),18.4,Midfield - Attacking Midfield,Midfield,New England Revolution II,New England Revolution,MLS Next Pro,2025,4810.0,0.7484407484407485,0.0,0.7484407484407485,,,0.5719191148416635,0.5607843137254902,0.7285714285714288,0.5,1.0,62.72732412308686
775981,Arthur Piedfort (775981),21.5,Midfield - Defensive Midfield,Midfield,KVC Westerlo,KVC Westerlo,Jupiler Pro League,25/26,1200.0,0.75,0.0,0.75,2000000.0,0.5-2m,0.8550420168067226,0.8550420168067226,0.2857142857142857,0.14522058823529416,0.48,62.70703781512606
671677,Maxim Kireev (671677),22.1,Midfield - Attacking Midfield,Midfield,KV Mechelen,K Lierse SK,CPL,24/25,4490.0,0.6013363028953229,0.1002227171492204,0.7015590200445434,700000.0,0.5-2m,0.892502861503243,0.538562091503268,0.1999999999999998,0.2643995098039216,1.0,62.665067887450036
1030933,Ludvig Tidstrand (1030933),21.0,Midfield - Attacking Midfield,Midfield,Mjällby AIF,Mjällby AIF,Allsvenskan,2025,1590.0,0.5660377358490566,0.0566037735849056,0.6226415094339622,100000.0,<=0.5m,0.7696489889355208,0.4915032679738562,0.35714285714285715,0.7486213235294117,0.636,62.61471771867211
717465,Laurin Ulrich (717465),21.5,Midfield - Attacking Midfield,Midfield,1.FC Magdeburg,VfB Stuttgart II,3. Liga,24/25,5310.0,0.5084745762711864,0.1186440677966101,0.6271186440677966,1700000.0,0.5-2m,0.918733307897749,0.49411764705882355,0.2857142857142857,0.15808823529411764,1.0,62.5671178009548
1311174,Adolfo Mazzulla (1311174),18.2,Midfield - Attacking Midfield,Midfield,Cosenza Primavera,Cosenza Primavera,Primavera 2 - B,24/25,5050.0,0.7128712871287128,0.0178217821782178,0.7306930693069307,,,0.5586608164822586,0.5555555555555556,0.7571428571428572,0.5,1.0,62.56561896283377
902701,Tomás Moreira (902701),21.1,Midfield - Central Midfield,Midfield,SL Benfica B,SL Benfica U23,U-23 Cup Portugal,24/25,7070.0,0.5091937765205092,0.0381895332390381,0.5473833097595474,200000.0,<=0.5m,0.6749332315909958,0.6203423967774421,0.34285714285714264,0.5553002450980392,1.0,62.554913246648404
1322807,Cankoray Mutlu (1322807),20.6,Midfield - Attacking Midfield,Midfield,Rot-Weiß Oberhausen,Rot-Weiß Oberhausen,Regionalliga West,25/26,960.0,0.9375,0.0,0.9375,25000.0,<=0.5m,0.6470812666921022,0.6359477124183006,0.4142857142857141,0.9641544117647058,0.384,62.54667100077981
695210,Mathias Jensen (695210),21.3,Midfield - Central Midfield,Midfield,Bröndby IF,Bröndby IF,U19 Boys League,24/25,10300.0,0.174757281553398,0.0436893203883495,0.2184466019417476,25000.0,<=0.5m,0.7082220526516597,0.32124874118831825,0.31428571428571417,0.9641544117647058,1.0,62.50664350018338
914824,Keisuke Sakaiya (914824),21.3,Midfield - Right Midfield,Midfield,Sagan Tosu,Sagan Tosu,J2 League,2025,1380.0,0.6521739130434783,0.0,0.6521739130434783,150000.0,<=0.5m,0.7157894736842105,0.7157894736842105,0.31428571428571417,0.6395526960784313,0.552,62.4496775947221
1048147,Federico Cassa (1048147),20.5,Midfield - Attacking Midfield,Midfield,Atalanta U23,Atalanta U23,Playoff Serie C,24/25,9100.0,0.4945054945054945,0.0791208791208791,0.5736263736263736,800000.0,0.5-2m,0.8471957268218238,0.4549019607843137,0.42857142857142855,0.24203431372549022,1.0,62.44690400578392
983989,Facundo Buonanotte (983989),21.7,Midfield - Attacking Midfield,Midfield,Chelsea FC,Leicester City,Premier League,24/25,3930.0,1.3740458015267174,0.0687022900763358,1.4427480916030533,20000000.0,10m+,0.8171499427699351,0.7712418300653595,0.25714285714285723,0.021752450980392135,1.0,62.43783811470664
1089004,Soumaïla Diabaté (1089004),21.7,Midfield - Defensive Midfield,Midfield,Red Bull Salzburg,Red Bull Salzburg,Bundesliga,25/26,2460.0,0.3658536585365854,0.073170731707317,0.4390243902439025,2000000.0,0.5-2m,0.8303128576879054,0.6764705882352942,0.25714285714285723,0.14522058823529416,0.984,62.42161548289672
1170825,Riccardo Finazzi (1170825),18.8,Midfield - Central Midfield,Midfield,Calcio Brusaporto,Atalanta Under 18,Under 18,24/25,5750.0,0.4695652173913044,0.0156521739130434,0.4852173913043479,,,0.5770392749244713,0.5770392749244713,0.6714285714285714,0.5,1.0,62.36521363832542
845277,Dominik Biniek (845277),22.0,Midfield - Attacking Midfield,Midfield,Bruk-Bet Termalica Nieciecza,Blackburn Rovers U21,Betclic 1 Liga,24/25,5670.0,0.4761904761904761,0.0634920634920635,0.5396825396825397,150000.0,<=0.5m,0.7958794353300267,0.44052287581699345,0.21428571428571427,0.6395526960784313,1.0,62.31723098418435
1170585,Aleksander Iwanczyk (1170585),19.5,Midfield - Defensive Midfield,Midfield,LKS Lodz,LKS Lodz II,Puchar Polski,24/25,6630.0,0.2714932126696833,0.0271493212669683,0.2986425339366516,150000.0,<=0.5m,0.5971003433803892,0.523109243697479,0.5714285714285714,0.6395526960784313,1.0,62.29481129775451
1165620,Tommy Musto (1165620),22.8,Midfield - Defensive Midfield,Midfield,Ventura County FC,Ventura County FC,MLS Next Pro,2025,6680.0,0.404191616766467,0.0269461077844311,0.4311377245508981,100000.0,<=0.5m,0.6701680672268907,0.6701680672268907,0.0999999999999999,0.7486213235294117,1.0,62.2907825630252
1111077,Jaygo van Ommeren (1111077),18.3,Midfield - Defensive Midfield,Midfield,FC Utrecht U21,FC Utrecht U19,U19 Div. 1 Spring,24/25,5530.0,0.325497287522604,0.0,0.325497287522604,,,0.5567226890756303,0.5567226890756303,0.7428571428571428,0.5,1.0,62.2890756302521
1099555,Alex Giacometti (1099555),20.0,Midfield - Left Midfield,Midfield,Cittadella Primavera,Padova Primavera,Primavera 2 - A,24/25,6010.0,0.4492512479201331,0.0,0.4492512479201331,50000.0,<=0.5m,0.5287356321839081,0.5287356321839081,0.5,0.8958333333333334,1.0,62.265804597701155
956604,Miguel Chaiwa (956604),22.2,Midfield - Defensive Midfield,Midfield,Hibernian FC,Hibernian FC,Premiership,25/26,1000.0,0.9,0.0,0.9,1200000.0,0.5-2m,0.8771008403361344,0.8771008403361344,0.1857142857142858,0.19056372549019607,0.4,62.265371148459394
1179260,Mohamed Cherif Haidara (1179260),20.9,Midfield - Defensive Midfield,Midfield,Sönderjyske Fodbold,Sönderjyske Fodbold,Oddset Pokalen,25/26,1800.0,0.5,0.0,0.5,250000.0,<=0.5m,0.7037815126050421,0.7037815126050421,0.3714285714285716,0.49188112745098034,0.72,62.25608368347339
1049905,Aidan Borland (1049905),19.3,Midfield - Central Midfield,Midfield,Aston Villa U21,Aston Villa U18,U18 PL - Final Stage,24/25,6300.0,0.1428571428571428,0.0571428571428571,0.1999999999999999,,,0.771365890881343,0.2880161127895267,0.5999999999999999,0.5,1.0,62.248258334860616
1245119,Luca Rossetto (1245119),20.3,Midfield - Left Midfield,Midfield,AC Taverne,FC Collina d'Oro,2. Liga Inter - Gr. 4,24/25,4850.0,0.5567010309278351,0.0,0.5567010309278351,,,0.632183908045977,0.632183908045977,0.457142857142857,0.5,1.0,62.24532019704433
887816,Rokas Pukstas (887816),22.0,Midfield - Attacking Midfield,Midfield,HNK Hajduk Split,HNK Hajduk Split,SuperSport HNL,25/26,1210.0,2.231404958677686,0.0,2.231404958677686,5000000.0,2-5m,0.8810457516339869,0.8810457516339869,0.21428571428571427,0.07521446078431371,0.484,62.184318977591026
954688,Filippo Carbone (954688),19.6,Midfield - Attacking Midfield,Midfield,Genoa U20,Genoa U20,Primavera 1,24/25,6800.0,0.7941176470588235,0.0264705882352941,0.8205882352941176,200000.0,<=0.5m,0.5929988553987028,0.5882352941176471,0.5571428571428569,0.5553002450980392,1.0,62.1636221213972
629040,Nicolas Bajlicz (629040),22.1,Midfield - Defensive Midfield,Midfield,SV Ried,SK Rapid Wien II,2. Liga,24/25,7590.0,0.3557312252964427,0.0474308300395256,0.4031620553359684,250000.0,<=0.5m,0.7289202594429607,0.6533613445378151,0.1999999999999998,0.49188112745098034,1.0,62.15925522297816
1164607,Nermin Rogentin (1164607),22.8,Midfield - Defensive Midfield,Midfield,FC Muri,FC Wohlen,1. Liga gr. 2,24/25,1440.0,0.625,0.0,0.625,,,0.7962184873949579,0.7962184873949579,0.0999999999999999,0.5,0.576,62.13310924369747
929970,Elias Andersen (929970),21.1,Midfield - Right Midfield,Midfield,Middelfart Boldklub,Middelfart Boldklub,2.Division Promotion,24/25,9860.0,0.4563894523326572,0.0182555780933062,0.4746450304259635,50000.0,<=0.5m,0.5684210526315789,0.5684210526315789,0.34285714285714264,0.8958333333333334,1.0,62.13264411027569
1176263,Amine Moussaoui (1176263),19.6,Midfield - Attacking Midfield,Midfield,Angers SCO,Angers SCO,National U19 - Grp. C,24/25,8110.0,0.6658446362515413,0.033292231812577,0.6991368680641183,,,0.6407859595574208,0.5372549019607843,0.5571428571428569,0.5,1.0,62.08376002060495
1074055,Danylo Khan (1074055),20.5,Midfield - Central Midfield,Midfield,FC Oleksandriya-2,FC Oleksandriya U19,U19 Premier Liga,24/25,6770.0,0.2658788774002954,0.053175775480059,0.3190546528803545,,,0.7561999236932468,0.4310171198388721,0.42857142857142855,0.5,1.0,62.07511659394142
1245678,Beau Leroux (1245678),23.0,Midfield - Central Midfield,Midfield,San Jose Earthquakes,San Jose Earthquakes,MLS,2025,4880.0,0.7377049180327869,0.0737704918032786,0.8114754098360656,1000000.0,0.5-2m,0.8320297596337276,0.7462235649546828,0.07142857142857142,0.20634191176470584,1.0,62.0656932026477
1104344,Pedro Teixeira (1104344),21.5,Midfield - Central Midfield,Midfield,Amora FC,Rio Ave FC U23,Revelação U23 - Qualif. round,24/25,2920.0,0.6164383561643836,0.0,0.6164383561643836,,,0.67472306143001,0.67472306143001,0.2857142857142857,0.5,1.0,62.054812257229166
973420,Niko Tsakiris (973420),21.2,Midfield - Central Midfield,Midfield,San Jose Earthquakes,San Jose Earthquakes,MLS Next Pro,2025,2080.0,0.4326923076923077,0.0865384615384615,0.5192307692307693,1500000.0,0.5-2m,0.8635062953071346,0.6032225579053374,0.3285714285714287,0.17080269607843135,0.832,62.05251609782945
1219752,Isaque (1219752),19.5,Midfield - Attacking Midfield,Midfield,Shakhtar Donetsk,Fluminense Football Club,Série A,2025,1160.0,1.5517241379310345,0.0,1.5517241379310345,7000000.0,5-10m,0.7925410148798169,0.7862745098039216,0.5714285714285714,0.060049019607843146,0.464,62.038141198486265
1201529,Lander Astiazaran (1201529),20.4,Midfield - Attacking Midfield,Midfield,Real Sociedad B,Real Sociedad B,LaLiga2,25/26,1640.0,0.5487804878048781,0.0548780487804878,0.603658536585366,150000.0,<=0.5m,0.7620183136207554,0.47581699346405226,0.44285714285714306,0.6395526960784313,0.656,62.02412180461019
742411,Eddy Lanzi (742411),22.5,Midfield - Central Midfield,Midfield,Arzignano Valchiampo,Caldiero Terme,Playout Serie C,24/25,5030.0,0.536779324055666,0.0357852882703777,0.5725646123260437,100000.0,<=0.5m,0.6590041968714231,0.6404833836858006,0.14285714285714285,0.7486213235294117,1.0,61.89920673732774
620313,Lucas Gourna-Douath (620313),23.0,Midfield - Defensive Midfield,Midfield,Red Bull Salzburg,Red Bull Salzburg,Serie A,24/25,1210.0,0.743801652892562,0.1487603305785124,0.8925619834710743,8000000.0,5-10m,0.9457268218237314,0.8739495798319328,0.07142857142857142,0.05346200980392157,0.484,61.89583526571636
912840,Valentin Hoti (912840),22.5,Midfield - Central Midfield,Midfield,KF Dukagjini,FC Ingolstadt 04 II,Bayernliga Nord,24/25,6730.0,0.6686478454680534,0.013372956909361,0.6820208023774145,,,0.7099697885196374,0.7099697885196374,0.14285714285714285,0.5,1.0,61.883901596892535
1038907,Patrick Verhon (1038907),21.9,Midfield - Attacking Midfield,Midfield,FC Imabari,FC Imabari,J2 League,2025,1710.0,1.0526315789473684,0.0526315789473684,1.1052631578947367,225000.0,<=0.5m,0.7539107210988173,0.7032679738562092,0.2285714285714288,0.5170036764705883,0.684,61.855697154322755
949389,Niklas Mohr (949389),22.1,Midfield - Left Midfield,Midfield,SC Paderborn 07,SG Sonnenhof Großaspach,Oberliga Baden-Württemberg,24/25,9280.0,0.1939655172413793,0.0581896551724137,0.2521551724137931,75000.0,<=0.5m,0.776421213277375,0.3448275862068966,0.1999999999999998,0.8249080882352942,1.0,61.838926236386094
882172,Rio Kyerematen (882172),21.2,Midfield - Central Midfield,Midfield,Tottenham Hotspur U21,Tottenham Hotspur U21,Premier League 2,25/26,1730.0,0.5202312138728323,0.0520231213872832,0.5722543352601156,,,0.7517169019458222,0.6394763343403826,0.3285714285714287,0.5,0.692,61.81086448657253
1060999,Leon Shillova (1060999),21.5,Midfield - Defensive Midfield,Midfield,FC Black Stars Basel,FC Concordia Basel,1. Liga gr. 2,24/25,1750.0,0.5142857142857142,0.0,0.5142857142857142,,,0.7205882352941176,0.7205882352941176,0.2857142857142857,0.5,0.7,61.80672268907562
903693,Senny Mayulu (903693),20.3,Midfield - Central Midfield,Midfield,Paris Saint-Germain,Paris Saint-Germain,Champions League,24/25,6450.0,0.6976744186046512,0.041860465116279,0.7395348837209302,15000000.0,10m+,0.7331319234642497,0.7331319234642497,0.457142857142857,0.030637254901960786,1.0,61.731122690768146
1169045,Mohamed Zeghadi (1169045),20.2,Midfield - Defensive Midfield,Midfield,Montpellier HSC B,Montpellier HSC B,National 3 - Grp. J,24/25,2340.0,0.3846153846153846,0.0,0.3846153846153846,,,0.6302521008403361,0.6302521008403361,0.47142857142857153,0.5,0.936,61.71798319327731
937726,Martim Ferreira (937726),20.6,Midfield - Defensive Midfield,Midfield,SL Benfica B,SL Benfica U23,U-23 Cup Portugal,24/25,4880.0,0.3688524590163934,0.0184426229508196,0.3872950819672131,,,0.634453781512605,0.634453781512605,0.4142857142857141,0.5,1.0,61.695798319327736
816012,Gino Costanzo (816012),21.8,Midfield - Attacking Midfield,Midfield,ASD Sambiase 2023,ASD Sambiase 2023,Play-off Serie D,24/25,2090.0,0.8612440191387559,0.0,0.8612440191387559,50000.0,<=0.5m,0.6203739030904235,0.6052287581699346,0.24285714285714274,0.8958333333333334,0.836,61.676621949555596
1033103,Charlie Gray (1033103),20.5,Midfield - Defensive Midfield,Midfield,Manchester City U21,Manchester City U21,PL2 Playoffs,24/25,9670.0,0.093071354705274,0.0651499482936918,0.1582213029989659,,,0.801983975581839,0.3319327731092437,0.42857142857142855,0.5,1.0,61.6350549376561
1384910,Gonzalo García (1384910),21.6,Midfield,Midfield,UD San Sebastián de los Reyes,Rayo Vallecano B,Promoción a 2ª Federación,24/25,900.0,1.0,0.0,1.0,,,0.7777777777777778,0.7777777777777778,0.27142857142857124,0.5,0.36,61.6095238095238
977867,Marius Trengereid (977867),22.6,Midfield - Central Midfield,Midfield,Arendal Fotball,Arendal Fotball,PostNord-ligaen Avd. 1,2025,1800.0,0.5,0.05,0.55,100000.0,<=0.5m,0.7410339565051507,0.621852970795569,0.12857142857142836,0.7486213235294117,0.72,61.57789709125285
1069962,Maksym Lekhiv (1069962),20.3,Midfield - Central Midfield,Midfield,Karpaty Lviv U19,Karpaty Lviv U19,U19 Premier Liga,25/26,1340.0,0.6716417910447761,0.0,0.6716417910447761,,,0.6983887210473313,0.6983887210473313,0.457142857142857,0.5,0.536,61.577608977125585
1154305,Simone Ischia (1154305),19.9,Midfield - Central Midfield,Midfield,Chievo Verona,US Lavis,Serie D - C,24/25,13130.0,0.1370906321401371,0.0479817212490479,0.185072353389185,125000.0,<=0.5m,0.7315909958031286,0.2678751258811682,0.5142857142857145,0.6836703431372548,1.0,61.49366684239759
923532,William Osnes-Ringen (923532),19.8,Midfield - Central Midfield,Midfield,Hamarkameratene,Hamarkameratene,OBOS-ligaen,2025,2350.0,0.3829787234042553,0.0382978723404255,0.4212765957446808,300000.0,<=0.5m,0.6755055322396032,0.5342396777442094,0.5285714285714285,0.4431678921568627,0.94,61.48397648281646
1254786,Gabin Bernardeau (1254786),20.6,Midfield - Attacking Midfield,Midfield,OGC Nice,Le Mans FC,Championnat National,24/25,9920.0,0.3629032258064516,0.0816532258064516,0.4445564516129032,600000.0,0.5-2m,0.8527279664250286,0.38169934640522873,0.4142857142857141,0.2890625,1.0,61.47649477363755
919469,Mateusz Kowalczyk (919469),22.3,Midfield - Defensive Midfield,Midfield,GKS Katowice,GKS Katowice,Ekstraklasa,24/25,8240.0,0.3276699029126214,0.0764563106796116,0.404126213592233,1500000.0,0.5-2m,0.8399465852727966,0.6554621848739496,0.17142857142857132,0.17080269607843135,1.0,61.47223319554834
1067659,Boris Mamuzah Lum (1067659),18.9,Midfield - Defensive Midfield,Midfield,Hertha BSC,Hertha BSC,Regionalliga Northeast,25/26,2420.0,0.371900826446281,0.0,0.371900826446281,500000.0,<=0.5m,0.6113445378151261,0.6113445378151261,0.6571428571428574,0.327359068627451,0.968,61.45798494397761
1321676,Honoré Bayanginisa (1321676),21.3,Midfield - Defensive Midfield,Midfield,FC Sochaux-Montbéliard,FC Sochaux-Montbéliard B,National 3 - Grp. F,25/26,1800.0,0.5,0.0,0.5,,,0.7037815126050421,0.7037815126050421,0.31428571428571417,0.5,0.72,61.45546218487395
890860,Caylan Vickers (890860),21.7,Midfield - Attacking Midfield,Midfield,Barnsley FC,Brighton & Hove Albion U21,League One,24/25,10060.0,0.7157057654075546,0.0447316103379721,0.7604373757455267,200000.0,<=0.5m,0.7127050743990844,0.5673202614379085,0.25714285714285723,0.5553002450980392,1.0,61.452327724457454
692046,,22.4,Midfield - Defensive Midfield,Midfield,Novara FC,FC Bayern Munich II,Regionalliga Bayern,24/25,5570.0,0.4847396768402154,0.0161579892280071,0.5008976660682226,300000.0,<=0.5m,0.7121848739495799,0.7121848739495799,0.15714285714285733,0.4431678921568627,1.0,61.44972864145659
947407,Michael Laffey (947407),20.9,Midfield - Defensive Midfield,Midfield,Liverpool FC U21,Liverpool FC U21,EFL Trophy,25/26,2600.0,0.3461538461538461,0.0346153846153846,0.3807692307692307,,,0.6513735215566577,0.6239495798319328,0.3714285714285716,0.5,1.0,61.42194171831265
962006,,20.1,Midfield - Central Midfield,Midfield,Birmingham City U21,Birmingham City U21,Premier League Cup,24/25,2420.0,0.371900826446281,0.0371900826446281,0.409090909090909,,,0.6684471575734453,0.525679758308157,0.4857142857142855,0.5,0.968,61.417375241998954
1037758,Alexander Dikarev (1037758),21.7,Midfield - Central Midfield,Midfield,BFC Preussen,FC Viktoria 1889 Berlin,Regionalliga Northeast,24/25,5660.0,0.4770318021201414,0.0159010600706713,0.4929328621908128,50000.0,<=0.5m,0.5790533736153072,0.5790533736153072,0.25714285714285723,0.8958333333333334,1.0,61.3991547978708
888638,Leo Cardoso (888638),19.8,Midfield - Attacking Midfield,Midfield,Chelsea FC U21,Chelsea FC U21,Premier League 2,25/26,1650.0,0.5454545454545454,0.0545454545454545,0.6,,,0.7608737123235406,0.4738562091503268,0.5285714285714285,0.5,0.66,61.395180526744596
929943,Francis Onyeka (929943),19.3,Midfield - Attacking Midfield,Midfield,VfL Bochum,Bayer 04 Leverkusen U19,U19-Champ.,24/25,9470.0,0.8553326293558606,0.0285110876451953,0.883843717001056,500000.0,<=0.5m,0.6188477680274704,0.6183006535947713,0.5999999999999999,0.327359068627451,1.0,61.30185652491315
1167981,Luca Rossini (1167981),19.3,Midfield - Central Midfield,Midfield,Monza Primavera,Monza Under 18,Under 18,24/25,4260.0,0.2112676056338028,0.0422535211267605,0.2535211267605634,,,0.7016405951926745,0.364551863041289,0.5999999999999999,0.5,1.0,61.28248360422999
684606,Levin Winkler (684606),23.0,Midfield - Central Midfield,Midfield,FC Luzern,FC Luzern,Super League,24/25,4160.0,0.8653846153846154,0.0649038461538461,0.9302884615384616,1800000.0,0.5-2m,0.8010301411674933,0.7955689828801611,0.07142857142857142,0.1556372549019608,1.0,61.26344169921288
1021836,Alex Stepien-Iwumene (1021836),21.3,Midfield - Central Midfield,Midfield,Bromley FC,Derby County U21,Premier League 2,24/25,3030.0,0.594059405940594,0.0,0.594059405940594,,,0.6535750251762337,0.6535750251762337,0.31428571428571417,0.5,1.0,61.24307293914545
697278,Charlie Webster (697278),22.5,Midfield - Central Midfield,Midfield,Burton Albion,Burton Albion,League One,25/26,2210.0,0.8144796380090499,0.0,0.8144796380090499,400000.0,<=0.5m,0.7472306143001007,0.7472306143001007,0.14285714285714285,0.3772977941176471,0.884,61.24172026136739
865986,Mattia Walker (865986),21.5,Midfield - Defensive Midfield,Midfield,Etoile Carouge FC,FC Luzern,Super League,24/25,7700.0,0.3506493506493506,0.0116883116883116,0.3623376623376623,100000.0,<=0.5m,0.6029411764705882,0.6029411764705882,0.2857142857142857,0.7486213235294117,1.0,61.22859768907563
702583,Jamie Miley (702583),22.6,Midfield - Defensive Midfield,Midfield,Hartlepool United,Newport County,National League,24/25,5370.0,0.3351955307262569,0.0502793296089385,0.3854748603351955,0.0,<=0.5m,0.7430370087752766,0.6323529411764706,0.12857142857142836,0.5,1.0,61.204313896485715
724783,Tawanda Chirewa (724783),22.9,Midfield - Attacking Midfield,Midfield,Wolverhampton Wanderers,Wolverhampton Wanderers U21,Premier League 2,24/25,900.0,2.0,0.0,2.0,500000.0,<=0.5m,0.8607843137254902,0.8607843137254902,0.08571428571428592,0.327359068627451,0.36,61.201514355742304
858324,Djordje Gordic (858324),21.8,Midfield - Central Midfield,Midfield,Debreceni VSC,FK TSC Backa Topola,Prva Liga,24/25,4280.0,0.6308411214953271,0.0420560747663551,0.6728971962616823,400000.0,<=0.5m,0.7004028197381672,0.7004028197381672,0.24285714285714274,0.3772977941176471,1.0,61.19205258765138
1039623,Davud Keskin (1039623),20.1,Midfield - Defensive Midfield,Midfield,FC Hertha 03 Zehlendorf,FC Hertha 03 Zehlendorf,Berliner Pokal,25/26,3390.0,0.2654867256637168,0.0,0.2654867256637168,10000.0,<=0.5m,0.49159663865546216,0.49159663865546216,0.4857142857142855,0.9932598039215687,1.0,61.17286414565826
724107,Luca Di Maggio (724107),21.4,Midfield - Central Midfield,Midfield,Calcio Padova,AC Perugia Calcio,Serie C-B,24/25,4340.0,0.6221198156682028,0.0414746543778801,0.6635944700460831,500000.0,<=0.5m,0.6961083555894697,0.6928499496475328,0.3000000000000002,0.327359068627451,1.0,61.077843365429885
1048149,Andrea Piantoni (1048149),19.9,Midfield - Central Midfield,Midfield,US Folgore Caratese,AC Mestre,Play-off Serie D,24/25,8090.0,0.3337453646477132,0.0333745364647713,0.3671199011124846,200000.0,<=0.5m,0.642502861503243,0.48439073514602216,0.5142857142857145,0.5553002450980392,1.0,61.0744797702797
1089004,Soumaïla Diabaté (1089004),21.7,Midfield - Defensive Midfield,Midfield,Red Bull Salzburg,FC Blau-Weiss Linz,Bundesliga,24/25,2700.0,0.3333333333333333,0.0666666666666666,0.4,2000000.0,0.5-2m,0.8088515833651279,0.6449579831932774,0.25714285714285723,0.14522058823529416,1.0,61.07280974770679
723410,Vincenzo Spingola (723410),22.2,Midfield - Defensive Midfield,Midfield,Europa FC,Europa FC,Championship Group,24/25,5110.0,0.3522504892367906,0.0,0.3522504892367906,50000.0,<=0.5m,0.592436974789916,0.592436974789916,0.1857142857142858,0.8958333333333334,1.0,61.05931372549019
1285798,Tiaguinho (1285798),18.5,Midfield - Central Midfield,Midfield,Grêmio FBPA U20,Grêmio FBPA U20,CBF Brasileiro U20,2025,4370.0,0.4118993135011441,0.0205949656750572,0.4324942791762013,,,0.5438066465256798,0.5438066465256798,0.7142857142857143,0.5,1.0,61.05697022011222
1125761,Marcel Regula (1125761),19.8,Midfield - Attacking Midfield,Midfield,Zaglebie Lubin,Zaglebie Lubin,Ekstraklasa,25/26,1920.0,0.9375,0.046875,0.984375,1000000.0,0.5-2m,0.7256772224341854,0.6562091503267974,0.5285714285714285,0.20634191176470584,0.768,61.03826538153733
1138156,Jordan Mendes (1138156),22.5,Midfield - Defensive Midfield,Midfield,Rodez AF,FC Versailles 78,Championnat National,24/25,1950.0,0.4615384615384615,0.0461538461538461,0.5076923076923077,200000.0,<=0.5m,0.7213849675696299,0.7163865546218487,0.14285714285714285,0.5553002450980392,0.78,61.033050686413446
965940,Zack Nelson (965940),21.3,Midfield - Attacking Midfield,Midfield,Luton Town,Luton Town,EFL Trophy,25/26,1630.0,0.5521472392638037,0.1104294478527607,0.6625766871165645,700000.0,0.5-2m,0.908813429988554,0.5111111111111111,0.31428571428571417,0.2643995098039216,0.652,61.02951934983582
1009483,Antonio Bazdaric (1009483),20.6,Midfield - Defensive Midfield,Midfield,AS Trencin,NK Lokomotiva Zagreb,SuperSport HNL,24/25,4850.0,0.3711340206185567,0.0185567010309278,0.3896907216494845,300000.0,<=0.5m,0.6365546218487395,0.6365546218487395,0.4142857142857141,0.4431678921568627,1.0,61.02619922969187
986875,Bernard Pick (986875),20.0,Midfield - Central Midfield,Midfield,FC Viktoria 1889 Berlin,FC Viktoria 1889 Berlin U19,U19 Nachwuchsliga - Liga B,24/25,3670.0,0.4904632152588555,0.0245231607629427,0.5149863760217983,,,0.6002014098690835,0.6002014098690835,0.5,0.5,1.0,61.01208459214501
1107314,Taonsa Axel (1107314),22.5,Midfield - Attacking Midfield,Midfield,Västerås SK,Västerås SK,Superettan,2025,4160.0,0.6490384615384616,0.0649038461538461,0.7139423076923077,300000.0,<=0.5m,0.8010301411674933,0.5477124183006536,0.14285714285714285,0.4431678921568627,1.0,60.97888334288949
964239,Endris Scaramelli (964239),19.9,Midfield - Right Midfield,Midfield,Monza Primavera,Monza Primavera,Primavera 1,25/26,2150.0,0.4186046511627906,0.0,0.4186046511627906,25000.0,<=0.5m,0.5105263157894737,0.5105263157894737,0.5142857142857145,0.9641544117647058,0.86,60.95831214064573
935508,Victor Eletu (935508),21.4,Midfield - Defensive Midfield,Midfield,Milan Futuro,AC Milan Primavera,Primavera Fase Finale,24/25,7420.0,0.2425876010781671,0.0485175202156334,0.2911051212938005,250000.0,<=0.5m,0.7342617321632965,0.5168067226890757,0.3000000000000002,0.49188112745098034,1.0,60.95802950567866
1125761,Marcel Regula (1125761),19.8,Midfield - Attacking Midfield,Midfield,Zaglebie Lubin,Zaglebie Lubin,Ekstraklasa,24/25,6710.0,0.4023845007451564,0.067064083457526,0.4694485842026825,1000000.0,0.5-2m,0.8115223197252956,0.39869281045751637,0.5285714285714285,0.20634191176470584,1.0,60.955019601475335
1109826,Louis Agosti (1109826),21.5,Midfield - Left Midfield,Midfield,Dolomiti Bellunesi,Perugia Primavera,Primavera 2 - B,24/25,3600.0,0.5,0.0,0.5,75000.0,<=0.5m,0.5804597701149425,0.5804597701149425,0.2857142857142857,0.8249080882352942,1.0,60.94772801361924
982832,Adri Heredia (982832),19.9,Midfield - Central Midfield,Midfield,CF Lorca Deportiva,Recreativo Granada,Segunda Federación - Gr. IV,24/25,8220.0,0.218978102189781,0.0328467153284671,0.2518248175182482,100000.0,<=0.5m,0.6377336894315146,0.36253776435045315,0.5142857142857145,0.7486213235294117,1.0,60.91898097209072
969562,Kitt Nelson (969562),21.6,Midfield - Attacking Midfield,Midfield,Cork City FC,Cork City FC,FAI Cup,2025,6270.0,0.8612440191387559,0.0143540669856459,0.8755980861244018,125000.0,<=0.5m,0.6203739030904235,0.6104575163398693,0.27142857142857124,0.6836703431372548,1.0,60.918515623691924
834467,Kauê (834467),21.8,Midfield - Central Midfield,Midfield,FC Porto B,Botafogo de Futebol e Regatas,Série A,2025,2010.0,0.8955223880597015,0.0,0.8955223880597015,2000000.0,0.5-2m,0.7824773413897281,0.7824773413897281,0.24285714285714274,0.14522058823529416,0.804,60.90744300439209
1178758,Malick Yalcouyé (1178758),20.8,Midfield - Central Midfield,Midfield,Swansea City,SK Sturm Graz,Bundesliga,24/25,4960.0,0.7258064516129032,0.0362903225806451,0.7620967741935484,17000000.0,10m+,0.7391742195367573,0.7391742195367573,0.3857142857142856,0.026348039215686292,1.0,60.89075429265362
720287,Danila Kozlov (720287),21.6,Midfield - Attacking Midfield,Midfield,FC Krasnodar,FC Krasnodar,Premier Liga,25/26,1130.0,1.592920353982301,0.079646017699115,1.672566371681416,2000000.0,0.5-2m,0.8491033956505151,0.8052287581699347,0.27142857142857124,0.14522058823529416,0.452,60.8769070926094
995817,Dorian Derbaci (995817),20.4,Midfield - Central Midfield,Midfield,FC Aarau,FC Aarau,Super League Barrage,24/25,6700.0,0.5373134328358209,0.0,0.5373134328358209,250000.0,<=0.5m,0.6143001007049346,0.6143001007049346,0.44285714285714306,0.49188112745098034,1.0,60.830056112324094
817969,Yaroslav Arbuzov (817969),22.6,Midfield - Attacking Midfield,Midfield,Rotor Volgograd,Rotor Volgograd,1.Division,25/26,1490.0,1.2080536912751678,0.0,1.2080536912751678,150000.0,<=0.5m,0.730718954248366,0.730718954248366,0.12857142857142836,0.6395526960784313,0.596,60.814017857142844
1134676,Daniil Vashchenko (1134676),20.9,Midfield - Defensive Midfield,Midfield,FC Oleksandriya,FC Oleksandriya,Premier Liga,24/25,6550.0,0.4122137404580153,0.0,0.4122137404580153,400000.0,<=0.5m,0.6596638655462185,0.6596638655462185,0.3714285714285716,0.3772977941176471,1.0,60.80485819327731
870891,Maximilian Fillafer (870891),21.6,Midfield - Right Midfield,Midfield,TSV Hartberg,TSV Hartberg,LL Steiermark,24/25,3760.0,0.2393617021276595,0.0718085106382978,0.3111702127659574,300000.0,<=0.5m,0.8271652041205647,0.4,0.27142857142857124,0.4431678921568627,1.0,60.77948538963468
719678,Tsoanelo Letsosa (719678),22.2,Midfield - Central Midfield,Midfield,Partick Thistle FC,Partick Thistle FC,Championship,25/26,2200.0,0.409090909090909,0.0409090909090909,0.4499999999999999,100000.0,<=0.5m,0.6924837848149561,0.5548841893252769,0.1857142857142858,0.7486213235294117,0.88,60.773963088964756
1168492,Marvin Nöske (1168492),21.6,Midfield - Defensive Midfield,Midfield,FC Eintracht Münchberg,FC Eintracht Münchberg,Relegation zur Bayernliga,24/25,1800.0,0.5,0.0,0.5,0.0,<=0.5m,0.7037815126050421,0.7037815126050421,0.27142857142857124,0.5,0.72,60.76974789915967
1043635,Cameron Ashia (1043635),19.9,Midfield - Attacking Midfield,Midfield,Huddersfield Town B,Huddersfield Town,EFL Trophy,25/26,2040.0,0.8823529411764706,0.0,0.8823529411764706,,,0.6266692102251049,0.6163398692810458,0.5142857142857145,0.5,0.816,60.761478541308435
1143311,Fabian Bzdyl (1143311),18.7,Midfield - Attacking Midfield,Midfield,MSK Zilina,Cracovia,Ekstraklasa,24/25,2010.0,0.8955223880597015,0.0,0.8955223880597015,600000.0,0.5-2m,0.6315337657382678,0.6222222222222222,0.6857142857142858,0.2890625,0.804,60.74547555837165
795738,Paxten Aaronson (795738),23.0,Midfield - Attacking Midfield,Midfield,Colorado Rapids,FC Utrecht,Eredivisie,24/25,6670.0,1.214392803598201,0.08095952023988,1.295352323838081,8000000.0,5-10m,0.8519648988935521,0.7477124183006536,0.07142857142857142,0.05346200980392157,1.0,60.715664640681396
1010120,Manuel Mendonça (1010120),21.4,Midfield - Attacking Midfield,Midfield,Sporting CP B,Sporting CP,Liga 3 - Promotion,24/25,12820.0,0.4914196567862715,0.0561622464898595,0.5475819032761311,,,0.7672644028996566,0.44313725490196076,0.3000000000000002,0.5,1.0,60.70506691803009
1220464,Lukas Zuccarello (1220464),19.7,Midfield - Attacking Midfield,Midfield,CR Vasco da Gama U20,Clube de Regatas Vasco da Gama,CBF Brasileiro U20,2025,6370.0,0.8477237048665619,0.0141287284144427,0.8618524332810046,400000.0,<=0.5m,0.6152231972529569,0.6065359477124183,0.5428571428571429,0.3772977941176471,1.0,60.690155748646916
1159439,Rouven Tarnutzer (1159439),19.1,Midfield - Central Midfield,Midfield,SC Freiburg II,SC Freiburg U19,U19 Nachwuchsliga - Liga B,24/25,9650.0,0.0932642487046632,0.0559585492227979,0.1492227979274611,,,0.7665013353681801,0.20443101711983888,0.6285714285714283,0.5,1.0,60.681675977770155
555062,Tomasz Pienko (555062),22.6,Midfield - Attacking Midfield,Midfield,Raków Częstochowa,Zaglebie Lubin,Ekstraklasa,24/25,5050.0,1.4257425742574257,0.0534653465346534,1.4792079207920792,2000000.0,0.5-2m,0.7764705882352941,0.7764705882352941,0.12857142857142836,0.14522058823529416,1.0,60.67846638655462
1047298,Amin Muja (1047298),20.6,Midfield - Attacking Midfield,Midfield,SV Meppen,SV Meppen II,OL Niedersachsen,25/26,2950.0,0.3050847457627118,0.0305084745762711,0.335593220338983,10000.0,<=0.5m,0.6234261732163296,0.29150326797385623,0.4142857142857141,0.9932598039215687,1.0,60.63747516111875
1293525,Dai Baldé (1293525),19.8,Midfield - Defensive Midfield,Midfield,Rio Ave FC U23,Rio Ave FC U23,Liga Revelação,25/26,2590.0,0.3474903474903475,0.0,0.3474903474903475,,,0.5861344537815126,0.5861344537815126,0.5285714285714285,0.5,1.0,60.62521008403362
730484,Aaron Zehnter (730484),21.8,Midfield - Left Midfield,Midfield,VfL Wolfsburg,SC Paderborn 07,2. Bundesliga,24/25,9380.0,0.2878464818763326,0.1247334754797441,0.4125799573560768,6000000.0,5-10m,0.925982449446776,0.4827586206896552,0.24285714285714274,0.0660232843137255,1.0,60.61806300025635
1059716,Alessandro Cardascio (1059716),19.7,Midfield - Central Midfield,Midfield,Sassuolo Primavera,Sassuolo Primavera,Primavera 1,24/25,5100.0,0.3529411764705882,0.0,0.3529411764705882,25000.0,<=0.5m,0.473313192346425,0.473313192346425,0.5428571428571429,0.9641544117647058,1.0,60.58266759120566
829316,Maurice Krattenmacher (829316),21.0,Midfield - Attacking Midfield,Midfield,Hertha BSC,SSV Ulm 1846,2. Bundesliga,24/25,6840.0,0.3947368421052631,0.1052631578947368,0.5,3500000.0,2-5m,0.9011827546737886,0.4176470588235294,0.35714285714285715,0.10125612745098034,1.0,60.56505147032105
926839,Ivan Sulev (926839),19.9,Midfield - Central Midfield,Midfield,Cagliari Primavera,Cagliari Primavera,Primavera 1,24/25,7820.0,0.4603580562659847,0.0230179028132992,0.4833759590792839,200000.0,<=0.5m,0.5760322255790534,0.5760322255790534,0.5142857142857145,0.5553002450980392,1.0,60.56470839468718
904974,Noel Aseko (904974),20.7,Midfield - Defensive Midfield,Midfield,Hannover 96,Bayern Munich,2. Bundesliga,24/25,4330.0,0.4157043879907621,0.0207852193995381,0.4364896073903002,700000.0,0.5-2m,0.6743697478991597,0.6743697478991597,0.4000000000000001,0.2643995098039216,1.0,60.563778011204484
954277,Martin Kern (954277),20.4,Midfield - Central Midfield,Midfield,Puskás Akadémia FC,SK Sturm Graz II,2. Liga,24/25,3770.0,0.2387267904509283,0.0477453580901856,0.286472148541114,250000.0,<=0.5m,0.7306371613887829,0.3997985901309164,0.44285714285714306,0.49188112745098034,1.0,60.53183118568193
615036,Antonio Foti (615036),22.8,Midfield - Attacking Midfield,Midfield,Borussia Dortmund II,Borussia Dortmund II,3. Liga,24/25,4820.0,0.933609958506224,0.0560165975103734,0.9896265560165975,400000.0,<=0.5m,0.7666921022510492,0.6588235294117647,0.0999999999999999,0.3772977941176471,1.0,60.51058665024575
1055199,Tuğhan Yıldız (1055199),20.4,Midfield - Attacking Midfield,Midfield,Unknown,Eyüpspor U19,U19 Süper Lig,24/25,1900.0,0.9473684210526316,0.0,0.9473684210526316,0.0,<=0.5m,0.6497520030522701,0.6405228758169934,0.44285714285714306,0.5,0.76,60.46779366967441
1204562,Lasse Mandal (1204562),19.5,Midfield - Central Midfield,Midfield,Sönderjyske U19,Randers FC U19,U19 Boys League,24/25,5850.0,0.4615384615384615,0.0153846153846153,0.4769230769230769,,,0.5720040281973817,0.5720040281973817,0.5714285714285714,0.5,1.0,60.463098834700034
1004728,Dudu (1004728),20.6,Midfield - Attacking Midfield,Midfield,Athletico Paranaense U20,Club Athletico Paranaense,Copa do Brasil,2025,1310.0,1.3740458015267174,0.0,1.3740458015267174,900000.0,0.5-2m,0.7577260587561999,0.7568627450980392,0.4142857142857141,0.2244178921568627,0.524,60.454992543659955
982575,Gustavo Sá (982575),21.8,Midfield - Attacking Midfield,Midfield,FC Famalicão,FC Famalicão,Liga Portugal,24/25,6360.0,0.5660377358490566,0.1132075471698113,0.6792452830188679,16000000.0,10m+,0.9123426173216329,0.5228758169934641,0.24285714285714274,0.02711397058823528,1.0,60.43759730602783
1209543,Filippo Candido (1209543),18.6,Midfield - Right Midfield,Midfield,Lecce Primavera,Lecce Under 18,Under 18,24/25,8370.0,0.4301075268817204,0.010752688172043,0.4408602150537634,,,0.5368421052631579,0.5368421052631579,0.6999999999999998,0.5,1.0,60.41052631578948
1061611,Luisao Macías (1061611),21.6,Midfield - Attacking Midfield,Midfield,Pontevedra CF,RC Deportivo Fabril,Promoción a 1ª Federación,24/25,5030.0,0.3578528827037773,0.0357852882703777,0.393638170974155,25000.0,<=0.5m,0.6590041968714231,0.3411764705882353,0.27142857142857124,0.9641544117647058,1.0,60.38906074161827
1140587,Daniil Prykhodko (1140587),20.4,Midfield - Right Midfield,Midfield,Metalist Kharkiv,Metalist Kharkiv,Persha Liga,24/25,4720.0,0.1906779661016949,0.0381355932203389,0.2288135593220339,50000.0,<=0.5m,0.6740747806180847,0.23157894736842105,0.44285714285714306,0.8958333333333334,1.0,60.336959457973435
708169,Egor Mosin (708169),23.0,Midfield - Left Midfield,Midfield,Ural Yekaterinburg,Ural Yekaterinburg,Relegation Premier Liga,24/25,7630.0,0.3538663171690694,0.0825688073394495,0.4364351245085189,400000.0,<=0.5m,0.8553033193437619,0.5172413793103449,0.07142857142857142,0.3772977941176471,1.0,60.305862740394744
954392,Zack Stritch (954392),20.8,Midfield - Attacking Midfield,Midfield,Blackburn Rovers U21,Blackburn Rovers U21,Premier League 2,24/25,5140.0,0.8754863813229572,0.0,0.8754863813229572,,,0.6244753910721099,0.6091503267973856,0.3857142857142856,0.5,1.0,60.30280062171124
1053935,James Plant (1053935),21.8,Midfield - Left Midfield,Midfield,Yeovil Town,Port Vale FC,National League,24/25,5400.0,0.3333333333333333,0.05,0.3833333333333333,175000.0,<=0.5m,0.7410339565051507,0.4482758620689655,0.24285714285714274,0.5994178921568627,1.0,60.29892408862333
706700,,21.2,Midfield - Central Midfield,Midfield,Cove Rangers FC,Queen of the South FC,Scottish Championship Play-offs,24/25,8080.0,0.3341584158415841,0.0445544554455445,0.3787128712871286,,,0.7118466234261732,0.4984894259818731,0.3285714285714287,0.5,1.0,60.27408191893865
1186328,Tiago Campas (1186328),21.5,Midfield - Central Midfield,Midfield,SC São João de Ver,Leixões SC U23,Revelação U23 - Qualif. round,24/25,3120.0,0.5769230769230769,0.0,0.5769230769230769,,,0.6445115810674723,0.6445115810674723,0.2857142857142857,0.5,1.0,60.24212343547691
1160232,Josias Sabone (1160232),20.0,Midfield - Central Midfield,Midfield,Torino Primavera,Torino Primavera,Primavera 1,24/25,2130.0,0.4225352112676056,0.0,0.4225352112676056,75000.0,<=0.5m,0.5357502517623364,0.5357502517623364,0.5,0.8249080882352942,0.852,60.21372834103431
683620,Antoni Milambo (683620),21.4,Midfield - Attacking Midfield,Midfield,Brentford FC,Feyenoord Rotterdam,Beloften nacompetitie,24/25,9500.0,0.6631578947368421,0.0852631578947368,0.7484210526315789,18000000.0,10m+,0.861884776802747,0.5594771241830065,0.3000000000000002,0.024356617647058876,1.0,60.20111089758936
979383,Antonino De Marco (979383),21.9,Midfield - Central Midfield,Midfield,Potenza Calcio,Delfino Pescara 1936,Playoff Serie C,24/25,3260.0,0.5521472392638037,0.0,0.5521472392638037,150000.0,<=0.5m,0.6263846928499497,0.6263846928499497,0.2285714285714288,0.6395526960784313,1.0,60.19396217323788
930583,Luciano Peluso (930583),21.3,Midfield - Central Midfield,Midfield,Giugliano Calcio 1928,Giugliano Calcio 1928,Serie C-C,24/25,5050.0,0.3564356435643564,0.0356435643564356,0.3920792079207921,150000.0,<=0.5m,0.6577642121327737,0.5095669687814703,0.31428571428571417,0.6395526960784313,1.0,60.18782254790721
1174032,Tidiane Devernois (1174032),18.8,Midfield - Central Midfield,Midfield,AJ Auxerre B,AJ Auxerre B,National 3 - Grp. G,25/26,1800.0,0.5,0.0,0.5,,,0.5871097683786506,0.5871097683786506,0.6714285714285714,0.5,0.72,60.16944324557617
1363038,Halan (1363038),20.1,Midfield - Central Midfield,Midfield,Náutico U20,Clube Náutico Capibaribe,Série C,2025,2660.0,0.3383458646616541,0.0338345864661654,0.3721804511278195,,,0.6457458985120184,0.49295065458207454,0.4857142857142855,0.5,1.0,60.154687115690905
1073744,Mateusz Szczepaniak (1073744),19.6,Midfield - Attacking Midfield,Midfield,Pogon Grodzisk Mazowiecki,Legia Warszawa,Ekstraklasa,24/25,10710.0,0.1680672268907563,0.0840336134453781,0.2521008403361344,600000.0,0.5-2m,0.8582602060282335,0.20784313725490197,0.5571428571428569,0.2890625,1.0,60.147597562966425
942065,Julian Oerip (942065),19.8,Midfield - Attacking Midfield,Midfield,AZ Alkmaar U21,AZ Alkmaar U19,U19 Div. 1 Spring,24/25,16090.0,0.5593536357986327,0.0335612181479179,0.5929148539465507,250000.0,<=0.5m,0.644028996566196,0.469281045751634,0.5285714285714285,0.49188112745098034,1.0,60.14076351750798
1069459,Noah Lahmadi (1069459),21.6,Midfield - Central Midfield,Midfield,FC Toulouse,Toulouse FC B,National 3 - Grp. A,25/26,1510.0,0.5960264900662252,0.0,0.5960264900662252,100000.0,<=0.5m,0.6545820745216515,0.6545820745216515,0.27142857142857124,0.7486213235294117,0.604,60.138480143567996
1176429,David Hicks (1176429),20.3,Midfield - Central Midfield,Midfield,Reading FC U21,Reading FC U21,Premier League 2,25/26,1490.0,0.6040268456375839,0.0,0.6040268456375839,,,0.6641490433031219,0.6641490433031219,0.457142857142857,0.5,0.596,60.12322831247302
708635,Lorenzo Bernasconi (708635),22.8,Midfield - Left Midfield,Midfield,Atalanta U23,Atalanta U23,Playoff Serie C,24/25,9440.0,0.2860169491525424,0.1144067796610169,0.4004237288135593,800000.0,0.5-2m,0.9147272033574971,0.47126436781609193,0.0999999999999999,0.24203431372549022,1.0,60.115930211695776
857155,Ryan Fage (857155),22.8,Midfield - Attacking Midfield,Midfield,Paris 13 Atletico,Paris 13 Atletico,Championnat National,25/26,1960.0,0.9183673469387754,0.0,0.9183673469387754,50000.0,<=0.5m,0.6392598244944677,0.6287581699346405,0.0999999999999999,0.8958333333333334,0.784,60.10621973601853
1219473,Cauã Magno (1219473),19.7,Midfield - Defensive Midfield,Midfield,CRB U20,CRB U20,Copinha,2025,2670.0,0.3370786516853932,0.0,0.3370786516853932,,,0.5735294117647058,0.5735294117647058,0.5428571428571429,0.5,1.0,60.097478991596645
866216,Jacopo Simonetta (866216),20.6,Midfield - Attacking Midfield,Midfield,Como Primavera,Cagliari Primavera,Primavera 1,24/25,5910.0,0.4568527918781725,0.0456852791878172,0.5025380710659898,250000.0,<=0.5m,0.7177603967951164,0.4222222222222222,0.4142857142857141,0.49188112745098034,1.0,60.07869117998846
941418,Denil Castillo (941418),22.4,Midfield - Central Midfield,Midfield,FC Midtjylland,FC Midtjylland,Superliga,25/26,5020.0,0.5378486055776892,0.0717131474103585,0.6095617529880478,3500000.0,2-5m,0.8264975200305227,0.6686807653575025,0.15714285714285733,0.10125612745098034,1.0,60.049754097624366
937064,Luca Szimionaș (937064),20.0,Midfield - Central Midfield,Midfield,Hellas Verona Primavera,Hellas Verona Primavera,Primavera 1,24/25,2690.0,0.3345724907063196,0.0334572490706319,0.3680297397769516,250000.0,<=0.5m,0.6433613124761541,0.486404833836858,0.5,0.49188112745098034,1.0,60.03497200281846
670105,Alwande Roaldsøy (670105),22.2,Midfield - Central Midfield,Midfield,Molde FK,Hamarkameratene,Eliteserien,2025,7150.0,0.6293706293706294,0.0503496503496503,0.6797202797202797,900000.0,0.5-2m,0.7438000763067532,0.7089627391742196,0.1857142857142858,0.2244178921568627,1.0,59.9748622231141
1109826,Louis Agosti (1109826),21.5,Midfield - Left Midfield,Midfield,Dolomiti Bellunesi,Dolomiti Bellunesi,Serie C - A,25/26,1650.0,0.5454545454545454,0.0,0.5454545454545454,75000.0,<=0.5m,0.6206896551724138,0.6206896551724138,0.2857142857142857,0.8249080882352942,0.66,59.96152111706752
1048151,Daniele Pollio (1048151),20.2,Midfield - Central Midfield,Midfield,CPR Ospitaletto,Sant'Angelo,Serie D - B,24/25,9830.0,0.2746693794506612,0.0274669379450661,0.3021363173957273,100000.0,<=0.5m,0.599771079740557,0.4149043303121853,0.47142857142857153,0.7486213235294117,1.0,59.94275196927815
885623,Issiaka Kamate (885623),22.0,Midfield - Central Midfield,Midfield,Inter U23,Inter U23,Serie C - A,25/26,900.0,1.0,0.0,1.0,750000.0,0.5-2m,0.8222557905337362,0.8222557905337362,0.21428571428571427,0.25382965686274506,0.36,59.917534056674036
712880,Johan Bakke (712880),22.4,Midfield - Central Midfield,Midfield,Strømsgodset IF,Strømsgodset IF,Eliteserien,2025,2650.0,0.6792452830188679,0.0,0.6792452830188679,450000.0,<=0.5m,0.7074521651560927,0.7074521651560927,0.15714285714285733,0.35340073529411764,1.0,59.90902591776893
876631,Habib Diarra (876631),22.6,Midfield - Central Midfield,Midfield,Sunderland AFC,RC Strasbourg Alsace,Ligue 1,24/25,5890.0,0.6112054329371817,0.0764006791171477,0.6876061120543293,20000000.0,10m+,0.8395650515070584,0.7109768378650554,0.12857142857142836,0.021752450980392135,1.0,59.906639561167786
1083703,Tyler Mansbridge (1083703),18.9,Midfield,Midfield,Blackburn Rovers U18,Blackburn Rovers U18,U18 Premier League,24/25,4560.0,0.5921052631578947,0.0197368421052631,0.6118421052631579,,,0.5396825396825397,0.5396825396825397,0.6571428571428574,0.5,1.0,59.8952380952381
632088,Cisse Sandra (632088),22.7,Midfield - Attacking Midfield,Midfield,Club Brugge KV,Willem II Tilburg,Keuken Kampioen Play-Offs,24/25,4700.0,0.7659574468085106,0.076595744680851,0.8425531914893617,1000000.0,0.5-2m,0.8401373521556658,0.6,0.1142857142857144,0.20634191176470584,1.0,59.842577575192614
1043979,William Wendt (1043979),20.6,Midfield - Left Midfield,Midfield,Stabæk Fotball,Stabæk Fotball,NM-Cup,2026,950.0,0.9473684210526316,0.0,0.9473684210526316,500000.0,<=0.5m,0.7471264367816092,0.7471264367816092,0.4142857142857141,0.327359068627451,0.38,59.8391845962523
1113308,Anas Tajaouart (1113308),20.9,Midfield - Central Midfield,Midfield,RSC Anderlecht,RSC Anderlecht,CPL,24/25,5190.0,0.5202312138728323,0.0346820809248554,0.5549132947976878,400000.0,<=0.5m,0.6518504387638306,0.6283987915407855,0.3714285714285716,0.3772977941176471,1.0,59.82011634742705
726397,Szczepan Mucha (726397),22.5,Midfield - Attacking Midfield,Midfield,Piast Gliwice,Piast Gliwice,Betclic 2 Liga,24/25,1660.0,1.0843373493975903,0.0,1.0843373493975903,150000.0,<=0.5m,0.7012590614269363,0.6941176470588235,0.14285714285714285,0.6395526960784313,0.664,59.79788460033002
1101561,Angelo Burruano (1101561),20.5,Midfield - Central Midfield,Midfield,FC Pro Vercelli 1892,FC Pro Vercelli 1892,Playout Serie C,24/25,6840.0,0.3947368421052631,0.0131578947368421,0.4078947368421052,75000.0,<=0.5m,0.5226586102719033,0.5226586102719033,0.42857142857142855,0.8249080882352942,1.0,59.76537270875117
1175588,Oğuzhan Aksoy (1175588),19.7,Midfield - Attacking Midfield,Midfield,68 Aksarayspor,Sivasspor,Süper Lig,24/25,4470.0,0.6040268456375839,0.0,0.6040268456375839,75000.0,<=0.5m,0.5006676840900419,0.477124183006536,0.5428571428571429,0.8249080882352942,1.0,59.75653154257379
983704,Ruben Curley (983704),21.0,Midfield - Central Midfield,Midfield,Stoke City U21,Manchester United U21,Premier League 2,24/25,3490.0,0.5157593123209169,0.0257879656160458,0.5415472779369627,,,0.6163141993957704,0.6163141993957704,0.35714285714285715,0.5,1.0,59.69313767803194
743387,Stanis Idumbo (743387),21.1,Midfield - Attacking Midfield,Midfield,AS Monaco,Sevilla FC,LaLiga,24/25,3490.0,0.5157593123209169,0.0773638968481375,0.5931232091690544,2500000.0,2-5m,0.8431896222815719,0.47058823529411764,0.34285714285714264,0.12745098039215685,1.0,59.6641748343748
1249275,Mario Guilabert (1249275),20.7,Midfield - Central Midfield,Midfield,Valencia Mestalla,Elche Ilicitano,Segunda Federación - Gr. III,24/25,9500.0,0.1894736842105263,0.0378947368421052,0.2273684210526315,100000.0,<=0.5m,0.6728347958794353,0.32628398791540786,0.4000000000000001,0.7486213235294117,1.0,59.626668506969274
816585,Can Uzun (816585),20.8,Midfield - Attacking Midfield,Midfield,Eintracht Frankfurt,Eintracht Frankfurt,Bundesliga,24/25,4960.0,0.907258064516129,0.0544354838709677,0.9616935483870968,18000000.0,10m+,0.7603967951163678,0.6457516339869281,0.3857142857142856,0.024356617647058876,1.0,59.614035380621786
922363,Anton Bäuerle (922363),21.3,Midfield - Left Midfield,Midfield,SC Paderborn 07 II,SC Paderborn 07,Regionalliga West,24/25,11410.0,0.1577563540753724,0.0631025416301489,0.2208588957055214,200000.0,<=0.5m,0.794925600915681,0.2988505747126437,0.31428571428571417,0.5553002450980392,1.0,59.58466033841802
1064603,Iván del Olmo (1064603),22.5,Midfield - Central Midfield,Midfield,UD Ibiza,Ourense CF,Primera Federación - Gr. II,24/25,3360.0,0.5357142857142857,0.0,0.5357142857142857,100000.0,<=0.5m,0.6132930513595166,0.6132930513595166,0.14285714285714285,0.7486213235294117,1.0,59.563995896697044
987195,Jens Magnusson (987195),21.7,Midfield - Attacking Midfield,Midfield,Västerås SK,Västerås SK,Superettan,2025,2670.0,0.6741573033707865,0.0337078651685393,0.7078651685393258,150000.0,<=0.5m,0.6450782144219763,0.5437908496732026,0.25714285714285723,0.6395526960784313,1.0,59.54439430022931
710484,Mario Maroto (710484),22.7,Midfield - Central Midfield,Midfield,Real Valladolid CF,Real Valladolid CF,LaLiga,24/25,4810.0,0.5613305613305614,0.0374220374220374,0.5987525987525988,200000.0,<=0.5m,0.6705455932850057,0.6555891238670695,0.1142857142857144,0.5553002450980392,1.0,59.50646812984973
1255890,Léo Latour (1255890),19.3,Midfield - Attacking Midfield,Midfield,Angers SCO U19,Angers SCO U19,National U19 - Grp. C,24/25,940.0,0.9574468085106382,0.0,0.9574468085106382,,,0.6529950400610454,0.6437908496732027,0.5999999999999999,0.5,0.376,59.33721021513018
1086636,Gabriel Moscardo (1086636),20.9,Midfield - Defensive Midfield,Midfield,SC Braga,Stade Reims,Coupe de France,24/25,1480.0,0.6081081081081081,0.0,0.6081081081081081,8000000.0,5-10m,0.7783613445378151,0.7783613445378151,0.3714285714285716,0.05346200980392157,0.592,59.31300595238096
746739,Andre Brooks (746739),23.0,Midfield - Central Midfield,Midfield,Sheffield United,Sheffield United,Championship Play-Offs,24/25,4250.0,0.8470588235294116,0.0423529411764705,0.8894117647058822,3000000.0,2-5m,0.7764350453172205,0.7764350453172205,0.07142857142857142,0.1128982843137255,1.0,59.309535842282536
915427,Aaron Henkel (915427),20.1,Midfield - Attacking Midfield,Midfield,FC Eilenburg,FC Eilenburg,Sachsenpokal,25/26,1310.0,0.6870229007633587,0.0,0.6870229007633587,10000.0,<=0.5m,0.546928653185807,0.5274509803921569,0.4857142857142855,0.9932598039215687,0.524,59.30427621601865
945489,Antonio Mauric (945489),22.8,Midfield - Defensive Midfield,Midfield,NK Istra 1961,NK Istra 1961,SuperSport HNL,24/25,3600.0,0.25,0.075,0.325,700000.0,0.5-2m,0.8366081648225868,0.5546218487394958,0.0999999999999999,0.2643995098039216,1.0,59.2943840727821
1096853,Oziel (1096853),20.5,Midfield - Defensive Midfield,Midfield,ABC FC U20,ABC Futebol Clube (RN),Série C,2025,2560.0,0.3515625,0.0,0.3515625,,,0.5903361344537815,0.5903361344537815,0.42857142857142855,0.5,1.0,59.27731092436975
954125,Kiano Dyer (954125),19.7,Midfield - Central Midfield,Midfield,FC Volendam,Chelsea FC U21,PL2 Playoffs,24/25,15080.0,0.2387267904509283,0.0358090185676392,0.2745358090185676,,,0.6593857306371614,0.38721047331319236,0.5428571428571429,0.5,1.0,59.261002462816656
926653,Thomas Lutte (926653),22.1,Midfield - Defensive Midfield,Midfield,Zébra Élites,Zébra Élites,1ste Nationale ACFF,25/26,1990.0,0.4522613065326633,0.0,0.4522613065326633,,,0.6848739495798319,0.6848739495798319,0.1999999999999998,0.5,0.796,59.252436974789916
895928,Andrea Coati (895928),21.6,Midfield - Right Midfield,Midfield,Without Club,USD Caravaggio,Serie D - C,24/25,2040.0,0.4411764705882353,0.0,0.4411764705882353,10000.0,<=0.5m,0.5473684210526316,0.5473684210526316,0.27142857142857124,0.9932598039215687,0.816,59.25059966091699
1045826,Tugay Güner (1045826),22.3,Midfield - Central Midfield,Midfield,Altinordu FK,Belediye Derince Spor,2.Lig Kirmizi,24/25,6040.0,0.4470198675496689,0.0298013245033112,0.4768211920529801,100000.0,<=0.5m,0.6172262495230828,0.5709969788519638,0.17142857142857132,0.7486213235294117,1.0,59.24008668888925
937383,Lilian Vergeylen (937383),20.2,Midfield - Central Midfield,Midfield,RSCA Futures,RSCA Futures,CPL,24/25,3730.0,0.4825737265415549,0.0241286863270777,0.5067024128686327,300000.0,<=0.5m,0.5911379657603223,0.5911379657603223,0.47142857142857153,0.4431678921568627,1.0,59.215485578672556
685697,Gustav Dahl (685697),22.4,Midfield - Central Midfield,Midfield,Vejgaard B,Vejgaard B,Oddset Pokalen,25/26,1350.0,0.6666666666666667,0.0,0.6666666666666667,125000.0,<=0.5m,0.6948640483383686,0.6948640483383686,0.15714285714285733,0.6836703431372548,0.54,59.177513418509406
831786,Luca Bonassi (831786),22.1,Midfield - Central Midfield,Midfield,US Livorno 1915,US Livorno 1915,Meisterrunde,24/25,7800.0,0.4615384615384615,0.0346153846153846,0.4961538461538461,175000.0,<=0.5m,0.6513735215566577,0.5830815709969789,0.1999999999999998,0.5994178921568627,1.0,59.1718388712826
715508,Magnus Riisnæs (715508),21.8,Midfield - Central Midfield,Midfield,FK Bodø/Glimt,Vålerenga Fotball Elite,Eliteserien,2025,3230.0,0.5572755417956656,0.0557275541795665,0.6130030959752322,3500000.0,2-5m,0.7658336512781381,0.6706948640483383,0.24285714285714274,0.10125612745098034,1.0,59.160265827660695
741271,Justin Ferizaj (741271),21.6,Midfield - Central Midfield,Midfield,Bray Wanderers,Frosinone Primavera,Primavera 2 - B,24/25,4860.0,0.5555555555555556,0.0,0.5555555555555556,0.0,<=0.5m,0.6299093655589124,0.6299093655589124,0.27142857142857124,0.5,1.0,59.137419076391886
919643,Oussama Amar (919643),23.0,Midfield - Attacking Midfield,Midfield,Bahla Club,Bahla Club,Oman Pro League,24/25,2050.0,0.8780487804878049,0.0439024390243902,0.9219512195121952,150000.0,<=0.5m,0.7096528042731782,0.6300653594771242,0.07142857142857142,0.6395526960784313,0.82,59.124839358832695
1054296,Edoardo Tigani (1054296),20.1,Midfield - Central Midfield,Midfield,Parma Primavera,Parma Primavera,Primavera 1,25/26,2610.0,0.3448275862068965,0.0,0.3448275862068965,25000.0,<=0.5m,0.46424974823766363,0.46424974823766363,0.4857142857142855,0.9641544117647058,1.0,59.124575230394264
1093489,Noah Kojo (1093489),20.6,Midfield - Central Midfield,Midfield,Odds BK,Odds BK,NM-Cup,2026,1500.0,0.6000000000000001,0.0,0.6000000000000001,250000.0,<=0.5m,0.6601208459214502,0.6601208459214502,0.4142857142857141,0.49188112745098034,0.6,59.122157968172154
670110,Syver Aas (670110),22.6,Midfield - Central Midfield,Midfield,Odds BK,Odds BK,OBOS-ligaen,2025,4180.0,0.645933014354067,0.0,0.645933014354067,325000.0,<=0.5m,0.6868076535750252,0.6868076535750252,0.12857142857142836,0.41789215686274506,1.0,59.1160922677228
733410,Lawrence Agyekum (733410),22.7,Midfield - Central Midfield,Midfield,Cercle Brugge,Cercle Brugge,Jupiler Pro League Abstiegs-Playoffs,24/25,3440.0,0.7848837209302325,0.0523255813953488,0.8372093023255813,2500000.0,2-5m,0.7583081570996979,0.7583081570996979,0.1142857142857144,0.12745098039215685,1.0,59.111374580043496
965940,Zack Nelson (965940),21.3,Midfield - Attacking Midfield,Midfield,Luton Town,Luton Town,Championship,24/25,1800.0,1.0,0.05,1.05,700000.0,0.5-2m,0.7410339565051507,0.6823529411764706,0.31428571428571417,0.2643995098039216,0.72,59.1012196189044
1070612,Yannis Wilibona (1070612),22.7,Midfield,Midfield,Without Club,Blagnac FC,National 3 - Grp. A,25/26,900.0,1.0,0.0,1.0,,,0.7777777777777778,0.7777777777777778,0.1142857142857144,0.5,0.36,59.0952380952381
978442,Filippo Pagnucco (978442),20.5,Midfield - Left Midfield,Midfield,Juventus Next Gen,Juventus Primavera,Primavera Fase Finale,24/25,7220.0,0.3739612188365651,0.0498614958448753,0.4238227146814405,850000.0,0.5-2m,0.7399847386493704,0.4942528735632184,0.42857142857142855,0.23100490196078427,1.0,59.08419477166073
1009030,Lorran (1009030),20.1,Midfield - Attacking Midfield,Midfield,Pisa Sporting Club,CR Flamengo,Under-20 Intercontinental Cup,2025,3610.0,0.997229916897507,0.0249307479224376,1.0221606648199446,9000000.0,5-10m,0.677124183006536,0.677124183006536,0.4857142857142855,0.048866421568627416,1.0,59.08300945378151
888494,Enginalp Yamaç (888494),22.0,Midfield - Attacking Midfield,Midfield,Kütahyaspor Futbol SK,Silifke Belediye Spor,3.Lig Playoff,24/25,3870.0,0.9302325581395348,0.0232558139534883,0.9534883720930232,,,0.6444105303319344,0.6418300653594772,0.21428571428571427,0.5,1.0,59.03643301909344
911482,Amin Boudri (911482),21.9,Midfield - Attacking Midfield,Midfield,GAIS,GAIS,Allsvenskan,2025,3640.0,0.989010989010989,0.0247252747252747,1.0137362637362637,450000.0,<=0.5m,0.673202614379085,0.673202614379085,0.2285714285714288,0.35340073529411764,1.0,58.99691001400561
866282,,20.8,Midfield - Central Midfield,Midfield,FC Lausanne-Sport,FC Lausanne-Sport II,1. Liga Playoff,24/25,5420.0,0.4981549815498154,0.0,0.4981549815498154,200000.0,<=0.5m,0.5840886203423967,0.5840886203423967,0.3857142857142856,0.5553002450980392,1.0,58.99094922334493
618436,Oliwier Slawinski (618436),21.3,Midfield - Attacking Midfield,Midfield,Stal Rzeszow,Stal Rzeszow,Betclic 1 Liga,25/26,2700.0,0.3333333333333333,0.0333333333333333,0.3666666666666667,50000.0,<=0.5m,0.6416444105303319,0.3183006535947712,0.31428571428571417,0.8958333333333334,1.0,58.95534007447567
1067513,Iker Navarro (1067513),22.4,Midfield - Central Midfield,Midfield,Glacis United,Glacis United,Gibraltar Football League,25/26,1750.0,0.5142857142857142,0.0514285714285714,0.5657142857142856,,,0.748664631819916,0.6359516616314199,0.15714285714285733,0.5,0.7,58.95447827933376
1055078,Gianluca Gattor (1055078),20.1,Midfield - Central Midfield,Midfield,Catanzaro Primavera,Bologna Primavera,Primavera 1,24/25,3780.0,0.4761904761904761,0.0,0.4761904761904761,,,0.5694864048338368,0.5694864048338368,0.4857142857142855,0.5,1.0,58.940612861458774
943828,Olivier de Nijs (943828),21.8,Midfield - Attacking Midfield,Midfield,Almere City FC,Almere City FC,Keuken Kampioen Divisie,25/26,1770.0,1.0169491525423728,0.0,1.0169491525423728,,,0.6864746280045784,0.6758169934640523,0.24285714285714274,0.5,0.708,58.91972400609742
786825,Moritz Bangerter (786825),21.7,Midfield - Central Midfield,Midfield,SV Wacker Burghausen,SV Wacker Burghausen,Regionalliga Bayern,25/26,4240.0,0.4245283018867924,0.0212264150943396,0.445754716981132,75000.0,<=0.5m,0.553877139979859,0.553877139979859,0.25714285714285723,0.8249080882352942,1.0,58.89562734837137
743585,Arthur Wenderroscky (743585),21.5,Midfield - Attacking Midfield,Midfield,Wydad Casablanca,Wydad Casablanca,Excellence Cup,24/25,3190.0,0.2821316614420062,0.0846394984326018,0.3667711598746081,500000.0,<=0.5m,0.8598817245326211,0.3202614379084967,0.2857142857142857,0.327359068627451,1.0,58.87571269843942
1267245,Linhan He (1267245),22.1,Midfield - Attacking Midfield,Midfield,Shanghai Shenhua,Shanghai Shenhua U21,U21 League (Playoff),2025,1640.0,1.0975609756097562,0.0,1.0975609756097562,,,0.7045020984357115,0.6967320261437908,0.1999999999999998,0.5,0.656,58.859184315720434
832356,Ernestas Gudelevičius (832356),21.6,Midfield - Central Midfield,Midfield,Siracusa Calcio,Fiorentina Primavera,Primavera Fase Finale,24/25,4520.0,0.3982300884955752,0.0199115044247787,0.4181415929203539,50000.0,<=0.5m,0.5333842045020984,0.5317220543806647,0.27142857142857124,0.8958333333333334,1.0,58.851008776978176
1082426,Moses Sesay (1082426),19.6,Midfield - Central Midfield,Midfield,Southampton FC U21,Southampton FC U21,PL2 Playoffs,24/25,11600.0,0.3879310344827586,0.0232758620689655,0.4112068965517241,,,0.5604731018695155,0.527693856998993,0.5571428571428569,0.5,1.0,58.82152843930515
1279225,Daniele Ganci (1279225),18.0,Midfield - Defensive Midfield,Midfield,Monza Primavera,Monza Under 17,Under 17 - Finals,24/25,7080.0,0.2542372881355932,0.0,0.2542372881355932,,,0.48739495798319327,0.48739495798319327,0.7857142857142857,0.5,1.0,58.815126050420176
1099742,Iddrisa Dauda Amihere (1099742),18.6,Midfield - Defensive Midfield,Midfield,West Bromwich Albion U18,West Bromwich Albion U18,U18 Premier League,24/25,9540.0,0.2830188679245283,0.0,0.2830188679245283,,,0.509453781512605,0.509453781512605,0.6999999999999998,0.5,1.0,58.7672268907563
931415,João Rego (931415),21.2,Midfield - Attacking Midfield,Midfield,SL Benfica,SL Benfica,Liga Portugal 2,24/25,8570.0,0.6301050175029171,0.0630105017502917,0.6931155192532088,3000000.0,2-5m,0.7945440671499427,0.5333333333333333,0.3285714285714287,0.1128982843137255,1.0,58.763726722566176
1073744,Mateusz Szczepaniak (1073744),19.6,Midfield - Attacking Midfield,Midfield,Pogon Grodzisk Mazowiecki,Pogon Grodzisk Mazowiecki,Betclic 1 Liga,25/26,2000.0,0.9,0.0,0.9,600000.0,0.5-2m,0.63325066768409,0.6241830065359477,0.5571428571428569,0.2890625,0.8,58.756712230072
951957,Noah Fenyö (951957),20.6,Midfield - Defensive Midfield,Midfield,Eintracht Frankfurt,Eintracht Frankfurt II,Hessenliga,25/26,4500.0,0.2,0.04,0.24,350000.0,<=0.5m,0.6869515452117513,0.4684873949579832,0.4142857142857141,0.40670955882352944,1.0,58.73338665922302
694428,Kacper Lukasiak (694428),22.9,Midfield - Defensive Midfield,Midfield,GKS Katowice,Pogon Szczecin,Ekstraklasa,24/25,7080.0,0.2542372881355932,0.0635593220338983,0.3177966101694915,450000.0,<=0.5m,0.7960702022128958,0.5504201680672269,0.08571428571428592,0.35340073529411764,1.0,58.67895024711526
1079286,Marcel Fischer (1079286),22.0,Midfield - Central Midfield,Midfield,TSV Aubstadt,TSV Aubstadt,Regionalliga Bayern,25/26,1890.0,0.4761904761904761,0.0,0.4761904761904761,25000.0,<=0.5m,0.5694864048338368,0.5694864048338368,0.21428571428571427,0.9641544117647058,0.756,58.65591748330752
952170,Francesco Crapisto (952170),20.6,Midfield - Central Midfield,Midfield,Juventus Next Gen,Juventus Primavera,Primavera Fase Finale,24/25,10180.0,0.1768172888015717,0.0618860510805501,0.2387033398821217,500000.0,<=0.5m,0.789202594429607,0.338368580060423,0.4142857142857141,0.327359068627451,1.0,58.645405739010116
605110,Eyüp Aydın (605110),22.0,Midfield - Central Midfield,Midfield,Galatasaray,Galatasaray,Süper Lig,24/25,910.0,0.989010989010989,0.0,0.989010989010989,1000000.0,0.5-2m,0.8111782477341389,0.8111782477341389,0.21428571428571427,0.20634191176470584,0.364,58.628053057325644
766253,Dylan Kadji (766253),23.0,Midfield - Defensive Midfield,Midfield,Wealdstone FC,Weston-super-Mare AFC,National League South,24/25,10390.0,0.2598652550529355,0.0519730510105871,0.3118383060635226,0.0,<=0.5m,0.7514307516215185,0.5399159663865546,0.07142857142857142,0.5,1.0,58.57537696497906
1240762,Araphat Mohammed (1240762),20.8,Midfield - Central Midfield,Midfield,FC Nordsjaelland,FC Nordsjaelland,Superliga Championship round,24/25,4760.0,0.3781512605042016,0.0,0.3781512605042016,50000.0,<=0.5m,0.49748237663645517,0.49748237663645517,0.3857142857142856,0.8958333333333334,1.0,58.562037836282556
935036,Bogdan Budko (935036),20.6,Midfield - Central Midfield,Midfield,AZ Alkmaar U21,AZ Alkmaar U19,U19 Div. 1 Championship-PO,24/25,3630.0,0.4958677685950413,0.0,0.4958677685950413,,,0.5820745216515609,0.5820745216515609,0.4142857142857141,0.5,1.0,58.55304272766509
845289,James McConnell (845289),21.9,Midfield - Central Midfield,Midfield,Ajax Amsterdam,Liverpool FC,PL2 Playoffs,24/25,2680.0,0.6716417910447761,0.0335820895522388,0.7052238805970149,2000000.0,0.5-2m,0.7139979859013091,0.7139979859013091,0.2285714285714288,0.14522058823529416,1.0,58.53011024651552
1065040,Gent Elezaj (1065040),21.4,Midfield - Central Midfield,Midfield,Landskrona BoIS,Landskrona BoIS,Superettan,2025,6930.0,0.1298701298701298,0.0649350649350649,0.1948051948051948,,,0.8014116749332316,0.283987915407855,0.3000000000000002,0.5,1.0,58.50137778643562
909254,Macaulay Tait (909254),21.0,Midfield - Central Midfield,Midfield,Livingston FC,Livingston FC,Premiership,25/26,4170.0,0.2158273381294964,0.0431654676258992,0.2589928057553957,200000.0,<=0.5m,0.7061236169400992,0.3716012084592145,0.35714285714285715,0.5553002450980392,1.0,58.496413175484754
1308611,Lorenzo Cancila (1308611),18.4,Midfield - Right Midfield,Midfield,Pro Vercelli Primavera,Juventus Under 17,Under 17 - Finals,24/25,11350.0,0.079295154185022,0.0475770925110132,0.1268722466960352,,,0.7294925600915682,0.09473684210526316,0.7285714285714288,0.5,1.0,58.46207066693824
1047044,Lukas Eixler (1047044),22.8,Midfield - Attacking Midfield,Midfield,FSV Zwickau,FSV Zwickau,Sachsenpokal,25/26,4040.0,0.2227722772277227,0.0668316831683168,0.2896039603960396,100000.0,<=0.5m,0.8106638687523846,0.2496732026143791,0.0999999999999999,0.7486213235294117,1.0,58.37873599951872
1000146,Elie Kayembe (1000146),21.4,Midfield - Defensive Midfield,Midfield,Without Club,FC Sochaux-Montbéliard B,National 3 - Grp. H,24/25,4870.0,0.3696098562628337,0.0,0.3696098562628337,0.0,<=0.5m,0.6092436974789915,0.6092436974789915,0.3000000000000002,0.5,1.0,58.3546218487395
1154002,Josué Kimboma (1154002),20.3,Midfield - Defensive Midfield,Midfield,SM Caen B,SM Caen B,National 3 - Grp. D,25/26,2700.0,0.3333333333333333,0.0,0.3333333333333333,,,0.5672268907563025,0.5672268907563025,0.457142857142857,0.5,1.0,58.34789915966386
1019680,Patryk Mazur (1019680),19.6,Midfield - Central Midfield,Midfield,Juventus Primavera,Juventus Primavera,Primavera 1,24/25,1800.0,0.5,0.0,0.5,,,0.5871097683786506,0.5871097683786506,0.5571428571428569,0.5,0.72,58.340871817004746
945164,Rio Hyon (945164),22.6,Midfield - Central Midfield,Midfield,Tokushima Vortis,Tokushima Vortis,Emperor's Cup,2025,1800.0,0.5,0.05,0.55,225000.0,<=0.5m,0.7410339565051507,0.621852970795569,0.12857142857142836,0.5170036764705883,0.72,58.33525003242933
1091847,Dylan Torres (1091847),22.5,Midfield,Midfield,Puebla FC U21,Puebla FC U23,Liga MX U23 Clausura,24/25,7120.0,0.7584269662921348,0.0,0.7584269662921348,,,0.6507936507936508,0.6507936507936508,0.14285714285714285,0.5,1.0,58.333333333333336
982081,Oluwaseun Adewumi (982081),21.5,Midfield - Attacking Midfield,Midfield,Cercle Brugge,Dundee FC,Premiership Relegation,24/25,9660.0,0.5590062111801242,0.046583850931677,0.6055900621118012,350000.0,<=0.5m,0.7237695536054941,0.4797385620915033,0.2857142857142857,0.40670955882352944,1.0,58.32285379797983
823625,Karim Fragomeni (823625),22.2,Midfield - Central Midfield,Midfield,ASD Chisola Calcio,ASDC Gozzano,Play-off Serie D,24/25,4160.0,0.4326923076923077,0.0,0.4326923076923077,50000.0,<=0.5m,0.5458207452165156,0.5458207452165156,0.1857142857142858,0.8958333333333334,1.0,58.26233995108618
935342,Alberto Collado (935342),21.3,Midfield - Central Midfield,Midfield,Sevilla Atlético,Sevilla FC,LaLiga,24/25,6700.0,0.2686567164179104,0.0402985074626865,0.308955223880597,200000.0,<=0.5m,0.6892407478061808,0.4209466263846928,0.31428571428571417,0.5553002450980392,1.0,58.25474905704209
1054296,Edoardo Tigani (1054296),20.1,Midfield - Central Midfield,Midfield,Parma Primavera,Parma Primavera,Supercoppa Primavera 2,24/25,6940.0,0.1296829971181556,0.0259365994236311,0.1556195965417867,25000.0,<=0.5m,0.5856543304082411,0.2134944612286002,0.4857142857142855,0.9641544117647058,1.0,58.22133303867682
710885,Mario Sauer (710885),22.3,Midfield - Attacking Midfield,Midfield,FC Toulouse,MSK Zilina,Nike Liga - Champ. G.,24/25,10510.0,0.6850618458610848,0.0685061845861084,0.7535680304471932,2000000.0,0.5-2m,0.8166730255627623,0.5633986928104575,0.17142857142857132,0.14522058823529416,1.0,58.2042915913663
760045,Fritiof Hellichius (760045),23.0,Midfield - Central Midfield,Midfield,FK Jerv,FK Jerv,PostNord-ligaen Avd. 1,2025,1050.0,0.8571428571428572,0.0,0.8571428571428572,0.0,<=0.5m,0.7643504531722054,0.7643504531722054,0.07142857142857142,0.5,0.42,58.20388433318948
1225934,Thomas Martini (1225934),17.3,Midfield - Attacking Midfield,Midfield,Milan Under 17,Milan Under 17,Under 17 - B,24/25,1350.0,0.6666666666666667,0.0,0.6666666666666667,,,0.5331934376192293,0.5163398692810458,0.8857142857142856,0.5,0.54,58.19225632514229
726672,Adrian Fiala (726672),21.3,Midfield - Attacking Midfield,Midfield,AS Trencin,AS Trencin,Nike Liga - Releg. G.,24/25,7310.0,0.3693570451436389,0.0492476060191518,0.4186046511627907,225000.0,<=0.5m,0.73788630293781,0.3581699346405229,0.31428571428571417,0.5170036764705883,1.0,58.186040972887945
1131117,Mirza Catovic (1131117),19.3,Midfield - Defensive Midfield,Midfield,VfB Stuttgart II,VfB Stuttgart U19,3. Liga,24/25,12500.0,0.288,0.0288,0.3168,800000.0,0.5-2m,0.6095955742083174,0.5462184873949579,0.5999999999999999,0.24203431372549022,1.0,58.169918934762
1310461,Federico Valenza (1310461),18.3,Midfield - Central Midfield,Midfield,Sampdoria Primavera,Sampdoria Under 18,Primavera 1,24/25,9370.0,0.288153681963714,0.0192102454642476,0.3073639274279616,,,0.5274704311331553,0.4199395770392749,0.7428571428571428,0.5,1.0,58.16826136363823
1259899,Halil Eray Aktaş (1259899),19.4,Midfield - Defensive Midfield,Midfield,Adana Demirspor,Adana Demirspor U19,U19 Süper Lig,24/25,5850.0,0.3076923076923077,0.0,0.3076923076923077,,,0.5294117647058824,0.5294117647058824,0.585714285714286,0.5,1.0,58.136134453781516
1103661,Valerio Brutto (1103661),19.1,Midfield - Central Midfield,Midfield,Palermo Primavera,Palermo Primavera,Primavera 2 - B,24/25,6710.0,0.4023845007451564,0.0,0.4023845007451564,,,0.5176233635448136,0.5176233635448136,0.6285714285714283,0.5,1.0,58.114544669831666
724537,Andrew Moran (724537),22.8,Midfield - Attacking Midfield,Midfield,Los Angeles FC,Stoke City,Championship,24/25,5900.0,0.6101694915254237,0.0915254237288135,0.7016949152542372,3500000.0,2-5m,0.873998473864937,0.5398692810457516,0.0999999999999999,0.10125612745098034,1.0,58.10665197418786
1049589,Enes Çinemre (1049589),19.1,Midfield - Attacking Midfield,Midfield,Bandirmaspor,Besiktas JK U19,U19 Süper Lig,24/25,4150.0,0.6506024096385542,0.0,0.6506024096385542,,,0.5246089278901183,0.5045751633986928,0.6285714285714283,0.5,1.0,58.09293571173859
1162205,Dylan Borso (1162205),20.2,Midfield - Attacking Midfield,Midfield,Chicago Fire FC,Chicago Fire FC II,MLS Next Pro,2025,3850.0,0.7012987012987013,0.0233766233766233,0.7246753246753247,,,0.5614269362838611,0.5529411764705883,0.47142857142857153,0.5,1.0,58.041786603996805
827441,Caden Kelly (827441),22.7,Midfield - Attacking Midfield,Midfield,South Shields FC,South Shields FC,National League North,25/26,2010.0,0.8955223880597015,0.044776119402985,0.9402985074626866,,,0.7133727584891263,0.6385620915032679,0.1142857142857144,0.5,0.804,58.02510226423012
1182980,Simone Serio (1182980),21.1,Midfield - Central Midfield,Midfield,Virtus Francavilla Calcio,FC Sarnese 1926,Play-off Serie D,24/25,4050.0,0.2222222222222222,0.0222222222222222,0.2444444444444444,10000.0,<=0.5m,0.551983975581839,0.34793554884189326,0.34285714285714264,0.9932598039215687,1.0,58.02132468724778
793885,Patryk Soboczynski (793885),22.8,Midfield - Attacking Midfield,Midfield,Cartusia Kartuzy,Cartusia Kartuzy,Betclic 3 Liga - Group II,25/26,1530.0,1.1764705882352942,0.0,1.1764705882352942,0.0,<=0.5m,0.7209150326797386,0.7209150326797386,0.0999999999999999,0.5,0.612,57.97490196078431
814459,Alessandro Spavone (814459),22.3,Midfield - Attacking Midfield,Midfield,Guidonia Montecelio 1937 FC,Guidonia Montecelio 1937 FC,Coppa Serie D,24/25,3510.0,0.7692307692307693,0.0,0.7692307692307693,100000.0,<=0.5m,0.5823159099580313,0.5725490196078431,0.17142857142857132,0.7486213235294117,1.0,57.947638682046644
554284,Kacper Kozlowski (554284),22.8,Midfield - Attacking Midfield,Midfield,Gaziantep FK,Gaziantep FK,Süper Lig,24/25,5320.0,0.6766917293233082,0.0845864661654135,0.7612781954887218,4200000.0,2-5m,0.8595955742083174,0.5686274509803921,0.0999999999999999,0.0837928921568627,1.0,57.947536231680765
751105,Eggert Aron Gudmundsson (751105),22.5,Midfield - Attacking Midfield,Midfield,SK Brann,SK Brann,Eliteserien,2025,4640.0,0.5818965517241379,0.0775862068965517,0.6594827586206896,1500000.0,0.5-2m,0.8438573063716139,0.5084967320261438,0.14285714285714285,0.17080269607843135,1.0,57.93045777750881
885046,James Edmondson (885046),20.8,Midfield - Central Midfield,Midfield,Macclesfield FC,Blackburn Rovers U21,Premier League 2,24/25,8260.0,0.3268765133171913,0.0326876513317191,0.3595641646489104,,,0.6369706219000382,0.47935548841893255,0.3857142857142856,0.5,1.0,57.92213294884654
965613,Isaac (965613),22.4,Midfield - Attacking Midfield,Midfield,CD Santa Clara U23,SU 1º Dezembro,Liga 3 - Promotion,24/25,2200.0,0.8181818181818181,0.0409090909090909,0.859090909090909,0.0,<=0.5m,0.6924837848149561,0.6039215686274509,0.15714285714285733,0.5,0.88,57.91494404705797
815539,Nicola Patanè (815539),22.4,Midfield - Right Midfield,Midfield,Virtusvecomp Verona,Virtusvecomp Verona,Serie C - A,25/26,1800.0,0.5,0.0,0.5,75000.0,<=0.5m,0.6105263157894737,0.6105263157894737,0.15714285714285733,0.8249080882352942,0.72,57.89457789694826
833340,Mario González (833340),22.5,Midfield - Attacking Midfield,Midfield,Valencia Mestalla,Recreativo Granada,Segunda Federación - Gr. IV,24/25,3430.0,0.7871720116618076,0.0,0.7871720116618076,100000.0,<=0.5m,0.5889927508584509,0.5790849673202615,0.14285714285714285,0.7486213235294117,1.0,57.888006628792944
816020,Alessio Maccari (816020),22.5,Midfield - Right Midfield,Midfield,Flaminia Civita Castellana,Guidonia Montecelio 1937 FC,Serie D - G,24/25,8430.0,0.3202846975088967,0.0320284697508896,0.3523131672597864,75000.0,<=0.5m,0.6335368180083938,0.45263157894736844,0.14285714285714285,0.8249080882352942,1.0,57.86672134216947
973461,Travis Mutyaba (973461),21.0,Midfield - Attacking Midfield,Midfield,CS Sfaxien,CS Sfaxien,Ligue I Pro,25/26,2660.0,0.3383458646616541,0.0338345864661654,0.3721804511278195,100000.0,<=0.5m,0.6457458985120184,0.3241830065359477,0.35714285714285715,0.7486213235294117,1.0,57.86535453094503
866656,Cameron Bragg (866656),21.4,Midfield - Central Midfield,Midfield,Southampton FC U21,Crawley Town,PL2 Playoffs,24/25,14030.0,0.1282965074839629,0.0513186029935851,0.1796151104775481,150000.0,<=0.5m,0.7479969477298741,0.2578046324269889,0.3000000000000002,0.6395526960784313,1.0,57.849323672227015
1050339,Aston Daley (1050339),19.7,Midfield - Central Midfield,Midfield,Southampton FC U21,Southampton FC U18,U18 Premier League,24/25,15240.0,0.0590551181102362,0.0531496062992126,0.1122047244094488,,,0.7560091568103777,0.15609264853977844,0.5428571428571429,0.5,1.0,57.84810051238377
659353,Filipe de Carvalho (659353),22.7,Midfield - Left Midfield,Midfield,FC Rapperswil-Jona,FC Rapperswil-Jona,Challenge League,25/26,2550.0,0.7058823529411764,0.0352941176470588,0.7411764705882352,400000.0,<=0.5m,0.6781609195402298,0.6781609195402298,0.1142857142857144,0.3772977941176471,1.0,57.80039571863228
904974,Noel Aseko (904974),20.7,Midfield - Defensive Midfield,Midfield,Hannover 96,Hannover 96,2. Bundesliga,25/26,2250.0,0.4,0.0,0.4,700000.0,0.5-2m,0.6449579831932774,0.6449579831932774,0.4000000000000001,0.2643995098039216,0.9,57.799072128851535
865092,Danil Akhatov (865092),22.7,Midfield - Attacking Midfield,Midfield,FC Ufa,FC Ufa,1.Division,24/25,2260.0,0.3982300884955752,0.0398230088495575,0.4380530973451327,50000.0,<=0.5m,0.6856161770316673,0.37777777777777777,0.1142857142857144,0.8958333333333334,0.904,57.77476393355258
1056172,Ugo De Salvo (1056172),20.5,Midfield - Defensive Midfield,Midfield,US Vibonese,Avellino Primavera,Primavera 2 - B,24/25,7760.0,0.2319587628865979,0.0,0.2319587628865979,25000.0,<=0.5m,0.4569327731092437,0.4569327731092437,0.42857142857142855,0.9641544117647058,1.0,57.77127100840336
1048358,Abian Arslan (1048358),21.7,Midfield - Attacking Midfield,Midfield,RFC Lüttich,RFC Lüttich,CPL,24/25,6150.0,0.4390243902439024,0.0439024390243902,0.4829268292682926,200000.0,<=0.5m,0.7096528042731782,0.40522875816993464,0.25714285714285723,0.5553002450980392,1.0,57.7703283877776
1016015,,21.8,Midfield - Defensive Midfield,Midfield,LOSC Lille,LOSC Lille,Ligue 1,25/26,1450.0,0.6206896551724138,0.0,0.6206896551724138,15000000.0,10m+,0.7941176470588235,0.7941176470588235,0.24285714285714274,0.030637254901960786,0.58,57.761694677871134
944070,Isak Ellbring (944070),22.1,Midfield - Central Midfield,Midfield,Jönköpings Södra IF,Jönköpings Södra IF,Svenska Cupen,24/25,1330.0,0.6766917293233082,0.0,0.6766917293233082,,,0.7039274924471299,0.7039274924471299,0.1999999999999998,0.5,0.532,57.755649546827804
957230,Alex Badolato (957230),21.5,Midfield - Attacking Midfield,Midfield,Newcastle United Jets,Newcastle United Jets,Australia Cup,2025,3390.0,0.2654867256637168,0.0530973451327433,0.3185840707964601,175000.0,<=0.5m,0.755723006486074,0.27450980392156865,0.2857142857142857,0.5994178921568627,1.0,57.71996899436998
981801,Barış Dalkıran (981801),22.6,Midfield - Defensive Midfield,Midfield,Bursa Nilüfer FK,Bursaspor,3.Lig Grup 1,24/25,2580.0,0.3488372093023256,0.0348837209302325,0.3837209302325581,0.0,<=0.5m,0.6530904235024799,0.6281512605042017,0.12857142857142836,0.5,1.0,57.69390668132952
631442,Jakub Antczak (631442),22.3,Midfield - Attacking Midfield,Midfield,Lech Poznan II,GKS Katowice,Betclic 1 Liga,24/25,2300.0,0.782608695652174,0.0391304347826087,0.8217391304347826,250000.0,<=0.5m,0.6807516215185044,0.5895424836601307,0.17142857142857132,0.49188112745098034,0.92,57.66768918539691
903202,Jordi Jaku (903202),20.4,Midfield - Central Midfield,Midfield,Bologna Primavera,Bologna Primavera,Play-off/out Primavera,24/25,6200.0,0.2903225806451613,0.0290322580645161,0.3193548387096774,200000.0,<=0.5m,0.611884776802747,0.43202416918429004,0.44285714285714306,0.5553002450980392,1.0,57.616070957645604
1089611,João Lourenço (1089611),21.1,Midfield - Attacking Midfield,Midfield,Atlético de San Luis U21,Fluminense FC U20,Copinha,2025,2130.0,0.8450704225352113,0.0,0.8450704225352113,,,0.6143647462800458,0.6013071895424836,0.34285714285714264,0.5,0.852,57.58033281429067
935342,Alberto Collado (935342),21.3,Midfield - Central Midfield,Midfield,Sevilla Atlético,Sevilla Atlético,Primera Federación - Gr. II,25/26,1570.0,0.5732484076433121,0.0,0.5732484076433121,200000.0,<=0.5m,0.6414904330312186,0.6414904330312186,0.31428571428571417,0.5553002450980392,0.628,57.57220084181709
958937,João Simões (958937),19.6,Midfield - Central Midfield,Midfield,Sporting CP,Sporting CP,Champions League,24/25,6930.0,0.3896103896103896,0.0389610389610389,0.4285714285714286,6000000.0,5-10m,0.6797024036627242,0.540281973816717,0.5571428571428569,0.0660232843137255,1.0,57.553506457829165
979325,Alex Lebarbier (979325),22.0,Midfield - Central Midfield,Midfield,Real Sociedad B,Real Sociedad B,LaLiga2,25/26,1460.0,0.6164383561643836,0.0,0.6164383561643836,200000.0,<=0.5m,0.67472306143001,0.67472306143001,0.21428571428571427,0.5553002450980392,0.584,57.52615854574458
933565,Alessio Santanocito (933565),21.5,Midfield - Central Midfield,Midfield,Sanremese Calcio,SSD Imperia 1923,Serie D - A,24/25,6960.0,0.3879310344827586,0.0,0.3879310344827586,50000.0,<=0.5m,0.5065458207452165,0.5065458207452165,0.2857142857142857,0.8958333333333334,1.0,57.505844482808236
851942,Robbie Hamilton (851942),22.2,Midfield - Left Midfield,Midfield,Broxburn Athletic FC,Broxburn Athletic FC,Lowland League,25/26,1020.0,0.8823529411764706,0.0,0.8823529411764706,,,0.7241379310344828,0.7241379310344828,0.1857142857142858,0.5,0.408,57.49970443349754
1224983,Oscar Aïssat (1224983),19.5,Midfield - Central Midfield,Midfield,Amiens SC U19,Amiens SC U19,National U19 - Grp. A,24/25,9440.0,0.3813559322033898,0.0190677966101694,0.4004237288135593,,,0.5259442960702022,0.5166163141993958,0.5714285714285714,0.5,1.0,57.49429930591153
937720,Tiago Freitas (937720),20.0,Midfield - Central Midfield,Midfield,SL Benfica B,SL Benfica U23,U-23 Cup Portugal,24/25,11370.0,0.2374670184696569,0.0316622691292876,0.2691292875989446,,,0.6312476154139641,0.3856998992950655,0.5,0.5,1.0,57.47280717022208
1004346,Pape Führer (1004346),20.7,Midfield - Attacking Midfield,Midfield,CF Estrela Amadora,FK Partizan Belgrade,Omladinska liga,24/25,2280.0,0.3947368421052631,0.0394736842105263,0.4342105263157895,200000.0,<=0.5m,0.6829454406714994,0.3738562091503268,0.4000000000000001,0.5553002450980392,0.912,57.47096677819672
726668,Tadeas Hajovsky (726668),20.9,Midfield - Central Midfield,Midfield,AS Trencin,AS Trencin,Niké Liga,25/26,5110.0,0.1761252446183953,0.0528375733855185,0.2289628180039138,375000.0,<=0.5m,0.7548645555131629,0.32729103726082576,0.3714285714285716,0.39675245098039214,1.0,57.382647385820995
747153,Daniel Gore (747153),21.9,Midfield - Central Midfield,Midfield,Rotherham United,Manchester United U21,League One,24/25,4710.0,0.1910828025477706,0.0764331210191082,0.267515923566879,800000.0,0.5-2m,0.8397558183899275,0.3826787512588117,0.2285714285714288,0.24203431372549022,1.0,57.37527687581082
670681,João Neves (670681),21.9,Midfield - Central Midfield,Midfield,Paris Saint-Germain,Paris Saint-Germain,Club World Cup,2025,2580.0,0.6976744186046512,0.0348837209302325,0.7325581395348837,80000000.0,10m+,0.7280966767371602,0.7280966767371602,0.2285714285714288,0.0013786764705882026,1.0,57.3622449319607
1263261,Lukas Bruegmann (1263261),17.3,Midfield - Central Midfield,Midfield,TSG 1899 Hoffenheim U17,Houston Dynamo FC 2,MLS Next Pro,2025,4900.0,0.1836734693877551,0.0183673469387755,0.2020408163265306,,,0.5186951545211751,0.2930513595166163,0.8857142857142856,0.5,1.0,57.328974352598784
989653,Leon Isa (989653),21.5,Midfield,Midfield,Norrby IF,Norrby IF,Ettan Södra,2025,1080.0,0.8333333333333333,0.0,0.8333333333333333,,,0.6904761904761905,0.6904761904761905,0.2857142857142857,0.5,0.432,57.32000000000001
1066134,Jacopo Grossi (1066134),19.9,Midfield - Defensive Midfield,Midfield,Genoa U20,Genoa U20,Primavera 1,24/25,10830.0,0.1662049861495844,0.0166204986149584,0.1828254847645429,75000.0,<=0.5m,0.5034338038916444,0.38235294117647056,0.5142857142857145,0.8249080882352942,1.0,57.31953391763038
929565,Yanis Azouazi (929565),22.2,Midfield - Attacking Midfield,Midfield,FC Hegelmann,FC Hegelmann,A Lyga,2025,900.0,1.0,0.0,1.0,100000.0,<=0.5m,0.6739793971766501,0.6660130718954248,0.1857142857142858,0.7486213235294117,0.36,57.3156317752524
885962,Edoardo Mion (885962),21.2,Midfield - Central Midfield,Midfield,GSD Ghiviborgo VDS,US Corticella,Serie D play-out,24/25,7200.0,0.125,0.0375,0.1625,75000.0,<=0.5m,0.6710225104921785,0.22759315206445116,0.3285714285714287,0.8249080882352942,1.0,57.31176083655769
961642,Chris Donnell (961642),22.6,Midfield - Central Midfield,Midfield,Without Club,Fulham FC U21,Premier League 2,24/25,7650.0,0.2352941176470588,0.0470588235294117,0.2823529411764706,150000.0,<=0.5m,0.7268218237314003,0.39375629405840884,0.12857142857142836,0.6395526960784313,1.0,57.29274837331909
979324,Eder García (979324),22.6,Midfield - Attacking Midfield,Midfield,Bilbao Athletic,Real Sociedad B,Promoción a LaLiga2,24/25,4550.0,0.7912087912087912,0.0395604395604395,0.8307692307692307,300000.0,<=0.5m,0.683708508202976,0.592156862745098,0.12857142857142836,0.4431678921568627,1.0,57.26986763944417
1039622,Kemal Günay (1039622),20.3,Midfield - Attacking Midfield,Midfield,SV Tasmania Berlin,SV Tasmania Berlin,Berliner Pokal,25/26,930.0,0.967741935483871,0.0,0.967741935483871,0.0,<=0.5m,0.6561426936283861,0.6496732026143791,0.457142857142857,0.5,0.372,57.26051852968072
1015875,Tómas Johannessen (1015875),19.3,Midfield - Attacking Midfield,Midfield,AZ Alkmaar U21,AZ Alkmaar U19,U19 Div. 1 Championship-PO,24/25,6700.0,0.5373134328358209,0.0,0.5373134328358209,100000.0,<=0.5m,0.4612743227775658,0.43856209150326797,0.5999999999999999,0.7486213235294117,1.0,57.257488808031155
707499,Igor Brzyski (707499),19.4,Midfield - Defensive Midfield,Midfield,Torino Primavera,Torino Under 18,Under 18 - Finals,24/25,8390.0,0.1072705601907032,0.0321811680572109,0.1394517282479142,,,0.6350629530713469,0.3067226890756303,0.585714285714286,0.5,1.0,57.25171994780362
614261,Diamond Edwards (614261),22.9,Midfield - Attacking Midfield,Midfield,Walton & Hersham FC,Port Vale FC,National League South,24/25,1300.0,0.6923076923076923,0.0692307692307692,0.7615384615384615,0.0,<=0.5m,0.8194391453643648,0.5699346405228758,0.08571428571428592,0.5,0.52,57.24867818677771
914949,Niklas Ødegård (914949),22.4,Midfield - Central Midfield,Midfield,Kristiansund BK,Kristiansund BK,Eliteserien,2025,3780.0,0.238095238095238,0.0714285714285714,0.3095238095238095,600000.0,0.5-2m,0.8254483021747424,0.4219536757301108,0.15714285714285733,0.2890625,1.0,57.21117706298836
865094,Khaydar Khalilov (865094),22.9,Midfield - Defensive Midfield,Midfield,Without Club,Dinamo Bryansk,2. Division B,2025,2010.0,0.4477611940298507,0.0,0.4477611940298507,0.0,<=0.5m,0.6785714285714286,0.6785714285714286,0.08571428571428592,0.5,0.804,57.12571428571429
765468,Milan de Haan (765468),22.7,Midfield - Central Midfield,Midfield,Almere City FC,FC Volendam,Keuken Kampioen Divisie,24/25,4900.0,0.5510204081632653,0.036734693877551,0.5877551020408163,350000.0,<=0.5m,0.6659671880961465,0.648539778449144,0.1142857142857144,0.40670955882352944,1.0,57.09713352563558
1214123,Kennet Eichhorn (1214123),17.1,Midfield - Defensive Midfield,Midfield,Hertha BSC,Hertha BSC U19,U19 Nachwuchsliga - Liga A,24/25,6300.0,0.2857142857142857,0.0,0.2857142857142857,3000000.0,2-5m,0.5147058823529411,0.5147058823529411,0.914285714285714,0.1128982843137255,1.0,57.091500350140045
678846,Ronaldo Dantas Fernandes (678846),21.7,Midfield - Attacking Midfield,Midfield,FC Vaduz,FC Vaduz,Challenge League,24/25,9840.0,0.823170731707317,0.0091463414634146,0.8323170731707317,250000.0,<=0.5m,0.6040633346051125,0.5947712418300654,0.25714285714285723,0.49188112745098034,1.0,57.03999553385515
814491,Isa Sakamoto (814491),23.0,Midfield - Attacking Midfield,Midfield,KVC Westerlo,KVC Westerlo,JPL Europe PO,24/25,4560.0,1.1842105263157894,0.0394736842105263,1.2236842105263157,2500000.0,2-5m,0.734640522875817,0.734640522875817,0.07142857142857142,0.12745098039215685,1.0,57.00560224089636
706617,Julian Eitschberger (706617),22.5,Midfield - Right Midfield,Midfield,Hertha BSC,Rot-Weiss Essen,Niederrheinpokal,24/25,6770.0,0.5317577548005908,0.0398818316100443,0.5716395864106352,600000.0,0.5-2m,0.6859977107974056,0.6631578947368421,0.14285714285714285,0.2890625,1.0,56.98997598022623
949389,Niklas Mohr (949389),22.1,Midfield - Left Midfield,Midfield,SC Paderborn 07,SG Sonnenhof Großaspach,Regionalliga West,25/26,2980.0,0.3020134228187919,0.0302013422818791,0.3322147651006711,75000.0,<=0.5m,0.6216138878290729,0.39080459770114945,0.1999999999999998,0.8249080882352942,1.0,56.96774212222417
988532,Danil Anosov (988532),21.5,Midfield - Left Midfield,Midfield,Tekstilshchik Ivanovo,FC Sochi-2,2. Division B,2025,5880.0,0.3061224489795918,0.0306122448979591,0.336734693877551,125000.0,<=0.5m,0.6239030904235024,0.41379310344827586,0.2857142857142857,0.6836703431372548,1.0,56.954579087305305
1026922,Derek Cuevas (1026922),22.6,Midfield - Right Midfield,Midfield,Carolina Core FC,Carolina Core FC,MLS Next Pro,2025,3550.0,0.5070422535211268,0.0253521126760563,0.532394366197183,0.0,<=0.5m,0.631578947368421,0.631578947368421,0.12857142857142836,0.5,1.0,56.95187969924811
1322807,Cankoray Mutlu (1322807),20.6,Midfield - Attacking Midfield,Midfield,Rot-Weiß Oberhausen,Rot-Weiß Oberhausen,U19 Nachwuchsliga - Liga B,24/25,4990.0,0.3607214428857715,0.0180360721442885,0.3787575150300601,25000.0,<=0.5m,0.5157382678367035,0.3281045751633987,0.4142857142857141,0.9641544117647058,1.0,56.94308802466681
1185752,Lorenzo Poli (1185752),18.9,Midfield - Central Midfield,Midfield,USD Scanzorosciate,Feralpisalò Primavera,Play-off/out Primavera,24/25,5430.0,0.3314917127071823,0.0165745856353591,0.3480662983425414,,,0.5030522701259061,0.46827794561933533,0.6571428571428574,0.5,1.0,56.93238678269553
807318,Ryan Finnigan (807318),22.9,Midfield - Central Midfield,Midfield,Walsall FC,Blackpool FC,League One,24/25,5250.0,0.5142857142857142,0.0,0.5142857142857142,125000.0,<=0.5m,0.5991943605236657,0.5991943605236657,0.08571428571428592,0.6836703431372548,1.0,56.89447500677009
1181623,Ali Yiğit Özten (1181623),21.0,Midfield - Attacking Midfield,Midfield,Karadeniz Eregli Belediye Spor,Alanya 1221 Futbol Spor Kulübü,3.Lig Grup 3,24/25,2300.0,0.782608695652174,0.0,0.782608695652174,,,0.5870850820297596,0.5758169934640522,0.35714285714285715,0.5,0.92,56.891492687625735
1066124,Christian Cozzolino (1066124),19.8,Midfield - Central Midfield,Midfield,Parma Primavera,Parma Primavera,Supercoppa Primavera 2,24/25,1990.0,0.4522613065326633,0.0,0.4522613065326633,,,0.5579053373615307,0.5579053373615307,0.5285714285714285,0.5,0.796,56.891463098834706
1023191,George Hemmings (1023191),19.4,Midfield - Central Midfield,Midfield,Aston Villa U21,Aston Villa U18,U18 PL - Final Stage,24/25,7150.0,0.3776223776223776,0.0125874125874125,0.3902097902097902,,,0.5085599194360524,0.5085599194360524,0.585714285714286,0.5,1.0,56.88502373759172
1005509,Santiago Castañeda (1005509),21.8,Midfield - Defensive Midfield,Midfield,SC Paderborn 07,SC Paderborn 07,2. Bundesliga,24/25,1800.0,0.5,0.05,0.55,4000000.0,2-5m,0.7415966386554622,0.7415966386554622,0.24285714285714274,0.09068627450980393,0.72,56.85112044817927
1065687,Fabrizio Franchini (1065687),20.8,Midfield - Central Midfield,Midfield,Calcio Brusaporto,Calcio Brusaporto,Serie D - C,24/25,6770.0,0.3988183161004431,0.0132939438700147,0.4121122599704579,150000.0,<=0.5m,0.5287009063444109,0.5287009063444109,0.3857142857142856,0.6395526960784313,1.0,56.84722069719127
744728,Arijon Ibrahimovic (744728),20.7,Midfield - Attacking Midfield,Midfield,1.FC Heidenheim 1846,Bayern Munich,Serie A,24/25,1580.0,1.139240506329114,0.0,1.139240506329114,4000000.0,2-5m,0.7139450591377337,0.7137254901960784,0.4000000000000001,0.09068627450980393,0.632,56.82148087468487
1085018,Martim Almeida (1085018),21.4,Midfield - Central Midfield,Midfield,FC Famalicão U23,FC Famalicão U23,U-23 Cup Portugal,24/25,2700.0,0.3333333333333333,0.0333333333333333,0.3666666666666667,,,0.6416444105303319,0.48338368580060426,0.3000000000000002,0.5,1.0,56.81692868776591
1071606,Miguel Rebelo (1071606),22.9,Midfield - Central Midfield,Midfield,Varzim SC,Varzim SC,Taça de Portugal,25/26,2090.0,0.4306220095693779,0.0430622009569378,0.4736842105263157,200000.0,<=0.5m,0.7056466997329264,0.5669687814702921,0.08571428571428592,0.5553002450980392,0.836,56.79351978499876
1175238,Keryane Mansouri (1175238),20.1,Midfield - Defensive Midfield,Midfield,Beerschot VA,Stade Reims B,National 3 - Grp. E,24/25,5800.0,0.3103448275862069,0.0,0.3103448275862069,,,0.5336134453781513,0.5336134453781513,0.4857142857142855,0.5,1.0,56.78823529411764
1162339,Hugo Humanes (1162339),19.6,Midfield - Attacking Midfield,Midfield,Inter Milan Primavera,Inter Under 18,Under 18 - Finals,24/25,4560.0,0.5921052631578947,0.0197368421052631,0.6118421052631579,,,0.5315719191148417,0.4843137254901961,0.5571428571428569,0.5,1.0,56.76892060143401
1067817,Klearchos Vainopoulos (1067817),21.2,Midfield - Central Midfield,Midfield,Volos NPS,Volos NPS U19,Super League U19,24/25,6690.0,0.4035874439461883,0.0269058295964125,0.4304932735426009,,,0.5943342235787867,0.5417925478348439,0.3285714285714287,0.5,1.0,56.761279405503316
823893,Giovanni Zito (823893),23.0,Midfield - Attacking Midfield,Midfield,Without Club,AVC Vogherese,Serie D - A,24/25,6440.0,0.6987577639751553,0.0279503105590062,0.7267080745341615,100000.0,<=0.5m,0.6035864173979397,0.5542483660130719,0.07142857142857142,0.7486213235294117,1.0,56.7533035856782
1065486,,20.0,Midfield - Central Midfield,Midfield,Palermo Primavera,Palermo Primavera,Primavera 2 - B,24/25,8050.0,0.3354037267080745,0.0,0.3354037267080745,75000.0,<=0.5m,0.45317220543806647,0.45317220543806647,0.5,0.8249080882352942,1.0,56.7390455615781
694592,Nicolas Wisak (694592),22.5,Midfield - Defensive Midfield,Midfield,SV Oberwart,SKN St. Pölten,2. Liga,24/25,9870.0,0.0911854103343465,0.0638297872340425,0.155015197568389,0.0,<=0.5m,0.7975963372758489,0.3235294117647059,0.14285714285714285,0.5,1.0,56.71202216102007
1174032,Tidiane Devernois (1174032),18.8,Midfield - Central Midfield,Midfield,AJ Auxerre B,AJ Auxerre U19,National 3 - Grp. G,24/25,9640.0,0.2800829875518672,0.0186721991701244,0.2987551867219917,,,0.5217474246470812,0.4118831822759315,0.6714285714285714,0.5,1.0,56.630689289516724
821115,Mattia Guarneri (821115),22.3,Midfield - Central Midfield,Midfield,CPR Ospitaletto,AC Ospitaletto,Meisterrunde,24/25,7120.0,0.3792134831460674,0.0252808988764044,0.4044943820224719,100000.0,<=0.5m,0.5785005723006486,0.5191339375629406,0.17142857142857132,0.7486213235294117,1.0,56.627524046078236
1010970,Alfie Bendle (1010970),21.6,Midfield - Central Midfield,Midfield,Spalding United,Colchester United,National League South,24/25,6400.0,0.421875,0.028125,0.45,0.0,<=0.5m,0.6050171690194582,0.5558912386706949,0.27142857142857124,0.5,1.0,56.563116816351844
615742,Pietro Tomaselli (615742),21.8,Midfield - Central Midfield,Midfield,Without Club,FC Matera,Serie D - H,24/25,4030.0,0.2233250620347394,0.0223325062034739,0.2456575682382134,10000.0,<=0.5m,0.5534147272033575,0.351460221550856,0.24285714285714274,0.9932598039215687,1.0,56.55323604846265
945462,Mihael Stipic (945462),21.9,Midfield - Defensive Midfield,Midfield,NK Karlovac 1919,NK Karlovac 1919,Prva NL,25/26,3490.0,0.2578796561604584,0.0,0.2578796561604584,25000.0,<=0.5m,0.4894957983193277,0.4894957983193277,0.2285714285714288,0.9641544117647058,1.0,56.5250525210084
1050676,Pedro Borges (1050676),21.1,Midfield - Central Midfield,Midfield,Exeter City,Exeter City,National League South,24/25,4000.0,0.45,0.0225,0.4725,0.0,<=0.5m,0.5659617321248741,0.5659617321248741,0.34285714285714264,0.5,1.0,56.44341821320673
1292995,João Freitas (1292995),21.6,Midfield - Central Midfield,Midfield,FC Famalicão U23,FC Famalicão U23,U-23 Cup Portugal,24/25,4150.0,0.2168674698795181,0.0433734939759036,0.2602409638554217,,,0.7067913010301412,0.37462235649546827,0.27142857142857124,0.5,1.0,56.44261842490281
659518,Félix Lemaréchal (659518),23.0,Midfield - Attacking Midfield,Midfield,RC Strasbourg Alsace,RC Strasbourg Alsace,Ligue 1,24/25,5350.0,0.8411214953271028,0.0672897196261682,0.908411214953271,10000000.0,5-10m,0.8122853872567722,0.6261437908496732,0.07142857142857142,0.04503676470588236,1.0,56.41537996318966
908791,Matteo Francesconi (908791),22.5,Midfield - Central Midfield,Midfield,Cesena FC,Cesena FC,Serie B Play-off,24/25,1620.0,0.5555555555555556,0.0555555555555555,0.6111111111111112,650000.0,0.5-2m,0.7650705837466616,0.6696878147029205,0.14285714285714285,0.27450980392156865,0.648,56.41466564645364
1033919,Mahamadou Doumbia (1033919),22.3,Midfield - Central Midfield,Midfield,Al-Ittihad Club,Al-Ittihad Club,Saudi Pro League,25/26,2650.0,0.6792452830188679,0.0339622641509433,0.7132075471698113,9000000.0,5-10m,0.716012084592145,0.716012084592145,0.17142857142857132,0.048866421568627416,1.0,56.387712120346634
1180711,Serafino Calzone (1180711),20.8,Midfield - Central Midfield,Midfield,Guidonia Montecelio 1937 FC,Guidonia Montecelio 1937 FC,Meisterrunde,24/25,4750.0,0.3789473684210526,0.0189473684210526,0.3978947368421053,150000.0,<=0.5m,0.5247996947729874,0.513595166163142,0.3857142857142856,0.6395526960784313,1.0,56.366648373489255
824082,Alessandro Contessi (824082),21.4,Midfield - Defensive Midfield,Midfield,CPR Ospitaletto,USD Breno,Serie D - B,24/25,6790.0,0.2650957290132548,0.0132547864506627,0.2783505154639175,75000.0,<=0.5m,0.5,0.5,0.3000000000000002,0.8249080882352942,1.0,56.34871323529412
955074,Menzi Mazwi (955074),20.3,Midfield - Left Midfield,Midfield,Birmingham City U21,Birmingham City U21,Premier League Cup,24/25,1800.0,0.5,0.0,0.5,,,0.5804597701149425,0.5804597701149425,0.457142857142857,0.5,0.72,56.34187192118226
1260851,Santiago Sandoval (1260851),19.0,Midfield - Attacking Midfield,Midfield,Deportivo Guadalajara U21,Deportivo Guadalajara,Liga MX Apertura,25/26,3040.0,0.5921052631578947,0.0,0.5921052631578947,,,0.49360930942388404,0.46797385620915033,0.6428571428571429,0.5,1.0,56.33829288042319
1055081,Riccardo Gian (1055081),20.6,Midfield - Defensive Midfield,Midfield,FC Bassano,SCD Progresso Calcio,Serie D - C,24/25,3930.0,0.2290076335877862,0.0,0.2290076335877862,50000.0,<=0.5m,0.4527310924369748,0.4527310924369748,0.4142857142857141,0.8958333333333334,1.0,56.33410364145659
927025,Zamir Aliji (927025),22.4,Midfield - Central Midfield,Midfield,Hvidovre IF,Hvidovre IF,Oddset Pokalen,25/26,1710.0,0.5263157894736842,0.0,0.5263157894736842,100000.0,<=0.5m,0.607754279959718,0.607754279959718,0.15714285714285733,0.7486213235294117,0.684,56.300241041280565
908798,Matthew Whittingham (908798),21.8,Midfield - Central Midfield,Midfield,Without Club,Wolverhampton Wanderers U21,PL2 Playoffs,24/25,2660.0,0.3383458646616541,0.0338345864661654,0.3721804511278195,,,0.6457458985120184,0.49295065458207454,0.24285714285714274,0.5,1.0,56.268972829976626
1058395,Andrea Gualdi (1058395),20.5,Midfield - Central Midfield,Midfield,AC Milan Primavera,Milan Under 18,Under 18,24/25,5190.0,0.1734104046242774,0.0173410404624277,0.1907514450867052,10000.0,<=0.5m,0.5100152613506296,0.27794561933534745,0.42857142857142855,0.9932598039215687,1.0,56.258163668746384
1045375,Niko Sigur (1045375),22.9,Midfield - Defensive Midfield,Midfield,HNK Hajduk Split,HNK Hajduk Split,SuperSport HNL,24/25,5370.0,0.5027932960893855,0.0167597765363128,0.5195530726256984,4000000.0,2-5m,0.726890756302521,0.726890756302521,0.08571428571428592,0.09068627450980393,1.0,56.254481792717094
1085031,Elia Plicco (1085031),19.5,Midfield - Attacking Midfield,Midfield,Parma Calcio 1913,Parma Primavera,Serie A,24/25,5840.0,0.6164383561643836,0.0154109589041095,0.6318493150684932,250000.0,<=0.5m,0.5076306753147654,0.4954248366013072,0.5714285714285714,0.49188112745098034,1.0,56.21850499436071
826490,Luís Gomes (826490),22.3,Midfield - Attacking Midfield,Midfield,GD Estoril Praia,Sporting CP B,Liga 3 - Promotion,24/25,6640.0,0.5421686746987953,0.0406626506024096,0.5828313253012049,,,0.6915299504006105,0.46143790849673205,0.17142857142857132,0.5,1.0,56.172629245008444
933035,Samuele Gerbino (933035),22.0,Midfield - Central Midfield,Midfield,Derthona FBC,SSD NovaRomentin,Serie D - A,24/25,10770.0,0.1671309192200557,0.0417827298050139,0.2089136490250696,125000.0,<=0.5m,0.6978252575352919,0.3001007049345418,0.21428571428571427,0.6836703431372548,1.0,56.11953152739402
685657,Silas Andersen (685657),22.2,Midfield - Defensive Midfield,Midfield,BK Häcken,BK Häcken,UECL Qualifiers,25/26,1800.0,0.5,0.0,0.5,700000.0,0.5-2m,0.7037815126050421,0.7037815126050421,0.1857142857142858,0.2643995098039216,0.72,56.099912464986005
925539,Furkan Yöntem (925539),21.3,Midfield - Defensive Midfield,Midfield,Altinordu FK,Altinordu FK,2.Lig Beyaz,24/25,3180.0,0.2830188679245283,0.0,0.2830188679245283,100000.0,<=0.5m,0.509453781512605,0.509453781512605,0.31428571428571417,0.7486213235294117,1.0,56.07649684873949
696027,Ayman Aourir (696027),21.9,Midfield - Attacking Midfield,Midfield,Rot-Weiß Oberhausen,Eintracht Hohkeppel,Mittelrheinpokal,24/25,4560.0,0.5921052631578947,0.0197368421052631,0.6118421052631579,75000.0,<=0.5m,0.5315719191148417,0.4843137254901961,0.2285714285714288,0.8249080882352942,1.0,56.060490979585275
652796,Leo Torres (652796),22.6,Midfield - Attacking Midfield,Midfield,Deportivo Guadalajara U21,Deportivo Guadalajara U23,Liga MX U23 Clausura,24/25,1810.0,0.9944751381215468,0.0,0.9944751381215468,0.0,<=0.5m,0.6640595192674552,0.6601307189542484,0.12857142857142836,0.5,0.724,56.05428040629962
926993,Victor Froholdt (926993),20.5,Midfield - Central Midfield,Midfield,FC Porto,FC Porto,Liga Portugal,25/26,3280.0,0.274390243902439,0.0548780487804878,0.3292682926829268,12000000.0,10m+,0.7620183136207554,0.4380664652567976,0.42857142857142855,0.039675245098039214,1.0,56.00675444175366
898998,Tyrone Sakho (898998),22.4,Midfield - Defensive Midfield,Midfield,Le Puy Foot 43 Auvergne,Le Puy Foot 43 Auvergne,National 2 - Grp. A,24/25,2930.0,0.3071672354948805,0.030716723549488,0.3378839590443686,,,0.624666157954979,0.5777310924369747,0.15714285714285733,0.5,1.0,55.961683750188364
1237518,Haoyu Yang (1237518),20.2,Midfield - Attacking Midfield,Midfield,Shanghai Shenhua,Shanghai Shenhua,Super League,2025,3640.0,0.4945054945054945,0.0247252747252747,0.5192307692307693,225000.0,<=0.5m,0.5715375810759252,0.4294117647058823,0.47142857142857153,0.5170036764705883,1.0,55.94639551785995
1292846,Pedro Pinto (1292846),21.5,Midfield - Attacking Midfield,Midfield,SC Vianense,Gil Vicente U23,U-23 Cup Portugal,24/25,2280.0,0.7894736842105263,0.0,0.7894736842105263,,,0.5906142693628386,0.5816993464052288,0.2857142857142857,0.5,0.912,55.93215642813148
986875,Bernard Pick (986875),20.0,Midfield - Central Midfield,Midfield,FC Viktoria 1889 Berlin,FC Viktoria 1889 Berlin,NOFV-Oberliga Nord,25/26,2100.0,0.4285714285714286,0.0,0.4285714285714286,,,0.540281973816717,0.540281973816717,0.5,0.5,0.84,55.816918429003024
1108471,Landon Emenalo (1108471),18.6,Midfield - Defensive Midfield,Midfield,Chelsea FC U21,Chelsea FC U21,PL2 Playoffs,24/25,10190.0,0.0883218842001962,0.0264965652600588,0.1148184494602551,,,0.5904235024799694,0.23319327731092437,0.6999999999999998,0.5,1.0,55.76634519507918
1112519,Luca Picotto (1112519),19.5,Midfield - Attacking Midfield,Midfield,Brentford FC B,Fulham FC U18,U18 Premier League,24/25,7770.0,0.2316602316602316,0.0347490347490347,0.2664092664092664,,,0.6521365890881343,0.2196078431372549,0.5714285714285714,0.5,1.0,55.75542007722586
1171155,Nemanja Milojevic (1171155),19.1,Midfield - Central Midfield,Midfield,Lecce Primavera,Lecce Primavera,Primavera 1,25/26,2510.0,0.3585657370517928,0.0,0.3585657370517928,,,0.4778449144008056,0.4778449144008056,0.6285714285714283,0.5,1.0,55.7278377211912
1303364,Eyüp Değirmenci (1303364),19.3,Midfield - Defensive Midfield,Midfield,Samsunspor U19,Samsunspor U19,U19 Süper Lig,25/26,3550.0,0.2535211267605634,0.0,0.2535211267605634,,,0.4852941176470588,0.4852941176470588,0.5999999999999999,0.5,1.0,55.71764705882353
1162339,Hugo Humanes (1162339),19.6,Midfield - Attacking Midfield,Midfield,Inter Milan Primavera,Inter Milan Primavera,Primavera 1,25/26,1140.0,0.7894736842105263,0.0,0.7894736842105263,,,0.5906142693628386,0.5816993464052288,0.5571428571428569,0.5,0.456,55.71501357098862
1039953,Olger Escobar (1039953),19.9,Midfield - Attacking Midfield,Midfield,CF Montréal,CF Montréal,MLS,2025,3620.0,0.4972375690607734,0.0248618784530386,0.5220994475138121,300000.0,<=0.5m,0.5734452499046165,0.43137254901960786,0.5142857142857145,0.4431678921568627,1.0,55.71403749357431
1229093,Pedro Dayan (1229093),18.8,Midfield - Central Midfield,Midfield,Virtus Entella Primavera,Virtus Entella Primavera,Play-off/out Primavera,24/25,14920.0,0.0603217158176943,0.0361930294906166,0.0965147453083109,,,0.6622472338801983,0.1268882175226586,0.6714285714285714,0.5,1.0,55.69979281580317
1039335,Denzel Eijken (1039335),22.8,Midfield - Central Midfield,Midfield,De Graafschap Doetinchem,De Graafschap Doetinchem U21,U21 Div. 2 Spring,24/25,8260.0,0.5447941888619855,0.0,0.5447941888619855,,,0.6183282980866063,0.6183282980866063,0.0999999999999999,0.5,1.0,55.69969788519637
1263951,Artem Chornyi (1263951),18.4,Midfield - Attacking Midfield,Midfield,Obolon Kyiv U19,Obolon Kyiv,Premier Liga,25/26,1350.0,0.6666666666666667,0.0,0.6666666666666667,,,0.5331934376192293,0.5163398692810458,0.7285714285714288,0.5,0.54,55.67797061085658
1017047,Mauro Zalazar (1017047),21.3,Midfield - Defensive Midfield,Midfield,FC Schalke 04,FC Schalke 04,2. Bundesliga,24/25,5340.0,0.3370786516853932,0.0,0.3370786516853932,300000.0,<=0.5m,0.5735294117647058,0.5735294117647058,0.31428571428571417,0.4431678921568627,1.0,55.64468662464985
938730,Ibon Sánchez (938730),22.4,Midfield - Attacking Midfield,Midfield,Bilbao Athletic,Bilbao Athletic,Primera Federación - Gr. I,24/25,5770.0,0.4679376083188908,0.046793760831889,0.51473136915078,300000.0,<=0.5m,0.7249141549027089,0.4261437908496732,0.15714285714285733,0.4431678921568627,1.0,55.64053748947755
924857,Lennon Miller (924857),20.0,Midfield - Central Midfield,Midfield,Udinese Calcio,Motherwell FC,Premiership Relegation,24/25,14760.0,0.2439024390243902,0.048780487804878,0.2926829268292683,8000000.0,5-10m,0.7358832506676841,0.40584088620342396,0.5,0.05346200980392157,1.0,55.64053115910224
1005598,Matteo Mahi (1005598),21.5,Midfield - Central Midfield,Midfield,Oltrepò FBC,Oltrepò FBC,Serie D - A,24/25,2540.0,0.3543307086614173,0.0,0.3543307086614173,50000.0,<=0.5m,0.47532729103726085,0.47532729103726085,0.2857142857142857,0.8958333333333334,1.0,55.63273270033089
1062691,Tommaso Paganessi (1062691),20.2,Midfield - Central Midfield,Midfield,UC AlbinoLeffe,AlbinoLeffe Primavera,Primavera 2 - A,24/25,6120.0,0.2941176470588235,0.0,0.2941176470588235,25000.0,<=0.5m,0.4093655589123867,0.4093655589123867,0.47142857142857153,0.9641544117647058,1.0,55.60295244230623
1168036,Gianmarco Belicchi (1168036),19.6,Midfield,Midfield,Reggiana Primavera,Sassuolo Under 18,Under 18,24/25,1350.0,0.6666666666666667,0.0,0.6666666666666667,,,0.5714285714285714,0.5714285714285714,0.5571428571428569,0.5,0.54,55.60000000000001
994504,Gabriel Antinoro (994504),22.3,Midfield - Left Midfield,Midfield,Atlético Ottawa,Atlético Ottawa,CanPL,2025,6980.0,0.2578796561604584,0.0386819484240687,0.2965616045845272,150000.0,<=0.5m,0.677985501716902,0.367816091954023,0.17142857142857132,0.6395526960784313,1.0,55.551997976185966
1179085,Martim Madeira (1179085),20.2,Midfield - Attacking Midfield,Midfield,CD Santa Clara U23,CD Santa Clara U23,Revelação U23 - Qualif. round,24/25,2780.0,0.3237410071942446,0.0323741007194244,0.3561151079136691,,,0.6359214040442579,0.30980392156862746,0.47142857142857153,0.5,1.0,55.52355677104875
1192974,Ben Ostermann (1192974),21.5,Midfield - Central Midfield,Midfield,SV Werder Bremen II,SV Werder Bremen II,Regionalliga Nord,24/25,2550.0,0.3529411764705882,0.0,0.3529411764705882,50000.0,<=0.5m,0.473313192346425,0.473313192346425,0.2857142857142857,0.8958333333333334,1.0,55.511886778880736
964065,Mitch Beardmore (964065),21.9,Midfield - Attacking Midfield,Midfield,Bath City,Bath City,National League South,25/26,1890.0,0.4761904761904761,0.0476190476190476,0.5238095238095238,0.0,<=0.5m,0.729969477298741,0.4339869281045752,0.2285714285714288,0.5,0.756,55.50369541279567
805477,Ilyes Zouaoui (805477),22.9,Midfield - Central Midfield,Midfield,Without Club,FC Martigues,Ligue 2,24/25,1520.0,0.5921052631578947,0.0,0.5921052631578947,150000.0,<=0.5m,0.6515609264853978,0.6515609264853978,0.08571428571428592,0.6395526960784313,0.608,55.49882190565047
1172589,Martim Silva (1172589),21.5,Midfield - Attacking Midfield,Midfield,Académico de Viseu Sub-23,Académico de Viseu Sub-23,Liga Revelação,25/26,2120.0,0.4245283018867924,0.0424528301886792,0.4669811320754716,,,0.7029759633727585,0.396078431372549,0.2857142857142857,0.5,0.848,55.47824066978947
1213427,Olly Whyte (1213427),19.7,Midfield - Central Midfield,Midfield,Stenhousemuir FC,Cowdenbeath FC,Lowland League,24/25,7180.0,0.3760445682451254,0.0,0.3760445682451254,,,0.49647532729103727,0.49647532729103727,0.5428571428571429,0.5,1.0,55.47423392317652
1027068,Ben McCrystal (1027068),20.4,Midfield - Attacking Midfield,Midfield,Berwick Rangers FC,Berwick Rangers FC,Lowland League,24/25,4390.0,0.6150341685649203,0.020501138952164,0.6355353075170843,,,0.5375810759252194,0.4980392156862745,0.44285714285714306,0.5,1.0,55.47065791597067
1009441,Felipe Chávez (1009441),19.4,Midfield - Central Midfield,Midfield,FC Bayern Munich II,FC Bayern Munich II,Regionalliga Bayern,25/26,4990.0,0.1803607214428857,0.0360721442885771,0.2164328657314629,600000.0,0.5-2m,0.6607210988172453,0.3152064451158107,0.585714285714286,0.2890625,1.0,55.460247119031735
959979,Matija Mitrović (959979),21.7,Midfield - Central Midfield,Midfield,Vitória Guimarães SC,Zeleznicar Pancevo,Super liga Relegation round,24/25,8720.0,0.2064220183486238,0.0619266055045871,0.268348623853211,1000000.0,0.5-2m,0.7894887447539107,0.38368580060422963,0.25714285714285723,0.20634191176470584,1.0,55.44473239293326
1178961,Siebe Van Keymolen (1178961),21.5,Midfield - Attacking Midfield,Midfield,Jong Essevee,Jong Essevee,2de Nationale VV A,25/26,900.0,1.0,0.0,1.0,,,0.6739793971766501,0.6660130718954248,0.2857142857142857,0.5,0.36,55.43493324584063
1083966,Cauan Barros (1083966),22.3,Midfield - Central Midfield,Midfield,Clube de Regatas Vasco da Gama,América Futebol Clube (MG),Copa do Brasil,2025,7960.0,0.5653266331658292,0.0,0.5653266331658292,500000.0,<=0.5m,0.6344410876132931,0.6344410876132931,0.17142857142857132,0.327359068627451,1.0,55.39234936043904
959294,Eryk Grzywacz (959294),20.4,Midfield - Defensive Midfield,Midfield,1.FC Nuremberg,VfL Wolfsburg U19,Regionalliga Bayern,24/25,10600.0,0.1698113207547169,0.0169811320754716,0.1867924528301886,100000.0,<=0.5m,0.5069629912247234,0.38865546218487396,0.44285714285714306,0.7486213235294117,1.0,55.38142664973277
1050805,Gabriel Martinelli (1050805),21.1,Midfield - Attacking Midfield,Midfield,Without Club,Virtus Ciserano Bergamo 1909,Serie D - C,24/25,1410.0,0.6382978723404256,0.0,0.6382978723404256,25000.0,<=0.5m,0.5201259061426936,0.4993464052287582,0.34285714285714264,0.9641544117647058,0.564,55.374281398875205
1314681,Salvatore Squillacioti (1314681),18.1,Midfield - Right Midfield,Midfield,Palermo Primavera,Palermo Primavera,Primavera 2 - B,24/25,12580.0,0.2146263910969793,0.0214626391096979,0.2360890302066772,,,0.5448302174742464,0.24210526315789474,0.7714285714285712,0.5,1.0,55.372721196352195
1163076,Bogdan Olychenko (1163076),19.6,Midfield - Central Midfield,Midfield,FC Bayern Munich U19,FC Bayern Munich U19,U19-Champ.,24/25,2370.0,0.3797468354430379,0.0,0.3797468354430379,,,0.499496475327291,0.499496475327291,0.5571428571428569,0.5,0.948,55.364074233923176
747017,Dave Kwakman (747017),22.0,Midfield - Central Midfield,Midfield,AZ Alkmaar,AZ Alkmaar,Eredivisie,24/25,5180.0,0.3474903474903475,0.0521235521235521,0.3996138996138996,2000000.0,0.5-2m,0.7520030522701259,0.5146022155085599,0.21428571428571427,0.14522058823529416,1.0,55.35902439131865
662358,Adrian Becker (662358),22.3,Midfield - Central Midfield,Midfield,1.FC Germania Egestorf/Langreder,1.FC Germania Egestorf/Langreder,OL Niedersachsen,25/26,1500.0,0.6000000000000001,0.0,0.6000000000000001,0.0,<=0.5m,0.6601208459214502,0.6601208459214502,0.17142857142857132,0.5,0.6,55.35010789814415
998101,Alex Tóth (998101),20.8,Midfield - Central Midfield,Midfield,Ferencvárosi TC,Ferencvárosi TC,NB I.,25/26,4660.0,0.1931330472103004,0.0579399141630901,0.2510729613733905,2500000.0,2-5m,0.7751812285387257,0.3605236656596173,0.3857142857142856,0.12745098039215685,1.0,55.34414962590193
890860,Caylan Vickers (890860),21.7,Midfield - Attacking Midfield,Midfield,Barnsley FC,Barnsley FC,League One,25/26,2490.0,0.7228915662650601,0.0,0.7228915662650601,200000.0,<=0.5m,0.5619992369324686,0.5516339869281046,0.25714285714285723,0.5553002450980392,0.996,55.34040786151038
649343,Dmitriy Vasiljev (649343),22.2,Midfield - Defensive Midfield,Midfield,FC Sochi,FC Sochi,Premier Liga,25/26,4570.0,0.3938730853391685,0.0,0.3938730853391685,600000.0,0.5-2m,0.6386554621848739,0.6386554621848739,0.1857142857142858,0.2890625,1.0,55.337631302521004
648131,Ákos Tarcson (648131),22.5,Midfield - Attacking Midfield,Midfield,Kaposvári Rákóczi FC,Szentlőrinc SE,NB II.,24/25,1190.0,0.7563025210084033,0.0,0.7563025210084033,10000.0,<=0.5m,0.5768790537962609,0.5660130718954248,0.14285714285714285,0.9932598039215687,0.476,55.32504316657351
1197368,Dani Fernández (1197368),18.6,Midfield - Central Midfield,Midfield,CD Tenerife,CD Tenerife,LaLiga2,24/25,7810.0,0.3457106274007682,0.0,0.3457106274007682,300000.0,<=0.5m,0.4652567975830816,0.4652567975830816,0.6999999999999998,0.4431678921568627,1.0,55.31975834518097
1304526,Angelo Lorusso (1304526),18.3,Midfield - Central Midfield,Midfield,Fiorentina Under 18,Fiorentina Under 17,Under 18,24/25,14510.0,0.062026188835286,0.031013094417643,0.093039283252929,,,0.626859977107974,0.11782477341389729,0.7428571428571428,0.5,1.0,55.29853843092304
668235,Marlon Gomes (668235),22.7,Midfield - Central Midfield,Midfield,Shakhtar Donetsk,Shakhtar Donetsk,Premier Liga,24/25,6870.0,0.5240174672489083,0.0524017467248908,0.5764192139737991,10000000.0,5-10m,0.7531476535673407,0.6435045317220544,0.1142857142857144,0.04503676470588236,1.0,55.235796667897915
837334,Joel Colwill (837334),21.8,Midfield - Attacking Midfield,Midfield,Cardiff City,Cardiff City,League One,25/26,930.0,0.967741935483871,0.0,0.967741935483871,175000.0,<=0.5m,0.6561426936283861,0.6496732026143791,0.24285714285714274,0.5994178921568627,0.372,55.22379759130537
1039622,Kemal Günay (1039622),20.3,Midfield - Attacking Midfield,Midfield,SV Tasmania Berlin,FC Viktoria 1889 Berlin,U19 Nachwuchsliga - Liga B,24/25,3720.0,0.4838709677419355,0.0241935483870967,0.5080645161290323,0.0,<=0.5m,0.5674360930942388,0.42483660130718953,0.457142857142857,0.5,1.0,55.22326248062496
1037996,Tommy McDermott (1037996),21.2,Midfield - Attacking Midfield,Midfield,Shrewsbury Town,Burnley FC,Premier League Cup,24/25,6470.0,0.1391035548686244,0.0417310664605873,0.1808346213292117,100000.0,<=0.5m,0.6975391072109882,0.134640522875817,0.3285714285714287,0.7486213235294117,1.0,55.20641896384015
1233281,Beraat Doğan Yıldız (1233281),19.4,Midfield - Defensive Midfield,Midfield,Arnavutköy Belediyesi FSK,Kasimpasa U19,U19 Süper Lig,25/26,3600.0,0.25,0.0,0.25,,,0.4800420168067227,0.4800420168067227,0.585714285714286,0.5,1.0,55.17394957983194
1078814,Alex Ramku (1078814),18.2,Midfield - Central Midfield,Midfield,Udinese Primavera,Udinese Under 17,Under 17 - Finals,24/25,11210.0,0.3211418376449598,0.0,0.3211418376449598,,,0.4340382678751259,0.4340382678751259,0.7571428571428572,0.5,1.0,55.15658178679327
923535,Jens Hjertø-Dahl (923535),20.8,Midfield - Central Midfield,Midfield,Tromsø IL,Tromsø IL,Eliteserien,2025,7960.0,0.2261306532663316,0.0565326633165829,0.2826633165829146,5000000.0,2-5m,0.769172071728348,0.3947633434038268,0.3857142857142856,0.07521446078431371,1.0,55.13776330297038
875383,Valerio Minnocci (875383),22.3,Midfield - Right Midfield,Midfield,Nuova Florida Calcio,FC Matera,Serie D - G,24/25,3690.0,0.4878048780487805,0.0,0.4878048780487805,0.0,<=0.5m,0.5894736842105263,0.5894736842105263,0.17142857142857132,0.5,1.0,55.11127819548872
900320,Berat Mert (900320),21.9,Midfield - Defensive Midfield,Midfield,VfB Auerbach,VfB Auerbach,NOFV-Oberliga Süd,24/25,2670.0,0.3370786516853932,0.0,0.3370786516853932,0.0,<=0.5m,0.5735294117647058,0.5735294117647058,0.2285714285714288,0.5,1.0,55.06890756302521
991744,Luka Topalović (991744),20.5,Midfield - Central Midfield,Midfield,Inter U23,Inter U23,Serie C - A,25/26,1490.0,0.6040268456375839,0.0,0.6040268456375839,1500000.0,0.5-2m,0.6641490433031219,0.6641490433031219,0.42857142857142855,0.17080269607843135,0.596,55.05732320042821
1056809,Rogelio Garcia (1056809),18.3,Midfield - Attacking Midfield,Midfield,Colorado Rapids 2,Colorado Rapids 2,MLS Next Pro,2025,6140.0,0.1465798045602606,0.0293159609120521,0.1758957654723127,,,0.6137924456314384,0.12549019607843137,0.7428571428571428,0.5,1.0,54.970611533434436
802512,Julius Beck (802512),21.3,Midfield - Central Midfield,Midfield,SK Sturm Graz,Esbjerg fB,1.Division Promotion,24/25,9060.0,0.2980132450331126,0.0397350993377483,0.3377483443708609,650000.0,0.5-2m,0.6850438763830599,0.45720040281973817,0.31428571428571417,0.27450980392156865,1.0,54.961784848063914
989818,Baptiste Sigrist (989818),22.9,Midfield - Attacking Midfield,Midfield,FC Balagne,FC Balagne,National 2 - Grp. C,24/25,3230.0,0.8359133126934984,0.0278637770897832,0.8637770897832817,,,0.6108355589469668,0.6078431372549019,0.08571428571428592,0.5,1.0,54.955728831021155
747367,Lewis Leigh (747367),22.7,Midfield - Defensive Midfield,Midfield,Without Club,Bromley FC,National League,24/25,5320.0,0.169172932330827,0.0338345864661654,0.2030075187969924,125000.0,<=0.5m,0.6457458985120184,0.4096638655462185,0.1142857142857144,0.6836703431372548,1.0,54.9509054179665
1034656,Henrik Wittrock (1034656),19.5,Midfield - Defensive Midfield,Midfield,SV Meppen U19,SV Meppen U19,U19 Nachwuchsliga - Gr. I,25/26,3600.0,0.25,0.0,0.25,,,0.4800420168067227,0.4800420168067227,0.5714285714285714,0.5,1.0,54.945378151260506
927353,Johan Manzambi (927353),20.8,Midfield - Central Midfield,Midfield,SC Freiburg,SC Freiburg,Bundesliga,24/25,10290.0,0.2623906705539358,0.0524781341107871,0.314868804664723,8000000.0,5-10m,0.7534338038916444,0.4259818731117825,0.3857142857142856,0.05346200980392157,1.0,54.921982465025174
811354,Cian Coleman (811354),21.9,Midfield - Defensive Midfield,Midfield,Buxton FC,Buxton FC,National League North,25/26,3310.0,0.2719033232628399,0.0271903323262839,0.2990936555891239,,,0.5973864937046929,0.5252100840336135,0.2285714285714288,0.5,1.0,54.912451466660684
1096823,Villian Guilherme (1096823),22.8,Midfield - Defensive Midfield,Midfield,Londrina Esporte Clube (PR),EC Água Santa (SP),Série C,2025,4960.0,0.3629032258064516,0.0,0.3629032258064516,,,0.6050420168067226,0.6050420168067226,0.0999999999999999,0.5,1.0,54.90252100840336
1186467,Aiden McCallion (1186467),18.2,Midfield,Midfield,Glasgow Rangers U18,Rangers FC B,Challenge Cup,25/26,1800.0,0.5,0.0,0.5,,,0.47619047619047616,0.47619047619047616,0.7571428571428572,0.5,0.72,54.88571428571428
1097470,Kauã Oliveira (1097470),22.7,Midfield - Attacking Midfield,Midfield,Sporting CP B,Sporting CP B,Liga 3 - Promotion,24/25,1950.0,0.9230769230769232,0.0,0.9230769230769232,,,0.6411674933231591,0.6313725490196078,0.1142857142857144,0.5,0.78,54.88313225328285
1099554,Diego Ceresoli (1099554),19.3,Midfield - Central Midfield,Midfield,AlbinoLeffe Primavera,AlbinoLeffe Primavera,Primavera 2 - A,24/25,12800.0,0.140625,0.028125,0.16875,,,0.6050171690194582,0.23867069486404835,0.5999999999999999,0.5,1.0,54.84140770974848
938728,Ibon Badiola (938728),21.9,Midfield - Central Midfield,Midfield,Atlético Malagueño,Arenas Club,Segunda Federación - Gr. II,24/25,7120.0,0.3792134831460674,0.0252808988764044,0.4044943820224719,200000.0,<=0.5m,0.5785005723006486,0.5191339375629406,0.2285714285714288,0.5553002450980392,1.0,54.83531466232474
898781,Jakob Vester (898781),21.7,Midfield - Central Midfield,Midfield,Viborg FF,Viborg FF,Oddset Pokalen,25/26,2140.0,0.4205607476635514,0.0420560747663551,0.4626168224299065,900000.0,0.5-2m,0.6998283098054178,0.5639476334340383,0.25714285714285723,0.2244178921568627,0.856,54.8164599126365
689022,Nadir Ajanovic (689022),20.7,Midfield - Attacking Midfield,Midfield,Admira Wacker,Admira Wacker,2. Liga,24/25,9160.0,0.2947598253275109,0.029475982532751,0.3242358078602619,150000.0,<=0.5m,0.6140785959557421,0.2784313725490196,0.4000000000000001,0.6395526960784313,1.0,54.81421458749467
895298,Dawid Drachal (895298),21.5,Midfield - Attacking Midfield,Midfield,Jagiellonia Bialystok,Jagiellonia Bialystok,Ekstraklasa,25/26,3020.0,0.2980132450331126,0.0596026490066225,0.3576158940397351,700000.0,0.5-2m,0.7813811522319726,0.3111111111111111,0.2857142857142857,0.2643995098039216,1.0,54.80994993794287
1201576,Luca Dagau (1201576),18.7,Midfield - Central Midfield,Midfield,SC Aubagne Air Bel,SC Aubagne Air Bel U19,National U19 - Grp. D,25/26,2700.0,0.3333333333333333,0.0,0.3333333333333333,,,0.4471299093655589,0.4471299093655589,0.6857142857142858,0.5,1.0,54.79922313336212
837277,Joshua Anifowose (837277),22.5,Midfield - Central Midfield,Midfield,Eastbourne Borough,Eastbourne Borough,National League South,24/25,7540.0,0.4774535809018567,0.0238726790450928,0.5013262599469496,,,0.5901309164149043,0.5901309164149043,0.14285714285714285,0.5,1.0,54.69356927060854
795232,Quinn Sullivan (795232),22.4,Midfield - Central Midfield,Midfield,Philadelphia Union,Philadelphia Union,MLS,2025,8880.0,0.2027027027027027,0.081081081081081,0.2837837837837837,5000000.0,2-5m,0.8522510492178558,0.3972809667673716,0.15714285714285733,0.07521446078431371,1.0,54.693009304426795
1042220,Marek Psota (1042220),23.0,Midfield - Central Midfield,Midfield,FK Blansko,FK Blansko,MSFL,24/25,1440.0,0.625,0.0,0.625,,,0.6797583081570997,0.6797583081570997,0.07142857142857142,0.5,0.576,54.688355632283134
1097826,Riquelme (1097826),20.6,Midfield - Defensive Midfield,Midfield,FC Liefering,RB Bragantino U20,CBF Brasileiro U20,2025,4160.0,0.2163461538461538,0.0216346153846153,0.2379807692307692,,,0.5461655856543304,0.46638655462184875,0.4142857142857141,0.5,1.0,54.64336788511665
1050908,Bilel Benhassine (1050908),20.1,Midfield - Right Midfield,Midfield,US Adriese 1906,Padova Primavera,Primavera 2 - A,24/25,5980.0,0.3010033444816054,0.0,0.3010033444816054,25000.0,<=0.5m,0.3894736842105263,0.3894736842105263,0.4857142857142855,0.9641544117647058,1.0,54.63801138876603
932741,Mattia Ievoli (932741),21.6,Midfield - Central Midfield,Midfield,CPR Ospitaletto,Fiorentina Primavera,Primavera Fase Finale,24/25,7520.0,0.3590425531914893,0.0239361702127659,0.3829787234042552,200000.0,<=0.5m,0.5657191911484166,0.500503524672709,0.27142857142857124,0.5553002450980392,1.0,54.625467380669114
963510,Matthias Nartey (963510),22.0,Midfield - Attacking Midfield,Midfield,IK Sirius,SC Cambuur Leeuwarden,Keuken Kampioen Play-Offs,24/25,6350.0,0.4251968503937008,0.04251968503937,0.4677165354330709,350000.0,<=0.5m,0.7033574971384967,0.39738562091503266,0.21428571428571427,0.40670955882352944,1.0,54.59257380349444
671682,Thomas Claes (671682),22.4,Midfield - Central Midfield,Midfield,Zulte Waregem,KRC Genk,JPL Champions PO,24/25,7340.0,0.3678474114441417,0.0367847411444141,0.4046321525885558,400000.0,<=0.5m,0.6663487218618848,0.5206445115810675,0.15714285714285733,0.3772977941176471,1.0,54.57188551746789
815541,Guglielmo Floridia (815541),21.7,Midfield - Attacking Midfield,Midfield,Enna Calcio,Paternò Calcio,Serie D - I,24/25,1290.0,0.6976744186046512,0.0,0.6976744186046512,50000.0,<=0.5m,0.5516024418161007,0.5359477124183006,0.25714285714285723,0.8958333333333334,0.516,54.56769484316683
1112944,Andrei Toroc (1112944),19.1,Midfield - Central Midfield,Midfield,Bologna Primavera,Bologna Primavera,Primavera 1,25/26,2660.0,0.3383458646616541,0.0,0.3383458646616541,,,0.45820745216515607,0.45820745216515607,0.6285714285714283,0.5,1.0,54.549589987052215
780136,Aleksandar Stanković (780136),21.0,Midfield - Defensive Midfield,Midfield,Club Brugge KV,Club Brugge KV,Jupiler Pro League,25/26,2130.0,0.4225352112676056,0.0,0.4225352112676056,11000000.0,10m+,0.6617647058823529,0.6617647058823529,0.35714285714285715,0.04227941176470584,0.852,54.532079831932776
1141820,Josh Robertson (1141820),20.9,Midfield - Central Midfield,Midfield,Brighton & Hove Albion U21,Brighton & Hove Albion U21,Premier League 2,25/26,1910.0,0.4712041884816754,0.0,0.4712041884816754,,,0.5649546827794562,0.5649546827794562,0.3714285714285716,0.5,0.764,54.48013810962452
1154153,Karim Ouali (1154153),22.3,Midfield - Right Midfield,Midfield,ASD Pontevomano Calcio,Città di Teramo 1913,Play-off Serie D,24/25,3710.0,0.4851752021563342,0.0,0.4851752021563342,0.0,<=0.5m,0.5789473684210527,0.5789473684210527,0.17142857142857132,0.5,1.0,54.4796992481203
940482,Matheusinho (940482),22.0,Midfield - Defensive Midfield,Midfield,Mixto EC (MT),Mixto EC (MT),Série D,2025,2700.0,0.3333333333333333,0.0,0.3333333333333333,,,0.5672268907563025,0.5672268907563025,0.21428571428571427,0.5,1.0,54.46218487394958
1006406,Cody Twose (1006406),20.1,Midfield - Central Midfield,Midfield,Cardiff City U21,Cardiff City U21,Premier League Cup,24/25,7250.0,0.3724137931034483,0.0,0.3724137931034483,,,0.4944612286002014,0.4944612286002014,0.4857142857142855,0.5,1.0,54.439102287440654
726445,Daniil Zorin (726445),22.5,Midfield - Attacking Midfield,Midfield,Spartak Moscow,Spartak Moscow,Premier Liga,25/26,2700.0,0.3333333333333333,0.0666666666666666,0.4,700000.0,0.5-2m,0.8088515833651279,0.3483660130718954,0.14285714285714285,0.2643995098039216,1.0,54.38771987842574
660867,Julio Enciso (660867),22.6,Midfield - Attacking Midfield,Midfield,RC Strasbourg Alsace,Brighton & Hove Albion,Premier League,24/25,5020.0,0.5378486055776892,0.0717131474103585,0.6095617529880478,22000000.0,10m+,0.8264975200305227,0.4823529411764706,0.12857142857142836,0.01899509803921573,1.0,54.3417446967341
907869,Miroslav Sovic (907869),22.3,Midfield - Attacking Midfield,Midfield,FC Kosice,FC Kosice,Slovnaft Cup,24/25,6430.0,0.2799377916018662,0.0419906687402799,0.3219284603421462,150000.0,<=0.5m,0.6991606257153758,0.2758169934640523,0.17142857142857132,0.6395526960784313,1.0,54.33267252134861
1308606,Tommaso Sibona (1308606),18.3,Midfield - Central Midfield,Midfield,Pro Vercelli Primavera,Juventus Under 17,Under 17 - Finals,24/25,5200.0,0.173076923076923,0.0173076923076923,0.1903846153846153,,,0.5094429607020221,0.2764350453172205,0.7428571428571428,0.5,1.0,54.326117789369974
995817,Dorian Derbaci (995817),20.4,Midfield - Central Midfield,Midfield,FC Aarau,FC Aarau,Challenge League,25/26,4650.0,0.3870967741935484,0.0,0.3870967741935484,250000.0,<=0.5m,0.5045317220543807,0.5045317220543807,0.44285714285714306,0.49188112745098034,1.0,54.24395339329086
786825,Moritz Bangerter (786825),21.7,Midfield - Central Midfield,Midfield,SV Wacker Burghausen,TSV 1860 Munich,Bayernliga Süd,24/25,5730.0,0.3141361256544502,0.0157068062827225,0.3298429319371728,75000.0,<=0.5m,0.4968523464326593,0.44008056394763345,0.25714285714285723,0.8249080882352942,1.0,54.22516052086882
610428,Oscar Fraulo (610428),22.7,Midfield - Central Midfield,Midfield,Borussia Mönchengladbach,FC Utrecht,Eredivisie,24/25,5710.0,0.4728546409807355,0.0472854640980735,0.5201401050788091,3500000.0,2-5m,0.7279664250286151,0.6052366565961732,0.1142857142857144,0.10125612745098034,1.0,54.22408780908834
631846,Nik Dubler (631846),22.4,Midfield - Attacking Midfield,Midfield,SC Buochs,SC Buochs,1. Liga gr. 2,25/26,2190.0,0.821917808219178,0.0,0.821917808219178,0.0,<=0.5m,0.6034910339565052,0.5908496732026144,0.15714285714285733,0.5,0.876,54.205637815090434
896526,Patrick Kelly (896526),21.9,Midfield - Defensive Midfield,Midfield,Barnsley FC,Doncaster Rovers,League Two,24/25,8180.0,0.3300733496332518,0.0,0.3300733496332518,250000.0,<=0.5m,0.5609243697478992,0.5609243697478992,0.2285714285714288,0.49188112745098034,1.0,54.198940826330535
1064471,Fer López (1064471),22.2,Midfield - Attacking Midfield,Midfield,Wolverhampton Wanderers,Celta de Vigo,LaLiga,24/25,7460.0,0.96514745308311,0.0361930294906166,1.0013404825737264,5000000.0,2-5m,0.6692810457516339,0.6692810457516339,0.1857142857142858,0.07521446078431371,1.0,54.181293767507
1201529,Lander Astiazaran (1201529),20.4,Midfield - Attacking Midfield,Midfield,Real Sociedad B,Real Sociedad B,Promoción a LaLiga2,24/25,10150.0,0.4433497536945813,0.0177339901477832,0.4610837438423645,150000.0,<=0.5m,0.5129721480351012,0.39215686274509803,0.44285714285714306,0.6395526960784313,1.0,54.15984463653834
1130514,Samir El Mourabet (1130514),20.9,Midfield - Central Midfield,Midfield,RC Strasbourg Alsace,RC Strasbourg Alsace,Ligue 1,24/25,7650.0,0.1176470588235294,0.0235294117647058,0.1411764705882353,50000.0,<=0.5m,0.5629530713468142,0.19436052366565962,0.3714285714285716,0.8958333333333334,1.0,54.15267204134726
988406,Kasper Boogaard (988406),20.6,Midfield - Defensive Midfield,Midfield,AZ Alkmaar U21,AZ Alkmaar U19,U19 Div. 1 Championship-PO,24/25,16570.0,0.2715751357875678,0.0054315027157513,0.2770066385033192,200000.0,<=0.5m,0.4957983193277311,0.4957983193277311,0.4142857142857141,0.5553002450980392,1.0,54.15067401960785
1200189,Kofi Shaw (1200189),19.7,Midfield - Attacking Midfield,Midfield,Brighton & Hove Albion U21,Bristol Rovers,League One,24/25,6440.0,0.4192546583850932,0.0139751552795031,0.4332298136645963,150000.0,<=0.5m,0.48168637924456315,0.37254901960784315,0.5428571428571429,0.6395526960784313,1.0,54.13961287347827
918581,Anton Roshchin (918581),21.4,Midfield - Right Midfield,Midfield,FC Leningradets,FC Leningradets,2. Division A (Phase 1),25/26,2500.0,0.36,0.0,0.36,75000.0,<=0.5m,0.4631578947368421,0.4631578947368421,0.3000000000000002,0.8249080882352942,1.0,54.13818691950465
1140063,Lucas Harrison (1140063),19.0,Midfield - Central Midfield,Midfield,Middlesbrough FC U18,Middlesbrough FC U18,U18 Premier League,25/26,2700.0,0.3333333333333333,0.0,0.3333333333333333,,,0.4471299093655589,0.4471299093655589,0.6428571428571429,0.5,1.0,54.11350884764783
829253,Almin Mesanovic (829253),22.6,Midfield - Central Midfield,Midfield,SC Verl,SC Verl,Westfalenpokal,25/26,1800.0,0.5,0.0,0.5,125000.0,<=0.5m,0.5871097683786506,0.5871097683786506,0.12857142857142836,0.6836703431372548,0.72,54.05511376378346
1178489,Alpha Touré (1178489),20.6,Midfield - Defensive Midfield,Midfield,FC Metz,FC Metz,L1/L2 Playoffs,24/25,5780.0,0.3114186851211072,0.0,0.3114186851211072,400000.0,<=0.5m,0.5357142857142857,0.5357142857142857,0.4142857142857141,0.3772977941176471,1.0,54.05359768907563
663228,Tyler Roberts (663228),22.7,Midfield - Right Midfield,Midfield,Tamworth FC,Tamworth FC,National League,25/26,3920.0,0.2295918367346938,0.0459183673469387,0.2755102040816326,0.0,<=0.5m,0.7191911484166349,0.35789473684210527,0.1142857142857144,0.5,1.0,54.03151927892987
733904,Michalis Patiras (733904),22.3,Midfield - Attacking Midfield,Midfield,AE Kifisias,Rio Ave FC U23,Revelação U23 - Qualif. round,24/25,7630.0,0.4718217562254259,0.0353866317169069,0.5072083879423329,0.0,<=0.5m,0.6562380770698206,0.4235294117647059,0.17142857142857132,0.5,1.0,53.997551130333854
745846,Mauro Bandeira (745846),22.8,Midfield - Central Midfield,Midfield,Without Club,NK Tabor Sezana,Druga Liga,24/25,2270.0,0.3964757709251101,0.0,0.3964757709251101,50000.0,<=0.5m,0.5125881168177241,0.5125881168177241,0.0999999999999999,0.8958333333333334,0.908,53.97695367573011
812358,Younes Tufi (812358),22.1,Midfield - Central Midfield,Midfield,Rijnsburgse Boys,USV Hercules,Derde Divisie A,24/25,8040.0,0.4477611940298507,0.0111940298507462,0.458955223880597,,,0.5629405840886204,0.5629405840886204,0.1999999999999998,0.5,1.0,53.97643504531722
1063263,Bilal Bafdili (1063263),22.0,Midfield - Attacking Midfield,Midfield,KV Mechelen,KV Mechelen,JPL Europe PO,24/25,5040.0,0.7142857142857142,0.0357142857142857,0.7499999999999999,900000.0,0.5-2m,0.6585272796642503,0.5620915032679739,0.21428571428571427,0.2244178921568627,1.0,53.960471617904446
1011669,Michael Okeke (1011669),20.8,Midfield - Central Midfield,Midfield,Puskás Akadémia FC,Manchester City U21,PL2 Playoffs,24/25,7070.0,0.1272984441301273,0.0381895332390381,0.1654879773691654,,,0.6749332315909958,0.23363544813695872,0.3857142857142856,0.5,1.0,53.958871230899504
805054,William Clem (805054),22.2,Midfield - Defensive Midfield,Midfield,FC Copenhagen,FC Copenhagen,Superliga Championship round,24/25,2460.0,0.3658536585365854,0.0365853658536585,0.4024390243902439,3000000.0,2-5m,0.6646318199160626,0.6491596638655462,0.1857142857142858,0.1128982843137255,0.984,53.92952631367313
917154,Zech Obiero (917154),21.6,Midfield - Central Midfield,Midfield,Leyton Orient,Leyton Orient,League One,24/25,4200.0,0.2142857142857143,0.0214285714285714,0.2357142857142857,75000.0,<=0.5m,0.5445440671499427,0.3333333333333333,0.27142857142857124,0.8249080882352942,1.0,53.917578263182406
1063597,Eñaut Lete (1063597),22.2,Midfield - Central Midfield,Midfield,Bilbao Athletic,Bilbao Athletic,Primera Federación - Gr. I,24/25,5030.0,0.3578528827037773,0.0178926441351888,0.3757455268389661,100000.0,<=0.5m,0.5146890499809234,0.4954682779456193,0.1857142857142858,0.7486213235294117,1.0,53.910613114919045
1045123,Trey Nyoni (1045123),19.1,Midfield - Central Midfield,Midfield,Liverpool FC,Liverpool FC,PL2 Playoffs,24/25,6210.0,0.2898550724637681,0.0289855072463768,0.3188405797101449,4500000.0,2-5m,0.6114078595955742,0.4300100704934542,0.6285714285714283,0.08226102941176472,1.0,53.902517484395375
1064305,Wassim Bahri (1064305),21.5,Midfield - Central Midfield,Midfield,RFC Seraing,FC Metz B,National 3 - Grp. H,24/25,6520.0,0.4141104294478528,0.013803680981595,0.4279141104294479,,,0.5387713997985901,0.5387713997985901,0.2857142857142857,0.5,1.0,53.89771255934398
712117,Bobby Clark (712117),21.5,Midfield - Central Midfield,Midfield,Derby County,Derby County,Championship,25/26,1250.0,0.72,0.0,0.72,4500000.0,2-5m,0.7180261832829808,0.7180261832829808,0.2857142857142857,0.08226102941176472,0.5,53.804653980172134
1080215,Cheikh Fall (1080215),22.5,Midfield - Attacking Midfield,Midfield,Pau FC,AS Saint-Étienne,National 3 - Grp. I,24/25,5200.0,0.5192307692307693,0.0173076923076923,0.5365384615384616,50000.0,<=0.5m,0.5094429607020221,0.4366013071895425,0.14285714285714285,0.8958333333333334,1.0,53.791442217227726
944070,Isak Ellbring (944070),22.1,Midfield - Central Midfield,Midfield,Jönköpings Södra IF,Jönköpings Södra IF,Ettan Södra,2025,7540.0,0.2387267904509283,0.0358090185676392,0.2745358090185676,,,0.6593857306371614,0.38721047331319236,0.1999999999999998,0.5,1.0,53.77528817710237
1183668,Adomas Buikus (1183668),18.2,Midfield - Central Midfield,Midfield,Bologna Under 18,Bologna Under 17,Under 17 - A,24/25,6110.0,0.2945990180032733,0.0,0.2945990180032733,,,0.4108761329305136,0.4108761329305136,0.7571428571428572,0.5,1.0,53.766853690116534
931021,Sil van der Wegen (931021),21.6,Midfield - Central Midfield,Midfield,FC Utrecht U21,FC Utrecht U21,Keuken Kampioen Divisie,24/25,7060.0,0.3824362606232295,0.0254957507082152,0.4079320113314448,325000.0,<=0.5m,0.5801220908050363,0.5236656596173213,0.27142857142857124,0.41789215686274506,1.0,53.75863130110802
999859,Giacomo Seminari (999859),20.6,Midfield - Central Midfield,Midfield,Sassuolo Primavera,Sassuolo Primavera,Primavera Fase Finale,24/25,7910.0,0.3413400758533502,0.0,0.3413400758533502,125000.0,<=0.5m,0.459214501510574,0.459214501510574,0.4142857142857141,0.6836703431372548,1.0,53.75282632312744
1146116,Kamil Nowogonski (1146116),19.5,Midfield - Attacking Midfield,Midfield,Zaglebie Lubin,Zaglebie Lubin,Ekstraklasa,25/26,2110.0,0.4265402843601896,0.0,0.4265402843601896,25000.0,<=0.5m,0.38410911865700115,0.36666666666666664,0.5714285714285714,0.9641544117647058,0.844,53.74383208319574
1186987,Giuseppe Felici (1186987),19.4,Midfield - Central Midfield,Midfield,Spezia Primavera,Spezia Primavera,Primavera 2 - B,24/25,5330.0,0.3377110694183864,0.0,0.3377110694183864,,,0.4561933534743202,0.4561933534743202,0.585714285714286,0.5,1.0,53.743029779887785
915842,Nolan Binet (915842),22.4,Midfield - Defensive Midfield,Midfield,US Boulogne,Istres Football Club,National 2 - Grp. A,24/25,8660.0,0.3117782909930716,0.0,0.3117782909930716,150000.0,<=0.5m,0.5378151260504201,0.5378151260504201,0.15714285714285733,0.6395526960784313,1.0,53.73693102240896
671737,David van der Werff (671737),22.0,Midfield - Attacking Midfield,Midfield,FC Groningen,FC Groningen U21,U21 Div. 1 Fall,25/26,910.0,0.989010989010989,0.0,0.989010989010989,,,0.6627241510873713,0.657516339869281,0.21428571428571427,0.5,0.364,53.71744864701572
931021,Sil van der Wegen (931021),21.6,Midfield - Central Midfield,Midfield,FC Utrecht U21,FC Utrecht U21,Keuken Kampioen Divisie,25/26,2970.0,0.303030303030303,0.0303030303030303,0.3333333333333333,325000.0,<=0.5m,0.6227584891262877,0.4471299093655589,0.27142857142857124,0.41789215686274506,1.0,53.69502793177679
667517,Jordan James (667517),22.1,Midfield - Central Midfield,Midfield,Leicester City,Stade Rennais FC,Ligue 1,24/25,1700.0,0.5294117647058824,0.0529411764705882,0.5823529411764706,8000000.0,5-10m,0.755055322396032,0.6475327291037261,0.1999999999999998,0.05346200980392157,0.68,53.68629042858609
912849,Davide-Danilo Sekulovic (912849),21.9,Midfield - Attacking Midfield,Midfield,FC Ingolstadt 04 II,FC Ingolstadt 04 II,Bayernliga Nord,25/26,2560.0,0.703125,0.0,0.703125,0.0,<=0.5m,0.5546547119420069,0.5418300653594771,0.2285714285714288,0.5,1.0,53.65428334884762
555062,Tomasz Pienko (555062),22.6,Midfield - Attacking Midfield,Midfield,Raków Częstochowa,Raków Częstochowa,Ekstraklasa,25/26,2510.0,0.3585657370517928,0.0717131474103585,0.4302788844621514,2000000.0,0.5-2m,0.8264975200305227,0.36993464052287583,0.12857142857142836,0.14522058823529416,1.0,53.635698945100096
1005837,Raphael Di Matteo (1005837),20.6,Midfield - Defensive Midfield,Midfield,KAS Eupen,KAS Eupen,2de Nationale ACFF,24/25,8870.0,0.2029312288613303,0.0,0.2029312288613303,50000.0,<=0.5m,0.40756302521008403,0.40756302521008403,0.4142857142857141,0.8958333333333334,1.0,53.624019607843145
977867,Marius Trengereid (977867),22.6,Midfield - Central Midfield,Midfield,Arendal Fotball,Arendal Fotball,NM-Cup,2026,2080.0,0.4326923076923077,0.0,0.4326923076923077,100000.0,<=0.5m,0.5458207452165156,0.5458207452165156,0.12857142857142836,0.7486213235294117,0.832,53.607086099545555
1112402,,18.3,Midfield - Central Midfield,Midfield,Parma Under 18,Parma Under 18,Under 18,24/25,16630.0,0.1623571858087793,0.0162357185808779,0.1785929043896572,,,0.5007630675314766,0.256797583081571,0.7428571428571428,0.5,1.0,53.564257679704966
825583,Filip Koperski (825583),22.5,Midfield - Attacking Midfield,Midfield,Olimpia Grudziadz,Olimpia Grudziadz,Baraże II liga,24/25,3030.0,0.594059405940594,0.0297029702970297,0.6237623762376238,0.0,<=0.5m,0.6156047310186952,0.4928104575163399,0.14285714285714285,0.5,1.0,53.52052412978418
1237401,Giuseppe Terrasi (1237401),19.2,Midfield,Midfield,Crotone Primavera,Crotone Primavera,Primavera 2 - B,24/25,6260.0,0.4313099041533546,0.0,0.4313099041533546,,,0.4444444444444444,0.4444444444444444,0.6142857142857144,0.5,1.0,53.49523809523809
742518,Pedro Bravo (742518),21.7,Midfield - Central Midfield,Midfield,FC Midtjylland,FC Midtjylland,Superliga Championship round,24/25,4720.0,0.1906779661016949,0.0572033898305084,0.2478813559322033,1700000.0,0.5-2m,0.7719381915299504,0.3554884189325277,0.25714285714285723,0.15808823529411764,1.0,53.48191750305708
1106911,Diego Díaz (1106911),21.2,Midfield - Attacking Midfield,Midfield,Rayo Cantabria,Racing Santander,Segunda Federación - Gr. I,24/25,5090.0,0.5304518664047151,0.0176817288801571,0.5481335952848723,150000.0,<=0.5m,0.5126859977107974,0.4444444444444444,0.3285714285714287,0.6395526960784313,1.0,53.47072629302898
818237,,22.7,Midfield - Attacking Midfield,Midfield,Crewe Alexandra,Shrewsbury Town,League Two,24/25,4680.0,0.1923076923076923,0.0576923076923076,0.25,200000.0,<=0.5m,0.7739412438000763,0.2019607843137255,0.1142857142857144,0.5553002450980392,1.0,53.45567937924884
802243,Ed McJannet (802243),22.6,Midfield - Central Midfield,Midfield,Ternana Calcio,Audace Cerignola,Playoff Serie C,24/25,1800.0,0.5,0.0,0.5,150000.0,<=0.5m,0.5871097683786506,0.5871097683786506,0.12857142857142836,0.6395526960784313,0.72,53.437466704959924
1191944,Andrey Carvalho (1191944),20.8,Midfield - Attacking Midfield,Midfield,Athletico Paranaense U20,Athletico Paranaense U20,CBF Brasileiro U20,2025,2910.0,0.3092783505154639,0.0309278350515463,0.3402061855670103,0.0,<=0.5m,0.6257153758107592,0.29411764705882354,0.3857142857142856,0.5,1.0,53.41920108753154
925779,Piotr Urbanski (925779),21.9,Midfield - Attacking Midfield,Midfield,Podlasie Biala Podlaska,Podlasie Biala Podlaska,Betclic 3 Liga - Group IV,25/26,940.0,0.9574468085106382,0.0,0.9574468085106382,0.0,<=0.5m,0.6529950400610454,0.6437908496732027,0.2285714285714288,0.5,0.376,53.394353072273034
751666,Ty Barnett (751666),21.0,Midfield - Attacking Midfield,Midfield,Wolverhampton Wanderers U21,Wolverhampton Wanderers U21,Premier League 2,24/25,4610.0,0.5856832971800434,0.0195227765726681,0.6052060737527115,,,0.5301411674933232,0.47843137254901963,0.35714285714285715,0.5,1.0,53.38514027511043
1012516,Ciro Borrelli (1012516),20.6,Midfield - Defensive Midfield,Midfield,US Savoia 1908,US Savoia 1908,Play-off Serie D,24/25,4560.0,0.1973684210526315,0.0,0.1973684210526315,50000.0,<=0.5m,0.40336134453781514,0.40336134453781514,0.4142857142857141,0.8958333333333334,1.0,53.371918767507
796297,Jobe Bellingham (796297),20.9,Midfield - Central Midfield,Midfield,Borussia Dortmund,Borussia Dortmund,Club World Cup,2025,2270.0,0.3964757709251101,0.039647577092511,0.4361233480176212,22000000.0,10m+,0.6843761922930179,0.5488418932527693,0.3714285714285716,0.01899509803921573,0.908,53.369605474101775
842420,Nathan-Dylan Saliba (842420),22.5,Midfield - Central Midfield,Midfield,RSC Anderlecht,RSC Anderlecht,Jupiler Pro League,25/26,3000.0,0.6000000000000001,0.0,0.6000000000000001,3500000.0,2-5m,0.6601208459214502,0.6601208459214502,0.14285714285714285,0.10125612745098034,1.0,53.31055082531502
942815,Luigi Forciniti (942815),20.5,Midfield - Central Midfield,Midfield,Giugliano Calcio 1928,Reggina 1914,Play-off Serie D,24/25,6780.0,0.1327433628318584,0.0132743362831858,0.1460176991150442,10000.0,<=0.5m,0.47500953834414344,0.20342396777442096,0.42857142857142855,0.9932598039215687,1.0,53.28846986015952
1159792,Lars Montegnies (1159792),20.8,Midfield - Central Midfield,Midfield,Renaissance AEC Mons,Renaissance AEC Mons,1N ACFF PRO PO,24/25,2580.0,0.3488372093023256,0.0,0.3488372093023256,150000.0,<=0.5m,0.4692849949647533,0.4692849949647533,0.3857142857142856,0.6395526960784313,1.0,53.2822660144118
1239712,Christian Dottori (1239712),17.8,Midfield - Central Midfield,Midfield,Perugia Primavera,Perugia Primavera,Primavera 2 - B,24/25,12500.0,0.144,0.0144,0.1584,,,0.4853109500190767,0.21852970795568982,0.8142857142857142,0.5,1.0,53.27804110432152
967318,Billy Blacker (967318),20.9,Midfield - Central Midfield,Midfield,Tranmere Rovers,Sheffield United,Championship,24/25,2700.0,0.3333333333333333,0.0,0.3333333333333333,100000.0,<=0.5m,0.4471299093655589,0.4471299093655589,0.3714285714285716,0.7486213235294117,1.0,53.25135023420244
871229,George Hall (871229),22.1,Midfield - Central Midfield,Midfield,Port Vale FC,Walsall FC,EFL Cup,24/25,5100.0,0.5294117647058824,0.0176470588235294,0.5470588235294118,1000000.0,0.5-2m,0.6193353474320241,0.6193353474320241,0.1999999999999998,0.20634191176470584,1.0,53.24890761062733
1185740,Marco Goffi (1185740),19.4,Midfield - Central Midfield,Midfield,Union Brescia Primavera,Feralpisalò Primavera,Play-off/out Primavera,24/25,6660.0,0.2702702702702703,0.0135135135135135,0.2837837837837837,,,0.47710797405570393,0.3972809667673716,0.585714285714286,0.5,1.0,53.241712854427504
651003,Tommaso Maressa (651003),22.5,Midfield - Central Midfield,Midfield,AC Bra,Novara FC,Serie C-A,24/25,3390.0,0.2654867256637168,0.0265486725663716,0.2920353982300884,125000.0,<=0.5m,0.5912819534528806,0.40483383685800606,0.14285714285714285,0.6836703431372548,1.0,53.23215773172145
1202361,Bradley Burrowes (1202361),18.5,Midfield - Attacking Midfield,Midfield,Aston Villa U18,Aston Villa,Premier League,25/26,1550.0,0.5806451612903226,0.0,0.5806451612903226,,,0.48798168637924455,0.4568627450980392,0.7142857142857143,0.5,0.62,53.22285590313959
1188643,Giorgio Chimezie (1188643),19.0,Midfield - Right Midfield,Midfield,Parma Primavera,Parma Under 18,Under 18,24/25,8070.0,0.3345724907063196,0.0,0.3345724907063196,,,0.43157894736842106,0.43157894736842106,0.6428571428571429,0.5,1.0,53.18045112781955
1057574,Christian Frangella (1057574),19.7,Midfield - Central Midfield,Midfield,Sassuolo Primavera,Sassuolo Primavera,Primavera Fase Finale,24/25,14790.0,0.1825557809330628,0.0182555780933062,0.2008113590263691,175000.0,<=0.5m,0.5177413201068295,0.29103726082578046,0.5428571428571429,0.5994178921568627,1.0,53.15455467813705
967658,Augusto Bando (967658),19.8,Midfield - Defensive Midfield,Midfield,Ascoli Calcio,Ascoli Calcio,Serie C-B,24/25,7570.0,0.23778071334214,0.011889035667107,0.249669749009247,300000.0,<=0.5m,0.47478991596638653,0.47478991596638653,0.5285714285714285,0.4431678921568627,1.0,53.14888830532213
720287,Danila Kozlov (720287),21.6,Midfield - Attacking Midfield,Midfield,FC Krasnodar,FC Krasnodar,Premier Liga,24/25,5250.0,0.6857142857142857,0.0342857142857142,0.72,2000000.0,0.5-2m,0.6487027851964899,0.550326797385621,0.27142857142857124,0.14522058823529416,1.0,53.133840758101535
918342,Aleksey Koltakov (918342),20.8,Midfield - Defensive Midfield,Midfield,FC Rostov 2,FC Rostov 2,2. Division B,2025,7030.0,0.1280227596017069,0.0256045519203413,0.1536273115220483,200000.0,<=0.5m,0.5817436093094239,0.32142857142857145,0.3857142857142856,0.5553002450980392,1.0,53.1233177279878
1073955,Mohamed Oukhattou (1073955),21.6,Midfield - Attacking Midfield,Midfield,Sparta Rotterdam U21,Sparta Rotterdam U21,Play-Offs Promotion Tweede Divisie,24/25,8160.0,0.2205882352941176,0.0441176470588235,0.2647058823529412,0.0,<=0.5m,0.7103204883632201,0.21764705882352942,0.27142857142857124,0.5,1.0,53.12327099477716
1132634,Ange Martial Tia (1132634),19.7,Midfield - Attacking Midfield,Midfield,Stade Reims,Stade Reims,L1/L2 Playoffs,24/25,1270.0,0.7086614173228346,0.0,0.7086614173228346,300000.0,<=0.5m,0.5567531476535673,0.5450980392156862,0.5428571428571429,0.4431678921568627,0.508,53.11884124949101
1096274,João Trevisol (1096274),21.3,Midfield - Central Midfield,Midfield,EC Juventude U20,EC Juventude U20,CBF Brasileiro U20,2025,4800.0,0.375,0.01875,0.39375,,,0.5223197252956887,0.5105740181268882,0.31428571428571417,0.5,1.0,53.109349388599135
808114,Oleksiy Goryainov (808114),23.0,Midfield - Central Midfield,Midfield,Metalist Kharkiv,Metalist Kharkiv,Persha Liga,24/25,4110.0,0.218978102189781,0.0218978102189781,0.2408759124087591,25000.0,<=0.5m,0.5489317054559328,0.34541792547834843,0.07142857142857142,0.9641544117647058,1.0,53.09961807541214
729097,Philipp Müller (729097),22.6,Midfield - Defensive Midfield,Midfield,SSV Jahn Regensburg,SSV Jahn Regensburg,Bayernpokal,25/26,2350.0,0.3829787234042553,0.0,0.3829787234042553,600000.0,0.5-2m,0.6260504201680672,0.6260504201680672,0.12857142857142836,0.2890625,0.94,53.067043067226884
934502,Carlo Ghidini (934502),19.9,Midfield - Central Midfield,Midfield,Pro Palazzolo,Brescia Primavera,Serie D - B,24/25,14310.0,0.1886792452830188,0.0188679245283018,0.2075471698113207,175000.0,<=0.5m,0.5237504769172072,0.297079556898288,0.5142857142857145,0.5994178921568627,1.0,53.05869029338371
821115,Mattia Guarneri (821115),22.3,Midfield - Central Midfield,Midfield,CPR Ospitaletto,CPR Ospitaletto,Serie C - A,25/26,2280.0,0.3947368421052631,0.0,0.3947368421052631,100000.0,<=0.5m,0.5115810674723061,0.5115810674723061,0.17142857142857132,0.7486213235294117,0.912,53.03841972060728
999859,Giacomo Seminari (999859),20.6,Midfield - Central Midfield,Midfield,Sassuolo Primavera,Sassuolo Primavera,Primavera 1,25/26,2700.0,0.3333333333333333,0.0,0.3333333333333333,125000.0,<=0.5m,0.4471299093655589,0.4471299093655589,0.4142857142857141,0.6836703431372548,1.0,53.02775079442653
905896,Montell Ndikom (905896),21.5,Midfield - Attacking Midfield,Midfield,Hannover 96 II,Hannover 96 II,Regionalliga Nord,25/26,4730.0,0.1902748414376321,0.0380549682875264,0.2283298097251586,150000.0,<=0.5m,0.6734070965280428,0.17777777777777778,0.2857142857142857,0.6395526960784313,1.0,53.025747095703345
692755,Jonas Karner (692755),21.9,Midfield - Attacking Midfield,Midfield,TSV Hartberg,SK Sturm Graz II,2. Liga,24/25,6710.0,0.5365126676602087,0.0268256333830104,0.5633383010432191,250000.0,<=0.5m,0.5936665394887447,0.4496732026143791,0.2285714285714288,0.49188112745098034,1.0,52.99561759954522
724055,Tristan Osmani (724055),21.4,Midfield - Attacking Midfield,Midfield,Floridsdorfer AC,FC Schalke 04 II,Regionalliga West,24/25,6930.0,0.2597402597402597,0.0259740259740259,0.2857142857142857,100000.0,<=0.5m,0.5864173979397177,0.2457516339869281,0.3000000000000002,0.7486213235294117,1.0,52.971095598833465
923610,Diren Dağdeviren (923610),21.4,Midfield - Defensive Midfield,Midfield,TSG 1899 Hoffenheim II,TSG 1899 Hoffenheim II,Regionalliga Südwest,24/25,12420.0,0.217391304347826,0.0072463768115942,0.2246376811594203,75000.0,<=0.5m,0.4432773109243697,0.4432773109243697,0.3000000000000002,0.8249080882352942,1.0,52.94535189075631
1151753,Ádám Szamosi (1151753),19.7,Midfield - Defensive Midfield,Midfield,Budapest Honvéd FC,Budapest Honvéd FC,NB II.,24/25,8280.0,0.108695652173913,0.0108695652173913,0.1195652173913043,75000.0,<=0.5m,0.4551697825257535,0.24579831932773108,0.5428571428571429,0.8249080882352942,1.0,52.938442282197116
663228,Tyler Roberts (663228),22.7,Midfield - Right Midfield,Midfield,Tamworth FC,AFC Fylde,National League,24/25,6750.0,0.4,0.0266666666666666,0.4266666666666667,0.0,<=0.5m,0.5929034719572682,0.5263157894736842,0.1142857142857144,0.5,1.0,52.93785073136868
1175303,Manuel Scacchi (1175303),19.6,Midfield - Attacking Midfield,Midfield,Roma U20,Roma U20,Primavera 1,25/26,1350.0,0.6666666666666667,0.0,0.6666666666666667,,,0.5331934376192293,0.5163398692810458,0.5571428571428569,0.5,0.54,52.93511346799943
993982,Enrico Tatti (993982),20.0,Midfield - Attacking Midfield,Midfield,Aquila Montevarchi 1902,US Follonica Gavorrano,Serie D play-out,24/25,9450.0,0.380952380952381,0.0095238095238095,0.3904761904761905,100000.0,<=0.5m,0.4462037390309042,0.338562091503268,0.5,0.7486213235294117,1.0,52.88480662565802
928735,Ben Stanway (928735),21.9,Midfield - Defensive Midfield,Midfield,Partick Thistle FC,Partick Thistle FC,Championship,25/26,6390.0,0.2816901408450704,0.0,0.2816901408450704,150000.0,<=0.5m,0.5042016806722689,0.5042016806722689,0.2285714285714288,0.6395526960784313,1.0,52.86298144257703
718152,Otso Liimatta (718152),22.1,Midfield - Attacking Midfield,Midfield,IFK Värnamo,IFK Värnamo,Allsvenskan,2025,1920.0,0.9375,0.0,0.9375,800000.0,0.5-2m,0.6470812666921022,0.6359477124183006,0.1999999999999998,0.24203431372549022,0.768,52.84841819965935
916520,Filippo Mengoni (916520),20.2,Midfield - Defensive Midfield,Midfield,Parma Primavera,Parma Primavera,Supercoppa Primavera 2,24/25,5190.0,0.1734104046242774,0.0,0.1734104046242774,25000.0,<=0.5m,0.3634453781512605,0.3634453781512605,0.47142857142857153,0.9641544117647058,1.0,52.847741596638656
1172592,Simão Silva (1172592),21.1,Midfield - Attacking Midfield,Midfield,Académico Viseu FC,Académico Viseu FC,Liga Portugal 2,24/25,8470.0,0.5312868949232585,0.0212514757969303,0.5525383707201889,250000.0,<=0.5m,0.5434948492941626,0.44575163398692813,0.34285714285714264,0.49188112745098034,1.0,52.8313902909186
826064,Samuele Di Benedetto (826064),21.1,Midfield - Defensive Midfield,Midfield,VfB Stuttgart II,VfB Stuttgart II,3. Liga,24/25,9080.0,0.198237885462555,0.0297356828193832,0.2279735682819383,600000.0,0.5-2m,0.6159862647844334,0.4495798319327731,0.34285714285714264,0.2890625,1.0,52.83082365004377
1059634,Kostyantyn Kvas (1059634),21.2,Midfield - Attacking Midfield,Midfield,Rukh Lviv,Rukh-2 Lviv,Druga Liga,24/25,5800.0,0.3103448275862069,0.0155172413793103,0.3258620689655172,50000.0,<=0.5m,0.49437237695536057,0.28366013071895424,0.3285714285714287,0.8958333333333334,1.0,52.82548272393023
845297,Mamadi Camará (845297),22.6,Midfield - Attacking Midfield,Midfield,Reading FC,Reading FC,League One,24/25,6500.0,0.5538461538461539,0.0276923076923076,0.5815384615384616,200000.0,<=0.5m,0.6013925982449447,0.46013071895424834,0.12857142857142836,0.5553002450980392,1.0,52.80714083881677
840640,Sammy Braybrooke (840640),22.4,Midfield - Defensive Midfield,Midfield,Newport County,Newport County,League Two,25/26,2700.0,0.3333333333333333,0.0,0.3333333333333333,300000.0,<=0.5m,0.5672268907563025,0.5672268907563025,0.15714285714285733,0.4431678921568627,1.0,52.75224964985995
1054148,Tiago Ferreira (1054148),19.6,Midfield - Central Midfield,Midfield,SC Braga B,SC Braga B,Liga 3,25/26,2700.0,0.3333333333333333,0.0,0.3333333333333333,,,0.4471299093655589,0.4471299093655589,0.5571428571428569,0.5,1.0,52.74208027621925
571607,Fabio Miretti (571607),23.0,Midfield - Central Midfield,Midfield,Juventus FC,Genoa CFC,Serie A,24/25,5650.0,0.4778761061946902,0.047787610619469,0.5256637168141592,14000000.0,10m+,0.730827928271652,0.6062437059415912,0.07142857142857142,0.034773284313725505,1.0,52.73850592828708
798929,Gvidas Gineitis (798929),22.3,Midfield - Central Midfield,Midfield,Torino FC,Torino FC,Serie A,24/25,4740.0,0.569620253164557,0.0189873417721519,0.5886075949367089,6000000.0,5-10m,0.6505538771399798,0.6505538771399798,0.17142857142857132,0.0660232843137255,1.0,52.70041575164808
1001394,Nicolás Rincón (1001394),20.7,Midfield - Attacking Midfield,Midfield,Columbus Crew 2,Columbus Crew 2,MLS Next Pro,2025,9630.0,0.1869158878504672,0.0373831775700934,0.2242990654205607,0.0,<=0.5m,0.6703548264021366,0.1738562091503268,0.4000000000000001,0.5,1.0,52.69832000458838
1067879,Franck Ondoa Edima (1067879),21.8,Midfield - Attacking Midfield,Midfield,AS Saint-Priest,AS Saint-Priest,National 2 - Grp. A,24/25,1000.0,0.9,0.0,0.9,0.0,<=0.5m,0.63325066768409,0.6241830065359477,0.24285714285714274,0.5,0.4,52.68126580150055
1078164,Demi Akarakiri (1078164),17.9,Midfield - Attacking Midfield,Midfield,Everton FC U18,Everton FC U18,U18 Premier League,24/25,6970.0,0.2582496413199426,0.0129124820659971,0.2711621233859397,,,0.4716711178939336,0.22483660130718955,0.8000000000000002,0.5,1.0,52.669907708727656
1056083,Cosimo Marchesini (1056083),20.4,Midfield - Central Midfield,Midfield,Parma Under 18,Parma Primavera,Supercoppa Primavera 2,24/25,2520.0,0.3571428571428571,0.0,0.3571428571428571,,,0.47633434038267874,0.47633434038267874,0.44285714285714306,0.5,1.0,52.665774708675016
1026659,Ale Morales (1026659),22.8,Midfield - Attacking Midfield,Midfield,CP Cacereño,CD Guijuelo,Segunda Federación - Gr. I,24/25,5360.0,0.6716417910447761,0.0167910447761194,0.6884328358208954,150000.0,<=0.5m,0.5384395268981305,0.5294117647058824,0.0999999999999999,0.6395526960784313,1.0,52.66149859075641
1177512,Gerard Ruiz (1177512),19.5,Midfield - Central Midfield,Midfield,Atalanta Primavera,Atalanta Under 18,Under 18,24/25,8800.0,0.3068181818181818,0.0102272727272727,0.3170454545454546,,,0.44925600915681035,0.42900302114803623,0.5714285714285714,0.5,1.0,52.65265195607274
1046498,Tiago Holzer (1046498),19.9,Midfield - Defensive Midfield,Midfield,FC La Chaux-de-Fonds,Team BEJUNE U19,U19 Elite Platzierungsspiele,24/25,7760.0,0.2319587628865979,0.0,0.2319587628865979,,,0.4569327731092437,0.4569327731092437,0.5142857142857145,0.5,1.0,52.64453781512606
1187436,Kirill Korkh (1187436),20.5,Midfield - Central Midfield,Midfield,Obolon Kyiv U19,Obolon Kyiv,Premier Liga,25/26,2460.0,0.3658536585365854,0.0,0.3658536585365854,,,0.4823766364551863,0.4823766364551863,0.42857142857142855,0.5,0.984,52.639741044454034
615239,Ludvig Navik (615239),22.8,Midfield - Central Midfield,Midfield,Oskarshamns AIK,Oskarshamns AIK,Ettan Södra,2025,8810.0,0.2043132803632236,0.0408626560726447,0.2451759364358683,0.0,<=0.5m,0.6919114841663487,0.3504531722054381,0.0999999999999999,0.5,1.0,52.60260618684088
1056555,Francesco De Witt (1056555),19.1,Midfield - Attacking Midfield,Midfield,Ascoli Picchio Primavera,Ascoli Picchio Primavera,Play-off/out Primavera,24/25,7210.0,0.4993065187239944,0.0,0.4993065187239944,,,0.43180083937428465,0.4143790849673203,0.6285714285714283,0.5,1.0,52.58191462264672
965607,Harvey Kedwell (965607),21.7,Midfield - Defensive Midfield,Midfield,AFC Croydon Athletic,Charlton Athletic U21,Premier League Cup,24/25,4020.0,0.2238805970149253,0.0223880597014925,0.2462686567164179,,,0.5538916444105303,0.4726890756302521,0.25714285714285723,0.5,1.0,52.561327865751416
697283,Kyle McAdam (697283),21.7,Midfield - Left Midfield,Midfield,Mansfield Town,Nottingham Forest U21,PL2 Playoffs,24/25,13520.0,0.1997041420118343,0.033284023668639,0.2329881656804733,,,0.6405951926745517,0.3218390804597701,0.25714285714285723,0.5,1.0,52.53736280603363
1024923,Faruzansana Mohamado (1024923),22.1,Midfield - Left Midfield,Midfield,Thespa Gunma,Kashiwa Reysol,J3 League,2025,2300.0,0.391304347826087,0.0,0.391304347826087,50000.0,<=0.5m,0.45977011494252873,0.45977011494252873,0.1999999999999998,0.8958333333333334,0.92,52.527873563218385
820148,Emre Uzun (820148),21.2,Midfield - Attacking Midfield,Midfield,Beerschot VA,Antalyaspor,Süper Lig,24/25,900.0,1.0,0.0,1.0,800000.0,0.5-2m,0.6739793971766501,0.6660130718954248,0.3285714285714287,0.24203431372549022,0.36,52.50912792371177
1019289,Alexander Bicknell (1019289),21.5,Midfield - Central Midfield,Midfield,Waterhouse FC,Waterhouse FC,Jamaica Premier League,25/26,2090.0,0.4306220095693779,0.0,0.4306220095693779,,,0.5427995971802618,0.5427995971802618,0.2857142857142857,0.5,0.836,52.499404402244274
1092749,Luiz Felipe (1092749),22.0,Midfield - Central Midfield,Midfield,Cuiabá EC U20,Hercílio Luz FC,Campeonato Catarinense,2025,1840.0,0.4891304347826087,0.0,0.4891304347826087,0.0,<=0.5m,0.5780463242698892,0.5780463242698892,0.21428571428571427,0.5,0.736,52.471350884764774
993720,Alexander Vogel (993720),20.6,Midfield - Attacking Midfield,Midfield,Hannover 96 II,Hannover 96 II,Regionalliga Nord,25/26,4030.0,0.2233250620347394,0.0223325062034739,0.2456575682382134,100000.0,<=0.5m,0.5534147272033575,0.19607843137254902,0.4142857142857141,0.7486213235294117,1.0,52.45275508190686
895298,Dawid Drachal (895298),21.5,Midfield - Attacking Midfield,Midfield,Jagiellonia Bialystok,Raków Częstochowa,Ekstraklasa,24/25,2020.0,0.4455445544554455,0.0445544554455445,0.4900990099009901,700000.0,0.5-2m,0.7118466234261732,0.41045751633986927,0.2857142857142857,0.2643995098039216,0.808,52.43325875835517
930025,Medin Kojic (930025),20.7,Midfield - Defensive Midfield,Midfield,SC Paderborn 07 II,SC Paderborn 07 II,Regionalliga West,24/25,7770.0,0.2316602316602316,0.0115830115830115,0.2432432432432432,200000.0,<=0.5m,0.47058823529411764,0.47058823529411764,0.4000000000000001,0.5553002450980392,1.0,52.40949754901961
948916,Rudi Molotnikov (948916),20.2,Midfield - Attacking Midfield,Midfield,Hibernian FC,Hibernian FC,Challenge Cup,25/26,1150.0,0.782608695652174,0.0,0.782608695652174,400000.0,<=0.5m,0.5870850820297596,0.5758169934640522,0.47142857142857153,0.3772977941176471,0.46,52.40223323384422
775980,Tim van den Heuvel (775980),21.5,Midfield - Central Midfield,Midfield,Hannover 96 II,PSV Eindhoven U21,Keuken Kampioen Divisie,24/25,10210.0,0.1762977473065622,0.0352595494613124,0.2115572967678746,300000.0,<=0.5m,0.655284242655475,0.30513595166163143,0.2857142857142857,0.4431678921568627,1.0,52.389571219088594
1112522,Alfie Lynskey (1112522),18.6,Midfield - Central Midfield,Midfield,Aston Villa U18,Aston Villa U18,U18 Premier League,24/25,11790.0,0.0763358778625954,0.0229007633587786,0.099236641221374,,,0.5574208317436093,0.13293051359516617,0.6999999999999998,0.5,1.0,52.30646290535081
1194135,Ata Gür (1194135),18.6,Midfield - Defensive Midfield,Midfield,Fenerbahce U19,Fenerbahce U19,U19 Süper Lig,24/25,4570.0,0.1969365426695842,0.0,0.1969365426695842,,,0.4012605042016807,0.4012605042016807,0.6999999999999998,0.5,1.0,52.27563025210085
906214,Sam Rak-Sakyi (906214),21.4,Midfield - Defensive Midfield,Midfield,Chelsea FC U21,Chelsea FC U21,PL2 Playoffs,24/25,6680.0,0.2694610778443114,0.0269461077844311,0.2964071856287425,800000.0,0.5-2m,0.5950019076688287,0.5210084033613446,0.3000000000000002,0.24203431372549022,1.0,52.26073775752194
825994,Jakub Jezierski (825994),22.1,Midfield - Defensive Midfield,Midfield,Slask Wroclaw,Slask Wroclaw,Ekstraklasa,24/25,9520.0,0.2836134453781512,0.0283613445378151,0.3119747899159664,600000.0,0.5-2m,0.606829454406715,0.542016806722689,0.1999999999999998,0.2890625,1.0,52.230764015354325
1256207,Cristian Squillante (1256207),19.1,Midfield,Midfield,Benevento Primavera,Benevento Primavera,Primavera 2 - B,24/25,1870.0,0.481283422459893,0.0,0.481283422459893,,,0.4603174603174603,0.4603174603174603,0.6285714285714283,0.5,0.748,52.15619047619048
1321676,Honoré Bayanginisa (1321676),21.3,Midfield - Defensive Midfield,Midfield,FC Sochaux-Montbéliard,FC Sochaux-Montbéliard,National 3 - Grp. H,24/25,6410.0,0.2808112324492979,0.0,0.2808112324492979,,,0.5021008403361344,0.5021008403361344,0.31428571428571417,0.5,1.0,52.15462184873949
1075589,Enzo Sternal (1075589),19.2,Midfield - Attacking Midfield,Midfield,RSCA Futures,RSCA Futures,CPL,24/25,5880.0,0.6122448979591837,0.0,0.6122448979591837,1500000.0,0.5-2m,0.5051507058374666,0.48627450980392156,0.6142857142857144,0.17080269607843135,1.0,52.11357521117947
632829,Niccolò Pietra (632829),22.9,Midfield - Central Midfield,Midfield,AC Carpi,US Città di Pontedera,Playoff Serie C,24/25,5520.0,0.3260869565217391,0.0163043478260869,0.3423913043478261,75000.0,<=0.5m,0.5011446012972148,0.4612286002014099,0.08571428571428592,0.8249080882352942,1.0,52.11066586044787
796297,Jobe Bellingham (796297),20.9,Midfield - Central Midfield,Midfield,Borussia Dortmund,Sunderland AFC,Championship Play-Offs,24/25,8770.0,0.4104903078677309,0.0307867730900798,0.4412770809578107,22000000.0,10m+,0.6250476917207173,0.5518630412890232,0.3714285714285716,0.01899509803921573,1.0,52.10158770915193
1189419,Tiago Pinto (1189419),20.5,Midfield - Central Midfield,Midfield,CF Estrela Amadora U23,CF Estrela Amadora U23,Liga Revelação,25/26,2570.0,0.3501945525291828,0.0,0.3501945525291828,,,0.4702920443101712,0.4702920443101712,0.42857142857142855,0.5,1.0,52.074665515753125
1036635,Bence Babos (1036635),22.5,Midfield - Attacking Midfield,Midfield,Diósgyőri VTK,Videoton FC Fehérvár,NB II.,24/25,2900.0,0.6206896551724138,0.0,0.6206896551724138,125000.0,<=0.5m,0.5109690957649752,0.49019607843137253,0.14285714285714285,0.6836703431372548,1.0,52.058238454195106
936958,Luis Ledesma (936958),22.5,Midfield - Central Midfield,Midfield,CD Tapatío,CD Tapatío,Liga Expansión MX Cl.,24/25,3520.0,0.5113636363636364,0.0,0.5113636363636364,600000.0,0.5-2m,0.595166163141994,0.595166163141994,0.14285714285714285,0.2890625,1.0,52.04255907423393
956716,Mátyás Vidnyánszky (956716),20.6,Midfield - Attacking Midfield,Midfield,Mezőkövesd Zsóry FC,Mezőkövesd Zsóry FC,NB II.,24/25,6470.0,0.2782071097372488,0.0139103554868624,0.2921174652241112,75000.0,<=0.5m,0.48082792827165205,0.25359477124183005,0.4142857142857141,0.8249080882352942,1.0,52.02783090550858
825960,Gísli Thórdarson (825960),21.9,Midfield - Defensive Midfield,Midfield,Lech Poznan,Lech Poznan,Ekstraklasa,25/26,2710.0,0.3321033210332103,0.0,0.3321033210332103,500000.0,<=0.5m,0.5630252100840336,0.5630252100840336,0.2285714285714288,0.327359068627451,1.0,52.02168242296919
916451,Alberto Chiesurin (916451),21.6,Midfield - Right Midfield,Midfield,Venezia Primavera,Venezia Primavera,Primavera 2 - A,24/25,10330.0,0.2613746369796709,0.0087124878993223,0.2700871248789933,25000.0,<=0.5m,0.4402899656619611,0.3368421052631579,0.27142857142857124,0.9641544117647058,1.0,51.98256391850702
1118873,Bartosz Mazurek (1118873),19.6,Midfield - Attacking Midfield,Midfield,Jagiellonia Bialystok,Jagiellonia Bialystok,Youth League POL,24/25,12680.0,0.4258675078864353,0.0,0.4258675078864353,100000.0,<=0.5m,0.3836322014498283,0.3633986928104575,0.5571428571428569,0.7486213235294117,1.0,51.96777914062102
726445,Daniil Zorin (726445),22.5,Midfield - Attacking Midfield,Midfield,Spartak Moscow,Akhmat Grozny,Premier Liga,24/25,6800.0,0.5294117647058824,0.0397058823529411,0.5691176470588235,700000.0,0.5-2m,0.6848531095001907,0.4522875816993464,0.14285714285714285,0.2643995098039216,1.0,51.96205238136206
646670,Timo Zaal (646670),22.5,Midfield - Defensive Midfield,Midfield,Without Club,Feyenoord U21,Play-Offs Promotion Tweede Divisie,24/25,10500.0,0.0857142857142857,0.0342857142857142,0.12,125000.0,<=0.5m,0.6487027851964899,0.24789915966386555,0.14285714285714285,0.6836703431372548,1.0,51.96158643970752
1082655,Ryad Haidar Bacar (1082655),22.6,Midfield - Defensive Midfield,Midfield,FC Rousset SVO,FC Rousset SVO,National 3 - Grp. J,24/25,2840.0,0.3169014084507042,0.0,0.3169014084507042,,,0.5483193277310925,0.5483193277310925,0.12857142857142836,0.5,1.0,51.9563025210084
995864,Jack Bates (995864),22.2,Midfield - Central Midfield,Midfield,Without Club,Worthing FC,National League South,24/25,7980.0,0.112781954887218,0.0451127819548872,0.1578947368421052,,,0.7157573445249905,0.2175226586102719,0.1857142857142858,0.5,1.0,51.95570615280419
807034,Marco Schabauer (807034),20.8,Midfield - Right Midfield,Midfield,Admira Wacker,Admira Wacker,2. Liga,24/25,4040.0,0.2227722772277227,0.0222772277227722,0.245049504950495,150000.0,<=0.5m,0.552651659671881,0.2631578947368421,0.3857142857142856,0.6395526960784313,1.0,51.91540306826862
1200427,Alexis Vossah (1200427),18.4,Midfield - Central Midfield,Midfield,Toulouse FC U19,Toulouse FC U19,National 3 - Grp. A,24/25,7820.0,0.2301790281329923,0.0,0.2301790281329923,100000.0,<=0.5m,0.3282980866062437,0.3282980866062437,0.7285714285714288,0.7486213235294117,1.0,51.835726582929254
797998,Davide Traini (797998),22.3,Midfield - Right Midfield,Midfield,ASD Sambuceto Calcio,Chieti FC 1922,Serie D - F,24/25,2560.0,0.3515625,0.0,0.3515625,50000.0,<=0.5m,0.4421052631578947,0.4421052631578947,0.17142857142857132,0.8958333333333334,1.0,51.8108395989975
1131117,Mirza Catovic (1131117),19.3,Midfield - Defensive Midfield,Midfield,VfB Stuttgart II,VfB Stuttgart II,3. Liga,25/26,3600.0,0.25,0.0,0.25,800000.0,0.5-2m,0.4800420168067227,0.4800420168067227,0.5999999999999999,0.24203431372549022,1.0,51.79100140056022
569031,Umut Tohumcu (569031),22.0,Midfield - Central Midfield,Midfield,TSG 1899 Hoffenheim,TSG 1899 Hoffenheim,Bundesliga,24/25,4700.0,0.3829787234042553,0.0382978723404255,0.4212765957446808,6000000.0,5-10m,0.6755055322396032,0.5342396777442094,0.21428571428571427,0.0660232843137255,1.0,51.77538054444112
912098,Jackson Hopkins (912098),22.1,Midfield - Attacking Midfield,Midfield,D.C. United,D.C. United,MLS,2025,3250.0,0.8307692307692308,0.0,0.8307692307692308,1500000.0,0.5-2m,0.6083555894696681,0.5934640522875817,0.1999999999999998,0.17080269607843135,1.0,51.76495929527223
829257,Dennis Kaygin (829257),22.4,Midfield - Central Midfield,Midfield,FC Ingolstadt 04,FC Ingolstadt 04,3. Liga,25/26,1620.0,0.5555555555555556,0.0,0.5555555555555556,450000.0,<=0.5m,0.6299093655589124,0.6299093655589124,0.15714285714285733,0.35340073529411764,0.648,51.736457941938106
895679,Santiago Homenchenko (895679),23.0,Midfield - Defensive Midfield,Midfield,Querétaro FC,Querétaro FC,Liga MX Apertura,25/26,2250.0,0.4,0.0,0.4,1000000.0,0.5-2m,0.6449579831932774,0.6449579831932774,0.07142857142857142,0.20634191176470584,0.9,51.72912289915966
697726,Ivan Zazvonkin (697726),22.4,Midfield - Attacking Midfield,Midfield,Enisey Krasnoyarsk,Baltika Kaliningrad,1.Division,24/25,2700.0,0.3333333333333333,0.0333333333333333,0.3666666666666667,200000.0,<=0.5m,0.6416444105303319,0.3183006535947712,0.15714285714285733,0.5553002450980392,1.0,51.67359112489584
1016333,Esosa Ugiagbe (1016333),23.0,Midfield - Defensive Midfield,Midfield,ES Fosséenne,ES Fosséenne,National 3 - Grp. J,24/25,5520.0,0.3260869565217391,0.0,0.3260869565217391,,,0.5588235294117647,0.5588235294117647,0.07142857142857142,0.5,1.0,51.67226890756304
818484,Pier Biagio Carano (818484),21.3,Midfield - Defensive Midfield,Midfield,US Recanatese,Castelfidardo Calcio,Serie D - F,24/25,3330.0,0.2702702702702703,0.0,0.2702702702702703,,,0.49369747899159666,0.49369747899159666,0.31428571428571417,0.5,1.0,51.65042016806722
654234,Anton Kade (654234),22.6,Midfield - Right Midfield,Midfield,FC Augsburg,FC Basel 1893,Swiss Cup,24/25,9760.0,0.4610655737704918,0.0368852459016393,0.4979508196721311,5000000.0,2-5m,0.6668256390690576,0.6,0.12857142857142836,0.07521446078431371,1.0,51.64951959274743
1033486,Danil Kapustyanskiy (1033486),21.8,Midfield - Attacking Midfield,Midfield,FC Orenburg-2,FC Orenburg-2,2. Division B,2025,3770.0,0.4774535809018567,0.0238726790450928,0.5013262599469496,0.0,<=0.5m,0.5652422739412438,0.42091503267973857,0.24285714285714274,0.5,1.0,51.625051414435795
1086572,Di Cardoso (1086572),21.9,Midfield - Attacking Midfield,Midfield,GD Chaves B,Sporting CP U23,U-23 Cup Portugal,24/25,4170.0,0.6474820143884893,0.0,0.6474820143884893,,,0.5232735597100343,0.5026143790849673,0.2285714285714288,0.5,1.0,51.59905446599345
821905,Alex Ferguson (821905),22.9,Midfield - Central Midfield,Midfield,Kelty Hearts FC,Stirling Albion FC,League Two,24/25,8910.0,0.101010101010101,0.0303030303030303,0.1313131313131313,50000.0,<=0.5m,0.6227584891262877,0.1822759315206445,0.08571428571428592,0.8958333333333334,1.0,51.58798831834835
988964,Mattia Liberali (988964),19.4,Midfield - Attacking Midfield,Midfield,US Catanzaro,AC Milan Primavera,Primavera Fase Finale,24/25,11260.0,0.6394316163410302,0.0159857904085257,0.655417406749556,4000000.0,2-5m,0.5206028233498665,0.5071895424836601,0.585714285714286,0.09068627450980393,1.0,51.58211363650128
1070366,Harrison Miles (1070366),18.1,Midfield - Central Midfield,Midfield,Manchester City U18,Manchester City U18,U18 PL - Final Stage,24/25,10830.0,0.1662049861495844,0.0083102493074792,0.1745152354570637,,,0.4374284624189241,0.2527693856998993,0.7714285714285712,0.5,1.0,51.526065200174045
1059719,Filippo Galafassi (1059719),20.3,Midfield - Attacking Midfield,Midfield,Atalanta Primavera,Como Primavera,Primavera 1,24/25,4710.0,0.3821656050955413,0.0,0.3821656050955413,25000.0,<=0.5m,0.35225104921785577,0.33202614379084966,0.457142857142857,0.9641544117647058,1.0,51.5025625126688
883792,Filippo Fischer (883792),21.4,Midfield - Attacking Midfield,Midfield,GSD Ghiviborgo VDS,GSD Ghiviborgo VDS,Play-off Serie D,24/25,6550.0,0.4122137404580153,0.0137404580152671,0.4259541984732825,100000.0,<=0.5m,0.4788248760015261,0.36470588235294116,0.3000000000000002,0.7486213235294117,1.0,51.499573229234464
1082081,Noah Gabriel (1082081),22.8,Midfield,Midfield,SC Emmen,SC Emmen,2. Liga Inter - Gr. 4,25/26,1200.0,0.75,0.0,0.75,0.0,<=0.5m,0.6349206349206349,0.6349206349206349,0.0999999999999999,0.5,0.48,51.49523809523809
865682,Ezechiel Banzuzi (865682),21.5,Midfield - Central Midfield,Midfield,RB Leipzig,Oud-Heverlee Leuven,JPL Europe PO,24/25,11420.0,0.2364273204903677,0.0472854640980735,0.2837127845884413,13000000.0,10m+,0.7279664250286151,0.3957703927492447,0.2857142857142857,0.036611519607843146,1.0,51.45366263750913
976145,Antonio Imputato (976145),22.0,Midfield - Right Midfield,Midfield,SS Monopoli 1966,Fidelis Andria 2018,Serie D - H,24/25,7770.0,0.2316602316602316,0.0231660231660231,0.2548262548262548,100000.0,<=0.5m,0.5593285005723007,0.28421052631578947,0.21428571428571427,0.7486213235294117,1.0,51.41638455867798
882772,Álvaro Bastida (882772),22.3,Midfield - Central Midfield,Midfield,CD Arenteiro,Cádiz CF,Segunda Federación - Gr. IV,24/25,8410.0,0.3210463733650416,0.0214030915576694,0.342449464922711,200000.0,<=0.5m,0.5441625333842045,0.4622356495468278,0.17142857142857132,0.5553002450980392,1.0,51.364421132859675
985857,Tommaso Anzolin (985857),20.3,Midfield - Attacking Midfield,Midfield,Cjarlins Muzane,SPAL Primavera,Primavera 2 - A,24/25,11430.0,0.1574803149606299,0.0157480314960629,0.1732283464566929,50000.0,<=0.5m,0.49780618084700495,0.11764705882352941,0.457142857142857,0.8958333333333334,1.0,51.36082254725621
1045972,Mario Dorgeles (1045972),22.0,Midfield - Central Midfield,Midfield,SC Braga,FC Nordsjaelland,Superliga Championship round,24/25,7490.0,0.240320427236315,0.048064085447263,0.2883845126835781,4000000.0,2-5m,0.7320679130103014,0.40181268882175225,0.21428571428571427,0.09068627450980393,1.0,51.35663912017869
1027708,Jakob Segadal Hansen (1027708),21.2,Midfield - Attacking Midfield,Midfield,Viking FK,Viking FK,Eliteserien,2025,9690.0,0.2786377708978328,0.0464396284829721,0.3250773993808049,1500000.0,0.5-2m,0.723578786722625,0.2823529411764706,0.3285714285714287,0.17080269607843135,1.0,51.356139203583
937720,Tiago Freitas (937720),20.0,Midfield - Central Midfield,Midfield,SL Benfica B,SL Benfica B,Liga Portugal 2,25/26,2730.0,0.3296703296703296,0.0,0.3296703296703296,,,0.4390735146022155,0.4390735146022155,0.5,0.5,1.0,51.344410876132926
885845,Diego Duarte (885845),20.3,Midfield - Attacking Midfield,Midfield,FC Metz B,FC Metz B,National 3 - Grp. E,25/26,1350.0,0.6666666666666667,0.0,0.6666666666666667,,,0.5331934376192293,0.5163398692810458,0.457142857142857,0.5,0.54,51.335113467999435
866255,Valerio Farcomeni (866255),20.6,Midfield - Central Midfield,Midfield,Lazio U20,Lazio U20,Primavera 1,24/25,14410.0,0.0624566273421235,0.0249826509368494,0.0874392782789729,100000.0,<=0.5m,0.5745898512018314,0.10775427995971802,0.4142857142857141,0.7486213235294117,1.0,51.31427846276658
964036,Oleg Kryvoruchko (964036),21.8,Midfield - Central Midfield,Midfield,Livyi Bereg Kyiv,Livyi Bereg Kyiv,Persha Liga,25/26,2180.0,0.4128440366972477,0.0,0.4128440366972477,250000.0,<=0.5m,0.5297079556898288,0.5297079556898288,0.24285714285714274,0.49188112745098034,0.872,51.274527411417736
1168861,Faton Ademi (1168861),20.3,Midfield - Attacking Midfield,Midfield,Alemannia Aachen,Alemannia Aachen,Mittelrheinpokal,24/25,8510.0,0.3172737955346651,0.0105757931844888,0.3278495887191539,100000.0,<=0.5m,0.4521175123998474,0.28627450980392155,0.457142857142857,0.7486213235294117,1.0,51.27348893057795
814992,Runar Norheim (814992),21.5,Midfield - Left Midfield,Midfield,FC Nordsjaelland,Tromsø IL,Eliteserien,2025,6600.0,0.2727272727272727,0.0409090909090909,0.3136363636363636,2000000.0,0.5-2m,0.6924837848149561,0.3793103448275862,0.2857142857142857,0.14522058823529416,1.0,51.26372821589792
834468,Cristo Muñoz (834468),21.5,Midfield - Attacking Midfield,Midfield,SS Lazio,Lazio U20,Primavera 1,24/25,10880.0,0.1654411764705882,0.041360294117647,0.2068014705882352,250000.0,<=0.5m,0.6955360549408622,0.15294117647058825,0.2857142857142857,0.49188112745098034,1.0,51.252840325848005
818866,Andrea Vaiarelli (818866),22.6,Midfield - Attacking Midfield,Midfield,ASD Pro Eureka,AC Saluzzo,Serie D - A,24/25,18700.0,0.0962566844919786,0.0385026737967914,0.13475935828877,75000.0,<=0.5m,0.6768409004196871,0.08627450980392157,0.12857142857142836,0.8249080882352942,1.0,51.223849524071355
1369269,Lionel Scocco (1369269),17.9,Midfield,Midfield,Cremonese Under 18,Cremonese Under 17,Under 17 - B,24/25,7070.0,0.1272984441301273,0.0127298444130127,0.14002828854314,,,0.47062190003815335,0.15873015873015872,0.8000000000000002,0.5,1.0,51.175695693513326
950377,Rafael Besugo (950377),22.4,Midfield - Central Midfield,Midfield,Sporting CP B,Sporting CP B,Liga 3 - Promotion,24/25,4630.0,0.3887688984881209,0.019438444924406,0.408207343412527,,,0.5293780999618466,0.5246727089627392,0.15714285714285733,0.5,1.0,51.173453110016155
1048013,Nicola Grandu (1048013),20.1,Midfield - Left Midfield,Midfield,Cagliari Primavera,Cagliari Primavera,Primavera 1,24/25,13320.0,0.1351351351351351,0.027027027027027,0.1621621621621621,300000.0,<=0.5m,0.5958603586417398,0.20689655172413793,0.4857142857142855,0.4431678921568627,1.0,51.170196827941794
1216186,Andrea Lombardi (1216186),19.4,Midfield - Central Midfield,Midfield,AlbinoLeffe Primavera,AlbinoLeffe Primavera,Primavera 2 - A,24/25,5490.0,0.1639344262295081,0.0163934426229508,0.180327868852459,,,0.5015261350629531,0.2608257804632427,0.585714285714286,0.5,1.0,51.16758887401214
1079286,Marcel Fischer (1079286),22.0,Midfield - Central Midfield,Midfield,TSV Aubstadt,Würzburger FV 04,Bayernliga Nord,24/25,14400.0,0.125,0.01875,0.14375,25000.0,<=0.5m,0.5223197252956887,0.19939577039274925,0.21428571428571427,0.9641544117647058,1.0,51.161589703153965
954685,Thomas Tognoni (954685),20.5,Midfield - Attacking Midfield,Midfield,Spezia Primavera,Spezia Primavera,Primavera 2 - B,24/25,8650.0,0.2080924855491329,0.0104046242774566,0.2184971098265896,25000.0,<=0.5m,0.4505913773368943,0.16732026143790849,0.42857142857142855,0.9641544117647058,1.0,51.1588227122847
1067673,Jakub Kowalski (1067673),20.5,Midfield - Right Midfield,Midfield,Korona Kielce,Korona Kielce II,Betclic 3 Liga - Group IV,25/26,5970.0,0.1507537688442211,0.0301507537688442,0.1809045226130653,,,0.6208508202975963,0.16842105263157894,0.42857142857142855,0.5,1.0,51.15473718634625
1083238,Gui Meira (1083238),21.6,Midfield - Attacking Midfield,Midfield,CD Feirense,AA Aparecidense,Série D,2025,1140.0,0.7894736842105263,0.0,0.7894736842105263,0.0,<=0.5m,0.5906142693628386,0.5816993464052288,0.27142857142857124,0.5,0.456,51.14358499956004
728734,Alfie Devine (728734),22.0,Midfield - Attacking Midfield,Midfield,Preston North End,Preston North End,EFL Cup,25/26,1610.0,0.5590062111801242,0.0559006211180124,0.6149068322981366,3500000.0,2-5m,0.7662151850438764,0.4875816993464052,0.21428571428571427,0.10125612745098034,0.644,51.129131630173376
1188653,Luca De Oliveira (1188653),19.6,Midfield - Defensive Midfield,Midfield,Catanzaro Primavera,Parma Under 18,Under 18,24/25,8690.0,0.2071346375143843,0.0,0.2071346375143843,,,0.42016806722689076,0.42016806722689076,0.5571428571428569,0.5,1.0,51.12436974789916
924308,Matteo Gualandris (924308),22.1,Midfield - Central Midfield,Midfield,CPR Ospitaletto,CPR Ospitaletto,Serie C - A,25/26,2210.0,0.4072398190045249,0.0,0.4072398190045249,200000.0,<=0.5m,0.5216515609264853,0.5216515609264853,0.1999999999999998,0.5553002450980392,0.884,51.11329708696167
745460,Evan Rotundo (745460),22.1,Midfield - Attacking Midfield,Midfield,F91 Dudelange,F91 Dudelange,BGL Ligue,25/26,4280.0,0.4205607476635514,0.0210280373831775,0.4415887850467289,150000.0,<=0.5m,0.5414917970240366,0.3803921568627451,0.1999999999999998,0.6395526960784313,1.0,51.09905348299182
718152,Otso Liimatta (718152),22.1,Midfield - Attacking Midfield,Midfield,IFK Värnamo,FC Famalicão,Liga Portugal,24/25,2990.0,0.6020066889632107,0.0301003344481605,0.6321070234113713,800000.0,0.5-2m,0.620278519648989,0.49673202614379086,0.1999999999999998,0.24203431372549022,1.0,51.08716871398183
770436,Simon Ebonog (770436),22.0,Midfield - Central Midfield,Midfield,Le Havre AC,AS Nancy-Lorraine,Championnat National,24/25,6230.0,0.1444622792937399,0.0288924558587479,0.1733547351524879,150000.0,<=0.5m,0.6107401755055323,0.24874118831822759,0.21428571428571427,0.6395526960784313,1.0,51.0627419858807
990148,Konstantinos Karetsas (990148),18.7,Midfield - Attacking Midfield,Midfield,KRC Genk,KRC Genk,JPL Champions PO,24/25,10770.0,0.2506963788300835,0.0334261838440111,0.2841225626740947,20000000.0,10m+,0.6428843952689813,0.24313725490196078,0.6857142857142858,0.021752450980392135,1.0,51.054589513218495
1185793,Diogo Simão (1185793),21.7,Midfield - Central Midfield,Midfield,GD Resende,GD Resende,CP - Série B,25/26,2250.0,0.4,0.0,0.4,,,0.5156092648539778,0.5156092648539778,0.25714285714285723,0.5,0.9,51.05084160552439
829253,Almin Mesanovic (829253),22.6,Midfield - Central Midfield,Midfield,SC Verl,Kickers Offenbach,Regionalliga Südwest,24/25,11900.0,0.1512605042016807,0.0302521008403361,0.1815126050420168,125000.0,<=0.5m,0.6220908050362457,0.2628398791540785,0.12857142857142836,0.6836703431372548,1.0,51.05045559383149
1295919,Andrea Brizi (1295919),18.5,Midfield - Central Midfield,Midfield,Parma Under 18,Parma Under 18,Under 18,24/25,10270.0,0.175267770204479,0.0087633885102239,0.184031158714703,,,0.44067149942769934,0.26586102719033233,0.7142857142857143,0.5,1.0,51.02303100501132
766254,Daniel Watts (766254),20.7,Midfield - Central Midfield,Midfield,Swansea City U21,Swansea City U21,Welsh League Cup,25/26,2630.0,0.3422053231939163,0.0,0.3422053231939163,,,0.4602215508559919,0.4602215508559919,0.4000000000000001,0.5,1.0,51.01329305135952
1108739,Riccardo Pavesi (1108739),19.8,Midfield - Central Midfield,Midfield,AC Crema 1908,AC Crema 1908,Serie D - B,24/25,15680.0,0.0573979591836734,0.017219387755102,0.0746173469387755,75000.0,<=0.5m,0.508393742846242,0.0755287009063444,0.5285714285714285,0.8249080882352942,1.0,50.98644974053374
588866,Mario Stroeykens (588866),21.9,Midfield - Attacking Midfield,Midfield,RSC Anderlecht,RSC Anderlecht,JPL Champions PO,24/25,11960.0,0.3762541806020066,0.0526755852842809,0.4289297658862876,12000000.0,10m+,0.7542922548645555,0.3686274509803922,0.2285714285714288,0.039675245098039214,1.0,50.985505894937155
728734,Alfie Devine (728734),22.0,Midfield - Attacking Midfield,Midfield,Preston North End,KVC Westerlo,JPL Europe PO,24/25,6560.0,0.823170731707317,0.0137195121951219,0.8368902439024389,3500000.0,2-5m,0.6040633346051125,0.5986928104575163,0.21428571428571427,0.10125612745098034,1.0,50.971805757944786
667516,Joel Cotterill (667516),21.9,Midfield - Central Midfield,Midfield,Bristol Rovers,Swindon Town,League Two,24/25,13470.0,0.3340757238307349,0.0133630289532293,0.3474387527839643,150000.0,<=0.5m,0.47577260587562,0.46727089627391744,0.2285714285714288,0.6395526960784313,1.0,50.97019934354064
1047344,Kieran Morgan (1047344),20.4,Midfield - Central Midfield,Midfield,Queens Park Rangers,Queens Park Rangers,Championship,25/26,2160.0,0.4166666666666666,0.0,0.4166666666666666,800000.0,0.5-2m,0.5307150050352467,0.5307150050352467,0.44285714285714306,0.24203431372549022,0.864,50.95709497998595
925893,Ondrej Deml (925893),21.6,Midfield - Right Midfield,Midfield,Zeleziarne Podbrezova,Zeleziarne Podbrezova,Nike L. - Conf. L. Playoff,24/25,9110.0,0.1975850713501646,0.0296377607025247,0.2272228320526893,175000.0,<=0.5m,0.6146508966043495,0.22105263157894736,0.27142857142857124,0.5994178921568627,1.0,50.954599598755344
1250522,Javi Morcillo (1250522),20.4,Midfield - Central Midfield,Midfield,Atlético Madrileño,CE Sabadell FC,Promoción a 1ª Federación,24/25,6530.0,0.2756508422664624,0.0,0.2756508422664624,100000.0,<=0.5m,0.38972809667673713,0.38972809667673713,0.44285714285714306,0.7486213235294117,1.0,50.95009861573029
1130074,Marsel Tola (1130074),19.4,Midfield - Central Midfield,Midfield,Derby County U21,Derby County U18,U18 Premier League,24/25,8180.0,0.2200488997555012,0.011002444987775,0.2310513447432762,,,0.4561236169400992,0.3293051359516616,0.585714285714286,0.5,1.0,50.948839006088896
1047079,Jacopo Battistoni (1047079),22.6,Midfield - Central Midfield,Midfield,Roma City FC,Roma City FC,Serie D play-out,24/25,2940.0,0.3061224489795918,0.0,0.3061224489795918,10000.0,<=0.5m,0.4159113796576032,0.4159113796576032,0.12857142857142836,0.9932598039215687,1.0,50.91746289150101
936483,Amadu Baldé (936483),21.1,Midfield - Central Midfield,Midfield,Leixões SC U23,Leixões SC U23,Liga Revelação,25/26,2550.0,0.3529411764705882,0.0,0.3529411764705882,0.0,<=0.5m,0.473313192346425,0.473313192346425,0.34285714285714264,0.5,1.0,50.88450582649978
1256208,Salvatore Borrelli (1256208),19.1,Midfield,Midfield,Benevento Primavera,Benevento Primavera,Primavera 2 - B,24/25,5140.0,0.3501945525291828,0.0,0.3501945525291828,,,0.3968253968253968,0.3968253968253968,0.6285714285714283,0.5,1.0,50.86666666666666
1033919,Mahamadou Doumbia (1033919),22.3,Midfield - Central Midfield,Midfield,Al-Ittihad Club,Royal Antwerp FC,Jupiler Pro League playoff Europa League,24/25,5550.0,0.4864864864864865,0.0324324324324324,0.518918918918919,9000000.0,5-10m,0.6363983212514307,0.6022155085599195,0.17142857142857132,0.048866421568627416,1.0,50.858864440690525
738477,Teun Gijselhart (738477),21.4,Midfield - Central Midfield,Midfield,De Graafschap Doetinchem,PEC Zwolle U21,U21 Div. 1 Spring,24/25,9670.0,0.2792140641158221,0.0,0.2792140641158221,50000.0,<=0.5m,0.391742195367573,0.391742195367573,0.3000000000000002,0.8958333333333334,1.0,50.84619838872106
670683,Hugo Félix (670683),22.5,Midfield - Attacking Midfield,Midfield,SL Benfica B,SL Benfica,Liga Portugal 2,24/25,12470.0,0.144346431435445,0.086607858861267,0.2309542902967121,2500000.0,2-5m,0.8637924456314384,0.17908496732026144,0.14285714285714285,0.12745098039215685,1.0,50.8340102262449
695229,Bertram Kvist (695229),21.4,Midfield - Attacking Midfield,Midfield,Naestved Boldklub,Naestved Boldklub,2.Division,25/26,4910.0,0.1832993890020366,0.0366598778004073,0.219959266802444,0.0,<=0.5m,0.665394887447539,0.16993464052287582,0.3000000000000002,0.5,1.0,50.82356781450975
815536,Edoardo Furini (815536),22.2,Midfield - Central Midfield,Midfield,Caldiero Terme,Caldiero Terme,Serie D - F,24/25,4000.0,0.225,0.0225,0.2475,150000.0,<=0.5m,0.5551316291491797,0.35347432024169184,0.1857142857142858,0.6395526960784313,1.0,50.796603269512666
816764,Giulio Pellizzari (816764),22.4,Midfield - Central Midfield,Midfield,LR Vicenza,Dolomiti Bellunesi,Serie D - C,24/25,4710.0,0.1910828025477706,0.019108280254777,0.2101910828025477,75000.0,<=0.5m,0.5268027470431134,0.3041289023162135,0.15714285714285733,0.8249080882352942,1.0,50.77233918817484
1009300,Berkay Aydoğmuş (1009300),22.6,Midfield - Central Midfield,Midfield,Sariyer,Esenler Erokspor,1.Lig,24/25,3940.0,0.2284263959390862,0.0228426395939086,0.2512690355329949,125000.0,<=0.5m,0.5567531476535673,0.36153071500503525,0.12857142857142836,0.6836703431372548,1.0,50.73882300201076
969447,Dermane Karim (969447),22.6,Midfield - Defensive Midfield,Midfield,FC Lorient,KV Kortrijk,JPL Relegat. PO,24/25,6880.0,0.1308139534883721,0.0523255813953488,0.1831395348837209,3000000.0,2-5m,0.7527661198016025,0.38445378151260506,0.12857142857142836,0.1128982843137255,1.0,50.700814583273214
861577,Tommy Pilling (861577),21.9,Midfield - Central Midfield,Midfield,Liverpool FC U21,Liverpool FC U21,PL2 Playoffs,24/25,8820.0,0.3061224489795918,0.0204081632653061,0.326530612244898,,,0.5369133918351774,0.43705941591137965,0.2285714285714288,0.5,1.0,50.67515889692995
1004488,Tommaso Fazio (1004488),19.7,Midfield - Central Midfield,Midfield,Genoa U20,Genoa U20,Primavera 1,24/25,9050.0,0.1988950276243094,0.0099447513812154,0.2088397790055249,175000.0,<=0.5m,0.4477298740938573,0.2990936555891239,0.5428571428571429,0.5994178921568627,1.0,50.67136041443767
1145683,Mohamed Yassin Faiz (1145683),22.3,Midfield - Defensive Midfield,Midfield,FC Montlouis,FC Ouest Tourangeau,National 3 - Grp. F,24/25,8360.0,0.2153110047846889,0.0215311004784689,0.2368421052631578,,,0.5452117512399848,0.4632352941176471,0.17142857142857132,0.5,1.0,50.65208016056481
936842,Michael Golding (936842),20.2,Midfield - Central Midfield,Midfield,Leicester City,Leicester City U21,Premier League 2,25/26,2080.0,0.4326923076923077,0.0,0.4326923076923077,2000000.0,0.5-2m,0.5458207452165156,0.5458207452165156,0.47142857142857153,0.14522058823529416,0.832,50.6451900911422
1008568,Guido Della Rovere (1008568),19.2,Midfield - Attacking Midfield,Midfield,FC Bayern Munich II,FC Bayern Munich II,Regionalliga Bayern,24/25,14940.0,0.0602409638554216,0.0421686746987951,0.1024096385542168,900000.0,0.5-2m,0.700877527661198,0.047058823529411764,0.6142857142857144,0.2244178921568627,1.0,50.6390620875401
1086916,Vincenzo Di Leva (1086916),21.0,Midfield - Central Midfield,Midfield,Empoli Primavera,Udinese Primavera,Primavera 1,24/25,10500.0,0.0857142857142857,0.0171428571428571,0.1028571428571428,50000.0,<=0.5m,0.5076306753147654,0.13997985901309165,0.35714285714285715,0.8958333333333334,1.0,50.62547494120149
1030374,Alberto Ulloa (1030374),22.9,Midfield - Central Midfield,Midfield,CD Tenerife B,Xerez CD,Segunda Federación - Gr. IV,24/25,7600.0,0.1184210526315789,0.0236842105263157,0.1421052631578947,25000.0,<=0.5m,0.5644792064097672,0.19536757301107754,0.08571428571428592,0.9641544117647058,1.0,50.61788678594932
823560,Francesco Conti (823560),21.8,Midfield - Central Midfield,Midfield,UC Sampdoria,Rimini FC,Serie C-B,24/25,7170.0,0.2510460251046025,0.0251046025104602,0.2761506276150627,300000.0,<=0.5m,0.5770698206791302,0.3907351460221551,0.24285714285714274,0.4431678921568627,1.0,50.614891174204715
1107733,Harrison Armstrong (1107733),19.6,Midfield - Central Midfield,Midfield,Preston North End,Everton FC,Championship,24/25,15870.0,0.3402646502835539,0.0113421550094517,0.3516068052930057,800000.0,0.5-2m,0.47129909365558914,0.47129909365558914,0.5571428571428569,0.24203431372549022,1.0,50.580711725777924
1106478,Victor Joseph (1106478),20.4,Midfield - Attacking Midfield,Midfield,FC Sochaux-Montbéliard,FC Sochaux-Montbéliard,Championnat National,25/26,1400.0,0.6428571428571428,0.0,0.6428571428571428,,,0.5220335749713849,0.5006535947712418,0.44285714285714306,0.5,0.56,50.53736921959424
734424,Luca Stephenson (734424),22.9,Midfield - Defensive Midfield,Midfield,Dundee United FC,Dundee United FC,Premiership,24/25,8020.0,0.3366583541147132,0.0224438902743142,0.3591022443890274,850000.0,0.5-2m,0.5987394957983193,0.5987394957983193,0.08571428571428592,0.23100490196078427,1.0,50.52986694677871
646825,Julen Jon Guerrero (646825),22.3,Midfield - Attacking Midfield,Midfield,CD Arenteiro,Deportivo Alavés B,Segunda Federación - Gr. II,24/25,3980.0,0.4522613065326633,0.0226130653266331,0.4748743718592965,200000.0,<=0.5m,0.5558946966806563,0.4013071895424837,0.17142857142857132,0.5553002450980392,1.0,50.46981721802927
822959,Tom Bischof (822959),21.1,Midfield - Central Midfield,Midfield,Bayern Munich,TSG 1899 Hoffenheim,Bundesliga,24/25,11450.0,0.4716157205240174,0.0235807860262008,0.4951965065502183,30000000.0,10m+,0.5800604229607251,0.5800604229607251,0.34285714285714264,0.012408088235294157,1.0,50.46305289865192
978988,Diogo Maga (978988),21.8,Midfield - Central Midfield,Midfield,Académico de Viseu Sub-23,Académico de Viseu Sub-23,U-23 Cup Portugal,24/25,11440.0,0.0786713286713286,0.0393356643356643,0.118006993006993,,,0.6819916062571537,0.16515609264853978,0.24285714285714274,0.5,1.0,50.434829361754005
857060,Jonny Yull (857060),21.5,Midfield - Central Midfield,Midfield,Adelaide United,Adelaide United,A-League Fin.,24/25,7570.0,0.11889035667107,0.035667107001321,0.154557463672391,300000.0,<=0.5m,0.658145745898512,0.2104733131923464,0.2857142857142857,0.4431678921568627,1.0,50.41573029599973
743593,Rodriguinho (743593),22.4,Midfield - Attacking Midfield,Midfield,São Paulo Futebol Clube,São Paulo Futebol Clube,Série A,2025,1500.0,0.6000000000000001,0.06,0.6600000000000001,6000000.0,5-10m,0.7826211369706219,0.5098039215686274,0.15714285714285733,0.0660232843137255,0.6,50.393901174071296
693101,Jonas Mayer (693101),22.1,Midfield - Central Midfield,Midfield,SV Ried,SV Ried,2. Liga,24/25,9610.0,0.1873048907388137,0.0374609781477627,0.2247658688865765,500000.0,<=0.5m,0.6707363601678749,0.32326283987915405,0.1999999999999998,0.327359068627451,1.0,50.38279112450495
654872,Marcel Wenig (654872),22.3,Midfield - Central Midfield,Midfield,SSV Ulm 1846,SSV Ulm 1846,Württembergpokal,25/26,1990.0,0.4522613065326633,0.0,0.4522613065326633,300000.0,<=0.5m,0.5579053373615307,0.5579053373615307,0.17142857142857132,0.4431678921568627,0.796,50.38152787474507
901603,Murat Şamil Güler (901603),20.2,Midfield - Central Midfield,Midfield,Yeni Malatyaspor,Yeni Malatyaspor,1.Lig,24/25,8150.0,0.2208588957055214,0.0,0.2208588957055214,25000.0,<=0.5m,0.32225579053373615,0.32225579053373615,0.47142857142857153,0.9641544117647058,1.0,50.3763663395872
1011140,Jack Fletcher (1011140),19.4,Midfield - Attacking Midfield,Midfield,Manchester United U21,Manchester United U21,Premier League 2,25/26,1660.0,0.5421686746987953,0.0,0.5421686746987953,,,0.46375429225486453,0.4418300653594771,0.585714285714286,0.5,0.664,50.35435311502192
1039196,Gabriel Oualengbe (1039196),22.2,Midfield - Defensive Midfield,Midfield,Sporting Club de Toulon,Sporting Club de Toulon,National 2 - Grp. A,24/25,6890.0,0.1306240928882438,0.0130624092888243,0.1436865021770682,50000.0,<=0.5m,0.47357878672262493,0.31092436974789917,0.1857142857142858,0.8958333333333334,1.0,50.34942526800877
986310,Mathis Saka (986310),19.9,Midfield - Attacking Midfield,Midfield,Rodez AF,FC Toulouse,Ligue 1,24/25,13560.0,0.1991150442477876,0.0066371681415929,0.2057522123893805,50000.0,<=0.5m,0.4271270507439908,0.15163398692810456,0.5142857142857145,0.8958333333333334,1.0,50.337013735928046
847436,Igor Strzalek (847436),22.6,Midfield - Attacking Midfield,Midfield,Bruk-Bet Termalica Nieciecza,Bruk-Bet Termalica Nieciecza,Betclic 1 Liga,24/25,10520.0,0.1711026615969581,0.0598859315589353,0.2309885931558935,500000.0,<=0.5m,0.7821442197634491,0.1803921568627451,0.12857142857142836,0.327359068627451,1.0,50.330277619918625
935198,Mattéo Makhabe (935198),22.7,Midfield - Attacking Midfield,Midfield,Vierzon Football Club,ES Moulon Bourges,National 3 - Grp. F,24/25,7190.0,0.5006954102920723,0.0250347705146036,0.5257301808066759,0.0,<=0.5m,0.5764021365890881,0.43529411764705883,0.1142857142857144,0.5,1.0,50.308323207192075
745602,Vincenzo Onofrietti (745602),21.3,Midfield - Attacking Midfield,Midfield,FC Schalke 04 II,ASD Team Altamura,Serie C-C,24/25,1550.0,0.5806451612903226,0.0,0.5806451612903226,100000.0,<=0.5m,0.48798168637924455,0.4568627450980392,0.31428571428571417,0.7486213235294117,0.62,50.303554432551344
1281210,Oghosaiwi Enabulele (1281210),18.9,Midfield - Central Midfield,Midfield,Stoke City U18,Stoke City U18,U18 Premier League,24/25,10030.0,0.1794616151545363,0.0089730807577268,0.1884346959122632,,,0.4421976344906524,0.2719033232628399,0.6571428571428574,0.5,1.0,50.29966893671299
1049338,Hamza Larhrib (1049338),22.9,Midfield - Attacking Midfield,Midfield,Varesina Calcio,GSD Ghiviborgo VDS,Play-off Serie D,24/25,9710.0,0.1853759011328527,0.0278063851699279,0.2131822863027806,50000.0,<=0.5m,0.6020602823349867,0.1568627450980392,0.08571428571428592,0.8958333333333334,1.0,50.24236635898159
996884,Jingchao Meng (996884),22.6,Midfield - Defensive Midfield,Midfield,Shanghai Port B,Shanghai Port,Super League,2025,6330.0,0.1421800947867298,0.0142180094786729,0.1563981042654028,50000.0,<=0.5m,0.48340328119038534,0.32983193277310924,0.12857142857142836,0.8958333333333334,1.0,50.22443673005257
1054347,Mattia Zanchetta (1054347),20.4,Midfield - Defensive Midfield,Midfield,Inter U23,Inter Milan Primavera,Primavera Fase Finale,24/25,21730.0,0.082834790612057,0.0289921767142199,0.111826967326277,450000.0,<=0.5m,0.6115986264784433,0.22478991596638656,0.44285714285714306,0.35340073529411764,1.0,50.21945053727329
1270449,Aarón Martin (1270449),19.7,Midfield - Central Midfield,Midfield,CD Mirandés,CD Tenerife,LaLiga2,24/25,8100.0,0.2222222222222222,0.0222222222222222,0.2444444444444444,1000000.0,0.5-2m,0.551983975581839,0.34793554884189326,0.5428571428571429,0.20634191176470584,1.0,50.204474197051695
926993,Victor Froholdt (926993),20.5,Midfield - Central Midfield,Midfield,FC Porto,FC Copenhagen,Oddset Pokalen,24/25,16890.0,0.3197158081705151,0.0266429840142095,0.3463587921847247,12000000.0,10m+,0.5927127050743991,0.4662638469284995,0.42857142857142855,0.039675245098039214,1.0,50.19348371376956
1311839,Luca Pallassini (1311839),18.2,Midfield - Defensive Midfield,Midfield,Roma Under 18,Roma Under 17,Under 17 - Finals,24/25,13030.0,0.0690713737528779,0.0138142747505755,0.0828856485034535,,,0.47958794353300266,0.12815126050420167,0.7571428571428572,0.5,1.0,50.15795529963225
930547,Harry Whitwell (930547),20.8,Midfield - Central Midfield,Midfield,Forest Green Rovers,Forest Green Rovers,National League,25/26,3470.0,0.2593659942363112,0.0,0.2593659942363112,75000.0,<=0.5m,0.3726082578046324,0.3726082578046324,0.3857142857142856,0.8249080882352942,1.0,50.076637275000635
724068,Kevin Leone (724068),21.4,Midfield - Central Midfield,Midfield,Casertana FC,Casertana FC,Serie C - C,25/26,2040.0,0.4411764705882353,0.0,0.4411764705882353,600000.0,0.5-2m,0.5508559919436052,0.5508559919436052,0.3000000000000002,0.2890625,0.816,50.05823451661633
1160106,Javier Ruiz (1160106),21.9,Midfield - Attacking Midfield,Midfield,CA Barracas Central,CA Barracas Central,Clausura,2025,10480.0,0.2576335877862595,0.0515267175572519,0.3091603053435114,2000000.0,0.5-2m,0.75,0.26666666666666666,0.2285714285714288,0.14522058823529416,1.0,50.05689775910365
955358,Gaël Lafont (955358),20.2,Midfield - Central Midfield,Midfield,Genoa U20,Genoa U20,Primavera 1,25/26,2870.0,0.313588850174216,0.0,0.313588850174216,,,0.42497482376636453,0.42497482376636453,0.47142857142857153,0.5,1.0,50.04134656883902
743395,Noah Mbamba (743395),21.6,Midfield - Central Midfield,Midfield,FCV Dender EH,FCV Dender EH,JPL Europe PO,24/25,1710.0,0.5263157894736842,0.0,0.5263157894736842,1500000.0,0.5-2m,0.607754279959718,0.607754279959718,0.27142857142857124,0.17080269607843135,0.684,50.03935168553826
826795,Dariusz Stalmach (826795),20.7,Midfield - Central Midfield,Midfield,1.FC Magdeburg,Milan Futuro,NOFV-Oberliga Süd,24/25,21700.0,0.1244239631336405,0.0331797235023041,0.1576036866359447,500000.0,<=0.5m,0.6396413582602061,0.21550855991943604,0.4000000000000001,0.327359068627451,1.0,50.03058689289974
1247237,Ivan Belikov (1247237),22.1,Midfield - Defensive Midfield,Midfield,Baltika Kaliningrad,Baltika-2 Kaliningrad,2. Division B,2025,9980.0,0.0901803607214428,0.0270541082164328,0.1172344689378757,150000.0,<=0.5m,0.5961465089660435,0.23739495798319327,0.1999999999999998,0.6395526960784313,1.0,50.02999416143794
716905,Isak Vidjeskog (716905),22.4,Midfield - Central Midfield,Midfield,Varbergs BoIS,Varbergs BoIS,Superettan,2025,4650.0,0.3870967741935484,0.0,0.3870967741935484,225000.0,<=0.5m,0.5045317220543807,0.5045317220543807,0.15714285714285733,0.5170036764705883,1.0,50.0242405081368
957579,Alberto Arcuri (957579),21.8,Midfield - Left Midfield,Midfield,GSD Ghiviborgo VDS,US Livorno 1915,Meisterrunde,24/25,11110.0,0.162016201620162,0.0162016201620162,0.1782178217821782,75000.0,<=0.5m,0.5005723006486074,0.25287356321839083,0.24285714285714274,0.8249080882352942,1.0,50.01939333646007
1193460,Harry Ashfield (1193460),20.4,Midfield - Attacking Midfield,Midfield,Wrexham AFC,Wrexham AFC,Championship,25/26,1460.0,0.6164383561643836,0.0,0.6164383561643836,,,0.5076306753147654,0.4888888888888889,0.44285714285714306,0.5,0.584,49.97123550323093
1101114,Vini Oliveira (1101114),19.8,Midfield - Attacking Midfield,Midfield,RB Bragantino U20,RB Bragantino U20,CBF Brasileiro U20,2025,5750.0,0.4695652173913044,0.0,0.4695652173913044,,,0.4125333842045021,0.4,0.5285714285714285,0.5,1.0,49.93341145691394
952210,Frank Junior Adjei (952210),22.4,Midfield - Central Midfield,Midfield,Hammarby IF,Hammarby IF,Allsvenskan,2025,4120.0,0.4368932038834951,0.0218446601941747,0.4587378640776698,700000.0,0.5-2m,0.5619335347432024,0.5619335347432024,0.15714285714285733,0.2643995098039216,1.0,49.93189093613276
1036453,Gregors Helmanis (1036453),21.6,Midfield - Right Midfield,Midfield,FC Wohlen,Leevon PPK,Nakotnes Liga,2025,2220.0,0.4054054054054054,0.0,0.4054054054054054,,,0.49473684210526314,0.49473684210526314,0.27142857142857124,0.5,0.888,49.907067669172925
1150649,Louis Schädel (1150649),21.9,Midfield - Right Midfield,Midfield,VfB Empor Glauchau,BSG Wismut Gera,NOFV-Oberliga Abstiegsrunde,24/25,2150.0,0.4186046511627906,0.0,0.4186046511627906,0.0,<=0.5m,0.5105263157894737,0.5105263157894737,0.2285714285714288,0.5,0.86,49.888721804511285
1123098,Oliver Bostock (1123098),19.5,Midfield - Attacking Midfield,Midfield,West Bromwich Albion U21,West Bromwich Albion,Championship,24/25,10110.0,0.3560830860534124,0.0089020771513353,0.3649851632047477,,,0.441625333842045,0.3150326797385621,0.5714285714285714,0.5,1.0,49.85533878310322
1235121,Efe Lucky (1235121),20.6,Midfield - Central Midfield,Midfield,Åsane Fotball,Åsane Fotball,OBOS-ligaen,2025,5200.0,0.173076923076923,0.0173076923076923,0.1903846153846153,200000.0,<=0.5m,0.5094429607020221,0.2764350453172205,0.4142857142857141,0.5553002450980392,1.0,49.84317836359966
1073288,Milan Smits (1073288),21.8,Midfield - Central Midfield,Midfield,De Graafschap Doetinchem,De Graafschap Doetinchem,Keuken Kampioen Divisie,25/26,2440.0,0.3688524590163934,0.0,0.3688524590163934,250000.0,<=0.5m,0.48841893252769386,0.48841893252769386,0.24285714285714274,0.49188112745098034,0.976,49.83718602168964
989137,Edoardo Contiero (989137),20.5,Midfield - Central Midfield,Midfield,Cosenza Calcio,Cosenza Primavera,Serie B,24/25,9380.0,0.1918976545842217,0.009594882729211,0.2014925373134328,125000.0,<=0.5m,0.4463945059137734,0.29204431017119836,0.42857142857142855,0.6836703431372548,1.0,49.81649370955418
1163958,Valerio Battisti (1163958),18.7,Midfield - Central Midfield,Midfield,Lazio U20,Lazio Under 18,Under 18 - Finals,24/25,11190.0,0.1608579088471849,0.0080428954423592,0.1689008042895442,,,0.43609309423884013,0.23967774420946628,0.6857142857142858,0.5,1.0,49.815876525112756
1179843,Jesse Saputo (1179843),19.1,Midfield - Attacking Midfield,Midfield,Bologna Primavera,Bologna Primavera,Under 18,24/25,7080.0,0.2542372881355932,0.0127118644067796,0.2669491525423729,,,0.47043113315528423,0.22091503267973855,0.6285714285714283,0.5,1.0,49.793656635997905
936222,Alessio Marrale (936222),21.4,Midfield - Defensive Midfield,Midfield,Sora Calcio 1907,Sora Calcio 1907,Serie D play-out,24/25,11100.0,0.1621621621621621,0.0081081081081081,0.1702702702702702,100000.0,<=0.5m,0.43666539488744754,0.3592436974789916,0.3000000000000002,0.7486213235294117,1.0,49.77734487967259
1018716,Callum Bates (1018716),20.9,Midfield - Central Midfield,Midfield,Everton FC U21,Everton FC U21,PL2 Playoffs,24/25,2700.0,0.3333333333333333,0.0,0.3333333333333333,,,0.4471299093655589,0.4471299093655589,0.3714285714285716,0.5,1.0,49.77065170479068
802515,Noah Nartey (802515),20.9,Midfield - Central Midfield,Midfield,Bröndby IF,Bröndby IF,Superliga Championship round,24/25,22130.0,0.2033438770899231,0.0366018978761861,0.2399457749661093,5000000.0,2-5m,0.6652041205646699,0.3403826787512588,0.3714285714285716,0.07521446078431371,1.0,49.76203510782269
1013853,Botond Vajda (1013853),22.4,Midfield - Left Midfield,Midfield,Debreceni VSC,Debreceni VSC,NB I.,24/25,6760.0,0.2662721893491124,0.0266272189349112,0.2928994082840236,250000.0,<=0.5m,0.5922357878672263,0.3563218390804598,0.15714285714285733,0.49188112745098034,1.0,49.744661897324164
741293,Pol Fortuny (741293),21.4,Midfield - Attacking Midfield,Midfield,Real Madrid Castilla,Real Madrid Castilla,Primera Federación - Gr. II,24/25,20520.0,0.131578947368421,0.043859649122807,0.175438596491228,400000.0,<=0.5m,0.7090805036245708,0.12287581699346405,0.3000000000000002,0.3772977941176471,1.0,49.73049622923696
984540,Diego Rodrigues (984540),21.2,Midfield - Central Midfield,Midfield,SC Braga,SC Braga,Liga Portugal,25/26,1800.0,0.5,0.0,0.5,2000000.0,0.5-2m,0.5871097683786506,0.5871097683786506,0.3285714285714287,0.14522058823529416,0.72,49.71681719515602
934864,Daniele Pastorino (934864),21.5,Midfield - Central Midfield,Midfield,FC Vado,USD Lavagnese 1919,Play-off Serie D,24/25,3220.0,0.2795031055900621,0.0,0.2795031055900621,75000.0,<=0.5m,0.39274924471299094,0.39274924471299094,0.2857142857142857,0.8249080882352942,1.0,49.68509648950214
1176429,David Hicks (1176429),20.3,Midfield - Central Midfield,Midfield,Reading FC U21,Aveley FC,National League South,24/25,10590.0,0.0849858356940509,0.0254957507082152,0.1104815864022663,,,0.5801220908050363,0.1510574018126888,0.457142857142857,0.5,1.0,49.68218800475624
1292845,Gui Beleza (1292845),19.7,Midfield - Defensive Midfield,Midfield,Gil Vicente FC,Gil Vicente U23,U-23 Cup Portugal,24/25,10320.0,0.0872093023255814,0.0174418604651162,0.1046511627906976,,,0.5106829454406715,0.20798319327731093,0.5428571428571429,0.5,1.0,49.66729646456065
1173605,Bryan Leal Moreira (1173605),20.2,Midfield - Defensive Midfield,Midfield,FC Sochaux-Montbéliard B,FC Sochaux-Montbéliard U19,National U19 - Phase finale,24/25,13160.0,0.2051671732522796,0.0,0.2051671732522796,,,0.4180672268907563,0.4180672268907563,0.47142857142857153,0.5,1.0,49.62689075630252
900909,Paul Wanner (900909),20.7,Midfield - Attacking Midfield,Midfield,PSV Eindhoven,1.FC Heidenheim 1846,Bundesliga Playoffs,24/25,11620.0,0.4647160068846816,0.0309810671256454,0.495697074010327,18000000.0,10m+,0.6264784433422358,0.4117647058823529,0.4000000000000001,0.024356617647058876,1.0,49.605997023475545
1048758,Yussif Owusu (1048758),20.5,Midfield - Defensive Midfield,Midfield,Brighton & Hove Albion U21,Brighton & Hove Albion U21,PL2 Playoffs,24/25,4240.0,0.2122641509433962,0.0,0.2122641509433962,,,0.42857142857142855,0.42857142857142855,0.42857142857142855,0.5,1.0,49.57142857142857
837269,Harry Jewitt-White (837269),22.4,Midfield - Central Midfield,Midfield,Crusaders FC,Crusaders FC,Playoff Premier League,24/25,12560.0,0.286624203821656,0.0143312101910828,0.3009554140127388,125000.0,<=0.5m,0.48416634872186187,0.41289023162134947,0.15714285714285733,0.6836703431372548,1.0,49.56757686530773
931838,Hugo Larsson (931838),22.1,Midfield - Central Midfield,Midfield,Eintracht Frankfurt,Eintracht Frankfurt,Bundesliga,24/25,10740.0,0.5027932960893855,0.0167597765363128,0.5195530726256984,40000000.0,10m+,0.6042296072507553,0.6042296072507553,0.1999999999999998,0.0078125,1.0,49.56315143504531
948294,Nico Paz (948294),21.9,Midfield - Attacking Midfield,Midfield,Como 1907,Como 1907,Serie A,25/26,1690.0,0.5325443786982248,0.0532544378698224,0.5857988165680473,35000000.0,10m+,0.7567722243418542,0.465359477124183,0.2285714285714288,0.009957107843137303,0.676,49.55179538866927
814491,Isa Sakamoto (814491),23.0,Midfield - Attacking Midfield,Midfield,KVC Westerlo,KVC Westerlo,Jupiler Pro League,25/26,1870.0,0.962566844919786,0.0,0.962566844919786,2500000.0,2-5m,0.6545211751239984,0.6470588235294118,0.07142857142857142,0.12745098039215685,0.748,49.514269640706345
887432,Kyrie Pierre (887432),21.2,Midfield - Central Midfield,Midfield,Brentford FC B,Aston Villa U21,Premier League 2,24/25,8020.0,0.3366583541147132,0.0,0.3366583541147132,,,0.45417925478348437,0.45417925478348437,0.3285714285714287,0.5,1.0,49.50789814415193
918969,Lamine Camara (918969),22.6,Midfield - Central Midfield,Midfield,AS Monaco,AS Monaco,Ligue 1,24/25,10330.0,0.1742497579864472,0.0609874152952565,0.2352371732817037,22000000.0,10m+,0.7857687905379626,0.3323262839879154,0.12857142857142836,0.01899509803921573,1.0,49.49346651786859
1028399,Borna Knezovic (1028399),21.1,Midfield - Attacking Midfield,Midfield,US Salernitana 1919,US Salernitana 1919,Serie C - C,25/26,1080.0,0.8333333333333333,0.0,0.8333333333333333,800000.0,0.5-2m,0.6098817245326211,0.596078431372549,0.34285714285714264,0.24203431372549022,0.432,49.48342570030683
1241211,Rudy Matondo (1241211),18.4,Midfield - Central Midfield,Midfield,AJ Auxerre,AJ Auxerre U19,Ligue 1,24/25,11480.0,0.156794425087108,0.0078397212543554,0.1646341463414634,300000.0,<=0.5m,0.43399465852727964,0.2326283987915408,0.7285714285714288,0.4431678921568627,1.0,49.47111514478946
1047464,Max McFadden (1047464),20.9,Midfield - Attacking Midfield,Midfield,Tottenham Hotspur U21,Leeds United U21,Premier League 2,24/25,3470.0,0.5187319884726225,0.0,0.5187319884726225,,,0.4503052270125906,0.42745098039215684,0.3714285714285716,0.5,1.0,49.45837733796304
1133978,Sékou Koné (1133978),20.5,Midfield - Defensive Midfield,Midfield,Manchester United U21,Manchester United U21,PL2 Playoffs,24/25,9770.0,0.1842374616171955,0.0092118730808597,0.1934493346980552,,,0.44420068676077834,0.3960084033613445,0.42857142857142855,0.5,1.0,49.44895382800202
1214452,Lorenzo Prandini (1214452),21.1,Midfield - Central Midfield,Midfield,Chievo Verona,Chievo Verona,Serie D - B,24/25,12210.0,0.1474201474201474,0.0147420147420147,0.1621621621621621,100000.0,<=0.5m,0.48712323540633345,0.22507552870090636,0.34285714285714264,0.7486213235294117,1.0,49.42875739198666
843453,Luke Mariette (843453),22.9,Midfield - Central Midfield,Midfield,Buckley Town,Buckley Town,Cymru North,25/26,6940.0,0.2593659942363112,0.0259365994236311,0.2853025936599423,0.0,<=0.5m,0.5856543304082411,0.3987915407854985,0.08571428571428592,0.5,1.0,49.39970702422271
984540,Diego Rodrigues (984540),21.2,Midfield - Central Midfield,Midfield,SC Braga,SC Braga,Liga Portugal,24/25,6460.0,0.2786377708978328,0.0278637770897832,0.3065015479876161,2000000.0,0.5-2m,0.602632582983594,0.4169184290030212,0.3285714285714287,0.14522058823529416,1.0,49.36247468388002
665532,Anes Krdzalic (665532),22.0,Midfield - Central Midfield,Midfield,FK Sarajevo,FK Sarajevo,Premijer Liga BiH,24/25,4160.0,0.2163461538461538,0.0216346153846153,0.2379807692307692,200000.0,<=0.5m,0.5461655856543304,0.3363544813695871,0.21428571428571427,0.5553002450980392,1.0,49.35686570493946
1135016,Cielo Tschantret (1135016),20.5,Midfield - Defensive Midfield,Midfield,Sporting Kansas City II,Sporting Kansas City II,MLS Next Pro,2025,9830.0,0.1831129196337741,0.0091556459816887,0.1922685656154628,,,0.44334223578786724,0.39285714285714285,0.42857142857142855,0.5,1.0,49.34700495993896
745078,Keanu Brandt (745078),22.4,Midfield - Central Midfield,Midfield,Hannover 96 II,Hannover 96 II,3. Liga,24/25,8230.0,0.2187120291616038,0.0218712029161603,0.2405832320777642,175000.0,<=0.5m,0.5486455551316292,0.34441087613293053,0.15714285714285733,0.5994178921568627,1.0,49.33170657440817
931418,Francisco Machado (931418),21.1,Midfield - Central Midfield,Midfield,Académico de Viseu Sub-23,Académico de Viseu Sub-23,Liga Revelação,25/26,2700.0,0.3333333333333333,0.0,0.3333333333333333,,,0.4471299093655589,0.4471299093655589,0.34285714285714264,0.5,1.0,49.313508847647824
821038,Stefano Di Mario (821038),21.8,Midfield - Left Midfield,Midfield,Virtus Entella,Virtus Entella,Serie B,25/26,1800.0,0.5,0.0,0.5,800000.0,0.5-2m,0.5804597701149425,0.5804597701149425,0.24285714285714274,0.24203431372549022,0.72,49.3017808847677
965610,Reuben Wyatt (965610),20.5,Midfield - Central Midfield,Midfield,Tamworth FC,Northampton Town,National League South,24/25,2880.0,0.3125,0.0,0.3125,,,0.42396777442094663,0.42396777442094663,0.42857142857142855,0.5,1.0,49.29520932239966
996818,Bruno Grgic (996818),22.0,Midfield,Midfield,NK Hrvace,NK Hrvace,Prva NL,25/26,1380.0,0.6521739130434783,0.0,0.6521739130434783,,,0.5555555555555556,0.5555555555555556,0.21428571428571427,0.5,0.552,49.28190476190477
450229,Marlon Roos-Trujillo (450229),23.0,Midfield - Attacking Midfield,Midfield,HNK Vukovar 1991,HNK Vukovar 1991,Prva NL,24/25,7450.0,0.2416107382550335,0.036241610738255,0.2778523489932886,200000.0,<=0.5m,0.6628195345288058,0.23529411764705882,0.07142857142857142,0.5553002450980392,1.0,49.28067347455961
1052373,Artur Shakh (1052373),21.3,Midfield - Attacking Midfield,Midfield,Karpaty Lviv,Karpaty Lviv,Premier Liga,24/25,4050.0,0.4444444444444444,0.0222222222222222,0.4666666666666666,500000.0,<=0.5m,0.551983975581839,0.39477124183006534,0.31428571428571417,0.327359068627451,1.0,49.271956781727056
941938,Boloto (941938),22.3,Midfield - Central Midfield,Midfield,Varzim SC,FC Vizela U23,U-23 Cup Portugal,24/25,11480.0,0.078397212543554,0.039198606271777,0.117595818815331,,,0.6814193056085464,0.16414904330312186,0.17142857142857132,0.5,1.0,49.24806970865059
903693,Senny Mayulu (903693),20.3,Midfield - Central Midfield,Midfield,Paris Saint-Germain,Paris Saint-Germain,Club World Cup,2025,1970.0,0.4568527918781725,0.0,0.4568527918781725,15000000.0,10m+,0.5599194360523666,0.5599194360523666,0.457142857142857,0.030637254901960786,0.788,49.21837344605516
899819,Gabriele Parlanti (899819),22.6,Midfield - Central Midfield,Midfield,Carrarese Calcio 1908,FC Dordrecht,Keuken Kampioen Play-Offs,24/25,3130.0,0.2875399361022364,0.0287539936102236,0.31629392971246,500000.0,<=0.5m,0.6091186570011446,0.42799597180261834,0.12857142857142836,0.327359068627451,1.0,49.202590163628265
1059519,Brendi Malaj (1059519),20.3,Midfield - Central Midfield,Midfield,Pro Vercelli Primavera,Pro Vercelli Primavera,Primavera 2 - A,24/25,12130.0,0.0741962077493817,0.0074196207749381,0.0816158285243198,25000.0,<=0.5m,0.4318962228157192,0.08862034239677745,0.457142857142857,0.9641544117647058,1.0,49.17415147871803
931102,David Watson (931102),21.5,Midfield - Central Midfield,Midfield,Kilmarnock FC,Kilmarnock FC,Premiership Relegation,24/25,10830.0,0.4155124653739612,0.0083102493074792,0.4238227146814404,1500000.0,0.5-2m,0.5367573011077543,0.5367573011077543,0.2857142857142857,0.17080269607843135,1.0,49.16810438299187
1031233,Dawid Mazurek (1031233),19.4,Midfield - Left Midfield,Midfield,Stal Mielec,Gornik Zabrze II,Betclic 3 Liga - Group III,24/25,25190.0,0.0357284636760619,0.0035728463676061,0.0393013100436681,25000.0,<=0.5m,0.41549027088897367,0.022988505747126436,0.585714285714286,0.9641544117647058,1.0,49.163967756352235
867711,Will Alves (867711),21.3,Midfield - Attacking Midfield,Midfield,Huddersfield Town,Leicester City U21,Championship,24/25,6690.0,0.1345291479820627,0.0403587443946188,0.1748878923766816,400000.0,<=0.5m,0.6897176650133536,0.11895424836601307,0.31428571428571417,0.3772977941176471,1.0,49.13700528077821
1087009,Abdou-Salam Konate (1087009),19.7,Midfield - Central Midfield,Midfield,Parma Primavera,Parma Primavera,Supercoppa Primavera 2,24/25,13350.0,0.0674157303370786,0.0067415730337078,0.0741573033707865,50000.0,<=0.5m,0.4275085845097291,0.07452165156092648,0.5428571428571429,0.8958333333333334,1.0,49.11218349809104
1243014,Anton Palmer (1243014),17.7,Midfield,Midfield,Middlesbrough FC U18,Middlesbrough FC U18,U18 Premier League,24/25,15830.0,0.0568540745420088,0.0113708149084017,0.0682248894504106,,,0.4593666539488745,0.06349206349206349,0.8285714285714286,0.5,1.0,49.10990110402549
1262230,Denilson Paz (1262230),21.1,Midfield,Midfield,Puebla FC U21,Puebla FC U21,Liga MX U21 Apertura,25/26,1770.0,0.5084745762711864,0.0,0.5084745762711864,,,0.49206349206349204,0.49206349206349204,0.34285714285714264,0.5,0.708,49.089523809523804
1123098,Oliver Bostock (1123098),19.5,Midfield - Attacking Midfield,Midfield,West Bromwich Albion U21,West Bromwich Albion,Championship,25/26,1800.0,0.5,0.0,0.5,,,0.43561617703166733,0.4176470588235294,0.5714285714285714,0.5,0.72,49.08450716417815
1072116,Bálint Ferencsik (1072116),20.9,Midfield - Defensive Midfield,Midfield,Kazincbarcikai SC,Diósgyőri VTK,NB II.,24/25,5510.0,0.1633393829401088,0.0,0.1633393829401088,50000.0,<=0.5m,0.34243697478991597,0.34243697478991597,0.3714285714285716,0.8958333333333334,1.0,49.030742296918774
1053266,Pablo Soules (1053266),20.7,Midfield - Central Midfield,Midfield,AC Ajaccio B,AC Ajaccio B,National 3 - Grp. D,24/25,5710.0,0.3152364273204904,0.0,0.3152364273204904,,,0.4269889224572004,0.4269889224572004,0.4000000000000001,0.5,1.0,49.019335347432026
1193919,Matteo Toci (1193919),19.3,Midfield - Attacking Midfield,Midfield,Frosinone Primavera,SSD Zenith Prato,Serie D - D,24/25,12480.0,0.0721153846153846,0.0072115384615384,0.079326923076923,50000.0,<=0.5m,0.4296070202212896,0.023529411764705882,0.5999999999999999,0.8958333333333334,1.0,48.9843804938992
1049104,Zakaria Taifi (1049104),20.9,Midfield - Defensive Midfield,Midfield,Orlando City SC,Orlando City SC,Leagues Cup,2025,13560.0,0.0663716814159292,0.0265486725663716,0.0929203539823008,,,0.5912819534528806,0.16176470588235295,0.3714285714285716,0.5,1.0,48.97039490347838
1056043,Matteo Donatiello (1056043),20.5,Midfield - Central Midfield,Midfield,Benevento Primavera,Benevento Primavera,Primavera 2 - B,24/25,8410.0,0.2140309155766944,0.0,0.2140309155766944,25000.0,<=0.5m,0.30916414904330314,0.30916414904330314,0.42857142857142855,0.9641544117647058,1.0,48.90515356444693
1136766,Zalán Kugyela (1136766),19.1,Midfield - Attacking Midfield,Midfield,Torino Primavera,Torino Primavera,Primavera 1,25/26,1960.0,0.4591836734693877,0.0,0.4591836734693877,,,0.40547500953834414,0.3908496732026144,0.6285714285714283,0.5,0.784,48.90388603005745
988532,Danil Anosov (988532),21.5,Midfield - Left Midfield,Midfield,Tekstilshchik Ivanovo,Volgar Astrakhan,2. Division A (Phase 1),24/25,8120.0,0.1108374384236453,0.022167487684729,0.1330049261083744,125000.0,<=0.5m,0.5510301411674933,0.1724137931034483,0.2857142857142857,0.6836703431372548,1.0,48.87506218799075
745181,Soungoutou Magassa (745181),22.9,Midfield - Defensive Midfield,Midfield,West Ham United,AS Monaco,Ligue 1,24/25,2840.0,0.3169014084507042,0.0316901408450704,0.3485915492957747,12000000.0,10m+,0.6315337657382678,0.5882352941176471,0.08571428571428592,0.039675245098039214,1.0,48.86634157144354
820282,João Assunção (820282),22.2,Midfield - Defensive Midfield,Midfield,Leixões SC,Sporting CP U23,U-23 Cup Portugal,24/25,7160.0,0.1256983240223463,0.0251396648044692,0.1508379888268156,,,0.5773559710034338,0.31512605042016806,0.1857142857142858,0.5,1.0,48.84372857880276
1173606,Elson Mendes (1173606),20.9,Midfield - Defensive Midfield,Midfield,FC Sochaux-Montbéliard,FC Sochaux-Montbéliard,Championnat National,24/25,8100.0,0.2222222222222222,0.0111111111111111,0.2333333333333333,400000.0,<=0.5m,0.46008403361344535,0.46008403361344535,0.3714285714285716,0.3772977941176471,1.0,48.830068277310936
745368,Filippo Puletto (745368),22.3,Midfield - Attacking Midfield,Midfield,Without Club,AC Carpi,Serie C-B,24/25,6100.0,0.4426229508196722,0.0147540983606557,0.4573770491803279,150000.0,<=0.5m,0.48750476917207175,0.3895424836601307,0.17142857142857132,0.6395526960784313,1.0,48.79171075701678
894456,Dachi Lordkipanidze (894456),21.4,Midfield - Central Midfield,Midfield,US Cremonese,Cremonese Primavera,Primavera 1,24/25,12210.0,0.1474201474201474,0.0147420147420147,0.1621621621621621,100000.0,<=0.5m,0.48712323540633345,0.22507552870090636,0.3000000000000002,0.7486213235294117,1.0,48.743043106272374
1035547,Brandon Charles (1035547),20.9,Midfield - Attacking Midfield,Midfield,Southampton FC U21,Southampton FC U21,PL2 Playoffs,24/25,3930.0,0.2290076335877862,0.0229007633587786,0.2519083969465649,,,0.5574208317436093,0.2065359477124183,0.3714285714285716,0.5,1.0,48.6686395987875
1007813,Sebastian Olderheim (1007813),19.1,Midfield - Attacking Midfield,Midfield,Stabæk Fotball,Stabæk Fotball,NM-Cup,2026,1350.0,0.6666666666666667,0.0,0.6666666666666667,3000000.0,2-5m,0.5331934376192293,0.5163398692810458,0.6285714285714283,0.1128982843137255,0.54,48.65854659124873
891931,Jairo Noriega (891931),23.0,Midfield - Attacking Midfield,Midfield,Racing Ferrol,Ourense CF,Primera Federación - Gr. I,24/25,10840.0,0.3321033210332103,0.033210332103321,0.3653136531365313,300000.0,<=0.5m,0.6401182754673789,0.31633986928104574,0.07142857142857142,0.4431678921568627,1.0,48.63117922499662
655988,Aaron Henry (655988),23.0,Midfield - Defensive Midfield,Midfield,Boreham Wood FC,Rochdale AFC,National League,24/25,6500.0,0.1384615384615384,0.0276923076923076,0.1661538461538461,0.0,<=0.5m,0.6013925982449447,0.34663865546218486,0.07142857142857142,0.5,1.0,48.62182629633311
1119392,Lilian Coponat (1119392),21.1,Midfield - Defensive Midfield,Midfield,GFA Rumilly Vallières,Olympique Lyon B,National 3 - Grp. I,24/25,9290.0,0.193756727664155,0.0096878363832077,0.2034445640473627,,,0.4468714231209462,0.41596638655462187,0.34285714285714264,0.5,1.0,48.61808886851192
910747,Migran Ageyan (910747),22.4,Midfield - Attacking Midfield,Midfield,FC Ufa,FC Ufa,1.Division,24/25,8450.0,0.3195266272189349,0.0319526627218934,0.3514792899408284,400000.0,<=0.5m,0.6331552842426554,0.30718954248366015,0.15714285714285733,0.3772977941176471,1.0,48.61452556779421
1019167,Anthony Munda (1019167),19.9,Midfield - Central Midfield,Midfield,Newcastle United U21,Newcastle United U21,U18 Premier League,24/25,9530.0,0.0944386149003148,0.0188877229800629,0.1133263378803777,,,0.52422739412438,0.15709969788519637,0.5142857142857145,0.5,1.0,48.60540575877219
998205,Alejandro Granados (998205),20.2,Midfield - Central Midfield,Midfield,Club Brugge KV,Club NXT,CPL,24/25,18070.0,0.1494189263973436,0.0249031543995572,0.1743220807969009,700000.0,0.5-2m,0.574017550553224,0.25176233635448136,0.47142857142857153,0.2643995098039216,1.0,48.595888600933144
1105542,Mohammed El Âdfaoui (1105542),18.5,Midfield - Defensive Midfield,Midfield,KAA Gent,KAA Gent,JPL Champions PO,24/25,9960.0,0.180722891566265,0.0,0.180722891566265,500000.0,<=0.5m,0.3760504201680672,0.3760504201680672,0.7142857142857143,0.327359068627451,1.0,48.57462359943978
814526,Brandon Cover (814526),22.9,Midfield - Defensive Midfield,Midfield,Leicester City U21,Port Vale FC,League Two,24/25,7200.0,0.25,0.0,0.25,175000.0,<=0.5m,0.4800420168067227,0.4800420168067227,0.08571428571428592,0.5994178921568627,1.0,48.56580007002802
1150825,Mehdi Nfati (1150825),20.8,Midfield - Central Midfield,Midfield,Aviron Bayonnais,Stade Bordelais,National 3 - Grp. A,24/25,7630.0,0.2359108781127129,0.0117955439056356,0.2477064220183486,,,0.462991224723388,0.3544813695871098,0.3857142857142856,0.5,1.0,48.56368524183373
813139,Kane Taylor (813139),21.5,Midfield - Central Midfield,Midfield,Aston Villa U21,Aston Villa U21,Premier League 2,24/25,6570.0,0.273972602739726,0.0136986301369863,0.2876712328767123,,,0.4780618084700496,0.40080563947633435,0.2857142857142857,0.5,1.0,48.555501361769814
745692,Joe Snowdon (745692),22.5,Midfield - Right Midfield,Midfield,Swindon Town,Swindon Town,League Two,25/26,5140.0,0.1750972762645914,0.0350194552529182,0.2101167315175097,,,0.6544257916825639,0.2,0.14285714285714285,0.5,1.0,48.553894369651715
1028125,Abdellah Baallal (1028125),21.8,Midfield - Attacking Midfield,Midfield,Clermont Foot 63 B,SC Austria Lustenau,2. Liga,24/25,8190.0,0.2197802197802197,0.0219780219780219,0.2417582417582417,125000.0,<=0.5m,0.549790156428844,0.19084967320261437,0.24285714285714274,0.6836703431372548,1.0,48.54781784438944
1048392,Mads Bomholt (1048392),20.6,Midfield - Central Midfield,Midfield,Aalborg BK,Aalborg BK,Oddset Pokalen,25/26,8080.0,0.2227722772277227,0.0222772277227722,0.245049504950495,900000.0,0.5-2m,0.552651659671881,0.34944612286002014,0.4142857142857141,0.2244178921568627,1.0,48.458999689219425
922463,Ben Middlemas (922463),21.7,Midfield - Central Midfield,Midfield,Sunderland AFC U21,Sunderland AFC U21,PL2 Playoffs,24/25,18210.0,0.0988467874794069,0.029654036243822,0.128500823723229,,,0.6150324303700877,0.17925478348439072,0.25714285714285723,0.5,1.0,48.42912330500564
1074628,Arthur Avom (1074628),21.7,Midfield - Central Midfield,Midfield,FC Lorient,FC Lorient,Ligue 2,24/25,12110.0,0.1486374896779521,0.0445912469033856,0.1932287365813377,5000000.0,2-5m,0.712323540633346,0.2809667673716012,0.25714285714285723,0.07521446078431371,1.0,48.41685159150848
1061281,Carlos Reina (1061281),22.0,Midfield - Attacking Midfield,Midfield,Betis Deportivo Balompié,Betis Deportivo Balompié,Primera Federación - Gr. II,25/26,1210.0,0.743801652892562,0.0,0.743801652892562,300000.0,<=0.5m,0.5699160625715376,0.5581699346405229,0.21428571428571427,0.4431678921568627,0.484,48.40947085857744
1028683,Patrick Vuc (1028683),22.4,Midfield - Attacking Midfield,Midfield,FC Hermannstadt,SGV Freiberg,Regionalliga Südwest,24/25,1870.0,0.481283422459893,0.0,0.481283422459893,25000.0,<=0.5m,0.4203548264021366,0.403921568627451,0.15714285714285733,0.9641544117647058,0.748,48.352205392076705
817612,Luke Harris (817612),21.5,Midfield - Attacking Midfield,Midfield,Oxford United,Birmingham City,League One,24/25,5650.0,0.6371681415929203,0.015929203539823,0.6530973451327433,1000000.0,0.5-2m,0.5194582220526517,0.5058823529411764,0.2857142857142857,0.20634191176470584,1.0,48.3290395388411
1165375,Axel Lucas (1165375),21.5,Midfield - Left Midfield,Midfield,Siena FC,Gelbison,Serie D - H,24/25,7860.0,0.2290076335877862,0.0114503816793893,0.2404580152671755,150000.0,<=0.5m,0.45974818771461273,0.3333333333333333,0.2857142857142857,0.6395526960784313,1.0,48.32893078301523
745446,Luca Napolitano (745446),22.6,Midfield - Attacking Midfield,Midfield,US Sambenedettese,FC Matera,Serie D - H,24/25,9440.0,0.2860169491525424,0.0190677966101694,0.3050847457627119,100000.0,<=0.5m,0.5259442960702022,0.2627450980392157,0.12857142857142836,0.7486213235294117,1.0,48.30411679408505
1321626,Francesco Parente (1321626),18.0,Midfield - Central Midfield,Midfield,Lecce Under 18,Lecce Under 18,Under 18,24/25,12540.0,0.2153110047846889,0.0,0.2153110047846889,,,0.3121852970795569,0.3121852970795569,0.7857142857142857,0.5,1.0,48.30254639620198
1170286,Darryl Bakola (1170286),18.7,Midfield - Attacking Midfield,Midfield,Olympique Marseille,Olympique Marseille U19,National U19 - Phase finale,24/25,10540.0,0.1707779886148007,0.00853889943074,0.1793168880455408,200000.0,<=0.5m,0.43895459748187715,0.13071895424836602,0.6857142857142858,0.5553002450980392,1.0,48.3017237005765
555065,Maksymilian Nowak (555065),22.0,Midfield - Defensive Midfield,Midfield,MKS Kluczbork,MKS Kluczbork,Baraże II liga,24/25,13050.0,0.1379310344827586,0.0206896551724137,0.1586206896551724,0.0,<=0.5m,0.539202594429607,0.33403361344537813,0.21428571428571427,0.5,1.0,48.26700951269481
964702,Chibuzo Nwoko (964702),20.7,Midfield - Central Midfield,Midfield,Fulham FC U21,Fulham FC U21,PL2 Playoffs,24/25,10970.0,0.1640838650865998,0.0164083865086599,0.1804922515952597,,,0.5017169019458222,0.2618328298086606,0.4000000000000001,0.5,1.0,48.22556452973178
973085,Carlos Baleba (973085),22.6,Midfield - Defensive Midfield,Midfield,Brighton & Hove Albion,Brighton & Hove Albion,Premier League,24/25,10440.0,0.3448275862068965,0.0172413793103448,0.3620689655172413,40000000.0,10m+,0.6008403361344538,0.6008403361344538,0.12857142857142836,0.0078125,1.0,48.21693802521008
652635,Luke Butterfield (652635),22.9,Midfield - Defensive Midfield,Midfield,Chesterfield FC,Everton FC U21,Premier League 2,24/25,11410.0,0.1577563540753724,0.0236634531113058,0.1814198071866783,,,0.564097672644029,0.37815126050420167,0.08571428571428592,0.5,1.0,48.12646786299412
1048013,Nicola Grandu (1048013),20.1,Midfield - Left Midfield,Midfield,Cagliari Primavera,Cagliari Primavera,Primavera 1,25/26,2700.0,0.3333333333333333,0.0,0.3333333333333333,300000.0,<=0.5m,0.40229885057471265,0.40229885057471265,0.4857142857142855,0.4431678921568627,1.0,48.11371009610741
1054287,Lorenzo Andreoli (1054287),20.6,Midfield - Defensive Midfield,Midfield,US Adriese 1906,SPAL Primavera,Primavera 2 - A,24/25,15030.0,0.059880239520958,0.0059880239520958,0.0658682634730539,25000.0,<=0.5m,0.42426554750095385,0.08403361344537816,0.4142857142857141,0.9641544117647058,1.0,48.097563494111874
1240763,Caleb Yirenkyi (1240763),20.6,Midfield - Central Midfield,Midfield,FC Nordsjaelland,FC Nordsjaelland,Superliga,25/26,6300.0,0.1428571428571428,0.0285714285714285,0.1714285714285714,1000000.0,0.5-2m,0.6087371232354063,0.2457200402819738,0.4142857142857141,0.20634191176470584,1.0,48.05520976242617
994277,Gavin Turner (994277),19.6,Midfield - Attacking Midfield,Midfield,Chattanooga FC,Chattanooga FC,MLS Next Pro,2025,5420.0,0.1660516605166051,0.0166051660516605,0.1826568265682656,,,0.5032430370087753,0.13594771241830064,0.5571428571428569,0.5,1.0,48.028370793821786
1234406,Christian Mariani (1234406),18.6,Midfield - Central Midfield,Midfield,Roma Under 18,Roma Under 17,Under 17 - Finals,24/25,7780.0,0.2313624678663239,0.0,0.2313624678663239,,,0.33031218529707956,0.33031218529707956,0.6999999999999998,0.5,1.0,48.01873111782478
875608,Laurits Pedersen (875608),20.6,Midfield - Central Midfield,Midfield,Randers FC,Randers FC,Superliga Europa Playoff,24/25,5100.0,0.1764705882352941,0.0176470588235294,0.1941176470588235,350000.0,<=0.5m,0.5123044639450591,0.28298086606243705,0.4142857142857141,0.40670955882352944,1.0,48.0156539353867
1075604,Yan Phillipe (1075604),22.3,Midfield - Attacking Midfield,Midfield,Atlético de San Luis,Atlético de San Luis,Liga MX Clausura,24/25,2530.0,0.7114624505928854,0.0,0.7114624505928854,2000000.0,0.5-2m,0.5579931323922167,0.5464052287581699,0.17142857142857132,0.14522058823529416,1.0,48.000599441735226
1168179,Axel Darnaud (1168179),22.2,Midfield - Attacking Midfield,Midfield,Le Puy Foot 43 Auvergne,Le Puy Foot 43 Auvergne,National 2 - Grp. A,24/25,3400.0,0.2647058823529412,0.0264705882352941,0.2911764705882353,,,0.5897558183899275,0.2522875816993464,0.1857142857142858,0.5,1.0,47.932476467631446
1094501,Hugo Leonardo (1094501),22.6,Midfield - Defensive Midfield,Midfield,São Paulo Futebol Clube,São Paulo FC U20,Copinha,2025,4870.0,0.1848049281314168,0.0184804928131416,0.2032854209445585,,,0.520030522701259,0.41386554621848737,0.12857142857142836,0.5,1.0,47.923344736597414
694790,Lucas Halangk (694790),22.9,Midfield - Right Midfield,Midfield,Rot-Weiß Oberhausen,Hallescher FC,Sachsen-Anhalt-Pokal,24/25,16510.0,0.0545124167171411,0.0327074500302846,0.0872198667474258,100000.0,<=0.5m,0.6371613887829073,0.08421052631578947,0.08571428571428592,0.7486213235294117,1.0,47.91689145353818
670684,Dinis Gama (670684),22.6,Midfield - Defensive Midfield,Midfield,SC Braga B,SC Braga B,Liga 3 - Relegation round,24/25,17000.0,0.1588235294117647,0.0211764705882352,0.18,,,0.5425410148798169,0.37289915966386555,0.12857142857142836,0.5,1.0,47.877482935180936
1000312,Alexis Moreno (1000312),21.1,Midfield - Central Midfield,Midfield,Portland Timbers 2,Portland Timbers 2,MLS Next Pro,2025,5770.0,0.3119584055459272,0.0,0.3119584055459272,,,0.4229607250755287,0.4229607250755287,0.34285714285714264,0.5,1.0,47.863357790246006
929467,Kamil Jakubczyk (929467),22.0,Midfield - Defensive Midfield,Midfield,Arka Gdynia,Arka Gdynia,Ekstraklasa,25/26,4290.0,0.2097902097902098,0.0,0.2097902097902098,150000.0,<=0.5m,0.42436974789915966,0.42436974789915966,0.21428571428571427,0.6395526960784313,1.0,47.844494047619044
924778,Emre Gül (924778),21.6,Midfield - Defensive Midfield,Midfield,FC Ingolstadt 04,FC Ingolstadt 04,3. Liga,24/25,11760.0,0.1530612244897959,0.0076530612244897,0.1607142857142857,125000.0,<=0.5m,0.43265929034719575,0.3403361344537815,0.27142857142857124,0.6836703431372548,1.0,47.84268993795534
1223905,Diego Puttolu (1223905),18.2,Midfield - Attacking Midfield,Midfield,Cagliari Under 18,Cagliari Under 17,Under 17 - Finals,24/25,5250.0,0.3428571428571428,0.0,0.3428571428571428,,,0.3209652804273178,0.29673202614379085,0.7571428571428572,0.5,1.0,47.83907094568719
655006,Diego Moreira (655006),22.0,Midfield - Left Midfield,Midfield,RC Strasbourg Alsace,RC Strasbourg Alsace,Ligue 1,24/25,12890.0,0.1396431342125678,0.0488750969743987,0.1885182311869666,18000000.0,10m+,0.7361694009919878,0.27586206896551724,0.21428571428571427,0.024356617647058876,1.0,47.81296683056717
896270,Norbert Kiss (896270),22.4,Midfield - Defensive Midfield,Midfield,Gyirmót FC Győr,Gyirmót FC Győr,NB II.,24/25,10400.0,0.0865384615384615,0.0173076923076923,0.1038461538461538,75000.0,<=0.5m,0.5094429607020221,0.19957983193277312,0.15714285714285733,0.8249080882352942,1.0,47.81258775877768
638631,Elijah Krahn (638631),23.0,Midfield - Defensive Midfield,Midfield,1.FC Saarbrücken,1.FC Saarbrücken,Relegation 2. Bundesliga,24/25,8360.0,0.2153110047846889,0.0215311004784689,0.2368421052631578,350000.0,<=0.5m,0.5452117512399848,0.4632352941176471,0.07142857142857142,0.40670955882352944,1.0,47.74601398409422
1188648,Marco Campatelli (1188648),19.6,Midfield - Central Midfield,Midfield,Chievo Verona,Parma Under 18,Under 18,24/25,7110.0,0.2531645569620253,0.0,0.2531645569620253,,,0.3635448136958711,0.3635448136958711,0.5571428571428569,0.5,1.0,47.72697453603798
1299898,Antton Mouledous (1299898),19.3,Midfield - Central Midfield,Midfield,FC Lorient B,Bergerac Périgord FC U19,National 2 - Grp. A,24/25,17030.0,0.1585437463300058,0.0052847915443335,0.1638285378743394,,,0.42140404425791683,0.23162134944612287,0.5999999999999999,0.5,1.0,47.709023369615544
622023,Noah Rupp (622023),23.0,Midfield - Central Midfield,Midfield,FC Thun,Karlsruher SC,Challenge League,24/25,14280.0,0.1890756302521008,0.0252100840336134,0.2142857142857142,200000.0,<=0.5m,0.5778328882106066,0.31017119838872104,0.07142857142857142,0.5553002450980392,1.0,47.69847669078461
752778,Mads Enggård (752778),22.6,Midfield - Defensive Midfield,Midfield,Vejle Boldklub,Molde FK,Conference League,24/25,3380.0,0.2662721893491124,0.0266272189349112,0.2928994082840236,2800000.0,2-5m,0.5922357878672263,0.5189075630252101,0.12857142857142836,0.1207107843137255,1.0,47.66802016304423
814000,Riccardo Fogliata (814000),22.2,Midfield - Central Midfield,Midfield,Union Brescia,Brescia Calcio (- 2025),Serie B,24/25,2330.0,0.3862660944206008,0.0,0.3862660944206008,400000.0,<=0.5m,0.5015105740181269,0.5015105740181269,0.1857142857142858,0.3772977941176471,0.932,47.664232130163256
861410,Arda Güler (861410),21.5,Midfield - Attacking Midfield,Midfield,Real Madrid,Real Madrid,LaLiga,25/26,2360.0,0.3813559322033898,0.0381355932203389,0.4194915254237288,45000000.0,10m+,0.6740747806180847,0.35947712418300654,0.2857142857142857,0.006127450980392135,0.944,47.62055128066742
1170843,Marco Leandri (1170843),19.5,Midfield - Central Midfield,Midfield,Atalanta Primavera,Brescia Primavera,Primavera 2 - A,24/25,11650.0,0.1545064377682403,0.007725321888412,0.1622317596566523,,,0.43313620755436855,0.22658610271903323,0.5714285714285714,0.5,1.0,47.58692728974188
1303918,Alessandro De Cortes (1303918),18.2,Midfield - Central Midfield,Midfield,Lazio Under 18,SS Lazio U17,Under 17 - Finals,24/25,11990.0,0.0750625521267723,0.0075062552126772,0.0825688073394495,,,0.43246852346432657,0.09264853977844914,0.7571428571428572,0.5,1.0,47.586357481056005
816793,Gabriele Menegatti (816793),22.4,Midfield - Attacking Midfield,Midfield,Villa Valle,Real Calepina FC,Serie D - C,24/25,8570.0,0.2100350058343057,0.0210035005834305,0.2310385064177362,100000.0,<=0.5m,0.5412056466997329,0.18169934640522875,0.15714285714285733,0.7486213235294117,1.0,47.558184439202364
1175089,Charles Vinciguerra (1175089),20.9,Midfield - Central Midfield,Midfield,FC Borgo,FC Borgo,National 3 - Grp. D,24/25,3060.0,0.2941176470588235,0.0,0.2941176470588235,,,0.4093655589123867,0.4093655589123867,0.3714285714285716,0.5,1.0,47.50479067760035
902401,Jakob Napoleon Romsaas (902401),22.3,Midfield - Attacking Midfield,Midfield,Royal Charleroi SC,Tromsø IL,Eliteserien,2025,3930.0,0.2290076335877862,0.0458015267175572,0.2748091603053435,1500000.0,0.5-2m,0.7182373140022892,0.23006535947712417,0.17142857142857132,0.17080269607843135,1.0,47.488550728538904
802553,Gustav Fraulo (802553),21.3,Midfield - Central Midfield,Midfield,Lyngby Boldklub,Lyngby Boldklub,1.Division,25/26,6990.0,0.1287553648068669,0.0257510729613733,0.1545064377682403,350000.0,<=0.5m,0.5829835940480732,0.2094662638469285,0.31428571428571417,0.40670955882352944,1.0,47.48413963056005
1193844,Adri Mehmeti (1193844),17.4,Midfield - Central Midfield,Midfield,New York Red Bulls,New York Red Bulls,MLS Next Pro,2025,19150.0,0.0469973890339425,0.0046997389033942,0.0516971279373368,,,0.4189240747806181,0.028197381671701913,0.8714285714285717,0.5,1.0,47.482314381298075
974365,Filip Rózga (974365),20.0,Midfield - Attacking Midfield,Midfield,SK Sturm Graz,Cracovia,Ekstraklasa,24/25,8940.0,0.2013422818791946,0.0302013422818791,0.2315436241610738,2500000.0,2-5m,0.6216138878290729,0.1843137254901961,0.5,0.12745098039215685,1.0,47.46054342377928
819081,Ernesto Matteazzi (819081),21.6,Midfield - Central Midfield,Midfield,Virtus Entella,Empoli Primavera,Play-off/out Primavera,24/25,10240.0,0.17578125,0.0087890625,0.1845703125,100000.0,<=0.5m,0.44105303319343764,0.26686807653575023,0.27142857142857124,0.7486213235294117,1.0,47.454668617406035
980081,Demirel Hodzic (980081),21.4,Midfield - Central Midfield,Midfield,Milan Futuro,AC Milan Primavera,Primavera Fase Finale,24/25,14740.0,0.1831750339213025,0.0061058344640434,0.189280868385346,100000.0,<=0.5m,0.4248378481495612,0.27391742195367574,0.3000000000000002,0.7486213235294117,1.0,47.45072004207596
974474,Enes Erol (974474),21.6,Midfield - Central Midfield,Midfield,Adana Demirspor,1922 Konyaspor,3.Lig Grup 4,24/25,11070.0,0.3252032520325203,0.0,0.3252032520325203,,,0.4350453172205438,0.4350453172205438,0.27142857142857124,0.5,1.0,47.44557617608977
1047136,Cajetan Lenz (1047136),20.2,Midfield - Defensive Midfield,Midfield,VfL Bochum,VfL Bochum U19,U19-Champ.,24/25,15080.0,0.1790450928381962,0.0059681697612732,0.1850132625994694,400000.0,<=0.5m,0.4240747806180847,0.3865546218487395,0.47142857142857153,0.3772977941176471,1.0,47.444069604663696
985568,Leonardo Cracchiolo (985568),20.3,Midfield - Attacking Midfield,Midfield,Without Club,Ascoli Picchio Primavera,Primavera 2 - B,24/25,5830.0,0.3087478559176672,0.0,0.3087478559176672,25000.0,<=0.5m,0.283479587943533,0.265359477124183,0.457142857142857,0.9641544117647058,1.0,47.422580317577875
939523,Oisín Gallagher (939523),21.7,Midfield - Central Midfield,Midfield,Lincoln City,Boston United,National League,24/25,16180.0,0.0556242274412855,0.0166872682323856,0.0723114956736711,50000.0,<=0.5m,0.504196871423121,0.07250755287009064,0.25714285714285723,0.8958333333333334,1.0,47.41059965817297
667511,Morgan Williams (667511),21.7,Midfield - Central Midfield,Midfield,King's Lynn Town,AFC Wimbledon,National League South,24/25,12420.0,0.072463768115942,0.0144927536231884,0.0869565217391304,50000.0,<=0.5m,0.48569248378481494,0.10372608257804633,0.25714285714285723,0.8958333333333334,1.0,47.394240581492376
912745,Teodor Georgiev (912745),22.5,Midfield - Attacking Midfield,Midfield,Marek Dupnitsa,NK Tabor Sezana,Druga Liga,24/25,8340.0,0.1079136690647482,0.0215827338129496,0.1294964028776978,50000.0,<=0.5m,0.5456886684471576,0.08104575163398693,0.14285714285714285,0.8958333333333334,1.0,47.34655688932066
1054701,Zidane Boulebiar (1054701),21.9,Midfield - Central Midfield,Midfield,Racing Besançon,Racing Besançon,National 3 - Grp. H,24/25,9430.0,0.1908801696712619,0.0190880169671261,0.2099681866383881,,,0.5265165967188096,0.3031218529707956,0.2285714285714288,0.5,1.0,47.33345429781512
1033267,Ariel Castro (1033267),21.6,Midfield - Defensive Midfield,Midfield,CD Tapatío,Deportivo Guadalajara U23,Liga Expansión MX Cl.,24/25,12610.0,0.2141157811260904,0.0,0.2141157811260904,,,0.4327731092436975,0.4327731092436975,0.27142857142857124,0.5,1.0,47.309243697479
1087349,Ramiro Árciga (1087349),22.0,Midfield - Right Midfield,Midfield,Club Tijuana,Club Tijuana,Liga MX Apertura,25/26,4570.0,0.1969365426695842,0.0393873085339168,0.236323851203501,1500000.0,0.5-2m,0.6822777565814575,0.25263157894736843,0.21428571428571427,0.17080269607843135,1.0,47.30425866060697
1112944,Andrei Toroc (1112944),19.1,Midfield - Central Midfield,Midfield,Bologna Primavera,Bologna Primavera,Play-off/out Primavera,24/25,17320.0,0.0519630484988452,0.0155889145496535,0.0675519630484988,,,0.49523082792827167,0.06143001007049345,0.6285714285714283,0.5,1.0,47.22737453996804
852519,Adian Manning (852519),22.9,Midfield - Central Midfield,Midfield,Without Club,Norwich City U21,Premier League 2,24/25,4940.0,0.3643724696356275,0.0,0.3643724696356275,,,0.4808660624370594,0.4808660624370594,0.08571428571428592,0.5,1.0,47.223392317652134
709964,Adrià Capdevila (709964),22.6,Midfield - Central Midfield,Midfield,RC Celta Fortuna,Getafe CF B,Promoción a 1ª Federación,24/25,11250.0,0.08,0.024,0.104,100000.0,<=0.5m,0.5660053414727203,0.14300100704934543,0.12857142857142836,0.7486213235294117,1.0,47.19206651760359
895679,Santiago Homenchenko (895679),23.0,Midfield - Defensive Midfield,Midfield,Querétaro FC,CF Pachuca,Liguilla Clausura,24/25,5590.0,0.3220035778175313,0.0,0.3220035778175313,1000000.0,0.5-2m,0.5525210084033614,0.5525210084033614,0.07142857142857142,0.20634191176470584,1.0,47.18290441176472
652796,Leo Torres (652796),22.6,Midfield - Attacking Midfield,Midfield,Deportivo Guadalajara U21,Deportivo Guadalajara U21,Liga MX U21 Apertura,25/26,1280.0,0.703125,0.0,0.703125,0.0,<=0.5m,0.5546547119420069,0.5418300653594771,0.12857142857142836,0.5,0.512,47.17428334884761
1167631,Tiago Trindade (1167631),20.5,Midfield - Attacking Midfield,Midfield,CD Mafra,CD Mafra U23,Revelação U23 - Qualif. round,24/25,10520.0,0.085551330798479,0.0256653992395437,0.1112167300380228,,,0.5824112933994658,0.05359477124183006,0.42857142857142855,0.5,1.0,47.16785697364282
871231,Rico Patterson (871231),22.9,Midfield - Central Midfield,Midfield,Without Club,Aberystwyth Town,Cymru Premier,24/25,9520.0,0.1890756302521008,0.009453781512605,0.1985294117647058,50000.0,<=0.5m,0.44563143838229685,0.28700906344410876,0.08571428571428592,0.8958333333333334,1.0,47.161289292392915
1058988,Daniel Ghinassi (1058988),20.6,Midfield - Left Midfield,Midfield,Caldiero Terme,SC Ligorna 1922,Serie D - A,24/25,15550.0,0.0578778135048231,0.0115755627009646,0.0694533762057877,100000.0,<=0.5m,0.46089278901182756,0.11494252873563218,0.4142857142857141,0.7486213235294117,1.0,47.15193157261655
1380512,Gabriele Cardoni (1380512),19.5,Midfield,Midfield,Unknown,Perugia Primavera,Primavera 2 - B,24/25,2780.0,0.3237410071942446,0.0,0.3237410071942446,,,0.3492063492063492,0.3492063492063492,0.5714285714285714,0.5,1.0,47.0952380952381
953004,Thomas Jørgensen (953004),20.9,Midfield - Central Midfield,Midfield,Viborg FF,Viborg FF,Superliga,24/25,14050.0,0.1921708185053381,0.0256227758007117,0.2177935943060498,2000000.0,0.5-2m,0.5820297596337276,0.31822759315206445,0.3714285714285716,0.14522058823529416,1.0,47.09408329357833
667521,Cian Ashford (667521),21.9,Midfield - Attacking Midfield,Midfield,Cardiff City,Cardiff City,Championship,24/25,8480.0,0.3183962264150943,0.0318396226415094,0.3502358490566037,1200000.0,0.5-2m,0.632392216711179,0.3058823529411765,0.2285714285714288,0.19056372549019607,1.0,47.085351013736286
865092,Danil Akhatov (865092),22.7,Midfield - Attacking Midfield,Midfield,FC Ufa,FC Ufa,1.Division,25/26,5090.0,0.1768172888015717,0.0176817288801571,0.1944990176817288,50000.0,<=0.5m,0.5126859977107974,0.14640522875816994,0.1142857142857144,0.8958333333333334,1.0,47.07322104092814
819840,Alessandro Lopane (819840),22.4,Midfield - Attacking Midfield,Midfield,Melbourne City FC,Melbourne City FC,A-League Fin.,24/25,4960.0,0.1814516129032258,0.0362903225806451,0.2177419354838709,350000.0,<=0.5m,0.6632964517359786,0.16601307189542483,0.15714285714285733,0.40670955882352944,1.0,47.065772285481664
887431,Charlie Pavey (887431),20.4,Midfield - Attacking Midfield,Midfield,Aston Villa U21,Aston Villa U21,Premier League 2,24/25,6900.0,0.2608695652173913,0.0130434782608695,0.2739130434782608,,,0.47291110263258296,0.2261437908496732,0.44285714285714306,0.5,1.0,47.03149958444526
882172,Rio Kyerematen (882172),21.2,Midfield - Central Midfield,Midfield,Tottenham Hotspur U21,Tottenham Hotspur U21,Premier League 2,24/25,11120.0,0.0809352517985611,0.0242805755395683,0.1052158273381295,,,0.56829454406715,0.14400805639476336,0.3285714285714287,0.5,1.0,47.020512772379355
845297,Mamadi Camará (845297),22.6,Midfield - Attacking Midfield,Midfield,Reading FC,Reading FC,League One,25/26,3350.0,0.5373134328358209,0.0,0.5373134328358209,200000.0,<=0.5m,0.4612743227775658,0.43856209150326797,0.12857142857142836,0.5553002450980392,1.0,47.0081365671348
985983,Kacper Bojanczyk (985983),21.6,Midfield - Attacking Midfield,Midfield,Gornik Leczna,Resovia Rzeszow,Betclic 2 Liga,24/25,6300.0,0.1428571428571428,0.0285714285714285,0.1714285714285714,0.0,<=0.5m,0.6087371232354063,0.11503267973856209,0.27142857142857124,0.5,1.0,47.00558678005095
1035645,Tyron Akpata (1035645),20.0,Midfield - Central Midfield,Midfield,West Ham United U21,West Ham United U21,PL2 Playoffs,24/25,14180.0,0.0634696755994358,0.0190409026798307,0.0825105782792665,,,0.5253719954215949,0.09164149043303121,0.5,0.5,1.0,46.980248615547296
893198,Noah El Biache (893198),21.5,Midfield - Right Midfield,Midfield,Empoli Primavera,Empoli Primavera,Play-off/out Primavera,24/25,8350.0,0.3233532934131736,0.0,0.3233532934131736,200000.0,<=0.5m,0.4105263157894737,0.4105263157894737,0.2857142857142857,0.5553002450980392,1.0,46.97721095016954
1292281,Javaun Mussenden (1292281),19.0,Midfield - Central Midfield,Midfield,New England Revolution Academy,New England Revolution II,MLS Next Pro,2025,10080.0,0.0892857142857142,0.0089285714285714,0.0982142857142857,,,0.44191148416634873,0.13141993957703926,0.6428571428571429,0.5,1.0,46.9695893547304
1161411,Rafael Devisate (1161411),21.0,Midfield - Defensive Midfield,Midfield,SC Brühl SG,SC Brühl SG,Promotion League,25/26,5230.0,0.1720841300191204,0.0,0.1720841300191204,125000.0,<=0.5m,0.36134453781512604,0.36134453781512604,0.35714285714285715,0.6836703431372548,1.0,46.96634278711485
984948,Isra García (984948),22.6,Midfield - Attacking Midfield,Midfield,Linares Deportivo,Linares Deportivo,Segunda Federación - Gr. IV,24/25,9350.0,0.0962566844919786,0.0192513368983957,0.1155080213903743,25000.0,<=0.5m,0.5278519648988935,0.06013071895424837,0.12857142857142836,0.9641544117647058,1.0,46.93655510500015
1267248,Bin Zhang (1267248),21.6,Midfield - Defensive Midfield,Midfield,Shanghai Shenhua,Shanghai Shenhua U21,U21 League (Playoff),2025,4250.0,0.2117647058823529,0.0,0.2117647058823529,,,0.4264705882352941,0.4264705882352941,0.27142857142857124,0.5,1.0,46.93109243697479
980827,Luiz Henrique (980827),22.0,Midfield - Attacking Midfield,Midfield,Real Murcia Imperial,São Paulo FC U20,Copinha,2025,1390.0,0.6474820143884893,0.0,0.6474820143884893,,,0.5232735597100343,0.5026143790849673,0.21428571428571427,0.5,0.556,46.93048303742201
1250365,Mykhaylo Rasko (1250365),21.7,Midfield - Attacking Midfield,Midfield,Polissya-2 Zhytomyr,FC Minaj,Persha Liga,24/25,13550.0,0.1328413284132841,0.0132841328413284,0.1461254612546125,50000.0,<=0.5m,0.47520030522701256,0.10065359477124183,0.25714285714285723,0.8958333333333334,1.0,46.927943064546184
1124540,Marques Reid (1124540),22.6,Midfield,Midfield,Portmore United FC,Portmore United FC,Jamaica Premier League,25/26,1610.0,0.5590062111801242,0.0,0.5590062111801242,,,0.5238095238095238,0.5238095238095238,0.12857142857142836,0.5,0.644,46.92571428571428
973461,Travis Mutyaba (973461),21.0,Midfield - Attacking Midfield,Midfield,CS Sfaxien,FC Girondins Bordeaux,National 2 - Grp. B,24/25,2230.0,0.4035874439461883,0.0,0.4035874439461883,100000.0,<=0.5m,0.36989698588325065,0.3516339869281046,0.35714285714285715,0.7486213235294117,0.892,46.907017419679306
1116191,Luis Engelns (1116191),19.4,Midfield - Central Midfield,Midfield,SC Paderborn 07,SC Paderborn 07,2. Bundesliga,25/26,2930.0,0.3071672354948805,0.0,0.3071672354948805,1500000.0,0.5-2m,0.418932527693857,0.418932527693857,0.585714285714286,0.17080269607843135,1.0,46.89861797815804
780136,Aleksandar Stanković (780136),21.0,Midfield - Defensive Midfield,Midfield,Club Brugge KV,FC Luzern,Super League,24/25,10220.0,0.2641878669275929,0.0176125244618395,0.2818003913894324,11000000.0,10m+,0.5116367798550172,0.5063025210084033,0.35714285714285715,0.04227941176470584,1.0,46.88705057566713
1200416,Soan Ameline (1200416),18.2,Midfield - Central Midfield,Midfield,SM Caen B,SM Caen U19,National U19 - Phase finale,24/25,13890.0,0.0647948164146868,0.0064794816414686,0.0712742980561555,,,0.4267455169782526,0.07049345417925479,0.7571428571428572,0.5,1.0,46.88147135140292
1033547,Luca Marino (1033547),23.0,Midfield - Central Midfield,Midfield,SSD NovaRomentin,ASD Chieri Calcio,Serie D play-out,24/25,2470.0,0.3643724696356275,0.0,0.3643724696356275,,,0.4808660624370594,0.4808660624370594,0.07142857142857142,0.5,0.988,46.87482088908071
519869,Mehdi Loune (519869),22.3,Midfield - Central Midfield,Midfield,Without Club,Eintracht Frankfurt II,Regionalliga Südwest,24/25,7980.0,0.112781954887218,0.0225563909774436,0.1353383458646616,150000.0,<=0.5m,0.5555131629149179,0.18429003021148035,0.17142857142857132,0.6395526960784313,1.0,46.86047574337463
730484,Aaron Zehnter (730484),21.8,Midfield - Left Midfield,Midfield,VfL Wolfsburg,VfL Wolfsburg,Bundesliga,25/26,1800.0,0.5,0.0,0.5,6000000.0,5-10m,0.5804597701149425,0.5804597701149425,0.24285714285714274,0.0660232843137255,0.72,46.837626473003
583013,Romeo Morandi (583013),22.9,Midfield - Central Midfield,Midfield,FC Paradiso,FC Paradiso,Promotion League,25/26,5400.0,0.1666666666666666,0.0166666666666666,0.1833333333333333,100000.0,<=0.5m,0.5037199542159481,0.2648539778449144,0.08571428571428592,0.7486213235294117,1.0,46.82027287363448
875631,Sanders Ngabo (875631),22.1,Midfield - Central Midfield,Midfield,BK Häcken,BK Häcken,Allsvenskan,2025,2510.0,0.3585657370517928,0.0,0.3585657370517928,450000.0,<=0.5m,0.4778449144008056,0.4778449144008056,0.1999999999999998,0.35340073529411764,1.0,46.818305158165984
1187720,Filippo Delcarro (1187720),18.9,Midfield - Central Midfield,Midfield,AlbinoLeffe Primavera,AlbinoLeffe Primavera,Primavera 2 - A,24/25,14860.0,0.0605652759084791,0.0121130551816958,0.0726783310901749,,,0.4649942769935139,0.07351460221550855,0.6571428571428574,0.5,1.0,46.801389488780444
864608,Aleksandr Metsiev (864608),20.4,Midfield - Central Midfield,Midfield,FC Sochi-2,FC Sochi-2,2. Division B,2025,13400.0,0.0671641791044776,0.0201492537313432,0.0873134328358209,,,0.5352918733307898,0.1067472306143001,0.44285714285714306,0.5,1.0,46.77524454579891
932742,Carlo Mignani (932742),21.1,Midfield - Central Midfield,Midfield,US Follonica Gavorrano,US Poggibonsi,Serie D - E,24/25,16050.0,0.0560747663551401,0.011214953271028,0.0672897196261682,50000.0,<=0.5m,0.4578405188859214,0.06042296072507553,0.34285714285714264,0.8958333333333334,1.0,46.75462580599763
961297,Rodrigo Mendoza (961297),21.4,Midfield - Central Midfield,Midfield,Elche CF,Elche CF,LaLiga,25/26,2440.0,0.3688524590163934,0.0,0.3688524590163934,1000000.0,0.5-2m,0.48841893252769386,0.48841893252769386,0.3000000000000002,0.20634191176470584,0.976,46.75392271636752
688019,Lukas Björklund (688019),22.5,Midfield - Central Midfield,Midfield,IF Brommapojkarna,Sönderjyske Fodbold,Superliga Relegation round,24/25,6850.0,0.2627737226277372,0.0262773722627737,0.2890510948905109,850000.0,0.5-2m,0.5881342998855399,0.4028197381671702,0.14285714285714285,0.23100490196078427,1.0,46.73092054849353
1056746,Wisdom Acquah (1056746),19.5,Midfield - Defensive Midfield,Midfield,Torino Primavera,Torino Under 18,Under 18 - Finals,24/25,10310.0,0.08729388942774,0.008729388942774,0.096023278370514,,,0.4404807325448302,0.17436974789915966,0.5714285714285714,0.5,1.0,46.71725943334221
813976,Jurgen Tahiri (813976),22.1,Midfield - Left Midfield,Midfield,Accademia Pavese,Derthona FBC,Serie D - A,24/25,9720.0,0.3703703703703704,0.0092592592592592,0.3796296296296296,0.0,<=0.5m,0.44467760396795114,0.4367816091954023,0.1999999999999998,0.5,1.0,46.70694435308099
1122053,Renato Piga (1122053),19.6,Midfield - Central Midfield,Midfield,Monastir,Cagliari Under 18,Under 18,24/25,7470.0,0.2409638554216867,0.0,0.2409638554216867,,,0.3464249748237664,0.3464249748237664,0.5571428571428569,0.5,1.0,46.699784203711694
925216,Demir Xhemalija (925216),20.2,Midfield - Defensive Midfield,Midfield,FC Luzern,FC Basel 1893 U19,U19 Elite Playoffs,24/25,15920.0,0.1130653266331658,0.0056532663316582,0.1187185929648241,200000.0,<=0.5m,0.4225486455551316,0.2415966386554622,0.47142857142857153,0.5553002450980392,1.0,46.68903515574486
961086,Jorge Castillo (961086),20.2,Midfield - Central Midfield,Midfield,Atlético Madrileño,Atlético Madrileño,Primera Federación - Gr. II,24/25,7060.0,0.1274787535410765,0.0127478753541076,0.1402266288951841,,,0.4708126669210225,0.1933534743202417,0.47142857142857153,0.5,1.0,46.68751492090132
979858,Manuel Conti (979858),20.0,Midfield - Defensive Midfield,Midfield,Udinese Primavera,Udinese Primavera,Primavera 1,24/25,11310.0,0.1591511936339522,0.0,0.1591511936339522,175000.0,<=0.5m,0.3382352941176471,0.3382352941176471,0.5,0.5994178921568627,1.0,46.68596813725491
1185742,Niccolò Zulberti (1185742),19.3,Midfield - Central Midfield,Midfield,Union Brescia Primavera,Feralpisalò Primavera,Play-off/out Primavera,24/25,17420.0,0.0516647531572904,0.0154994259471871,0.0671641791044776,,,0.49408622663105684,0.059415911379657606,0.5999999999999999,0.5,1.0,46.68242666233263
1132634,Ange Martial Tia (1132634),19.7,Midfield - Attacking Midfield,Midfield,Stade Reims,Stade Reims,Ligue 2,25/26,1970.0,0.4568527918781725,0.0,0.4568527918781725,300000.0,<=0.5m,0.4045211751239985,0.3869281045751634,0.5428571428571429,0.4431678921568627,0.788,46.6542877312759
929347,Imran Nazih (929347),20.6,Midfield - Central Midfield,Midfield,Without Club,FC Volendam U21,U21 Div. 2 Spring,24/25,11930.0,0.2263202011735121,0.0,0.2263202011735121,100000.0,<=0.5m,0.3252769385699899,0.3252769385699899,0.4142857142857141,0.7486213235294117,1.0,46.62588627218258
1082596,Marquinhos (1082596),22.6,Midfield - Central Midfield,Midfield,Portland Timbers 2,Portland Timbers 2,MLS Next Pro,2025,4390.0,0.20501138952164,0.020501138952164,0.2255125284738041,,,0.5375810759252194,0.324269889224572,0.12857142857142836,0.5,1.0,46.619161305241775
637792,João Veloso (637792),21.1,Midfield - Central Midfield,Midfield,SL Benfica B,SL Benfica B,Liga Portugal 2,24/25,9780.0,0.0920245398773006,0.0276073619631901,0.1196319018404908,500000.0,<=0.5m,0.6009156810377718,0.16817724068479356,0.34285714285714264,0.327359068627451,1.0,46.60343642099939
907086,Noah Wagner (907086),21.3,Midfield - Defensive Midfield,Midfield,SC Freiburg II,SC Freiburg II,Regionalliga Südwest,25/26,5400.0,0.1666666666666666,0.0,0.1666666666666666,100000.0,<=0.5m,0.35084033613445376,0.35084033613445376,0.31428571428571417,0.7486213235294117,1.0,46.55969012605041
947411,Chris Rigg (947411),19.2,Midfield - Attacking Midfield,Midfield,Sunderland AFC,Sunderland AFC,Championship Play-Offs,24/25,7680.0,0.46875,0.01171875,0.48046875,20000000.0,10m+,0.46222815719191146,0.40261437908496733,0.6142857142857144,0.021752450980392135,1.0,46.55529205545884
1085751,Furkan Koçak (1085751),18.5,Midfield - Attacking Midfield,Midfield,Galatasaray U19,Galatasaray U19,U19 Süper Lig,25/26,2700.0,0.3333333333333333,0.0,0.3333333333333333,,,0.308374666157955,0.28888888888888886,0.7142857142857143,0.5,1.0,46.50236429812927
1088851,Douglas Rafael (1088851),21.2,Midfield - Central Midfield,Midfield,CRB U20,CRB U20,Copinha,2025,3110.0,0.2893890675241157,0.0,0.2893890675241157,,,0.4038267875125881,0.4038267875125881,0.3285714285714287,0.5,1.0,46.486750107898146
789389,Ben Summers (789389),22.2,Midfield - Attacking Midfield,Midfield,Celtic FC B,Admira Wacker,2. Liga,24/25,7060.0,0.254957507082153,0.0254957507082152,0.2804532577903683,300000.0,<=0.5m,0.5801220908050363,0.23790849673202613,0.1857142857142858,0.4431678921568627,1.0,46.4544054403206
944442,Salih Malkoçoğlu (944442),21.5,Midfield - Defensive Midfield,Midfield,Trabzonspor,Trabzonspor,Süper Lig,24/25,7040.0,0.1278409090909091,0.0255681818181818,0.1534090909090909,1200000.0,0.5-2m,0.5811713086608165,0.31932773109243695,0.2857142857142857,0.19056372549019607,1.0,46.34904054143596
926763,Chuki (926763),22.3,Midfield - Attacking Midfield,Midfield,Real Valladolid CF,Real Valladolid CF,LaLiga,24/25,3640.0,0.4945054945054945,0.0247252747252747,0.5192307692307693,1500000.0,0.5-2m,0.5715375810759252,0.4294117647058823,0.17142857142857132,0.17080269607843135,1.0,46.29958179236975
1298960,Leonardo Gaffurini (1298960),18.4,Midfield - Attacking Midfield,Midfield,Without Club,Brescia Primavera,Under 17 - B,24/25,16760.0,0.0536992840095465,0.0107398568019093,0.0644391408114558,,,0.45364364746280045,0.01568627450980392,0.7285714285714288,0.5,1.0,46.240699499944974
740728,Marcel Misztal (740728),22.8,Midfield - Attacking Midfield,Midfield,Polonia Sroda Wielkopolska,Polonia Sroda Wielkopolska,Betclic 3 Liga - Group II,25/26,1310.0,0.6870229007633587,0.0,0.6870229007633587,0.0,<=0.5m,0.546928653185807,0.5274509803921569,0.0999999999999999,0.5,0.524,46.22721038968811
1030277,Felix Golkowski (1030277),22.5,Midfield - Central Midfield,Midfield,SC Spelle-Venhaus,SV Meppen II,OL Niedersachsen,24/25,8420.0,0.3206650831353919,0.010688836104513,0.331353919239905,0.0,<=0.5m,0.45345288057993133,0.44108761329305135,0.14285714285714285,0.5,1.0,46.22085124019881
930152,Enrico Casarotti (930152),23.0,Midfield - Defensive Midfield,Midfield,AC Vigasio,FC Legnago Salus,Serie C-B,24/25,8360.0,0.1076555023923444,0.0107655502392344,0.1184210526315789,50000.0,<=0.5m,0.45421594811140786,0.23949579831932774,0.07142857142857142,0.8958333333333334,1.0,46.21363740078252
925505,Giovanni Giunti (925505),21.4,Midfield - Central Midfield,Midfield,AC Perugia Calcio,AC Perugia Calcio,Serie C - B,25/26,2700.0,0.3333333333333333,0.0,0.3333333333333333,500000.0,<=0.5m,0.4471299093655589,0.4471299093655589,0.3000000000000002,0.327359068627451,1.0,46.21082152271786
624264,Charlie Allen (624264),22.7,Midfield - Central Midfield,Midfield,Linfield FC,Linfield FC,Playoff Premier League,24/25,13510.0,0.1998519615099926,0.0133234641006661,0.2131754256106587,125000.0,<=0.5m,0.47558183899275086,0.30614300100704933,0.1142857142857144,0.6836703431372548,1.0,46.20721213637261
1311078,Federico Matarán (1311078),18.2,Midfield - Defensive Midfield,Midfield,Fiorentina Under 18,Fiorentina Under 17,Under 17 - Finals,24/25,19090.0,0.0471451021477213,0.0047145102147721,0.0518596123624934,,,0.41930560854635635,0.052521008403361345,0.7571428571428572,0.5,1.0,46.20336102392121
805486,Lois Ndema (805486),21.9,Midfield - Central Midfield,Midfield,FC Rapperswil-Jona,FC Biel-Bienne 1896,Swiss Cup,24/25,16600.0,0.108433734939759,0.0216867469879518,0.1301204819277108,200000.0,<=0.5m,0.5465471194200687,0.18126888217522658,0.2285714285714288,0.5553002450980392,1.0,46.18805223433301
745299,Tom Kerssens (745299),22.4,Midfield - Attacking Midfield,Midfield,FC Twente Enschede U21,FC Twente Enschede U21,U21 Div. 1 Spring,24/25,4110.0,0.437956204379562,0.0,0.437956204379562,100000.0,<=0.5m,0.3914536436474628,0.3764705882352941,0.15714285714285733,0.7486213235294117,1.0,46.15257564347755
1237398,Giacomo Paganetti (1237398),20.6,Midfield - Right Midfield,Midfield,Salernitana Primavera,Salernitana Primavera,Primavera 2 - B,24/25,22840.0,0.0394045534150613,0.0078809106830122,0.0472854640980735,50000.0,<=0.5m,0.43456695917588706,0.021052631578947368,0.4142857142857141,0.8958333333333334,1.0,46.146940438658646
694592,Nicolas Wisak (694592),22.5,Midfield - Defensive Midfield,Midfield,SV Oberwart,SV Oberwart,Regional League East,25/26,3970.0,0.2267002518891687,0.0,0.2267002518891687,0.0,<=0.5m,0.4474789915966387,0.4474789915966387,0.14285714285714285,0.5,1.0,46.134453781512605
713351,Marco Andretta (713351),22.7,Midfield - Central Midfield,Midfield,Fossano Calcio,Fossano Calcio,Serie D - A,24/25,3770.0,0.2387267904509283,0.0,0.2387267904509283,10000.0,<=0.5m,0.3393756294058409,0.3393756294058409,0.1142857142857144,0.9932598039215687,1.0,46.09674644782385
861410,Arda Güler (861410),21.5,Midfield - Attacking Midfield,Midfield,Real Madrid,Real Madrid,Club World Cup,2025,4220.0,0.2132701421800948,0.0426540284360189,0.2559241706161138,45000000.0,10m+,0.7045020984357115,0.21176470588235294,0.2857142857142857,0.006127450980392135,1.0,46.087116155122864
1060024,Izan González (1060024),21.8,Midfield - Central Midfield,Midfield,CE Europa,UE Cornellà,Segunda Federación - Gr. III,24/25,27270.0,0.033003300330033,0.0165016501650165,0.0495049504950495,50000.0,<=0.5m,0.5026707363601679,0.025176233635448138,0.24285714285714274,0.8958333333333334,1.0,46.082746074047186
715897,Yannick Maierhofer (715897),21.4,Midfield - Defensive Midfield,Midfield,FCM Traiskirchen,Admira Wacker Panthers,LL Niederösterreich,24/25,7230.0,0.1244813278008298,0.0124481327800829,0.1369294605809128,,,0.4679511636779855,0.29411764705882354,0.3000000000000002,0.5,1.0,46.05273245505758
1087842,Rayan Lucas (1087842),21.6,Midfield - Defensive Midfield,Midfield,Sporting CP B,CR Flamengo U20,CBF Brasileiro U20,2025,4430.0,0.2031602708803611,0.0,0.2031602708803611,,,0.4117647058823529,0.4117647058823529,0.27142857142857124,0.5,1.0,46.048739495798316
1071245,Mehmet Çetin (1071245),19.1,Midfield - Attacking Midfield,Midfield,Bursa Nilüfer FK,Bursaspor,3.Lig Grup 1,24/25,5170.0,0.3481624758220503,0.0,0.3481624758220503,0.0,<=0.5m,0.3247806180847005,0.30196078431372547,0.6285714285714283,0.5,1.0,46.04194359926343
1063263,Bilal Bafdili (1063263),22.0,Midfield - Attacking Midfield,Midfield,KV Mechelen,KV Mechelen,Jupiler Pro League,25/26,4740.0,0.1898734177215189,0.0379746835443038,0.2278481012658227,900000.0,0.5-2m,0.6731209462037391,0.17647058823529413,0.21428571428571427,0.2244178921568627,1.0,46.03137081568607
973665,Andrea Grilli (973665),22.3,Midfield - Defensive Midfield,Midfield,Camaiore Calcio,FC Pistoiese,Play-off Serie D,24/25,10220.0,0.0880626223091976,0.0088062622309197,0.0968688845401174,50000.0,<=0.5m,0.44124380007630676,0.18067226890756302,0.17142857142857132,0.8958333333333334,1.0,46.02657812838985
1044516,Ethan Sutherland (1044516),20.3,Midfield - Left Midfield,Midfield,Wolverhampton Wanderers U21,Wolverhampton Wanderers U21,National League,24/25,10820.0,0.166358595194085,0.0083179297597042,0.1746765249537892,,,0.4380007630675315,0.22988505747126436,0.457142857142857,0.5,1.0,46.01578597521973
976145,Antonio Imputato (976145),22.0,Midfield - Right Midfield,Midfield,SS Monopoli 1966,SS Monopoli 1966,Serie C - C,25/26,3220.0,0.2795031055900621,0.0,0.2795031055900621,100000.0,<=0.5m,0.3684210526315789,0.3684210526315789,0.21428571428571427,0.7486213235294117,1.0,46.01453311587793
817330,Nicolò Contiliano (817330),22.0,Midfield - Defensive Midfield,Midfield,Cosenza Calcio,AC Carpi,Serie C-B,24/25,10570.0,0.1702932828760643,0.0085146641438032,0.1788079470198675,200000.0,<=0.5m,0.43857306371613886,0.3697478991596639,0.21428571428571427,0.5553002450980392,1.0,46.003005062669864
1242124,Darius Lane (1242124),18.8,Midfield - Central Midfield,Midfield,Brighton & Hove Albion U21,Brighton & Hove Albion U18,U18 Premier League,24/25,12370.0,0.0727566693613581,0.0072756669361358,0.0800323362974939,,,0.43056085463563526,0.08459214501510574,0.6714285714285714,0.5,1.0,45.96519680934361
705063,Samuele Angori (705063),22.9,Midfield - Left Midfield,Midfield,Pisa Sporting Club,Pisa Sporting Club,Serie B,24/25,11770.0,0.1529311809685641,0.0458793542905692,0.1988105352591334,5500000.0,5-10m,0.7184280808851583,0.28735632183908044,0.08571428571428592,0.06924019607843135,1.0,45.9628974706224
927395,Marlon Würsten (927395),22.0,Midfield - Left Midfield,Midfield,FC Concordia Basel,FC Concordia Basel,1. Liga gr. 2,24/25,5070.0,0.3550295857988166,0.0,0.3550295857988166,,,0.42528735632183906,0.42528735632183906,0.21428571428571427,0.5,1.0,45.94581280788178
888638,Leo Cardoso (888638),19.8,Midfield - Attacking Midfield,Midfield,Chelsea FC U21,Chelsea FC U18,U18 Premier League,24/25,13110.0,0.137299771167048,0.0137299771167048,0.1510297482837528,,,0.478634109118657,0.10326797385620914,0.5285714285714285,0.5,1.0,45.917134428488424
709966,Aleix Garrido (709966),22.5,Midfield - Central Midfield,Midfield,SD Eibar,FC Barcelona Atlètic,Primera Federación - Gr. I,24/25,10090.0,0.1783944499504459,0.0267591674925669,0.2051536174430129,500000.0,<=0.5m,0.5934757726058756,0.29506545820745217,0.14285714285714285,0.327359068627451,1.0,45.912260686085816
817747,Mark Nosatiy (817747),21.4,Midfield - Defensive Midfield,Midfield,FC Sochi-2,FC Sochi-2,2. Division B,2025,10260.0,0.087719298245614,0.0175438596491228,0.1052631578947368,,,0.5110644792064097,0.21218487394957983,0.3000000000000002,0.5,1.0,45.88851743673433
1240763,Caleb Yirenkyi (1240763),20.6,Midfield - Central Midfield,Midfield,FC Nordsjaelland,FC Nordsjaelland,Superliga Championship round,24/25,15980.0,0.2816020025031289,0.0112640801001251,0.292866082603254,1000000.0,0.5-2m,0.4583174360930942,0.4068479355488419,0.4142857142857141,0.20634191176470584,1.0,45.88407534688941
1048392,Mads Bomholt (1048392),20.6,Midfield - Central Midfield,Midfield,Aalborg BK,Aalborg BK,Superliga Relegation round,24/25,14410.0,0.2498265093684941,0.0124913254684247,0.2623178348369188,900000.0,0.5-2m,0.46833269744372374,0.3766364551863041,0.4142857142857141,0.2244178921568627,1.0,45.853066435727705
913067,Javier Mariona (913067),21.8,Midfield - Right Midfield,Midfield,AV Alta FC,AV Alta FC,USL1,2025,7090.0,0.1269393511988716,0.0126939351198871,0.1396332863187588,75000.0,<=0.5m,0.47014498283098055,0.11578947368421053,0.24285714285714274,0.8249080882352942,1.0,45.8473052896383
1293191,Guilherme Belinha (1293191),21.0,Midfield - Attacking Midfield,Midfield,Leixões SC U23,Leixões SC U23,Revelação U23 - Qualif. round,24/25,9670.0,0.1861427094105481,0.0186142709410548,0.2047569803516029,,,0.521365890881343,0.1503267973856209,0.35714285714285715,0.5,1.0,45.83337911026041
936842,Michael Golding (936842),20.2,Midfield - Central Midfield,Midfield,Leicester City,Leicester City U21,Premier League,24/25,4860.0,0.1851851851851852,0.0185185185185185,0.2037037037037037,2000000.0,0.5-2m,0.5203166730255627,0.2940584088620342,0.47142857142857153,0.14522058823529416,1.0,45.817263948087394
1088892,Roberto Malfitano (1088892),19.2,Midfield - Central Midfield,Midfield,Cagliari Primavera,Cagliari Primavera,Primavera 1,24/25,11230.0,0.0801424755120213,0.0080142475512021,0.0881567230632235,,,0.435902327355971,0.10976837865055387,0.6142857142857144,0.5,1.0,45.80776419841052
669795,Nicolò Biral (669795),22.6,Midfield - Central Midfield,Midfield,GSD Ghiviborgo VDS,SS Cosmos,Camp. Sammarinese Playoff,24/25,7970.0,0.1129234629861982,0.0112923462986198,0.124215809284818,50000.0,<=0.5m,0.4586989698588325,0.1717019133937563,0.12857142857142836,0.8958333333333334,1.0,45.8068124731078
1077098,Ture Sandberg (1077098),21.3,Midfield - Central Midfield,Midfield,GIF Sundsvall,GIF Sundsvall,Superettan,2025,7390.0,0.2435723951285521,0.0121786197564276,0.2557510148849797,450000.0,<=0.5m,0.4654711942006868,0.36958710976837866,0.31428571428571417,0.35340073529411764,1.0,45.7950035172195
694186,Kristian Hlynsson (694186),22.6,Midfield - Attacking Midfield,Midfield,Twente Enschede FC,Ajax Amsterdam,Eredivisie,24/25,11610.0,0.3100775193798449,0.0387596899224806,0.3488372093023256,4000000.0,2-5m,0.6783670354826402,0.3032679738562091,0.12857142857142836,0.09068627450980393,1.0,45.77659347345704
1384723,Curt Calov (1384723),22.8,Midfield,Midfield,Minnesota United FC 2,Minnesota United FC 2,MLS Next Pro,2025,15060.0,0.0597609561752988,0.0358565737051792,0.095617529880478,,,0.6599580312857688,0.09523809523809523,0.0999999999999999,0.5,1.0,45.77364328409731
908104,Matias Gómez (908104),22.9,Midfield - Central Midfield,Midfield,CA Los Andes,CA Los Andes,Primera Nacional,2025,6800.0,0.2647058823529412,0.0,0.2647058823529412,75000.0,<=0.5m,0.3806646525679758,0.3806646525679758,0.08571428571428592,0.8249080882352942,1.0,45.76002096080124
943853,Ghillian Ilaria (943853),22.3,Midfield - Central Midfield,Midfield,Without Club,FC Volendam U21,U21 Div. 2 Spring,24/25,11510.0,0.312771503040834,0.0078192875760208,0.3205907906168549,,,0.43370850820297596,0.43303121852970794,0.17142857142857132,0.5,1.0,45.75046726222381
874888,Joe Bauress (874888),20.5,Midfield - Central Midfield,Midfield,Accrington Stanley,Burnley FC U21,Premier League Cup,24/25,7250.0,0.1241379310344827,0.0124137931034482,0.136551724137931,,,0.4673788630293781,0.18731117824773413,0.42857142857142855,0.5,1.0,45.73838557370937
931677,Miguel Carvalho (931677),21.4,Midfield - Attacking Midfield,Midfield,Al-Hazem SC,Mérida AD,Promoción a LaLiga2,24/25,10210.0,0.2644466209598433,0.0176297747306562,0.2820763956904994,300000.0,<=0.5m,0.5120183136207554,0.23921568627450981,0.3000000000000002,0.4431678921568627,1.0,45.72379150582401
917255,Kevin Wiethaup (917255),21.0,Midfield - Attacking Midfield,Midfield,VfL Osnabrück,VfL Osnabrück,Regionalliga West,24/25,9060.0,0.1986754966887417,0.009933774834437,0.2086092715231788,125000.0,<=0.5m,0.44753910721098816,0.15555555555555556,0.35714285714285715,0.6836703431372548,1.0,45.71437881444705
729097,Philipp Müller (729097),22.6,Midfield - Defensive Midfield,Midfield,SSV Jahn Regensburg,SpVgg Greuther Fürth,2. Bundesliga,24/25,4660.0,0.1931330472103004,0.01931330472103,0.2124463519313304,600000.0,0.5-2m,0.5282334986646319,0.43067226890756305,0.12857142857142836,0.2890625,1.0,45.65168072236525
945683,Luka Lukanic (945683),22.3,Midfield - Defensive Midfield,Midfield,Without Club,Jong Genk,CPL,24/25,4610.0,0.1952277657266811,0.0,0.1952277657266811,150000.0,<=0.5m,0.39915966386554624,0.39915966386554624,0.17142857142857132,0.6395526960784313,1.0,45.64617471988795
1096520,Diego Domene (1096520),22.5,Midfield - Defensive Midfield,Midfield,EC Santo André,AA Ponte Preta U20,Copinha,2025,4050.0,0.2222222222222222,0.0,0.2222222222222222,,,0.43907563025210083,0.43907563025210083,0.14285714285714285,0.5,1.0,45.63025210084034
966681,Alex Henderson (966681),21.9,Midfield - Attacking Midfield,Midfield,Accrington Stanley,Accrington Stanley,League Two,24/25,9300.0,0.0967741935483871,0.0193548387096774,0.1161290322580645,100000.0,<=0.5m,0.5286150324303701,0.06274509803921569,0.2285714285714288,0.7486213235294117,1.0,45.60560477577143
918157,Aymeric Ahmed (918157),22.8,Midfield - Attacking Midfield,Midfield,LB Châteauroux,LB Châteauroux,Championnat National,25/26,2050.0,0.4390243902439024,0.0,0.4390243902439024,50000.0,<=0.5m,0.3920259442960702,0.3790849673202614,0.0999999999999999,0.8958333333333334,0.82,45.57852183096308
1281526,Mika Pobric (1281526),19.2,Midfield - Central Midfield,Midfield,Alemannia Aachen,Alemannia Aachen U19,3. Liga,24/25,19320.0,0.093167701863354,0.0046583850931677,0.0978260869565217,,,0.41873330789774893,0.12890231621349446,0.6142857142857144,0.5,1.0,45.57628808538278
724106,Luca Lipani (724106),21.3,Midfield - Defensive Midfield,Midfield,US Sassuolo,US Sassuolo,Serie B,24/25,7050.0,0.1276595744680851,0.025531914893617,0.1531914893617021,3500000.0,2-5m,0.5806943914536437,0.3172268907563025,0.31428571428571417,0.10125612745098034,1.0,45.49153568476226
1191740,Enzo Bonnaure (1191740),22.6,Midfield - Attacking Midfield,Midfield,AS Cannes,Marignane-Gignac-Côte-Bleue FC,National 2 - Grp. A,24/25,6020.0,0.1495016611295681,0.0299003322259136,0.1794019933554817,,,0.6180847004959938,0.13202614379084968,0.12857142857142836,0.5,1.0,45.448936639389316
1167450,Max Jenner (1167450),18.4,Midfield - Central Midfield,Midfield,Aston Villa U18,Aston Villa U18,U18 Premier League,24/25,18030.0,0.0499168053244592,0.0049916805324459,0.0549084858569051,,,0.4206409767264403,0.03625377643504532,0.7285714285714288,0.5,1.0,45.43908305431859
745178,Edan Diop (745178),22.0,Midfield - Central Midfield,Midfield,Cercle Brugge,Cercle Brugge,Jupiler Pro League,25/26,4230.0,0.2127659574468085,0.0212765957446808,0.2340425531914893,600000.0,0.5-2m,0.5436856161770317,0.33131923464249746,0.21428571428571427,0.2890625,1.0,45.424523005433585
897489,Kurt Rüger (897489),20.5,Midfield - Central Midfield,Midfield,FC Bayern Munich II,FC Bayern Munich II,Regionalliga Bayern,24/25,16820.0,0.0535077288941736,0.0214030915576694,0.074910820451843,300000.0,<=0.5m,0.5441625333842045,0.07653575025176233,0.42857142857142855,0.4431678921568627,1.0,45.42345612147748
874066,Oliver Arblaster (874066),22.6,Midfield - Central Midfield,Midfield,Sheffield United,Sheffield United,Championship,24/25,4890.0,0.3680981595092025,0.0184049079754601,0.3865030674846626,1400000.0,0.5-2m,0.5193628386112171,0.5025176233635448,0.12857142857142836,0.18290441176470584,1.0,45.40898020307297
697280,George Earthy (697280),22.0,Midfield - Attacking Midfield,Midfield,West Ham United,Bristol City,Championship Play-Offs,24/25,4800.0,0.5625,0.01875,0.58125,2000000.0,0.5-2m,0.5223197252956887,0.4588235294117647,0.21428571428571427,0.14522058823529416,1.0,45.40392687216054
1123309,Nicolás Barros Schelotto (1123309),19.9,Midfield - Attacking Midfield,Midfield,Club de Gimnasia y Esgrima La Plata II,Club de Gimnasia y Esgrima La Plata II,Copa Proyección Clausura,2025,13640.0,0.1319648093841642,0.0131964809384164,0.1451612903225806,,,0.4746280045784052,0.09673202614379085,0.5142857142857145,0.5,1.0,45.392540177714224
925850,Mattia Rutigliano (925850),20.7,Midfield - Central Midfield,Midfield,FC Pro Vercelli 1892,FC Pro Vercelli 1892,Playout Serie C,24/25,12590.0,0.0714853057982525,0.0142970611596505,0.085782366957903,175000.0,<=0.5m,0.48378481495612363,0.10070493454179255,0.4000000000000001,0.5994178921568627,1.0,45.39118201844822
1170851,Filippo Bortolato (1170851),19.0,Midfield - Defensive Midfield,Midfield,Pro Sesto Primavera,Cagliari Under 18,Under 18,24/25,14800.0,0.0608108108108108,0.006081081081081,0.0668918918918919,,,0.4246470812666921,0.08823529411764706,0.6428571428571429,0.5,1.0,45.363479844436824
1223926,Gabriele Correnti (1223926),17.9,Midfield - Central Midfield,Midfield,Cagliari Primavera,Cagliari Under 17,Under 17 - Finals,24/25,10020.0,0.1796407185628742,0.0,0.1796407185628742,,,0.2588116817724068,0.2588116817724068,0.8000000000000002,0.5,1.0,45.32870090634441
1071521,Luca Montenegro (1071521),19.3,Midfield - Central Midfield,Midfield,Fiorentina Primavera,Ternana Primavera,Playoff Serie C,24/25,8380.0,0.2147971360381861,0.0,0.2147971360381861,,,0.311178247734139,0.311178247734139,0.5999999999999999,0.5,1.0,45.27069486404833
812851,Samuel Dikos (812851),20.4,Midfield - Attacking Midfield,Midfield,FC Groningen U21,FC Groningen U21,U21 Div. 1 Spring,24/25,11480.0,0.39198606271777,0.0,0.39198606271777,,,0.360358641739794,0.33986928104575165,0.44285714285714306,0.5,1.0,45.256466854833
817790,Ismail Dibirov (817790),22.1,Midfield - Attacking Midfield,Midfield,Alania Vladikavkaz,Veles Moscow,2. Division A (Phase 2),2025,2260.0,0.3982300884955752,0.0,0.3982300884955752,75000.0,<=0.5m,0.3643647462800458,0.3464052287581699,0.1999999999999998,0.8249080882352942,0.904,45.2554886266156
930025,Medin Kojic (930025),20.7,Midfield - Defensive Midfield,Midfield,SC Paderborn 07 II,SC Paderborn 07 II,Regionalliga West,25/26,5400.0,0.1666666666666666,0.0,0.1666666666666666,200000.0,<=0.5m,0.35084033613445376,0.35084033613445376,0.4000000000000001,0.5553002450980392,1.0,45.224623599439774
654982,Bilal El Khannouss (654982),22.3,Midfield - Attacking Midfield,Midfield,VfB Stuttgart,Leicester City,Premier League,24/25,11820.0,0.2284263959390862,0.0456852791878172,0.2741116751269035,28000000.0,10m+,0.7177603967951164,0.22745098039215686,0.17142857142857132,0.01409313725490191,1.0,45.21897771126764
1082523,Lucca Prior (1082523),22.5,Midfield - Attacking Midfield,Midfield,Fortaleza Esporte Clube,Fortaleza Esporte Clube,Série A,2025,4720.0,0.5720338983050848,0.0,0.5720338983050848,500000.0,<=0.5m,0.4830217474246471,0.45359477124183006,0.14285714285714285,0.327359068627451,1.0,45.20265261595545
974564,Winners Osawe (974564),19.7,Midfield - Defensive Midfield,Midfield,1.FC Nuremberg,1.FC Nuremberg,2. Bundesliga,24/25,15220.0,0.1182654402102496,0.0059132720105124,0.1241787122207621,500000.0,<=0.5m,0.42369324685234644,0.2647058823529412,0.5428571428571429,0.327359068627451,1.0,45.192614038652465
1083759,Jayden Quashie (1083759),19.9,Midfield - Central Midfield,Midfield,Fulham FC U21,Fulham FC U18,U18 Premier League,24/25,9700.0,0.0927835051546391,0.0092783505154639,0.102061855670103,,,0.4448683708508203,0.13897280966767372,0.5142857142857145,0.5,1.0,45.19097133359142
1096475,David Miguel (1096475),19.4,Midfield - Attacking Midfield,Midfield,Cuiabá EC U20,Cuiabá Esporte Clube (MT),Série B,2025,10460.0,0.3441682600382409,0.0,0.3441682600382409,,,0.3218237314002289,0.2980392156862745,0.585714285714286,0.5,1.0,45.157593109735316
941115,Rubén López (941115),22.0,Midfield - Central Midfield,Midfield,Deportivo de La Coruña,FC Barcelona Atlètic,Primera Federación - Gr. I,24/25,11490.0,0.1566579634464752,0.0234986945169712,0.1801566579634465,500000.0,<=0.5m,0.5626669210225105,0.2598187311178248,0.21428571428571427,0.327359068627451,1.0,45.10895347280329
1157435,Milton Ríos (1157435),22.3,Midfield - Defensive Midfield,Midfield,CA Huracán,CA Huracán,Copa Proyección Clausura,2025,4330.0,0.207852193995381,0.0,0.207852193995381,,,0.4222689075630252,0.4222689075630252,0.17142857142857132,0.5,1.0,45.07899159663865
1018395,Adrian Przyborek (1018395),19.6,Midfield - Attacking Midfield,Midfield,Pogon Szczecin,Pogon Szczecin,Ekstraklasa,24/25,14300.0,0.0629370629370629,0.0314685314685314,0.0944055944055944,4000000.0,2-5m,0.6299122472338802,0.04183006535947712,0.5571428571428569,0.09068627450980393,1.0,45.040820390218904
1195161,Michele Ragni (1195161),17.9,Midfield,Midfield,Cagliari Under 18,Cagliari Under 17,Under 17 - Finals,24/25,4110.0,0.218978102189781,0.0,0.218978102189781,,,0.25396825396825395,0.25396825396825395,0.8000000000000002,0.5,1.0,45.038095238095245
960941,Jacopo Bacci (960941),21.2,Midfield - Central Midfield,Midfield,Calcio Padova,Empoli Primavera,Play-off/out Primavera,24/25,9570.0,0.1880877742946708,0.018808777429467,0.2068965517241379,800000.0,0.5-2m,0.5230827928271652,0.29607250755287007,0.3285714285714287,0.24203431372549022,1.0,45.03636454289514
1078159,Ife Ibrahim (1078159),18.6,Midfield - Defensive Midfield,Midfield,Arsenal FC U18,Arsenal FC U18,U18 Premier League,24/25,19950.0,0.0451127819548872,0.0045112781954887,0.0496240601503759,,,0.4179702403662724,0.04201680672268908,0.6999999999999998,0.5,1.0,45.007238881817514
967306,Alfie Massey (967306),20.6,Midfield - Central Midfield,Midfield,Wealdstone FC,Wealdstone FC,National League,25/26,4950.0,0.1818181818181818,0.0,0.1818181818181818,50000.0,<=0.5m,0.2638469284994965,0.2638469284994965,0.4142857142857141,0.8958333333333334,1.0,45.00105380520788
1314680,Giulio La Mantia (1314680),18.6,Midfield - Defensive Midfield,Midfield,Palermo Primavera,Palermo Primavera,Primavera 2 - B,24/25,20030.0,0.0449326010983524,0.0044932601098352,0.0494258612081877,,,0.41758870660053415,0.03991596638655462,0.6999999999999998,0.5,1.0,44.94652211132449
854825,,22.6,Midfield - Central Midfield,Midfield,Peterborough United,Peterborough United,League One,24/25,9060.0,0.0993377483443708,0.0198675496688741,0.119205298013245,150000.0,<=0.5m,0.5325257535291873,0.16717019133937563,0.12857142857142836,0.6395526960784313,1.0,44.92460344581627
1237404,Davide Bianchi (1237404),19.2,Midfield,Midfield,Crotone Primavera,Crotone Primavera,Play-off/out Primavera,24/25,6590.0,0.2731411229135053,0.0,0.2731411229135053,,,0.30158730158730157,0.30158730158730157,0.6142857142857144,0.5,1.0,44.92380952380953
892973,Lovro Zvonarek (892973),21.3,Midfield - Attacking Midfield,Midfield,Grasshopper Club Zurich,Grasshopper Club Zurich,Super League,25/26,3490.0,0.2578796561604584,0.0257879656160458,0.2836676217765043,1500000.0,0.5-2m,0.5836512781381152,0.24052287581699347,0.31428571428571417,0.17080269607843135,1.0,44.8900610108917
1007972,Élan Ricardo (1007972),22.5,Midfield - Central Midfield,Midfield,Club Athletico Paranaense,Club Athletico Paranaense,Copa do Brasil,2025,2110.0,0.4265402843601896,0.0,0.4265402843601896,2200000.0,2-5m,0.5377643504531722,0.5377643504531722,0.14285714285714285,0.13465073529411764,0.844,44.87668560702226
990068,Damyan Yordanov (990068),21.2,Midfield - Attacking Midfield,Midfield,Spartak Varna,Botev Plovdiv II,Vtora Liga,24/25,7710.0,0.2334630350194552,0.0116731517509727,0.245136186770428,200000.0,<=0.5m,0.4618466234261732,0.19477124183006536,0.3285714285714287,0.5553002450980392,1.0,44.866485298971426
929870,Mattia Della Rocca (929870),20.6,Midfield - Attacking Midfield,Midfield,Roma U20,Roma U20,Primavera 1,25/26,2440.0,0.3688524590163934,0.0,0.3688524590163934,175000.0,<=0.5m,0.3414727203357497,0.32287581699346407,0.4142857142857141,0.5994178921568627,0.976,44.85965326538221
670681,João Neves (670681),21.9,Midfield - Central Midfield,Midfield,Paris Saint-Germain,Paris Saint-Germain,Champions League,24/25,24600.0,0.1829268292682927,0.0329268292682926,0.2158536585365854,80000000.0,10m+,0.6383059900801221,0.31419939577039274,0.2285714285714288,0.0013786764705882026,1.0,44.844458657724374
650015,Rayan Berberi (650015),22.4,Midfield - Attacking Midfield,Midfield,Olympic Charleroi,SK Dynamo Ceske Budejovice,CFL,24/25,3690.0,0.4878048780487805,0.0,0.4878048780487805,225000.0,<=0.5m,0.42369324685234644,0.40784313725490196,0.15714285714285733,0.5170036764705883,1.0,44.82522958487096
976360,Timothy Robert (976360),22.2,Midfield - Central Midfield,Midfield,UR La Louvière Centre,UR La Louvière Centre,2de Nationale ACFF,24/25,5970.0,0.3015075376884422,0.0,0.3015075376884422,,,0.41389728096676737,0.41389728096676737,0.1857142857142858,0.5,1.0,44.80526542943461
990361,Andrea Mussini (990361),19.3,Midfield - Central Midfield,Midfield,Sassuolo Primavera,Sassuolo Primavera,Primavera 1,24/25,17430.0,0.0516351118760757,0.0103270223752151,0.0619621342512908,,,0.45020984357115607,0.04833836858006042,0.5999999999999999,0.5,1.0,44.77141816446526
820561,Evan Bouabre (820561),22.7,Midfield - Right Midfield,Midfield,Sassari Latte Dolce,Sora Calcio 1907,Serie D play-out,24/25,6640.0,0.1355421686746988,0.0135542168674698,0.1490963855421687,75000.0,<=0.5m,0.47729874093857305,0.14736842105263157,0.1142857142857144,0.8249080882352942,1.0,44.756742082689215
676114,Wilgot Marshage (676114),22.0,Midfield - Defensive Midfield,Midfield,Sollentuna FK,Sollentuna FK,Ettan Norra,2025,9000.0,0.2,0.0,0.2,0.0,<=0.5m,0.4054621848739496,0.4054621848739496,0.21428571428571427,0.5,1.0,44.75630252100841
878164,Villads Westh (878164),22.3,Midfield - Central Midfield,Midfield,Silkeborg IF,Kolding IF,1.Division Promotion,24/25,11630.0,0.0773860705073086,0.0309544282029234,0.1083404987102321,450000.0,<=0.5m,0.6260969095764976,0.1470292044310171,0.17142857142857132,0.35340073529411764,1.0,44.71679249836408
1276569,Fran Majdenic (1276569),19.6,Midfield - Central Midfield,Midfield,Frosinone Primavera,Reggiana Primavera,Play-off/out Primavera,24/25,4170.0,0.2158273381294964,0.0,0.2158273381294964,,,0.31319234642497484,0.31319234642497484,0.5571428571428569,0.5,1.0,44.70582649978421
1048428,Jamiu Musbaudeen (1048428),22.1,Midfield - Central Midfield,Midfield,Moss FK,Kolding IF,1.Division Promotion,24/25,3450.0,0.2608695652173913,0.0,0.2608695652173913,150000.0,<=0.5m,0.3756294058408862,0.3756294058408862,0.1999999999999998,0.6395526960784313,1.0,44.69150209555121
1140765,Natan Niedzwiedz (1140765),20.1,Midfield - Attacking Midfield,Midfield,Stal Mielec,Stal Mielec,Ekstraklasa,24/25,3580.0,0.2513966480446927,0.0,0.2513966480446927,25000.0,<=0.5m,0.23483403281190385,0.20392156862745098,0.4857142857142855,0.9641544117647058,1.0,44.679558092790714
1046447,Matteo Giorgetti (1046447),20.4,Midfield - Central Midfield,Midfield,Perugia Primavera,Perugia Primavera,Primavera 2 - B,24/25,10340.0,0.1740812379110251,0.0,0.1740812379110251,50000.0,<=0.5m,0.25075528700906347,0.25075528700906347,0.44285714285714306,0.8958333333333334,1.0,44.67269817292476
1220179,João Rafael (1220179),21.4,Midfield,Midfield,FC Felgueiras 1932,Atlético Mineiro U20,CBF Brasileiro U20,2025,2680.0,0.335820895522388,0.0,0.335820895522388,,,0.38095238095238093,0.38095238095238093,0.3000000000000002,0.5,1.0,44.65714285714286
788445,Zidan Sertdemir (788445),21.5,Midfield - Central Midfield,Midfield,Preußen Münster,FC Nordsjaelland,Superliga Championship round,24/25,6490.0,0.1386748844375963,0.0277349768875192,0.1664098613251156,2000000.0,0.5-2m,0.6016787485692484,0.23464249748237664,0.2857142857142857,0.14522058823529416,1.0,44.630444196966415
1047099,Alpha Diallo (1047099),20.5,Midfield - Attacking Midfield,Midfield,RC Lens,RC Lens B,National 3 - Grp. E,24/25,14600.0,0.2465753424657534,0.0061643835616438,0.2527397260273972,,,0.42541014879816863,0.20915032679738563,0.42857142857142855,0.5,1.0,44.62403570101575
994264,Edwyn Mendoza (994264),20.3,Midfield - Defensive Midfield,Midfield,The Town FC,The Town FC,MLS Next Pro,2025,10520.0,0.085551330798479,0.0085551330798479,0.094106463878327,,,0.43914536436474627,0.1638655462184874,0.457142857142857,0.5,1.0,44.6068515769528
1177907,Ethan Bruchez (1177907),18.4,Midfield - Attacking Midfield,Midfield,FC Lausanne-Sport,FC Lausanne-Sport U19,1. Liga Playoff,24/25,11410.0,0.2366345311130587,0.0,0.2366345311130587,100000.0,<=0.5m,0.21842808088515833,0.18823529411764706,0.7285714285714288,0.7486213235294117,1.0,44.579284930778876
912081,Jun-ho Bae (912081),23.0,Midfield - Attacking Midfield,Midfield,Stoke City,Stoke City,Championship,24/25,10900.0,0.2477064220183486,0.0412844036697247,0.2889908256880734,3000000.0,2-5m,0.695154521175124,0.24705882352941178,0.07142857142857142,0.1128982843137255,1.0,44.574599045551075
929746,Leonardo Di Tommaso (929746),21.5,Midfield - Right Midfield,Midfield,Casertana FC,Lazio U20,Primavera 1,24/25,9600.0,0.28125,0.0,0.28125,225000.0,<=0.5m,0.37894736842105264,0.37894736842105264,0.2857142857142857,0.5170036764705883,1.0,44.54632214727997
892221,Hugo Sotelo (892221),22.7,Midfield - Central Midfield,Midfield,Celta de Vigo,Celta de Vigo,LaLiga,24/25,1990.0,0.4522613065326633,0.0,0.4522613065326633,4000000.0,2-5m,0.5579053373615307,0.5579053373615307,0.1142857142857144,0.09068627450980393,0.796,44.53249951340053
707450,Lorenzo Amatucci (707450),22.5,Midfield - Defensive Midfield,Midfield,UD Las Palmas,US Salernitana 1919,Serie B Play-out,24/25,10090.0,0.267591674925669,0.0178394449950445,0.2854311199207135,3500000.0,2-5m,0.514307516215185,0.5126050420168067,0.14285714285714285,0.10125612745098034,1.0,44.52429661057479
1063291,Noel Sernelius (1063291),20.1,Midfield - Central Midfield,Midfield,Husqvarna FF,Husqvarna FF,Ettan Södra,2025,17880.0,0.0503355704697986,0.0151006711409395,0.0654362416107382,250000.0,<=0.5m,0.49027088897367416,0.0553877139979859,0.4857142857142855,0.49188112745098034,1.0,44.5065878446976
922769,Lewis Miley (922769),20.3,Midfield - Central Midfield,Midfield,Newcastle United,Newcastle United,Premier League,24/25,5400.0,0.3333333333333333,0.0,0.3333333333333333,22000000.0,10m+,0.4471299093655589,0.4471299093655589,0.457142857142857,0.01899509803921573,1.0,44.40801164876827
724108,Aaron Ciammaglichella (724108),21.6,Midfield - Central Midfield,Midfield,SS Juve Stabia,Ternana Calcio,Playoff Serie C,24/25,7030.0,0.2560455192034139,0.0128022759601706,0.2688477951635846,700000.0,0.5-2m,0.47100343380389165,0.38469284994964753,0.27142857142857124,0.2643995098039216,1.0,44.40582346355216
1055345,Kieran Morrison (1055345),19.8,Midfield - Attacking Midfield,Midfield,Liverpool FC U21,Liverpool FC U21,EFL Trophy,25/26,2590.0,0.3474903474903475,0.0,0.3474903474903475,,,0.3241129339946585,0.3006535947712418,0.5285714285714285,0.5,1.0,44.3878134339072
1028505,Daou Diomandé (1028505),23.0,Midfield - Attacking Midfield,Midfield,Valenciennes FC,Paris 13 Atletico,Championnat National,24/25,3620.0,0.4972375690607734,0.0,0.4972375690607734,200000.0,<=0.5m,0.43037008775276614,0.4130718954248366,0.07142857142857142,0.5553002450980392,1.0,44.35870560818122
601495,Luciano Valente (601495),22.9,Midfield - Attacking Midfield,Midfield,Feyenoord Rotterdam,FC Groningen,Eredivisie,24/25,13050.0,0.1379310344827586,0.0551724137931034,0.193103448275862,7000000.0,5-10m,0.7632582983594048,0.14248366013071895,0.08571428571428592,0.060049019607843146,1.0,44.35057070647158
933069,Alessandro Campana (933069),21.6,Midfield - Left Midfield,Midfield,USD Fezzanese,USD Fezzanese,Serie D - E,24/25,14690.0,0.0612661674608577,0.0061266167460857,0.0673927842069435,75000.0,<=0.5m,0.4250286150324304,0.10344827586206896,0.27142857142857124,0.8249080882352942,1.0,44.31851981834913
840640,Sammy Braybrooke (840640),22.4,Midfield - Defensive Midfield,Midfield,Newport County,Leicester City U21,Premier League,24/25,9770.0,0.1842374616171955,0.0092118730808597,0.1934493346980552,300000.0,<=0.5m,0.44420068676077834,0.3960084033613445,0.15714285714285733,0.4431678921568627,1.0,44.31044717534095
874095,Fikret Selçuk (874095),23.0,Midfield - Central Midfield,Midfield,Without Club,Bornova 1877 SK,3.Lig Grup 1,24/25,2760.0,0.3260869565217391,0.0,0.3260869565217391,0.0,<=0.5m,0.43605236656596175,0.43605236656596175,0.07142857142857142,0.5,1.0,44.305999136814854
1018395,Adrian Przyborek (1018395),19.6,Midfield - Attacking Midfield,Midfield,Pogon Szczecin,Pogon Szczecin,Ekstraklasa,25/26,4450.0,0.2022471910112359,0.0202247191011235,0.2224719101123595,4000000.0,2-5m,0.5355780236550934,0.17124183006535948,0.5571428571428569,0.09068627450980393,1.0,44.30317871775442
708455,Mathis Servais (708455),21.7,Midfield - Attacking Midfield,Midfield,KV Mechelen,KV Mechelen,Jupiler Pro League,25/26,3600.0,0.25,0.025,0.275,900000.0,0.5-2m,0.5754483021747424,0.23137254901960785,0.25714285714285723,0.2244178921568627,1.0,44.21336776555338
1097604,Xander Joosen (1097604),20.2,Midfield - Defensive Midfield,Midfield,Beerschot VA,Beerschot VA,JPL Relegat. PO,24/25,11530.0,0.1561144839549002,0.0,0.1561144839549002,,,0.3277310924369748,0.3277310924369748,0.47142857142857153,0.5,1.0,44.206722689075626
1294647,Denys Khamko (1294647),18.7,Midfield - Central Midfield,Midfield,LNZ Cherkasy U19,LNZ Cherkasy U19,U19 Premier Liga,24/25,21360.0,0.0421348314606741,0.0042134831460674,0.0463483146067415,,,0.41701640595192674,0.017119838872104734,0.6857142857142858,0.5,1.0,44.1946884527881
951695,Eren Emre Aydın (951695),22.0,Midfield - Central Midfield,Midfield,12 Bingöl Spor,1461 Trabzon FK,2.Lig Beyaz,24/25,11810.0,0.0762066045723962,0.0152413209144792,0.0914479254868755,125000.0,<=0.5m,0.4912247233880198,0.11278952668680765,0.21428571428571427,0.6836703431372548,1.0,44.14786530834752
1193460,Harry Ashfield (1193460),20.4,Midfield - Attacking Midfield,Midfield,Wrexham AFC,Wrexham AFC,EFL Trophy,24/25,2370.0,0.3797468354430379,0.0,0.3797468354430379,,,0.3501526135062953,0.3300653594771242,0.44285714285714306,0.5,0.948,44.132951507450244
1216187,Lorenzo Farina (1216187),19.2,Midfield - Attacking Midfield,Midfield,AlbinoLeffe Primavera,AlbinoLeffe Primavera,Primavera 2 - A,24/25,11360.0,0.079225352112676,0.0079225352112676,0.0871478873239436,,,0.4347577260587562,0.03529411764705882,0.6142857142857144,0.5,1.0,44.12583560703946
1093489,Noah Kojo (1093489),20.6,Midfield - Central Midfield,Midfield,Odds BK,Odds BK,OBOS-ligaen,2025,11230.0,0.2404274265360641,0.0,0.2404274265360641,250000.0,<=0.5m,0.3434038267875126,0.3434038267875126,0.4142857142857141,0.49188112745098034,1.0,44.11913682013591
1064464,Mateusz Dziewiatowski (1064464),19.1,Midfield - Defensive Midfield,Midfield,Zaglebie Lubin,Zaglebie Lubin,Betclic 2 Liga,24/25,17310.0,0.0519930675909878,0.0103986135181975,0.0623916811091854,400000.0,<=0.5m,0.4504006104540252,0.07563025210084033,0.6285714285714283,0.3772977941176471,1.0,44.11840071826136
665532,Anes Krdzalic (665532),22.0,Midfield - Central Midfield,Midfield,FK Sarajevo,FK Sarajevo,Premijer Liga BiH,25/26,3390.0,0.2654867256637168,0.0,0.2654867256637168,200000.0,<=0.5m,0.3816717019133938,0.3816717019133938,0.21428571428571427,0.5553002450980392,1.0,44.103076974747616
931418,Francisco Machado (931418),21.1,Midfield - Central Midfield,Midfield,Académico de Viseu Sub-23,Académico de Viseu Sub-23,U-23 Cup Portugal,24/25,14380.0,0.2503477051460361,0.0,0.2503477051460361,,,0.3595166163141994,0.3595166163141994,0.34285714285714264,0.5,1.0,44.05671126456625
712117,Bobby Clark (712117),21.5,Midfield - Central Midfield,Midfield,Derby County,Red Bull Salzburg,Bundesliga,24/25,6370.0,0.141287284144427,0.0282574568288854,0.1695447409733124,4500000.0,2-5m,0.6062571537581076,0.2406847935548842,0.2857142857142857,0.08226102941176472,1.0,44.055920284208824
1119932,Ryan Cherradi (1119932),21.6,Midfield - Defensive Midfield,Midfield,Racing Besançon,Racing Besançon,National 3 - Grp. H,24/25,11430.0,0.0787401574803149,0.0157480314960629,0.0944881889763779,,,0.49780618084700495,0.1722689075630252,0.27142857142857124,0.5,1.0,44.04940798142989
888665,Wojciech Zielinski (888665),21.9,Midfield - Defensive Midfield,Midfield,GKS Wikielec,GKS Wikielec,Betclic 3 Liga - Group I,25/26,5980.0,0.1505016722408027,0.0,0.1505016722408027,75000.0,<=0.5m,0.3130252100840336,0.3130252100840336,0.2285714285714288,0.8249080882352942,1.0,43.987368697479
1283533,Kamil Lipinski (1283533),21.6,Midfield - Defensive Midfield,Midfield,Ruch Chorzow,Ruch Chorzow,Betclic 3 Liga - Group IV,24/25,8330.0,0.1080432172869147,0.0108043217286914,0.1188475390156062,,,0.4546928653185807,0.24369747899159663,0.27142857142857124,0.5,1.0,43.98253056277833
1041169,Tomás Silva (1041169),22.8,Midfield - Central Midfield,Midfield,Académico Viseu FC,FC Oliveira do Hospital,Liga 3 - Relegation round,24/25,6120.0,0.1470588235294117,0.0147058823529411,0.1617647058823529,150000.0,<=0.5m,0.4868370850820298,0.22356495468277945,0.0999999999999999,0.6395526960784313,1.0,43.97197598123631
960655,Raimane Daou (960655),21.7,Midfield - Defensive Midfield,Midfield,SC Aubagne Air Bel,Olympique de Marseille B,National 3 - Grp. J,24/25,11650.0,0.0772532188841201,0.007725321888412,0.0849785407725321,100000.0,<=0.5m,0.43313620755436855,0.1323529411764706,0.25714285714285723,0.7486213235294117,1.0,43.96592483664584
555067,Kacper Duda (555067),22.6,Midfield - Defensive Midfield,Midfield,Wisla Kraków,Wisla Kraków,Baraze o udzial w Ekstraklasie,24/25,12100.0,0.0743801652892562,0.0297520661157024,0.1041322314049586,600000.0,0.5-2m,0.6163677985501717,0.20168067226890757,0.12857142857142836,0.2890625,1.0,43.96296899196535
981342,Law McCabe (981342),20.6,Midfield - Central Midfield,Midfield,Plymouth Argyle,Middlesbrough FC,Championship,24/25,9000.0,0.1,0.01,0.11,,,0.448016024418161,0.1500503524672709,0.4142857142857141,0.5,1.0,43.954288110741516
914629,André Simões (914629),23.0,Midfield - Attacking Midfield,Midfield,SC União Torreense,SCU Torreense Sub-23,U-23 Cup Portugal,24/25,13940.0,0.1936872309899569,0.0258249641319942,0.2195121951219512,250000.0,<=0.5m,0.5845097291110263,0.16862745098039217,0.07142857142857142,0.49188112745098034,1.0,43.9503665549585
701322,Mathew Anim Cudjoe (701322),22.8,Midfield - Attacking Midfield,Midfield,Ihud Bnei Sakhnin,Ihud Bnei Sakhnin,Ligat ha'Al - Relegation round,24/25,6000.0,0.3,0.015,0.315,200000.0,<=0.5m,0.4893170545593285,0.2718954248366013,0.0999999999999999,0.5553002450980392,1.0,43.94995085103226
1070916,Tiago Queiroz (1070916),20.8,Midfield - Attacking Midfield,Midfield,CD Santa Clara U23,CD Santa Clara U23,Liga Revelação,25/26,2180.0,0.4128440366972477,0.0,0.4128440366972477,,,0.3750476917207173,0.3542483660130719,0.3857142857142856,0.5,0.872,43.93670490910341
1159627,Mathis Heyselberghs (1159627),21.3,Midfield,Midfield,KSK Heist,KSK Heist,1ste Nationale VV,24/25,5510.0,0.3266787658802177,0.0,0.3266787658802177,,,0.36507936507936506,0.36507936507936506,0.31428571428571417,0.5,1.0,43.93333333333334
1048500,Alvin Krizoua (1048500),21.0,Midfield - Central Midfield,Midfield,AJ Auxerre B,AJ Auxerre B,National 3 - Grp. G,24/25,3650.0,0.2465753424657534,0.0,0.2465753424657534,,,0.35246727089627394,0.35246727089627394,0.35714285714285715,0.5,1.0,43.862321968062155
1119456,Louis Leroux (1119456),20.6,Midfield - Attacking Midfield,Midfield,FC Nantes,FC Nantes,Ligue 1,24/25,6690.0,0.4035874439461883,0.0134529147982062,0.4170403587443946,4000000.0,2-5m,0.47672644028996564,0.35555555555555557,0.4142857142857141,0.09068627450980393,1.0,43.8360062249496
1163643,Jop Scharpfenecker (1163643),21.1,Midfield - Attacking Midfield,Midfield,Excelsior '31 Rijssen,Go Ahead Eagles Deventer U21,U21 Div. 1 Spring,24/25,2070.0,0.4347826086956521,0.0,0.4347826086956521,,,0.38983212514307514,0.37516339869281046,0.34285714285714264,0.5,0.828,43.83292981239297
1053975,Liam Humbles (1053975),22.7,Midfield - Central Midfield,Midfield,Rochdale AFC,Salford City,National League,24/25,13590.0,0.0662251655629139,0.0264900662251655,0.0927152317880794,0.0,<=0.5m,0.5902327355971003,0.11681772406847936,0.1142857142857144,0.5,1.0,43.82740531076779
1234292,Vincenzo Arzillo (1234292),20.3,Midfield - Defensive Midfield,Midfield,Casertana FC,US Avellino 1912,Superc. Serie C,24/25,8560.0,0.1051401869158878,0.0,0.1051401869158878,10000.0,<=0.5m,0.21008403361344538,0.21008403361344538,0.457142857142857,0.9932598039215687,1.0,43.8249649859944
1176346,Valentin Taramelli (1176346),20.1,Midfield,Midfield,Without Club,Stade Reims B,National 3 - Grp. E,24/25,6480.0,0.2777777777777778,0.0,0.2777777777777778,,,0.31746031746031744,0.31746031746031744,0.4857142857142855,0.5,1.0,43.819047619047616
694141,Fynn Seidel (694141),22.5,Midfield - Attacking Midfield,Midfield,BSG Chemie Leipzig,Chemnitzer FC,Regionalliga Northeast,24/25,9290.0,0.38751345532831,0.0,0.38751345532831,100000.0,<=0.5m,0.356161770316673,0.33725490196078434,0.14285714285714285,0.7486213235294117,1.0,43.72016793029688
1233527,Colin Ulrich (1233527),22.7,Midfield - Central Midfield,Midfield,VfB Lübeck,USC Paloma Hamburg,Hamburgpokal,24/25,27560.0,0.0326560232220609,0.0130624092888243,0.0457184325108853,25000.0,<=0.5m,0.47357878672262493,0.016112789526686808,0.1142857142857144,0.9641544117647058,1.0,43.677208458324166
851942,Robbie Hamilton (851942),22.2,Midfield - Left Midfield,Midfield,Broxburn Athletic FC,Edinburgh City,Scottish League One Play-offs,24/25,5730.0,0.1570680628272251,0.0157068062827225,0.1727748691099476,,,0.4968523464326593,0.21839080459770116,0.1857142857142858,0.5,1.0,43.65641543701906
699442,Kacper Urbanski (699442),21.9,Midfield - Central Midfield,Midfield,Legia Warszawa,Bologna FC 1909,Serie A,24/25,2440.0,0.3688524590163934,0.0,0.3688524590163934,6000000.0,5-10m,0.48841893252769386,0.48841893252769386,0.2285714285714288,0.0660232843137255,0.976,43.64660478919665
1168025,Mattia Penta (1168025),19.0,Midfield - Central Midfield,Midfield,Lentigione Calcio,Reggiana Primavera,Play-off/out Primavera,24/25,20200.0,0.0445544554455445,0.0044554455445544,0.049009900990099,,,0.41739793971766503,0.022155085599194362,0.6428571428571429,0.5,1.0,43.63424787816784
1204742,Samy Rota Chebira (1204742),20.6,Midfield,Midfield,Jura Sud Foot,Jura Sud Foot,National 2 - Grp. A,24/25,3210.0,0.2803738317757009,0.0,0.2803738317757009,,,0.3333333333333333,0.3333333333333333,0.4142857142857141,0.5,1.0,43.628571428571426
859941,Darren Robinson (859941),21.6,Midfield - Defensive Midfield,Midfield,St. Patrick's Athletic,Derby County U21,Premier League 2,24/25,12420.0,0.072463768115942,0.0072463768115942,0.0797101449275362,100000.0,<=0.5m,0.4302747043113316,0.11134453781512606,0.27142857142857124,0.7486213235294117,1.0,43.623574268032286
1016552,Joe Barough (1016552),20.4,Midfield - Attacking Midfield,Midfield,Reading FC U21,Reading FC U21,Premier League 2,24/25,14800.0,0.1216216216216216,0.0121621621621621,0.1337837837837838,,,0.4652804273178176,0.08366013071895424,0.44285714285714306,0.5,1.0,43.60689339960836
1176157,Romain Pigouchet (1176157),20.2,Midfield - Central Midfield,Midfield,US Avranches B,US Avranches,National 2 - Grp. B,24/25,8270.0,0.2176541717049576,0.0,0.2176541717049576,,,0.31722054380664655,0.31722054380664655,0.47142857142857153,0.5,1.0,43.576089771255944
1038512,Asier Osambela (1038512),21.8,Midfield - Attacking Midfield,Midfield,CA Osasuna Promesas,CA Osasuna,Primera Federación - Gr. I,24/25,9960.0,0.2710843373493976,0.0180722891566265,0.2891566265060241,500000.0,<=0.5m,0.5165013353681801,0.24836601307189543,0.24285714285714274,0.327359068627451,1.0,43.55984427807115
1303962,Muhammed Mustafa Tatar (1303962),18.5,Midfield - Defensive Midfield,Midfield,Yeni Malatyaspor,Yeni Malatyaspor U19,U19 Süper Lig,24/25,7390.0,0.121786197564276,0.0,0.121786197564276,,,0.25210084033613445,0.25210084033613445,0.7142857142857143,0.5,1.0,43.554621848739494
1059525,Tommaso Casalino (1059525),19.1,Midfield - Central Midfield,Midfield,Sampdoria Primavera,Sampdoria Primavera,Primavera 1,24/25,19680.0,0.0457317073170731,0.0045731707317073,0.0503048780487804,,,0.41816100724914157,0.026183282980866064,0.6285714285714283,0.5,1.0,43.523293358189285
880245,Mateus Fernandes (880245),22.1,Midfield - Central Midfield,Midfield,West Ham United,Southampton FC,Premier League,24/25,17280.0,0.15625,0.03125,0.1875,15000000.0,10m+,0.6283861121709271,0.270392749244713,0.1999999999999998,0.030637254901960786,1.0,43.45623431450636
685657,Silas Andersen (685657),22.2,Midfield - Defensive Midfield,Midfield,BK Häcken,BK Häcken,Allsvenskan,2025,8590.0,0.209545983701979,0.0104772991850989,0.220023282887078,700000.0,0.5-2m,0.45087752766119804,0.4369747899159664,0.1857142857142858,0.2643995098039216,1.0,43.41981313796026
935173,Manuel Rosetti (935173),21.5,Midfield - Central Midfield,Midfield,AC Carpi,USD Sestri Levante 1919,Playout Serie C,24/25,12150.0,0.1481481481481481,0.0074074074074074,0.1555555555555555,200000.0,<=0.5m,0.4315146890499809,0.21248741188318226,0.2857142857142857,0.5553002450980392,1.0,43.417913248130404
1025972,Jan Labedzki (1025972),20.5,Midfield - Attacking Midfield,Midfield,Bologna Primavera,Bologna Primavera,Primavera 1,24/25,8360.0,0.1076555023923444,0.0107655502392344,0.1184210526315789,200000.0,<=0.5m,0.45421594811140786,0.06928104575163399,0.42857142857142855,0.5553002450980392,1.0,43.415735323284856
1220465,Igor Toledo (1220465),20.5,Midfield - Defensive Midfield,Midfield,Atlético Mineiro U20,CR Vasco da Gama U20,CBF Brasileiro U20,2025,5770.0,0.1559792027729636,0.0,0.1559792027729636,,,0.32563025210084034,0.32563025210084034,0.42857142857142855,0.5,1.0,43.39495798319328
1067659,Boris Mamuzah Lum (1067659),18.9,Midfield - Defensive Midfield,Midfield,Hertha BSC,Hertha BSC,2. Bundesliga,24/25,12920.0,0.1393188854489164,0.0,0.1393188854489164,500000.0,<=0.5m,0.30462184873949577,0.30462184873949577,0.6571428571428574,0.327359068627451,1.0,43.37462359943978
919236,Everson Jr (919236),22.8,Midfield - Defensive Midfield,Midfield,Montpellier HSC,AC Ajaccio,Ligue 2,24/25,7860.0,0.2290076335877862,0.0,0.2290076335877862,500000.0,<=0.5m,0.4527310924369748,0.4527310924369748,0.0999999999999999,0.327359068627451,1.0,43.3468925070028
883152,Finley Barbrook (883152),21.7,Midfield - Defensive Midfield,Midfield,Lincoln City,Sutton United,National League,24/25,14670.0,0.1226993865030674,0.0061349693251533,0.1288343558282208,,,0.4252193819152995,0.27521008403361347,0.25714285714285723,0.5,1.0,43.32724407580659
738490,,21.6,Midfield - Central Midfield,Midfield,Without Club,Arsenal FC U21,Premier League 2,24/25,11030.0,0.1631912964641885,0.0081595648232094,0.171350861287398,,,0.43685616177031666,0.24471299093655588,0.27142857142857124,0.5,1.0,43.327077090733404
744600,Niklas Jahn (744600),22.1,Midfield - Defensive Midfield,Midfield,VfL Bochum II,VfL Bochum II,Oberliga Westfalen,24/25,14550.0,0.0618556701030927,0.0185567010309278,0.0804123711340206,200000.0,<=0.5m,0.5206982067913011,0.11554621848739496,0.1999999999999998,0.5553002450980392,1.0,43.302752096164674
1191030,Agustin De Armas (1191030),21.7,Midfield - Defensive Midfield,Midfield,Leixões SC U23,Leixões SC U23,Liga Portugal 2,24/25,8730.0,0.1030927835051546,0.0103092783505154,0.1134020618556701,,,0.4500190766882869,0.23109243697478993,0.25714285714285723,0.5,1.0,43.299044241885994
902401,Jakob Napoleon Romsaas (902401),22.3,Midfield - Attacking Midfield,Midfield,Royal Charleroi SC,Tromsø IL,UECL Qualifiers,24/25,3370.0,0.2670623145400593,0.0267062314540059,0.2937685459940652,1500000.0,0.5-2m,0.5931896222815719,0.2549019607843137,0.17142857142857132,0.17080269607843135,1.0,43.28314367190982
726634,Matus Holicek (726634),21.6,Midfield - Central Midfield,Midfield,Crewe Alexandra,Crewe Alexandra,League Two,24/25,27440.0,0.0655976676384839,0.0196793002915451,0.0852769679300291,275000.0,<=0.5m,0.5309042350247997,0.0986908358509567,0.27142857142857124,0.46844362745098034,1.0,43.246627246834294
941883,Martín Tejón (941883),22.4,Midfield - Attacking Midfield,Midfield,CS Marítimo,Valencia CF,Segunda Federación - Gr. III,24/25,6560.0,0.4115853658536585,0.0137195121951219,0.4253048780487805,500000.0,<=0.5m,0.4783479587943533,0.36209150326797385,0.15714285714285733,0.327359068627451,1.0,43.240548181150885
972212,Rohin Shivani (972212),20.5,Midfield - Attacking Midfield,Midfield,VfB Lübeck,VfL Osnabrück U19,U19 Nachwuchsliga - Liga B,24/25,11060.0,0.244122965641953,0.0,0.244122965641953,25000.0,<=0.5m,0.22644028996566196,0.1934640522875817,0.42857142857142855,0.9641544117647058,1.0,43.21624479087068
1185955,Marco Ornano (1185955),19.1,Midfield - Central Midfield,Midfield,Castiadas Calcio 1973,Cagliari Under 18,Under 18,24/25,22190.0,0.0405588102748986,0.0040558810274898,0.0446146913023884,,,0.4166348721861885,0.014098690835850957,0.6285714285714283,0.5,1.0,43.19943919860674
1318312,Manu Mocsnik (1318312),19.6,Midfield - Attacking Midfield,Midfield,Jong Genk,KRC Genk U18,U18 Elite 1 PO A,24/25,11440.0,0.0786713286713286,0.0078671328671328,0.0865384615384615,,,0.43437619229301794,0.03398692810457516,0.5571428571428569,0.5,1.0,43.16829343972105
1072279,Salvatore Dore (1072279),21.8,Midfield - Central Midfield,Midfield,US Pergolettese 1932,Calcio Lecco 1912,Serie C-B,24/25,4690.0,0.1918976545842217,0.0,0.1918976545842217,50000.0,<=0.5m,0.27895266868076535,0.27895266868076535,0.24285714285714274,0.8958333333333334,1.0,43.16454107322687
818135,Alberto Grancara (818135),22.9,Midfield - Central Midfield,Midfield,United Borgoricco Campetra,Sanremese Calcio,Serie D - A,24/25,4320.0,0.2083333333333333,0.0,0.2083333333333333,10000.0,<=0.5m,0.2980866062437059,0.2980866062437059,0.08571428571428592,0.9932598039215687,1.0,43.162262200952895
685657,Silas Andersen (685657),22.2,Midfield - Defensive Midfield,Midfield,BK Häcken,FC Utrecht,Svenska Cupen,24/25,12470.0,0.2165196471531676,0.0072173215717722,0.2237369687249398,700000.0,0.5-2m,0.4411764705882353,0.4411764705882353,0.1857142857142858,0.2643995098039216,1.0,43.14360994397759
618392,Oliwier Wojciechowski (618392),21.4,Midfield - Attacking Midfield,Midfield,Polonia Warsaw,Polonia Warsaw,Betclic 1 Liga,25/26,5110.0,0.1761252446183953,0.0176125244618395,0.1937377690802348,350000.0,<=0.5m,0.5116367798550172,0.1450980392156863,0.3000000000000002,0.40670955882352944,1.0,43.12828832076517
1186989,Mattia Marchini (1186989),19.6,Midfield - Central Midfield,Midfield,Spezia Primavera,Spezia Primavera,Primavera 2 - B,24/25,4590.0,0.196078431372549,0.0,0.196078431372549,,,0.28600201409869086,0.28600201409869086,0.5571428571428569,0.5,1.0,43.074406560207166
946959,Luka Vrbancic (946959),21.1,Midfield - Attacking Midfield,Midfield,NK Osijek,NK Lokomotiva Zagreb,SuperSport HNL,24/25,5570.0,0.4847396768402154,0.0,0.4847396768402154,1300000.0,0.5-2m,0.4218809614650897,0.4065359477124183,0.34285714285714264,0.18566176470588236,1.0,43.06024637694325
1152997,Mateo Scheffer Bracco (1152997),21.9,Midfield - Right Midfield,Midfield,SEF Torres 1903,Atalanta U23,Playoff Serie C,24/25,14690.0,0.1225323349217154,0.0183798502382573,0.1409121851599727,250000.0,<=0.5m,0.5188859214040442,0.12631578947368421,0.2285714285714288,0.49188112745098034,1.0,43.04009102323132
1052292,Jebryl Sahraoui (1052292),21.5,Midfield - Central Midfield,Midfield,AS Saint-Étienne B,AS Saint-Étienne B,National 3 - Grp. I,24/25,7760.0,0.1159793814432989,0.0115979381443298,0.1275773195876288,,,0.4612743227775658,0.1782477341389728,0.2857142857142857,0.5,1.0,43.02130298803347
1010671,Martin Rossignol (1010671),22.8,Midfield - Central Midfield,Midfield,Le Mans FC,Le Mans FC,Championnat National,24/25,7190.0,0.2503477051460361,0.0125173852573018,0.2628650904033379,400000.0,<=0.5m,0.4686188477680275,0.37865055387714,0.0999999999999999,0.3772977941176471,1.0,43.01999751812918
648899,Balázs Bakti (648899),21.6,Midfield - Attacking Midfield,Midfield,Zalaegerszegi TE FC,Zalaegerszegi TE FC,NB I.,24/25,12860.0,0.0699844479004665,0.0209953343701399,0.0909797822706065,225000.0,<=0.5m,0.5410148798168638,0.0392156862745098,0.27142857142857124,0.5170036764705883,1.0,43.00221914452541
1222880,Ylies Ounissi (1222880),19.0,Midfield - Defensive Midfield,Midfield,Angers SCO B,Angers SCO U19,National 3 - Grp. B,24/25,7260.0,0.1239669421487603,0.0,0.1239669421487603,,,0.2615546218487395,0.2615546218487395,0.6428571428571429,0.5,1.0,42.97899159663866
1042814,Alessandro Pellegrino (1042814),21.5,Midfield - Left Midfield,Midfield,FC Pistoiese,Renate Primavera,Play-off/out Primavera,24/25,10010.0,0.1798201798201798,0.0,0.1798201798201798,50000.0,<=0.5m,0.26436781609195403,0.26436781609195403,0.2857142857142857,0.8958333333333334,1.0,42.97516420361248
715357,Aleksey Baranovskiy (715357),21.6,Midfield - Attacking Midfield,Midfield,FC Ufa,FC Orenburg-2,2. Division B,2025,1980.0,0.4545454545454546,0.0,0.4545454545454546,250000.0,<=0.5m,0.40318580694391454,0.38562091503267976,0.27142857142857124,0.49188112745098034,0.792,42.95391372175857
884228,Leonardo Bovo (884228),21.3,Midfield - Defensive Midfield,Midfield,Inter U23,Inter Milan Primavera,Primavera Fase Finale,24/25,18820.0,0.0956429330499468,0.0047821466524973,0.1004250797024442,200000.0,<=0.5m,0.41949637542922547,0.19117647058823528,0.31428571428571417,0.5553002450980392,1.0,42.94951947919572
1086869,Bernardo Parra (1086869),21.6,Midfield - Defensive Midfield,Midfield,Tigres UANL,Tigres UANL,Liguilla Clausura,24/25,5000.0,0.18,0.0,0.18,300000.0,<=0.5m,0.37289915966386555,0.37289915966386555,0.27142857142857124,0.4431678921568627,1.0,42.92115721288514
1155723,Gilberto Mora (1155723),17.8,Midfield - Attacking Midfield,Midfield,Club Tijuana,Club Tijuana,Liga MX Clausura,24/25,13550.0,0.1328413284132841,0.0066420664206642,0.1394833948339483,3000000.0,2-5m,0.42731781762686,0.09411764705882353,0.8142857142857142,0.1128982843137255,1.0,42.91781271407839
961053,Rabby Mateta Pepa (961053),20.1,Midfield - Central Midfield,Midfield,DAC Dunajska Streda,Standard de Liège 16 FC,1ste NAT ACFF REL PO,24/25,8600.0,0.2093023255813953,0.0,0.2093023255813953,0.0,<=0.5m,0.3016112789526687,0.3016112789526687,0.4857142857142855,0.5,1.0,42.86810530858869
902487,Aleksander Andresen (902487),21.4,Midfield - Left Midfield,Midfield,Stabæk Fotball,Stabæk Fotball,OBOS-ligaen,2025,18580.0,0.0484391819160387,0.0242195909580193,0.0726587728740581,700000.0,0.5-2m,0.5677222434185425,0.12643678160919541,0.3000000000000002,0.2643995098039216,1.0,42.85664758256181
892973,Lovro Zvonarek (892973),21.3,Midfield - Attacking Midfield,Midfield,Grasshopper Club Zurich,SK Sturm Graz,Bundesliga,24/25,5600.0,0.3214285714285714,0.0160714285714285,0.3374999999999999,1500000.0,0.5-2m,0.4998092331171309,0.2928104575163399,0.31428571428571417,0.17080269607843135,1.0,42.85439009747992
961297,Rodrigo Mendoza (961297),21.4,Midfield - Central Midfield,Midfield,Elche CF,Elche CF,LaLiga2,24/25,10650.0,0.1690140845070422,0.0169014084507042,0.1859154929577464,1000000.0,0.5-2m,0.5064860740175505,0.2688821752265861,0.3000000000000002,0.20634191176470584,1.0,42.8506654323577
1299491,Brayden Johnson (1299491),20.1,Midfield - Central Midfield,Midfield,Middlesbrough FC U21,Gateshead FC,National League,24/25,17640.0,0.0510204081632653,0.010204081632653,0.0612244897959183,,,0.44906524227394123,0.045317220543806644,0.4857142857142855,0.5,1.0,42.83288662980208
648041,Jamie Mullins (648041),21.9,Midfield - Attacking Midfield,Midfield,Wycombe Wanderers,Brighton & Hove Albion U21,PL2 Playoffs,24/25,17590.0,0.1023308698123934,0.015349630471859,0.1176805002842524,150000.0,<=0.5m,0.49236932468523464,0.06797385620915032,0.2285714285714288,0.6395526960784313,1.0,42.816339776881115
667521,Cian Ashford (667521),21.9,Midfield - Attacking Midfield,Midfield,Cardiff City,Cardiff City,League One,25/26,5140.0,0.3501945525291828,0.0175097276264591,0.367704280155642,1200000.0,0.5-2m,0.5108737123235406,0.3215686274509804,0.2285714285714288,0.19056372549019607,1.0,42.81274588622171
1209287,Jano Monserrate (1209287),20.6,Midfield - Attacking Midfield,Midfield,Atlético Madrileño,Atlético Madrileño,Primera Federación - Gr. II,24/25,11310.0,0.1591511936339522,0.0159151193633952,0.1750663129973474,500000.0,<=0.5m,0.49866463181991605,0.12026143790849673,0.4142857142857141,0.327359068627451,1.0,42.80660603249948
1207774,Cristian Guaragna (1207774),19.3,Midfield,Midfield,Pescara Primavera,Pescara Primavera,Play-off/out Primavera,24/25,7680.0,0.234375,0.0,0.234375,,,0.2698412698412698,0.2698412698412698,0.5999999999999999,0.5,1.0,42.79047619047619
875114,Arda Çağdaş (875114),22.6,Midfield - Attacking Midfield,Midfield,Beykoz Anadolu Spor,Beykoz Anadolu Spor,2.Lig Playoff,24/25,8960.0,0.1004464285714285,0.0100446428571428,0.1104910714285714,50000.0,<=0.5m,0.4483021747424647,0.05228758169934641,0.12857142857142836,0.8958333333333334,1.0,42.7846189614088
892983,Ryan Leijten (892983),22.9,Midfield - Attacking Midfield,Midfield,Roda JC Kerkrade,Roda JC Kerkrade,Keuken Kampioen Divisie,24/25,6060.0,0.297029702970297,0.0148514851485148,0.3118811881188119,250000.0,<=0.5m,0.4887447539107211,0.27058823529411763,0.08571428571428592,0.49188112745098034,1.0,42.783006180820294
926763,Chuki (926763),22.3,Midfield - Attacking Midfield,Midfield,Real Valladolid CF,Real Valladolid CF,LaLiga2,25/26,3470.0,0.2593659942363112,0.0259365994236311,0.2853025936599423,1500000.0,0.5-2m,0.5856543304082411,0.24444444444444444,0.17142857142857132,0.17080269607843135,1.0,42.76673722124612
726668,Tadeas Hajovsky (726668),20.9,Midfield - Central Midfield,Midfield,AS Trencin,AS Trencin,Nike Liga - Releg. G.,24/25,15840.0,0.1136363636363636,0.0113636363636363,0.125,375000.0,<=0.5m,0.4591758870660053,0.1732124874118832,0.3714285714285716,0.39675245098039214,1.0,42.75674988815227
929742,Marco Nazzaro (929742),21.2,Midfield - Defensive Midfield,Midfield,ASD Team Altamura,Lazio U20,Primavera 1,24/25,25610.0,0.0351425224521671,0.0105427567356501,0.0456852791878172,125000.0,<=0.5m,0.45173597863410914,0.031512605042016806,0.3285714285714287,0.6836703431372548,1.0,42.68777216008495
581106,Kristian Arnstad (581106),22.9,Midfield - Central Midfield,Midfield,Aarhus GF,Aarhus GF,Superliga Championship round,24/25,7740.0,0.2325581395348837,0.0232558139534883,0.2558139534883721,2500000.0,2-5m,0.5601869515452117,0.37059415911379656,0.08571428571428592,0.12745098039215685,1.0,42.59591795614034
1075719,Rhys Youlley (1075719),21.5,Midfield - Attacking Midfield,Midfield,Sydney FC,Sydney FC,Australia Cup,2025,2350.0,0.3829787234042553,0.0,0.3829787234042553,200000.0,<=0.5m,0.35349103395650516,0.3352941176470588,0.2857142857142857,0.5553002450980392,0.94,42.554761881383605
919995,Alper Aksoy (919995),21.6,Midfield - Central Midfield,Midfield,Altinordu FK,Berliner AK 07,NOFV-Oberliga Nord,24/25,7970.0,0.1129234629861982,0.0112923462986198,0.124215809284818,,,0.4586989698588325,0.1717019133937563,0.27142857142857124,0.5,1.0,42.55086009215542
738486,Sem Yvel (738486),21.4,Midfield - Attacking Midfield,Midfield,Unknown,NAC Breda U21,U21 Div. 2 Spring,24/25,7060.0,0.3824362606232295,0.0,0.3824362606232295,,,0.35263258298359407,0.3333333333333333,0.3000000000000002,0.5,1.0,42.53337148670992
890718,Jimi Gower (890718),21.9,Midfield - Central Midfield,Midfield,Moreirense FC,Arsenal FC U21,Premier League,24/25,14310.0,0.0628930817610062,0.0188679245283018,0.0817610062893081,,,0.5237504769172072,0.08962739174219536,0.2285714285714288,0.5,1.0,42.53146359832504
991460,Krzysztof Kolanko (991460),20.0,Midfield - Attacking Midfield,Midfield,Podbeskidzie Bielsko-Biala,Zaglebie Lubin II,Betclic 2 Liga,24/25,13070.0,0.0688599846977811,0.0068859984697781,0.0757459831675593,200000.0,<=0.5m,0.42789011827546736,0.02091503267973856,0.5,0.5553002450980392,1.0,42.49415864479455
953864,Gianmario Delicato (953864),20.4,Midfield - Defensive Midfield,Midfield,Enna Calcio,Cosenza Primavera,Primavera 2 - B,24/25,9280.0,0.0969827586206896,0.0,0.0969827586206896,25000.0,<=0.5m,0.20736360167874857,0.18277310924369747,0.44285714285714306,0.9641544117647058,1.0,42.48470131757396
908951,Noah Engelbreth (908951),21.2,Midfield - Defensive Midfield,Midfield,Hannover 96 II,Hannover 96 II,3. Liga,24/25,11630.0,0.0773860705073086,0.0077386070507308,0.0851246775580395,200000.0,<=0.5m,0.4334223578786723,0.13445378151260504,0.3285714285714287,0.5553002450980392,1.0,42.45937908118227
1174093,Gio Almeida (1174093),22.1,Midfield - Defensive Midfield,Midfield,SC Farense,SC Farense U23,Liga 3 - Relegation round,24/25,8050.0,0.1118012422360248,0.0111801242236024,0.1229813664596273,300000.0,<=0.5m,0.4574589851201831,0.25630252100840334,0.1999999999999998,0.4431678921568627,1.0,42.426447386947906
802422,Will Hugill (802422),22.8,Midfield - Central Midfield,Midfield,FC Halifax Town,Burnley FC,National League,24/25,8840.0,0.2036199095022624,0.0101809954751131,0.2138009049773755,,,0.4488744753910721,0.3071500503524673,0.0999999999999999,0.5,1.0,42.41453117261502
1005850,Alfie Tuck (1005850),20.3,Midfield - Central Midfield,Midfield,Hampton & Richmond Borough,Hampton & Richmond Borough,National League South,25/26,4300.0,0.2093023255813953,0.0,0.2093023255813953,,,0.3016112789526687,0.3016112789526687,0.457142857142857,0.5,1.0,42.41096245144583
897610,Angelo Mameli (897610),21.5,Midfield - Defensive Midfield,Midfield,Olbia Calcio 1905,FC Vado,Play-off Serie D,24/25,7090.0,0.1269393511988716,0.0,0.1269393511988716,75000.0,<=0.5m,0.2710084033613445,0.2710084033613445,0.2857142857142857,0.8249080882352942,1.0,42.38064600840337
851962,Murray Aiken (851962),22.0,Midfield - Central Midfield,Midfield,Without Club,Airdrieonians FC,League Two,24/25,10640.0,0.2537593984962406,0.0,0.2537593984962406,0.0,<=0.5m,0.36555891238670696,0.36555891238670696,0.21428571428571427,0.5,1.0,42.36210617177385
706618,Vladislav Saus (706618),23.0,Midfield - Right Midfield,Midfield,Baltika Kaliningrad,Baltika Kaliningrad,Premier Liga,25/26,6300.0,0.1428571428571428,0.0285714285714285,0.1714285714285714,500000.0,<=0.5m,0.6087371232354063,0.15789473684210525,0.07142857142857142,0.327359068627451,1.0,42.33157899711322
908982,Barış Kalaycı (908982),21.0,Midfield - Attacking Midfield,Midfield,Fatih Karagümrük,Fatih Karagümrük,1.Lig,24/25,2850.0,0.3157894736842105,0.0,0.3157894736842105,125000.0,<=0.5m,0.2897748950782144,0.27320261437908494,0.35714285714285715,0.6836703431372548,1.0,42.3075740475193
1012075,Makenzie Bradbury (1012075),19.0,Midfield - Defensive Midfield,Midfield,Wolverhampton Wanderers U21,Wolverhampton Wanderers U21,U18 Premier League,24/25,7490.0,0.1201602136181575,0.0,0.1201602136181575,,,0.25,0.25,0.6428571428571429,0.5,1.0,42.28571428571429
1318487,Tommaso Annoni (1318487),18.7,Midfield,Midfield,Virtus Entella Primavera,Virtus Entella Primavera,Play-off/out Primavera,24/25,4250.0,0.2117647058823529,0.0,0.2117647058823529,,,0.23809523809523808,0.23809523809523808,0.6857142857142858,0.5,1.0,42.25714285714286
1072630,Vitinho (1072630),22.5,Midfield - Central Midfield,Midfield,Clube Náutico Capibaribe,Goiás EC,Série C,2025,9510.0,0.2839116719242902,0.0094637223974763,0.2933753943217665,600000.0,0.5-2m,0.44582220526516597,0.4078549848942598,0.14285714285714285,0.2890625,1.0,42.246642753464315
732754,Billy Brooks (732754),22.5,Midfield - Attacking Midfield,Midfield,Piteå IF,Piteå IF,Svenska Cupen,25/26,1800.0,0.5,0.0,0.5,0.0,<=0.5m,0.43561617703166733,0.4176470588235294,0.14285714285714285,0.5,0.72,42.227364307035295
1037744,Andrey Amosov (1037744),20.3,Midfield - Defensive Midfield,Midfield,FC Rostov 2,FC Rostov 2,2. Division B,2025,6510.0,0.1382488479262673,0.0,0.1382488479262673,,,0.29831932773109243,0.29831932773109243,0.457142857142857,0.5,1.0,42.21344537815126
1314284,Filippo Barbieri (1314284),17.8,Midfield - Defensive Midfield,Midfield,Genoa Under 18,Genoa Under 17,Under 17 - A,24/25,8910.0,0.101010101010101,0.0,0.101010101010101,,,0.20736360167874857,0.1953781512605042,0.8142857142857142,0.5,1.0,42.20670762009496
1101843,Said Godínez (1101843),21.8,Midfield - Defensive Midfield,Midfield,Mazatlán FC,Mazatlán FC,Liga MX Apertura,25/26,5350.0,0.1682242990654205,0.0,0.1682242990654205,,,0.3550420168067227,0.3550420168067227,0.24285714285714274,0.5,1.0,42.188235294117646
1050738,Riccardo Rebaudo (1050738),21.6,Midfield - Attacking Midfield,Midfield,Alcione Milano,US Folgore Caratese,Play-off Serie D,24/25,16700.0,0.0538922155688622,0.0053892215568862,0.0592814371257485,75000.0,<=0.5m,0.42159481114078595,0.011764705882352941,0.27142857142857124,0.8249080882352942,1.0,42.17099673091289
723486,Anas Hammas (723486),22.5,Midfield - Attacking Midfield,Midfield,Standard de Liège 16 FC,STVV Youth,2de Nat. VV B,24/25,6260.0,0.4313099041533546,0.0,0.4313099041533546,0.0,<=0.5m,0.3871613887829073,0.3712418300653595,0.14285714285714285,0.5,1.0,42.165167320902675
961902,Neco Celorio (961902),22.5,Midfield - Attacking Midfield,Midfield,CD Lugo,Algeciras CF,Primera Federación - Gr. II,24/25,13280.0,0.0677710843373494,0.0271084337349397,0.0948795180722891,300000.0,<=0.5m,0.5966234261732163,0.043137254901960784,0.14285714285714285,0.4431678921568627,1.0,42.11077457833572
940095,Nordin Bukala (940095),20.9,Midfield - Central Midfield,Midfield,FC Volendam,FC Volendam,Keuken Kampioen Divisie,24/25,10200.0,0.088235294117647,0.0088235294117647,0.0970588235294117,275000.0,<=0.5m,0.4414345669591759,0.12789526686807653,0.3714285714285716,0.46844362745098034,1.0,42.08927734271724
1013897,Julian Brückner (1013897),21.9,Midfield - Defensive Midfield,Midfield,DJK Don Bosco Bamberg,FT Schweinfurt,LL Bayern-N/W,24/25,10660.0,0.1688555347091932,0.0,0.1688555347091932,,,0.35714285714285715,0.35714285714285715,0.2285714285714288,0.5,1.0,42.085714285714296
934098,Michele Lupinacci (934098),20.9,Midfield - Left Midfield,Midfield,FC Vado,USD Lavagnese 1919,Play-off Serie D,24/25,24570.0,0.0366300366300366,0.0109890109890109,0.0476190476190476,200000.0,<=0.5m,0.45593285005723005,0.04597701149425287,0.3714285714285716,0.5553002450980392,1.0,42.05400312927801
719680,Kristi Montgomery (719680),22.2,Midfield - Central Midfield,Midfield,Blackburn Rovers,Blackburn Rovers U21,National League North,24/25,20020.0,0.0899100899100899,0.0044955044955044,0.0944055944055944,100000.0,<=0.5m,0.4177794734834033,0.1228600201409869,0.1857142857142858,0.7486213235294117,1.0,42.03066753631137
818881,Samuel Maltoni (818881),22.2,Midfield - Defensive Midfield,Midfield,SCD Progresso Calcio,Sammaurese,Serie D play-out,24/25,23080.0,0.0779896013864818,0.003899480069324,0.0818890814558058,100000.0,<=0.5m,0.4162533384204502,0.12394957983193278,0.1857142857142858,0.7486213235294117,1.0,41.99664471711997
1086701,Jussef Nasrawe (1086701),19.4,Midfield - Attacking Midfield,Midfield,FC Bayern Munich II,FC Bayern Munich II,Regionalliga Bayern,25/26,3280.0,0.274390243902439,0.0,0.274390243902439,200000.0,<=0.5m,0.25677222434185426,0.22875816993464052,0.585714285714286,0.5553002450980392,1.0,41.93565626635368
1086631,Kauã Diniz (1086631),22.5,Midfield - Defensive Midfield,Midfield,América Futebol Clube (MG),América Futebol Clube (MG),Série B,2025,7550.0,0.119205298013245,0.0119205298013245,0.1311258278145695,350000.0,<=0.5m,0.46375429225486453,0.28781512605042014,0.14285714285714285,0.40670955882352944,1.0,41.93424398803779
955358,Gaël Lafont (955358),20.2,Midfield - Central Midfield,Midfield,Genoa U20,Olympique de Marseille B,National 3 - Grp. J,24/25,4500.0,0.2,0.0,0.2,,,0.2895266868076536,0.2895266868076536,0.47142857142857153,0.5,1.0,41.91445835131636
883168,Aaron Essel (883168),21.1,Midfield - Defensive Midfield,Midfield,North Texas SC,North Texas SC,MLS Next Pro,2025,11510.0,0.0781928757602085,0.0078192875760208,0.0860121633362293,250000.0,<=0.5m,0.43370850820297596,0.13865546218487396,0.34285714285714264,0.49188112745098034,1.0,41.90339354980832
662358,Adrian Becker (662358),22.3,Midfield - Central Midfield,Midfield,1.FC Germania Egestorf/Langreder,1.FC Germania Egestorf/Langreder,OL Niedersachsen,24/25,10560.0,0.2556818181818182,0.0,0.2556818181818182,0.0,<=0.5m,0.3685800604229607,0.3685800604229607,0.17142857142857132,0.5,1.0,41.85766076823478
1063601,Riki de Moraes (1063601),22.5,Midfield - Attacking Midfield,Midfield,Real Valladolid Promesas,UD Logroñés,Segunda Federación - Gr. II,24/25,12710.0,0.07081038552321,0.014162077104642,0.084972462627852,100000.0,<=0.5m,0.4830217474246471,0.032679738562091505,0.14285714285714285,0.7486213235294117,1.0,41.84019346562865
883411,Lautaro Villegas (883411),22.6,Midfield - Central Midfield,Midfield,CSD Tristan Suarez,CSD Tristan Suarez,Primera Nacional,2025,17490.0,0.0514579759862778,0.0102915951972555,0.0617495711835334,75000.0,<=0.5m,0.44982830980541777,0.0473313192346425,0.12857142857142836,0.8249080882352942,1.0,41.74062088820498
1072761,Ashton Mee (1072761),20.3,Midfield - Attacking Midfield,Midfield,Stockport County,South Shields FC,National League North,24/25,24770.0,0.0363342753330641,0.0109002825999192,0.0472345579329834,,,0.45536054940862264,0.00522875816993464,0.457142857142857,0.5,1.0,41.73301927155193
727495,Nikola Iliev (727495),22.2,Midfield - Attacking Midfield,Midfield,Botev Plovdiv,Botev Plovdiv,Efbet liga - Championship gr.,24/25,9790.0,0.2757916241062308,0.0183861082737487,0.2941777323799795,800000.0,0.5-2m,0.5190766882869134,0.25620915032679736,0.1857142857142858,0.24203431372549022,1.0,41.72142442567769
818887,Jacopo Casadei (818887),22.5,Midfield - Central Midfield,Midfield,US Corticella,US Corticella,Serie D play-out,24/25,18650.0,0.0482573726541555,0.009651474530831,0.0579088471849865,75000.0,<=0.5m,0.4465852727966425,0.041289023162134945,0.14285714285714285,0.8249080882352942,1.0,41.71302639684779
913170,Finn Paul (913170),21.9,Midfield - Defensive Midfield,Midfield,SSV Ehingen-Süd 1974,SSV Ehingen-Süd 1974,VL Württemberg,25/26,5400.0,0.1666666666666666,0.0,0.1666666666666666,0.0,<=0.5m,0.35084033613445376,0.35084033613445376,0.2285714285714288,0.5,1.0,41.70756302521008
1095627,Felipinho (1095627),23.0,Midfield - Attacking Midfield,Midfield,Luverdense EC (MT),Luverdense EC (MT),Série D,2025,4030.0,0.4466501240694789,0.0,0.4466501240694789,,,0.3974628004578405,0.3843137254901961,0.07142857142857142,0.5,1.0,41.70134552103939
748679,Olaf Gorter (748679),21.5,Midfield - Defensive Midfield,Midfield,Lecce Primavera,Lecce Primavera,Primavera 1,24/25,36650.0,0.0491132332878581,0.0122783083219645,0.0613915416098226,200000.0,<=0.5m,0.466520412056467,0.07352941176470588,0.2857142857142857,0.5553002450980392,1.0,41.69105471977039
1182001,Ahmet Yılmaz (1182001),20.3,Midfield - Attacking Midfield,Midfield,Adana Demirspor,Adana Demirspor,U19 Süper Lig,24/25,7920.0,0.2272727272727273,0.0,0.2272727272727273,50000.0,<=0.5m,0.2092712705074399,0.17516339869281045,0.457142857142857,0.8958333333333334,1.0,41.66185543147692
954688,Filippo Carbone (954688),19.6,Midfield - Attacking Midfield,Midfield,Genoa U20,Genoa U20,Primavera 1,25/26,3250.0,0.2769230769230769,0.0,0.2769230769230769,200000.0,<=0.5m,0.25829835940480733,0.23398692810457516,0.5571428571428569,0.5553002450980392,1.0,41.651539221341594
910582,Omar Megeed (910582),21.0,Midfield - Attacking Midfield,Midfield,Hamburger SV II,Hamburger SV II,Regionalliga Nord,24/25,20820.0,0.0432276657060518,0.0129682997118155,0.0561959654178674,200000.0,<=0.5m,0.47243418542541016,0.009150326797385621,0.35714285714285715,0.5553002450980392,1.0,41.64229538136633
1266955,Wenchuan Zhu (1266955),21.0,Midfield,Midfield,Wuhan Three Towns,Wuhan Three Towns B,League Two South,2025,5090.0,0.1768172888015717,0.0,0.1768172888015717,25000.0,<=0.5m,0.20736360167874857,0.20634920634920634,0.35714285714285715,0.9641544117647058,1.0,41.63194688246657
1198175,Marcus Bonde (1198175),19.5,Midfield - Defensive Midfield,Midfield,Aalborg BK,Aalborg BK U19,U19 Boys League,24/25,17410.0,0.0516944284893739,0.0,0.0516944284893739,25000.0,<=0.5m,0.20736360167874857,0.05042016806722689,0.5714285714285714,0.9641544117647058,1.0,41.63007946883446
906420,,21.7,Midfield - Central Midfield,Midfield,Oldham Athletic,Blackburn Rovers U21,Premier League 2,24/25,11250.0,0.24,0.0,0.24,,,0.3418932527693857,0.3418932527693857,0.25714285714285723,0.5,1.0,41.627880880448856
1007813,Sebastian Olderheim (1007813),19.1,Midfield - Attacking Midfield,Midfield,Stabæk Fotball,Stabæk Fotball,OBOS-ligaen,2025,17860.0,0.1007838745800671,0.01511758118701,0.1159014557670772,3000000.0,2-5m,0.4904616558565433,0.06143790849673202,0.6285714285714283,0.1128982843137255,1.0,41.62689574701176
651005,Cher Ndour (651005),22.1,Midfield - Central Midfield,Midfield,ACF Fiorentina,Besiktas JK,Serie A,24/25,6740.0,0.1335311572700296,0.0267062314540059,0.1602373887240356,5000000.0,2-5m,0.5931896222815719,0.21953675730110775,0.1999999999999998,0.07521446078431371,1.0,41.62401675830449
747236,Dmitriy Kuchugura (747236),21.8,Midfield - Attacking Midfield,Midfield,Neftekhimik Nizhnekamsk,Ural Yekaterinburg,Russian Cup,24/25,2390.0,0.3765690376569037,0.0,0.3765690376569037,200000.0,<=0.5m,0.3473864937046929,0.32679738562091504,0.24285714285714274,0.5553002450980392,0.956,41.610146961525295
1013473,Alejandro Urzua (1013473),20.4,Midfield - Central Midfield,Midfield,FC Dallas,North Texas SC,MLS Next Pro,2025,6630.0,0.1357466063348416,0.0,0.1357466063348416,50000.0,<=0.5m,0.20736360167874857,0.1863041289023162,0.44285714285714306,0.8958333333333334,1.0,41.60588865202436
631447,Jakub Kolan (631447),22.0,Midfield - Defensive Midfield,Midfield,Zaglebie Lubin,Zaglebie Lubin,Ekstraklasa,24/25,10500.0,0.0857142857142857,0.0085714285714285,0.0942857142857142,200000.0,<=0.5m,0.43943151468905,0.16806722689075632,0.21428571428571427,0.5553002450980392,1.0,41.59865140972452
914715,Szabolcs Szilágyi (914715),22.9,Midfield - Central Midfield,Midfield,FK Csikszereda Miercurea Ciuc,FK Csikszereda Miercurea Ciuc,Liga 2 Play-Off,24/25,7300.0,0.1232876712328767,0.0123287671232876,0.1356164383561643,175000.0,<=0.5m,0.4668065623807707,0.18529707955689828,0.08571428571428592,0.5994178921568627,1.0,41.5784641823457
1129712,Lapo Calonaci (1129712),20.0,Midfield,Midfield,San Donato Tavarnelle,San Donato Tavarnelle,Serie D - E,24/25,7070.0,0.1272984441301273,0.0,0.1272984441301273,50000.0,<=0.5m,0.20736360167874857,0.14285714285714285,0.5,0.8958333333333334,1.0,41.56434067331626
1273437,Ander Varona (1273437),21.2,Midfield - Central Midfield,Midfield,Deportivo Alavés B,Arenas Club,Segunda Federación - Gr. II,24/25,26590.0,0.0338473110191801,0.003384731101918,0.0372320421210981,100000.0,<=0.5m,0.4151087371232354,0.002014098690835851,0.3285714285714287,0.7486213235294117,1.0,41.55628356843596
1134838,Weijie Mao (1134838),21.2,Midfield - Attacking Midfield,Midfield,Dalian Yingbo,Dalian Yingbo,Super League,2025,8750.0,0.2057142857142857,0.0102857142857142,0.216,375000.0,<=0.5m,0.4495421594811141,0.16470588235294117,0.3285714285714287,0.39675245098039214,1.0,41.51780864291539
827260,Adam Tahaui (827260),21.1,Midfield - Central Midfield,Midfield,Vitesse Arnhem,Vitesse Arnhem U21,U21 Div. 1 Spring,24/25,17500.0,0.1542857142857142,0.0,0.1542857142857142,25000.0,<=0.5m,0.2084592145015106,0.2084592145015106,0.34285714285714264,0.9641544117647058,1.0,41.4914289205108
943893,Joel Tabiner (943893),22.7,Midfield - Central Midfield,Midfield,Crewe Alexandra,Crewe Alexandra,League Two,24/25,14950.0,0.1204013377926421,0.0180602006688963,0.1384615384615384,325000.0,<=0.5m,0.5160244181610073,0.1903323262839879,0.1142857142857144,0.41789215686274506,1.0,41.47530069301587
815583,,22.5,Midfield - Central Midfield,Midfield,Club Milano,Club Milano,Serie D - B,24/25,18510.0,0.0486223662884927,0.0048622366288492,0.0534846029173419,50000.0,<=0.5m,0.41968714231209464,0.03121852970795569,0.14285714285714285,0.8958333333333334,1.0,41.46230001381558
1021422,Alexandre Tunkadi (1021422),20.8,Midfield - Attacking Midfield,Midfield,Olympique de Marseille B,Olympique de Marseille B,National 3 - Grp. J,24/25,8750.0,0.1028571428571428,0.0102857142857142,0.1131428571428571,0.0,<=0.5m,0.4495421594811141,0.054901960784313725,0.3857142857142856,0.5,1.0,41.46187376896581
968724,Matteo Cociobanu (968724),20.6,Midfield - Right Midfield,Midfield,Forza e Coraggio Alessandria,Fossano Calcio,Serie D - A,24/25,13920.0,0.0646551724137931,0.0064655172413793,0.0711206896551724,0.0,<=0.5m,0.42655475009538346,0.07368421052631578,0.4142857142857141,0.5,1.0,41.45870456377494
982071,Nicolò Guaglianone (982071),19.3,Midfield - Central Midfield,Midfield,Ternana Primavera,Ternana Primavera,Play-off/out Primavera,24/25,10480.0,0.1717557251908396,0.0,0.1717557251908396,,,0.24672708962739173,0.24672708962739173,0.5999999999999999,0.5,1.0,41.40362537764351
934136,Francesco Minerva (934136),20.6,Midfield - Central Midfield,Midfield,AC Nardò,Lecce Primavera,Primavera 1,24/25,6270.0,0.1435406698564593,0.0,0.1435406698564593,50000.0,<=0.5m,0.20736360167874857,0.1973816717019134,0.4142857142857141,0.8958333333333334,1.0,41.39245173647264
1198210,Nicklas Pedersen (1198210),19.1,Midfield - Attacking Midfield,Midfield,Viborg FF U19,Viborg FF U19,U19 Boys Division,25/26,3400.0,0.2647058823529412,0.0,0.2647058823529412,,,0.24876001526135064,0.21764705882352942,0.6285714285714283,0.5,1.0,41.29825873119183
962121,Paulo Iago (962121),19.4,Midfield - Attacking Midfield,Midfield,Sporting CP U23,Sporting CP U23,U-23 Cup Portugal,24/25,3260.0,0.2760736196319018,0.0,0.2760736196319018,,,0.25791682563906904,0.2326797385620915,0.585714285714286,0.5,1.0,41.29122219407921
576346,Dylan Scicluna (576346),22.2,Midfield - Central Midfield,Midfield,Western Sydney Wanderers,Western Sydney Wanderers,A-League Men,24/25,6840.0,0.131578947368421,0.0131578947368421,0.1447368421052631,325000.0,<=0.5m,0.47434185425410147,0.2014098690835851,0.1857142857142858,0.41789215686274506,1.0,41.27792634900174
867042,Antoan Stoyanov (867042),21.6,Midfield - Central Midfield,Midfield,Botev Vratsa,Botev Vratsa,Relegation/Promotion Playoff Efbet Liga,24/25,9550.0,0.0942408376963351,0.0094240837696335,0.1036649214659686,250000.0,<=0.5m,0.44524990461655856,0.1419939577039275,0.27142857142857124,0.49188112745098034,1.0,41.2725563720865
1065690,Mattia Agostinelli (1065690),22.1,Midfield - Defensive Midfield,Midfield,UC AlbinoLeffe,UC AlbinoLeffe,Playoff Serie C,24/25,11320.0,0.0795053003533568,0.0079505300353356,0.0874558303886925,175000.0,<=0.5m,0.4351392598244945,0.14285714285714285,0.1999999999999998,0.5994178921568627,1.0,41.269999506384
913894,Leonardo Disegni (913894),22.4,Midfield - Defensive Midfield,Midfield,Derthona FBC,Derthona FBC,Serie D - A,24/25,7380.0,0.1219512195121951,0.0,0.1219512195121951,25000.0,<=0.5m,0.2542016806722689,0.2542016806722689,0.15714285714285733,0.9641544117647058,1.0,41.26454831932773
842212,Leon Lalic (842212),20.6,Midfield - Attacking Midfield,Midfield,Lommel SK,Lommel SK,CPL,24/25,2750.0,0.3272727272727272,0.0,0.3272727272727272,250000.0,<=0.5m,0.301316291491797,0.2849673202614379,0.4142857142857141,0.49188112745098034,1.0,41.23420733532507
665526,Riad Masala (665526),22.6,Midfield - Attacking Midfield,Midfield,NK Rudes,NK Rudes,Prva NL,24/25,4540.0,0.3964757709251101,0.0,0.3964757709251101,200000.0,<=0.5m,0.36331552842426557,0.34509803921568627,0.12857142857142836,0.5553002450980392,1.0,41.2294932313826
871837,Bradley Ibrahim (871837),21.8,Midfield - Defensive Midfield,Midfield,Plymouth Argyle,Plymouth Argyle,League One,25/26,5120.0,0.17578125,0.0,0.17578125,400000.0,<=0.5m,0.36764705882352944,0.36764705882352944,0.24285714285714274,0.3772977941176471,1.0,41.226706932773105
1289575,Lawrence Wong (1289575),18.9,Midfield - Attacking Midfield,Midfield,Melbourne City FC,Melbourne City FC,A-League Fin.,24/25,3880.0,0.2319587628865979,0.0,0.2319587628865979,175000.0,<=0.5m,0.21461274322777565,0.18562091503267975,0.6571428571428574,0.5994178921568627,1.0,41.14508057785623
987724,Ivo Vukic (987724),22.6,Midfield - Attacking Midfield,Midfield,HNK Cibalia Vinkovci,HNK Cibalia Vinkovci,Hrvatski nogometni kup,25/26,2930.0,0.3071672354948805,0.0,0.3071672354948805,50000.0,<=0.5m,0.2823349866463182,0.26405228758169935,0.12857142857142836,0.8958333333333334,1.0,41.136689343167
998365,Diego Abarca (998365),21.2,Midfield - Central Midfield,Midfield,Austin FC II,Austin FC II,MLS Next Pro,2025,11340.0,0.0793650793650793,0.0079365079365079,0.0873015873015873,0.0,<=0.5m,0.43494849294162535,0.10574018126888217,0.3285714285714287,0.5,1.0,41.11146957684003
820540,Filip Kocaba (820540),21.8,Midfield - Defensive Midfield,Midfield,Zaglebie Lubin,Zaglebie Lubin,Ekstraklasa,25/26,5180.0,0.1737451737451737,0.0,0.1737451737451737,400000.0,<=0.5m,0.36554621848739494,0.36554621848739494,0.24285714285714274,0.3772977941176471,1.0,41.10065651260504
570469,Mateusz Musialowski (570469),22.8,Midfield - Attacking Midfield,Midfield,Omonia Nicosia,Omonia Nicosia,Cyprus League Championship Round,24/25,2110.0,0.4265402843601896,0.0,0.4265402843601896,175000.0,<=0.5m,0.38410911865700115,0.36666666666666664,0.0999999999999999,0.5994178921568627,0.844,41.09466366582879
926992,Max Albæk (926992),20.5,Midfield - Central Midfield,Midfield,Randers FC,Randers FC U19,U19 Boys League,24/25,18390.0,0.097879282218597,0.0,0.097879282218597,25000.0,<=0.5m,0.20736360167874857,0.1299093655589124,0.42857142857142855,0.9641544117647058,1.0,41.093127527937256
936194,Matteo Pavan (936194),21.4,Midfield - Attacking Midfield,Midfield,Portogruaro Calcio,UC Montecchio Maggiore,Serie D - C,24/25,26750.0,0.0336448598130841,0.0033644859813084,0.0370093457943925,100000.0,<=0.5m,0.41491797024036625,0.00130718954248366,0.3000000000000002,0.7486213235294117,1.0,41.07633956848032
1090753,Bruno Cheron (1090753),22.6,Midfield - Attacking Midfield,Midfield,Maringá FC,Maringá FC,Série C,2025,4370.0,0.4118993135011441,0.0,0.4118993135011441,,,0.37371232354063333,0.35294117647058826,0.12857142857142836,0.5,1.0,41.022917034039864
898833,Alessandro Lamorte (898833),20.4,Midfield - Central Midfield,Midfield,Cremonese Primavera,AC Milan Primavera,Primavera 1,24/25,10590.0,0.0849858356940509,0.0,0.0849858356940509,10000.0,<=0.5m,0.20736360167874857,0.09667673716012085,0.44285714285714306,0.9932598039215687,1.0,40.998056621931354
1363293,Zabi (1363293),19.9,Midfield - Central Midfield,Midfield,Stade Reims,Stade Reims,National 3 - Grp. E,24/25,6250.0,0.144,0.0,0.144,100000.0,<=0.5m,0.20736360167874857,0.20040281973816718,0.5142857142857145,0.7486213235294117,1.0,40.99794885601532
671668,Ferre Slegers (671668),21.7,Midfield - Attacking Midfield,Midfield,SK Beveren,MVV Maastricht,Keuken Kampioen Divisie,24/25,9800.0,0.1836734693877551,0.0091836734693877,0.1928571428571428,250000.0,<=0.5m,0.4437237695536055,0.1411764705882353,0.25714285714285723,0.49188112745098034,1.0,40.96800709457763
1047344,Kieran Morgan (1047344),20.4,Midfield - Central Midfield,Midfield,Queens Park Rangers,Queens Park Rangers,Premier League Cup,24/25,17730.0,0.1015228426395939,0.0101522842639593,0.1116751269035533,800000.0,0.5-2m,0.448683708508203,0.15307150050352467,0.44285714285714306,0.24203431372549022,1.0,40.891748612260415
659459,Carney Chukwuemeka (659459),22.8,Midfield - Central Midfield,Midfield,Borussia Dortmund,Borussia Dortmund,Bundesliga,24/25,2450.0,0.3673469387755102,0.0,0.3673469387755102,18000000.0,10m+,0.48539778449144005,0.48539778449144005,0.0999999999999999,0.024356617647058876,0.98,40.86485971654522
941357,Ethan Alagich (941357),22.7,Midfield - Central Midfield,Midfield,Adelaide United,Adelaide United,A-League Fin.,24/25,11640.0,0.1546391752577319,0.0154639175257731,0.1701030927835051,450000.0,<=0.5m,0.4937046928653186,0.24169184290030213,0.1142857142857144,0.35340073529411764,1.0,40.854180595377834
1027018,Mateus Amaral (1027018),22.0,Midfield - Attacking Midfield,Midfield,FC Oleksandriya,FC Oleksandriya,Druga Liga,24/25,2510.0,0.3585657370517928,0.0,0.3585657370517928,200000.0,<=0.5m,0.3340328119038535,0.31241830065359477,0.21428571428571427,0.5553002450980392,1.0,40.769224326669494
1123206,Gabriele Papaserio (1123206),19.5,Midfield - Central Midfield,Midfield,Gelbison,Sassuolo Under 18,Under 18,24/25,10510.0,0.1712654614652712,0.0,0.1712654614652712,,,0.24370594159113795,0.24370594159113795,0.5714285714285714,0.5,1.0,40.76521363832543
1262865,Matteo Forni (1262865),18.4,Midfield - Central Midfield,Midfield,Roma Under 18,Roma Under 17,Under 17 - Finals,24/25,6450.0,0.1395348837209302,0.0,0.1395348837209302,,,0.20736360167874857,0.19133937562940584,0.7285714285714288,0.5,1.0,40.74642598478223
818237,,22.7,Midfield - Attacking Midfield,Midfield,Crewe Alexandra,Crewe Alexandra,League Two,25/26,5870.0,0.1533219761499148,0.0153321976149914,0.1686541737649063,200000.0,<=0.5m,0.4921785578023655,0.10980392156862745,0.1142857142857144,0.5553002450980392,1.0,40.72124633094367
1046838,Simon Maass (1046838),20.7,Midfield - Central Midfield,Midfield,Odder IGF,Sönderjyske Fodbold,U19 Boys League,24/25,15410.0,0.0584036340038935,0.0058403634003893,0.0642439974042829,,,0.42331171308660814,0.05236656596173213,0.4000000000000001,0.5,1.0,40.63790954844922
1008431,Stiven Jimenez (1008431),19.2,Midfield - Central Midfield,Midfield,FC Cincinnati,FC Cincinnati,MLS,2025,9980.0,0.0901803607214428,0.0,0.0901803607214428,100000.0,<=0.5m,0.20736360167874857,0.1107754279959718,0.6142857142857144,0.7486213235294117,1.0,40.626146237687024
795724,Emin Kujovic (795724),21.9,Midfield - Central Midfield,Midfield,1.FC Köln,1.FC Köln II,Regionalliga West,25/26,4500.0,0.2,0.0,0.2,125000.0,<=0.5m,0.2895266868076536,0.2895266868076536,0.2285714285714288,0.6836703431372548,1.0,40.600128869523644
1172901,,22.3,Midfield - Attacking Midfield,Midfield,RFC Tournai,RFC Tournai,2de Nationale ACFF,25/26,2150.0,0.4186046511627906,0.0,0.4186046511627906,,,0.3790537962609691,0.3568627450980392,0.17142857142857132,0.5,0.86,40.597881792930835
747009,Justin Devenny (747009),22.9,Midfield - Attacking Midfield,Midfield,Crystal Palace,Crystal Palace,Premier League,24/25,8890.0,0.4049493813273341,0.0202474690663667,0.4251968503937008,6000000.0,5-10m,0.5358641739793972,0.3607843137254902,0.08571428571428592,0.0660232843137255,1.0,40.595848064998606
1304531,Birahim Diousse (1304531),18.5,Midfield - Central Midfield,Midfield,Empoli Primavera,Empoli Under 17,Under 17 - Finals,24/25,6420.0,0.1401869158878504,0.0,0.1401869158878504,,,0.20736360167874857,0.19234642497482377,0.7142857142857143,0.5,1.0,40.540009641809995
741545,Daniel Armstrong (741545),21.4,Midfield - Central Midfield,Midfield,Atalanta U23,Atalanta Primavera,Primavera 1,24/25,10210.0,0.1762977473065622,0.0,0.1762977473065622,100000.0,<=0.5m,0.2537764350453172,0.2537764350453172,0.3000000000000002,0.7486213235294117,1.0,40.507284632130805
718312,Hamzat Ojediran (718312),22.8,Midfield - Defensive Midfield,Midfield,RC Lens,RC Lens,National 3 - Grp. E,24/25,7960.0,0.2261306532663316,0.0,0.2261306532663316,1800000.0,0.5-2m,0.44537815126050423,0.44537815126050423,0.0999999999999999,0.1556372549019608,1.0,40.5016106442577
1068459,Aleksandr Lohmatov (1068459),19.6,Midfield - Right Midfield,Midfield,Frosinone Primavera,Sanremese Calcio,Serie D - A,24/25,15390.0,0.0584795321637426,0.0,0.0584795321637426,50000.0,<=0.5m,0.20736360167874857,0.05263157894736842,0.5571428571428569,0.8958333333333334,1.0,40.49366398158693
985441,Ilya Ishkov (985441),21.2,Midfield - Attacking Midfield,Midfield,Ural Yekaterinburg,Ural Yekaterinburg,Relegation Premier Liga,24/25,15160.0,0.1187335092348284,0.0178100263852242,0.1365435356200527,700000.0,0.5-2m,0.5137352155665776,0.09019607843137255,0.3285714285714287,0.2643995098039216,1.0,40.46498791141791
951623,Simone Cantoni (951623),21.2,Midfield - Attacking Midfield,Midfield,Montespaccato Calcio,Salernitana Primavera,Primavera 2 - B,24/25,8670.0,0.2076124567474048,0.0,0.2076124567474048,10000.0,<=0.5m,0.20736360167874857,0.1542483660130719,0.3285714285714287,0.9932598039215687,1.0,40.43606102812485
930752,Daniel Fois (930752),19.7,Midfield - Left Midfield,Midfield,Südtirol Primavera,Südtirol Primavera,Primavera 2 - A,24/25,17470.0,0.0515168860904407,0.0,0.0515168860904407,50000.0,<=0.5m,0.20736360167874857,0.05747126436781609,0.5428571428571429,0.8958333333333334,1.0,40.37156563226535
1186670,Riccardo Yanovskyy (1186670),19.6,Midfield - Left Midfield,Midfield,Calcio Budoni,Olbia Calcio 1905,Serie D - G,24/25,14300.0,0.0629370629370629,0.0,0.0629370629370629,75000.0,<=0.5m,0.20736360167874857,0.09195402298850575,0.5571428571428569,0.8249080882352942,1.0,40.365804319119405
1061744,Gonçalo Moreira (1061744),20.6,Midfield - Attacking Midfield,Midfield,SL Benfica B,SL Benfica B,Liga Portugal 2,25/26,2900.0,0.3103448275862069,0.0,0.3103448275862069,,,0.2850057230064861,0.2679738562091503,0.4142857142857141,0.5,1.0,40.3542137394192
646740,Gavi (646740),22.0,Midfield - Central Midfield,Midfield,FC Barcelona,FC Barcelona,LaLiga,24/25,13890.0,0.1943844492440604,0.019438444924406,0.2138228941684665,60000000.0,10m+,0.5293780999618466,0.3081570996978852,0.21428571428571427,0.001991421568627416,1.0,40.35227532243586
637809,Jhosefer (637809),22.4,Midfield - Central Midfield,Midfield,América Futebol Clube (MG),América Futebol Clube (MG),Série B,2025,3810.0,0.2362204724409448,0.0,0.2362204724409448,200000.0,<=0.5m,0.33434038267875127,0.33434038267875127,0.15714285714285733,0.5553002450980392,1.0,40.34891210638335
902329,Alperen Karaca (902329),22.5,Midfield - Central Midfield,Midfield,Erzurumspor FK,Artvin Hopaspor,3.Lig Grup 2,24/25,5280.0,0.1704545454545454,0.0,0.1704545454545454,25000.0,<=0.5m,0.24269889224572003,0.24269889224572003,0.14285714285714285,0.9641544117647058,1.0,40.34580958516337
855890,Jenson Metcalfe (855890),21.9,Midfield - Central Midfield,Midfield,Bradford City,Chesterfield FC,League Two Play-Offs,24/25,17120.0,0.0525700934579439,0.0105140186915887,0.0630841121495327,175000.0,<=0.5m,0.4514498283098054,0.050352467270896276,0.2285714285714288,0.5994178921568627,1.0,40.311841103071266
1050887,Etsgar Cruz (1050887),21.0,Midfield - Attacking Midfield,Midfield,CF América U21,CF América U19,Liguilla MX U19 Cl.,24/25,3430.0,0.2623906705539358,0.0,0.2623906705539358,100000.0,<=0.5m,0.24647081266692103,0.21568627450980393,0.35714285714285715,0.7486213235294117,1.0,40.30597316425617
1059630,Vitaliy Mykhayliv (1059630),20.9,Midfield - Central Midfield,Midfield,Nyva Ternopil,Nyva Ternopil,Persha Liga,24/25,7120.0,0.1264044943820224,0.0,0.1264044943820224,50000.0,<=0.5m,0.20736360167874857,0.175730110775428,0.3714285714285716,0.8958333333333334,1.0,40.230403110375676
1048496,Ben Viadere (1048496),21.0,Midfield - Attacking Midfield,Midfield,Without Club,AJ Auxerre UEFA U19,UEFA Youth League,24/25,5540.0,0.3249097472924188,0.0,0.3249097472924188,,,0.2976917207172835,0.2803921568627451,0.35714285714285715,0.5,1.0,40.19519855252288
834898,Vitinho (834898),21.8,Midfield - Defensive Midfield,Midfield,FC RFS,FC RFS II,Nakotnes Liga,2025,6270.0,0.1435406698564593,0.0,0.1435406698564593,200000.0,<=0.5m,0.3088235294117647,0.3088235294117647,0.24285714285714274,0.5553002450980392,1.0,40.18932948179271
927905,Matteo Cichella (927905),20.9,Midfield - Defensive Midfield,Midfield,Frosinone Calcio,Frosinone Calcio,Supercoppa Primavera 2,24/25,10250.0,0.0878048780487804,0.008780487804878,0.0965853658536585,750000.0,0.5-2m,0.44086226631056846,0.17857142857142858,0.3714285714285716,0.25382965686274506,1.0,40.177809887308605
1035982,Dmytro Chernysh (1035982),22.0,Midfield - Central Midfield,Midfield,FC Oleksandriya,FC Oleksandriya-2,Druga Liga,25/26,5360.0,0.167910447761194,0.0,0.167910447761194,50000.0,<=0.5m,0.2366565961732125,0.2366565961732125,0.21428571428571427,0.8958333333333334,1.0,40.16963386563085
908768,Tommaso Berti (908768),22.5,Midfield - Attacking Midfield,Midfield,Cesena FC,Cesena FC,Serie B Play-off,24/25,9670.0,0.1861427094105481,0.0279214064115822,0.2140641158221303,3200000.0,2-5m,0.6032048836322015,0.15816993464052287,0.14285714285714285,0.10523897058823528,1.0,40.16058401406474
952979,Timothy Ouma (952979),22.2,Midfield - Defensive Midfield,Midfield,Lech Poznan,SK Slavia Prague,Chance Liga Champion Gr.,24/25,10370.0,0.1735776277724204,0.008678881388621,0.1822565091610414,2000000.0,0.5-2m,0.4400991987790919,0.3802521008403361,0.1857142857142858,0.14522058823529416,1.0,40.09383257881558
957544,Kodai Sano (957544),22.9,Midfield - Central Midfield,Midfield,NEC Nijmegen,NEC Nijmegen,Play-Offs Conference League,24/25,10930.0,0.2470265324794144,0.0164684354986276,0.263494967978042,4000000.0,2-5m,0.5022892025944297,0.3796576032225579,0.08571428571428592,0.09068627450980393,1.0,40.08049338405043
878164,Villads Westh (878164),22.3,Midfield - Central Midfield,Midfield,Silkeborg IF,Kolding IF,Oddset Pokalen,25/26,6890.0,0.1306240928882438,0.0130624092888243,0.1436865021770682,450000.0,<=0.5m,0.47357878672262493,0.19838872104733132,0.17142857142857132,0.35340073529411764,1.0,40.051013195475825
1337438,Mateusz Pomietlo (1337438),19.1,Midfield - Defensive Midfield,Midfield,Cracovia II,Cracovia U19,Youth League POL,24/25,8520.0,0.1056338028169014,0.0,0.1056338028169014,,,0.21638655462184875,0.21638655462184875,0.6285714285714283,0.5,1.0,40.04033613445378
1311842,Pasquale Rosi (1311842),18.2,Midfield - Central Midfield,Midfield,Napoli Under 18,Juve Stabia Under 17,Under 17 - C,24/25,8860.0,0.1015801354401805,0.0,0.1015801354401805,,,0.20736360167874857,0.13746223564954682,0.7571428571428572,0.5,1.0,40.018271762368194
724067,Diego Ripani (724067),20.9,Midfield - Defensive Midfield,Midfield,Forlì FC,Juventus Primavera,Primavera Fase Finale,24/25,19050.0,0.0472440944881889,0.0094488188976377,0.0566929133858267,325000.0,<=0.5m,0.4454406714994277,0.058823529411764705,0.3714285714285716,0.41789215686274506,1.0,40.014210502972645
1085928,Lorenzo Imbevaro (1085928),20.0,Midfield - Central Midfield,Midfield,Unione La Rocca Altavilla,Vicenza Primavera,Play-off/out Primavera,24/25,17490.0,0.0514579759862778,0.0,0.0514579759862778,25000.0,<=0.5m,0.20736360167874857,0.027190332326283987,0.5,0.9641544117647058,1.0,39.97616593967658
1081023,Devon Brockie (1081023),19.4,Midfield - Attacking Midfield,Midfield,Leeds United U21,Leeds United U18,U18 Premier League,24/25,3560.0,0.2528089887640449,0.0,0.2528089887640449,,,0.23569248378481494,0.21045751633986928,0.585714285714286,0.5,1.0,39.95780831472867
745601,Rafael Lubach (745601),21.6,Midfield - Central Midfield,Midfield,1.FC Nuremberg,1.FC Nuremberg,2. Bundesliga,24/25,15940.0,0.1129234629861982,0.0169385194479297,0.1298619824341279,1500000.0,0.5-2m,0.5066768409004196,0.18026183282980865,0.27142857142857124,0.17080269607843135,1.0,39.953575164426915
1226503,Roko Lerga (1226503),18.6,Midfield - Central Midfield,Midfield,Lecce Under 18,Lecce Under 17,Under 17 - C,24/25,7120.0,0.1264044943820224,0.0,0.1264044943820224,,,0.20736360167874857,0.175730110775428,0.6999999999999998,0.5,1.0,39.945879300851864
667425,Jack Senga (667425),22.6,Midfield - Defensive Midfield,Midfield,FK Sarajevo B,Reading FC,Premier League 2,24/25,17390.0,0.1035077630822311,0.0051753881541115,0.1086831512363427,0.0,<=0.5m,0.42102251049217854,0.22058823529411764,0.12857142857142836,0.5,1.0,39.908939432316224
896425,Shenol Demiroski (896425),20.9,Midfield - Central Midfield,Midfield,Without Club,Udinese Primavera,Serie D - C,24/25,9750.0,0.0923076923076923,0.0,0.0923076923076923,25000.0,<=0.5m,0.20736360167874857,0.1148036253776435,0.3714285714285716,0.9641544117647058,1.0,39.84651552966363
871837,Bradley Ibrahim (871837),21.8,Midfield - Defensive Midfield,Midfield,Plymouth Argyle,Crawley Town,League One,24/25,10920.0,0.1648351648351648,0.0,0.1648351648351648,400000.0,<=0.5m,0.3445378151260504,0.3445378151260504,0.24285714285714274,0.3772977941176471,1.0,39.84015231092437
1221388,Diogo Riquelme (1221388),21.3,Midfield - Defensive Midfield,Midfield,Athletico Paranaense U20,Club Athletico Paranaense,Copa do Brasil,2025,6540.0,0.1376146788990825,0.0,0.1376146788990825,,,0.296218487394958,0.296218487394958,0.31428571428571417,0.5,1.0,39.8016806722689
979235,Moussa Diakité (979235),22.8,Midfield - Central Midfield,Midfield,Cádiz CF,Cádiz CF,LaLiga2,24/25,7070.0,0.2545968882602546,0.0,0.2545968882602546,300000.0,<=0.5m,0.36656596173212486,0.36656596173212486,0.0999999999999999,0.4431678921568627,1.0,39.798308194123564
813437,Isaac Babadi (813437),21.4,Midfield - Attacking Midfield,Midfield,Royal Antwerp FC,PSV Eindhoven,Eredivisie,24/25,12240.0,0.1470588235294117,0.0220588235294117,0.1691176470588235,3000000.0,2-5m,0.5504578405188859,0.11241830065359477,0.3000000000000002,0.1128982843137255,1.0,39.77117653448891
884227,Diego Marcolini (884227),21.6,Midfield - Defensive Midfield,Midfield,FC Trapani 1905,Cagliari Primavera,Primavera 1,24/25,23700.0,0.0379746835443038,0.0037974683544303,0.0417721518987341,150000.0,<=0.5m,0.4160625715375811,0.0273109243697479,0.27142857142857124,0.6395526960784313,1.0,39.70781294251772
1270094,Leonardo Miceli (1270094),17.9,Midfield - Central Midfield,Midfield,Reggiana Primavera,Reggiana Under 17,Under 17 - A,24/25,10960.0,0.0821167883211678,0.0,0.0821167883211678,,,0.20736360167874857,0.09063444108761329,0.8000000000000002,0.5,1.0,39.673774567719946
923535,Jens Hjertø-Dahl (923535),20.8,Midfield - Central Midfield,Midfield,Tromsø IL,Tromsø IL,UECL Qualifiers,24/25,3460.0,0.2601156069364161,0.0,0.2601156069364161,5000000.0,2-5m,0.37361530715005037,0.37361530715005037,0.3857142857142856,0.07521446078431371,1.0,39.64134945141199
1137766,Kabissan Gomis (1137766),20.1,Midfield - Central Midfield,Midfield,Montpellier HSC U19,Montpellier HSC B,National 3 - Grp. J,24/25,5230.0,0.1720841300191204,0.0,0.1720841300191204,,,0.24773413897280966,0.24773413897280966,0.4857142857142855,0.5,1.0,39.63547690979715
789389,Ben Summers (789389),22.2,Midfield - Attacking Midfield,Midfield,Celtic FC B,Celtic FC B,Challenge Cup,25/26,2280.0,0.3947368421052631,0.0,0.3947368421052631,300000.0,<=0.5m,0.3619801602441816,0.3437908496732026,0.1857142857142858,0.4431678921568627,0.912,39.614423843714015
1311246,Andrea Castellani (1311246),18.6,Midfield - Central Midfield,Midfield,Frosinone Primavera,Frosinone Under 17,Under 17 - C,24/25,7820.0,0.1150895140664961,0.0,0.1150895140664961,,,0.20736360167874857,0.16062437059415913,0.6999999999999998,0.5,1.0,39.613553016863946
746987,Sven Simons (746987),22.5,Midfield - Central Midfield,Midfield,FC Eindhoven,FC Eindhoven,Keuken Kampioen Divisie,25/26,3600.0,0.25,0.0,0.25,325000.0,<=0.5m,0.35750251762336355,0.35750251762336355,0.14285714285714285,0.41789215686274506,1.0,39.58635553919453
1184752,Manuel Belli (1184752),18.8,Midfield - Right Midfield,Midfield,Atalanta Primavera,AlbinoLeffe Primavera,Primavera 2 - A,24/25,4740.0,0.1898734177215189,0.0,0.1898734177215189,,,0.20736360167874857,0.17894736842105263,0.6714285714285714,0.5,1.0,39.55951611191275
1063833,Jesper Webber (1063833),22.2,Midfield - Right Midfield,Midfield,St George Saints FC,St George Saints FC,NPL New South Wales,2025,3380.0,0.2662721893491124,0.0,0.2662721893491124,0.0,<=0.5m,0.3263157894736842,0.3263157894736842,0.1857142857142858,0.5,1.0,39.55037593984962
1060120,Leonardo Stîngaciu (1060120),20.0,Midfield - Left Midfield,Midfield,AlbinoLeffe Primavera,AlbinoLeffe Primavera,Primavera 2 - A,24/25,5080.0,0.1771653543307086,0.0,0.1771653543307086,,,0.2413793103448276,0.2413793103448276,0.5,0.5,1.0,39.482758620689665
932740,Jonas Harder (932740),20.9,Midfield - Central Midfield,Midfield,Calcio Padova,Fiorentina Primavera,Primavera Fase Finale,24/25,29840.0,0.0603217158176943,0.0150804289544235,0.0754021447721179,900000.0,0.5-2m,0.49008012209080504,0.07754279959718026,0.3714285714285716,0.2244178921568627,1.0,39.41369386364178
955359,Fodé Sylla (955359),20.3,Midfield - Defensive Midfield,Midfield,RC Lens,Yverdon Sport FC,Super League,24/25,12040.0,0.074750830564784,0.0074750830564784,0.0822259136212624,1000000.0,0.5-2m,0.43227775658145745,0.12605042016806722,0.457142857142857,0.20634191176470584,1.0,39.40273647278446
945709,Dani Requena (945709),22.5,Midfield - Central Midfield,Midfield,Córdoba CF,Villarreal CF,LaLiga,24/25,11240.0,0.1601423487544483,0.0080071174377224,0.1681494661921708,400000.0,<=0.5m,0.4357115604731019,0.23766364551863042,0.14285714285714285,0.3772977941176471,1.0,39.353522902749084
1065043,Pontus Dahbo (1065043),20.9,Midfield - Attacking Midfield,Midfield,BK Häcken,BK Häcken,Allsvenskan,2025,9240.0,0.0974025974025974,0.0194805194805194,0.1168831168831169,2500000.0,2-5m,0.5297596337275849,0.06535947712418301,0.3714285714285716,0.12745098039215685,1.0,39.2959454467276
1170816,Jacopo Zoli (1170816),19.5,Midfield - Attacking Midfield,Midfield,FC Legnago Salus,Atalanta Under 18,Under 18,24/25,3610.0,0.2493074792243767,0.0,0.2493074792243767,,,0.23025562762304463,0.2,0.5714285714285714,0.5,1.0,39.29257099253284
670116,Isak Hansen-Aarøen (670116),22.0,Midfield - Attacking Midfield,Midfield,SV Werder Bremen,Aalborg BK,Superliga Relegation round,24/25,1800.0,0.5,0.0,0.5,1000000.0,0.5-2m,0.43561617703166733,0.4176470588235294,0.21428571428571427,0.20634191176470584,0.72,39.25900821459832
636695,Marc Casadó (636695),22.9,Midfield - Defensive Midfield,Midfield,FC Barcelona,FC Barcelona,LaLiga,24/25,16160.0,0.0556930693069306,0.0334158415841584,0.0891089108910891,30000000.0,10m+,0.6426936283861122,0.14915966386554622,0.08571428571428592,0.012408088235294157,1.0,39.24901229043698
907430,Jonantán Villal (907430),21.6,Midfield - Attacking Midfield,Midfield,Atlético de San Luis,Atlético de San Luis U23,Liguilla MX U23 Clausura (- 24/25),24/25,12040.0,0.3737541528239202,0.0,0.3737541528239202,500000.0,<=0.5m,0.3458603586417398,0.3254901960784314,0.27142857142857124,0.327359068627451,1.0,39.22936204575306
987360,Benjamin Nagel (987360),18.8,Midfield - Central Midfield,Midfield,FC Twente Enschede U19,FC Twente Enschede U19,U19 Div. 1 Spring,24/25,7780.0,0.1156812339331619,0.0,0.1156812339331619,,,0.20736360167874857,0.162134944612286,0.6714285714285714,0.5,1.0,39.18964278811988
829769,Luca Marino (829769),21.4,Midfield - Defensive Midfield,Midfield,SC Freiburg II,SC Freiburg II,Regionalliga Südwest,24/25,6470.0,0.1391035548686244,0.0,0.1391035548686244,300000.0,<=0.5m,0.3025210084033613,0.3025210084033613,0.3000000000000002,0.4431678921568627,1.0,39.15561099439776
843453,Luke Mariette (843453),22.9,Midfield - Central Midfield,Midfield,Buckley Town,Flint Town United,Cymru Premier,24/25,8480.0,0.1061320754716981,0.0106132075471698,0.1167452830188679,0.0,<=0.5m,0.45249904616558567,0.16314199395770393,0.08571428571428592,0.5,1.0,39.155516192790316
814976,Martin Adeline (814976),22.7,Midfield - Central Midfield,Midfield,ESTAC Troyes,ESTAC Troyes,Ligue 2,24/25,12140.0,0.1482701812191103,0.014827018121911,0.1630971993410214,700000.0,0.5-2m,0.48855398702785197,0.229607250755287,0.1142857142857144,0.2643995098039216,1.0,39.14657558950102
1232071,Rayhan El Grafel (1232071),19.1,Midfield,Midfield,Beerschot VA,Beerschot VA U23,3de Nationale VV A,24/25,10910.0,0.1649862511457378,0.0,0.1649862511457378,,,0.20736360167874857,0.19047619047619047,0.6285714285714283,0.5,1.0,39.12743591141149
1094366,Víctor Ríos (1094366),22.5,Midfield - Defensive Midfield,Midfield,Atlas Guadalajara,Atlas Guadalajara,Liga MX Clausura,24/25,4740.0,0.1898734177215189,0.0,0.1898734177215189,800000.0,0.5-2m,0.3907563025210084,0.3907563025210084,0.14285714285714285,0.24203431372549022,1.0,39.119572829131656
1056486,Noa Skoko (1056486),20.6,Midfield - Attacking Midfield,Midfield,HNK Hajduk Split,HNK Hajduk Split,Prva HNL - Juniori,24/25,6570.0,0.136986301369863,0.0,0.136986301369863,50000.0,<=0.5m,0.20736360167874857,0.09215686274509804,0.4142857142857141,0.8958333333333334,1.0,39.07750593942269
1037842,David Kirakosyan (1037842),20.1,Midfield - Attacking Midfield,Midfield,FC Van,FC Sochi-2,2. Division B,2025,4980.0,0.180722891566265,0.0,0.180722891566265,100000.0,<=0.5m,0.20736360167874857,0.13333333333333333,0.4857142857142855,0.7486213235294117,1.0,39.06527729796612
637783,André Oliveira (637783),20.9,Midfield - Defensive Midfield,Midfield,FC Porto B,FC Porto,Liga Portugal,24/25,11300.0,0.079646017699115,0.0079646017699115,0.0876106194690265,800000.0,0.5-2m,0.4353300267073636,0.14495798319327732,0.3714285714285716,0.24203431372549022,1.0,39.06295418014592
998470,Enes Nas (998470),20.1,Midfield - Central Midfield,Midfield,Yeni Malatyaspor,Yeni Malatyaspor,1.Lig,24/25,16060.0,0.0560398505603985,0.0,0.0560398505603985,50000.0,<=0.5m,0.20736360167874857,0.03927492447129909,0.4857142857142855,0.8958333333333334,1.0,39.05696044025626
927395,Marlon Würsten (927395),22.0,Midfield - Left Midfield,Midfield,FC Concordia Basel,FC Concordia Basel,1. Liga gr. 2,25/26,3870.0,0.2325581395348837,0.0,0.2325581395348837,,,0.3103448275862069,0.3103448275862069,0.21428571428571427,0.5,1.0,39.04926108374384
1187822,Ferdinando Borgia (1187822),20.3,Midfield - Central Midfield,Midfield,Frosinone Primavera,Frosinone Primavera,Supercoppa Primavera 2,24/25,10330.0,0.0871248789932236,0.0,0.0871248789932236,75000.0,<=0.5m,0.20736360167874857,0.10473313192346426,0.457142857142857,0.8249080882352942,1.0,39.04694471568849
1112904,Youssef Hamdaoui (1112904),18.4,Midfield - Central Midfield,Midfield,Royal Antwerp FC,Royal Antwerp FC,1ste Nationale VV,24/25,9630.0,0.0934579439252336,0.0,0.0934579439252336,250000.0,<=0.5m,0.20736360167874857,0.11883182275931521,0.7285714285714288,0.49188112745098034,1.0,39.03759560595397
819272,Matteo Manfredonia (819272),22.1,Midfield - Central Midfield,Midfield,US Città di Pontedera,Union Clodiense Chioggia,Serie C-A,24/25,21120.0,0.0426136363636363,0.0042613636363636,0.046875,125000.0,<=0.5m,0.41720717283479586,0.01812688821752266,0.1999999999999998,0.6836703431372548,1.0,39.02404891242931
928630,Finn de Bruin (928630),22.4,Midfield - Attacking Midfield,Midfield,ADO Den Haag,ADO Den Haag,Keuken Kampioen Play-Offs,24/25,8440.0,0.1066350710900474,0.0106635071090047,0.1172985781990521,200000.0,<=0.5m,0.45307134681419303,0.06666666666666667,0.15714285714285733,0.5553002450980392,1.0,38.97186699126427
1131016,Lucas Acosta (1131016),21.3,Midfield - Attacking Midfield,Midfield,CA San Martín (San Juan) II,CA San Martín (San Juan) II,Copa Proyección Clausura,2025,12310.0,0.0731112916328188,0.0073111291632818,0.0804224207961007,0.0,<=0.5m,0.4309423884013735,0.02483660130718954,0.31428571428571417,0.5,1.0,38.95078741658179
820659,Mattia Vitale (820659),21.8,Midfield - Central Midfield,Midfield,ASD Giulianova,FC Pompei,Serie D - I,24/25,18450.0,0.048780487804878,0.0048780487804878,0.0536585365853658,175000.0,<=0.5m,0.41987790919496376,0.032225579053373615,0.24285714285714274,0.5994178921568627,1.0,38.9418880644932
951957,Noah Fenyö (951957),20.6,Midfield - Defensive Midfield,Midfield,Eintracht Frankfurt,Eintracht Frankfurt,Regionalliga Südwest,24/25,21560.0,0.0417439703153988,0.0041743970315398,0.0459183673469387,350000.0,<=0.5m,0.4168256390690576,0.03361344537815126,0.4142857142857141,0.40670955882352944,1.0,38.90137533504435
807897,Leo Buljan (807897),22.5,Midfield - Defensive Midfield,Midfield,FC Zürich U21,FC Wil 1900,Challenge League,24/25,7200.0,0.125,0.0,0.125,100000.0,<=0.5m,0.2689075630252101,0.2689075630252101,0.14285714285714285,0.7486213235294117,1.0,38.90086659663865
911500,Adam Chojecki (911500),21.6,Midfield - Attacking Midfield,Midfield,Podhale Nowy Targ,Podhale Nowy Targ,Betclic 2 Liga,25/26,4650.0,0.1935483870967742,0.0,0.1935483870967742,25000.0,<=0.5m,0.20736360167874857,0.1437908496732026,0.27142857142857124,0.9641544117647058,1.0,38.88423446416592
930558,Leandro Elvestad Neto (930558),21.5,Midfield - Attacking Midfield,Midfield,Skeid Oslo,Lillestrøm SK,OBOS-ligaen,2025,2700.0,0.3333333333333333,0.0,0.3333333333333333,300000.0,<=0.5m,0.308374666157955,0.28888888888888886,0.2857142857142857,0.4431678921568627,1.0,38.84957193118249
957653,Rodrigo Mora (957653),19.3,Midfield - Attacking Midfield,Midfield,FC Porto,FC Porto,Club World Cup,2025,2570.0,0.3501945525291828,0.0,0.3501945525291828,40000000.0,10m+,0.32668828691339186,0.3045751633986928,0.5999999999999999,0.0078125,1.0,38.82418349748013
902629,Islamdine Halifa (902629),21.7,Midfield - Defensive Midfield,Midfield,Red Star FC,RWD Molenbeek,CPL Promotion-Playoffs,24/25,22380.0,0.0804289544235924,0.0120643431635388,0.0924932975871313,750000.0,0.5-2m,0.46470812666921024,0.15756302521008403,0.25714285714285723,0.25382965686274506,1.0,38.793196278415984
745601,Rafael Lubach (745601),21.6,Midfield - Central Midfield,Midfield,1.FC Nuremberg,1.FC Nuremberg,2. Bundesliga,25/26,3530.0,0.254957507082153,0.0,0.254957507082153,1500000.0,0.5-2m,0.3675730110775428,0.3675730110775428,0.27142857142857124,0.17080269607843135,1.0,38.78847555260775
1243691,Pablo Pascual (1243691),20.5,Midfield - Central Midfield,Midfield,Villarreal CF B,CF Rayo Majadahonda,Segunda Federación - Gr. V,24/25,12670.0,0.0710339384372533,0.0,0.0710339384372533,50000.0,<=0.5m,0.20736360167874857,0.06847935548841894,0.42857142857142855,0.8958333333333334,1.0,38.785172208347184
898715,Vasconcelos (898715),21.5,Midfield - Attacking Midfield,Midfield,SC Braga B,SC Braga,Liga 3 - Relegation round,24/25,10790.0,0.1668211306765523,0.0166821130676552,0.1835032437442076,2000000.0,0.5-2m,0.5040061045402519,0.13725490196078433,0.2857142857142857,0.14522058823529416,1.0,38.77635662238952
965954,Jake Burger (965954),21.9,Midfield - Central Midfield,Midfield,Rochdale AFC,Rochdale AFC,National League,24/25,12550.0,0.0717131474103585,0.0071713147410358,0.0788844621513944,0.0,<=0.5m,0.4292254864555513,0.08157099697885196,0.2285714285714288,0.5,1.0,38.762273275988555
741238,Omari Hutchinson (741238),22.8,Midfield - Attacking Midfield,Midfield,Nottingham Forest,Ipswich Town,Premier League,24/25,8640.0,0.3125,0.0208333333333333,0.3333333333333333,22000000.0,10m+,0.540537962609691,0.28888888888888886,0.0999999999999999,0.01899509803921573,1.0,38.76192950727283
1061975,Mathias de Amorim (1061975),21.7,Midfield - Central Midfield,Midfield,FC Famalicão,FC Famalicão,Liga Portugal,24/25,10690.0,0.0841908325537885,0.0168381665107577,0.1010289990645463,1500000.0,0.5-2m,0.5062953071346814,0.13595166163141995,0.25714285714285723,0.17080269607843135,1.0,38.73568168639289
938829,Keylon Batiz (938829),22.5,Midfield - Attacking Midfield,Midfield,Club Sport Sébaco,Real Estelí FC,Liga Primera Clausura,24/25,7590.0,0.3557312252964427,0.0,0.3557312252964427,0.0,<=0.5m,0.33155284242655475,0.3084967320261438,0.14285714285714285,0.5,1.0,38.671650402498535
1190851,Yvan Djemba Mbappé (1190851),21.3,Midfield - Defensive Midfield,Midfield,Montpellier HSC B,Montpellier HSC B,National 3 - Grp. J,24/25,6980.0,0.1289398280802292,0.0,0.1289398280802292,,,0.2773109243697479,0.2773109243697479,0.31428571428571417,0.5,1.0,38.667226890756304
935510,Mattia Sala (935510),21.4,Midfield - Central Midfield,Midfield,SEF Torres 1903,US Città di Pontedera,Playoff Serie C,24/25,22460.0,0.0400712377560106,0.004007123775601,0.0440783615316117,200000.0,<=0.5m,0.4164441053033193,0.012084592145015106,0.3000000000000002,0.5553002450980392,1.0,38.664940460089014
925104,Jack Perkins (925104),22.8,Midfield - Central Midfield,Midfield,Northampton Town,Nottingham Forest U21,PL2 Playoffs,24/25,17490.0,0.0514579759862778,0.0154373927958833,0.0668953687821612,,,0.49322777565814574,0.05840886203423968,0.0999999999999999,0.5,1.0,38.6276504397628
937352,Tommaso Losio (937352),22.1,Midfield - Left Midfield,Midfield,ASDC Verbania,AVC Vogherese,Serie D - A,24/25,28340.0,0.0317572335920959,0.0063514467184191,0.0381086803105151,150000.0,<=0.5m,0.4263639832125143,0.011494252873563218,0.1999999999999998,0.6395526960784313,1.0,38.60844267039197
1239775,Xin He (1239775),21.9,Midfield - Attacking Midfield,Midfield,Shanghai Shenhua,Shanghai Shenhua U21,U21 League (Playoff),2025,4200.0,0.2142857142857143,0.0,0.2142857142857143,25000.0,<=0.5m,0.20736360167874857,0.16013071895424835,0.2285714285714288,0.9641544117647058,1.0,38.55799730263465
843616,Layth Gulzar (843616),19.7,Midfield - Central Midfield,Midfield,Al-Jazira (Abu Dhabi) U21,Brighton & Hove Albion U21,Premier League Cup,24/25,5770.0,0.1559792027729636,0.0,0.1559792027729636,,,0.21450151057401812,0.21450151057401812,0.5428571428571429,0.5,1.0,38.55580492015538
1048428,Jamiu Musbaudeen (1048428),22.1,Midfield - Central Midfield,Midfield,Moss FK,Moss FK,OBOS-ligaen,2025,4760.0,0.1890756302521008,0.0,0.1890756302521008,150000.0,<=0.5m,0.2729103726082578,0.2729103726082578,0.1999999999999998,0.6395526960784313,1.0,38.528360101593506
1052215,Costantino De Vietro (1052215),21.8,Midfield - Central Midfield,Midfield,FC Pompei,SS Monopoli 1966,Serie D - I,24/25,5400.0,0.1666666666666666,0.0,0.1666666666666666,100000.0,<=0.5m,0.23564954682779457,0.23564954682779457,0.24285714285714274,0.7486213235294117,1.0,38.50538562479372
1001939,Luca Accettola (1001939),22.5,Midfield - Central Midfield,Midfield,York United FC,York United FC,CanPL,2025,4120.0,0.2184466019417475,0.0,0.2184466019417475,,,0.3202416918429003,0.3202416918429003,0.14285714285714285,0.5,1.0,38.50021579628831
1057583,Elvaris Suplja (1057583),20.0,Midfield - Central Midfield,Midfield,Cavese 1919,ASD Terranuova Traiana,Serie D - E,24/25,10620.0,0.0847457627118644,0.0,0.0847457627118644,100000.0,<=0.5m,0.20736360167874857,0.09566968781470292,0.5,0.7486213235294117,1.0,38.46524852512767
1036995,David Weiss (1036995),19.2,Midfield - Central Midfield,Midfield,Sassuolo Primavera,Sassuolo Primavera,Primavera Fase Finale,24/25,14680.0,0.1226158038147138,0.0,0.1226158038147138,,,0.20736360167874857,0.1701913393756294,0.6142857142857144,0.5,1.0,38.452597758627725
928001,Lucas Kyllönen (928001),19.8,Midfield - Central Midfield,Midfield,SJK Seinäjoki II,SJK Seinäjoki II,Ykkösliiga,2025,5710.0,0.1576182136602452,0.0,0.1576182136602452,,,0.21651560926485397,0.21651560926485397,0.5285714285714285,0.5,1.0,38.448079413034094
924308,Matteo Gualandris (924308),22.1,Midfield - Central Midfield,Midfield,CPR Ospitaletto,AC Ospitaletto,Meisterrunde,24/25,32520.0,0.0276752767527675,0.011070110701107,0.0387453874538745,200000.0,<=0.5m,0.45650515070583747,0.005035246727089627,0.1999999999999998,0.5553002450980392,1.0,38.432174586190335
789252,Bence Dárdai (789252),20.6,Midfield - Attacking Midfield,Midfield,VfL Wolfsburg,VfL Wolfsburg,Bundesliga,24/25,13120.0,0.0685975609756097,0.0205792682926829,0.0891768292682926,12000000.0,10m+,0.5379626096909577,0.036601307189542485,0.4142857142857141,0.039675245098039214,1.0,38.4318327863703
1164511,Pavle Sarac (1164511),19.2,Midfield - Central Midfield,Midfield,Roma Under 18,Roma Under 18,Under 18 - Finals,24/25,7520.0,0.1196808510638297,0.0,0.1196808510638297,,,0.20736360167874857,0.1691842900302115,0.6142857142857144,0.5,1.0,38.43044267302853
931102,David Watson (931102),21.5,Midfield - Central Midfield,Midfield,Kilmarnock FC,Kilmarnock FC,Premiership,25/26,3600.0,0.25,0.0,0.25,1500000.0,0.5-2m,0.35750251762336355,0.35750251762336355,0.2857142857142857,0.17080269607843135,1.0,38.41281737392843
943770,Sebastian Kop (943770),21.0,Midfield - Defensive Midfield,Midfield,FK Pribram,FC Slovan Liberec B,CFL,24/25,7260.0,0.1239669421487603,0.0,0.1239669421487603,,,0.2615546218487395,0.2615546218487395,0.35714285714285715,0.5,1.0,38.40756302521009
581106,Kristian Arnstad (581106),22.9,Midfield - Central Midfield,Midfield,Aarhus GF,Aarhus GF,Superliga,25/26,5280.0,0.1704545454545454,0.0170454545454545,0.1875,2500000.0,2-5m,0.5072491415490271,0.270392749244713,0.08571428571428592,0.12745098039215685,1.0,38.379850159165485
671732,Djurre Laansma (671732),22.5,Midfield - Central Midfield,Midfield,Harkemase Boys,FC Groningen U21,U21 Div. 1 Spring,24/25,18350.0,0.0980926430517711,0.0049046321525885,0.1029972752043596,,,0.4200686760778329,0.14098690835850958,0.14285714285714285,0.5,1.0,38.35003596055915
1216075,Théna Massock (1216075),18.9,Midfield - Defensive Midfield,Midfield,USL Dunkerque,Amiens SC U19,National U19 - Grp. A,24/25,12530.0,0.071827613727055,0.0,0.071827613727055,200000.0,<=0.5m,0.20736360167874857,0.09873949579831932,0.6571428571428574,0.5553002450980392,1.0,38.34057491701374
749970,Juan Castilla (749970),22.1,Midfield - Central Midfield,Midfield,CD La Equidad Seguros SA,CD La Equidad Seguros SA,Liga DIMAYOR II,2025,9250.0,0.0972972972972973,0.0097297297297297,0.107027027027027,450000.0,<=0.5m,0.4471575734452499,0.14501510574018128,0.1999999999999998,0.35340073529411764,1.0,38.329930411321136
867042,Antoan Stoyanov (867042),21.6,Midfield - Central Midfield,Midfield,Botev Vratsa,Botev Vratsa,efbet Liga,25/26,4600.0,0.1956521739130435,0.0,0.1956521739130435,250000.0,<=0.5m,0.2849949647532729,0.2849949647532729,0.27142857142857124,0.49188112745098034,1.0,38.32889081236724
874081,Karoy Anderson (874081),21.9,Midfield - Central Midfield,Midfield,Charlton Athletic,Charlton Athletic,League One Play-Offs,24/25,8290.0,0.2171290711700844,0.0,0.2171290711700844,350000.0,<=0.5m,0.3162134944612286,0.3162134944612286,0.2285714285714288,0.40670955882352944,1.0,38.323886348345994
1253883,Lars Tanggaard Eide (1253883),19.3,Midfield,Midfield,FK Haugesund,FK Haugesund,Norsk Tipping-Ligaen avd. 5,2025,12240.0,0.1470588235294117,0.0,0.1470588235294117,,,0.20736360167874857,0.1746031746031746,0.5999999999999999,0.5,1.0,38.32108670506228
889435,Obed Vargas (889435),21.0,Midfield - Central Midfield,Midfield,Seattle Sounders FC,Seattle Sounders FC,Leagues Cup,2025,15720.0,0.1717557251908396,0.0057251908396946,0.1774809160305343,6000000.0,5-10m,0.4229301793208699,0.25478348439073517,0.35714285714285715,0.0660232843137255,1.0,38.315195165467095
707229,Carmel Mabanza (707229),23.0,Midfield - Defensive Midfield,Midfield,Racing FC Union Luxembourg,Grand Ouest Association Lyonnaise FC,National 2 - Grp. A,24/25,11320.0,0.1590106007067137,0.0,0.1590106007067137,,,0.33613445378151263,0.33613445378151263,0.07142857142857142,0.5,1.0,38.3109243697479
1071937,Muhammet Enes Şebelek (1071937),20.9,Midfield - Central Midfield,Midfield,Eskisehir Anadolu Spor FK,Yeni Mersin Idmanyurdu,3.Lig Grup 1,24/25,5050.0,0.1782178217821782,0.0,0.1782178217821782,0.0,<=0.5m,0.25579053373615307,0.25579053373615307,0.3714285714285716,0.5,1.0,38.29028916702632
933236,Csongor Papp (933236),21.5,Midfield - Left Midfield,Midfield,Zalaegerszegi TE FC,Szentlőrinc SE,NB II.,24/25,8160.0,0.1102941176470588,0.0,0.1102941176470588,50000.0,<=0.5m,0.20736360167874857,0.14942528735632185,0.2857142857142857,0.8958333333333334,1.0,38.28026842372676
1070916,Tiago Queiroz (1070916),20.8,Midfield - Attacking Midfield,Midfield,CD Santa Clara U23,CD Santa Clara U23,Revelação U23 - Qualif. round,24/25,3220.0,0.2795031055900621,0.0,0.2795031055900621,,,0.2603967951163678,0.23660130718954248,0.3857142857142856,0.5,1.0,38.27173554402048
746976,Anis Yadir (746976),21.8,Midfield - Attacking Midfield,Midfield,De Treffers,De Graafschap Doetinchem U21,U21 Div. 2 Spring,24/25,13940.0,0.2582496413199426,0.0,0.2582496413199426,100000.0,<=0.5m,0.24198779091949638,0.2130718954248366,0.24285714285714274,0.7486213235294117,1.0,38.24953056941332
1065143,Thibaud Sergeant (1065143),20.9,Midfield - Central Midfield,Midfield,Zulte Waregem,Jong Essevee,2 NAT PO Promotie,24/25,11340.0,0.0793650793650793,0.0,0.0793650793650793,50000.0,<=0.5m,0.20736360167874857,0.08257804632426989,0.3714285714285716,0.8958333333333334,1.0,38.181057692450196
882827,Marcel Perri (882827),21.1,Midfield - Attacking Midfield,Midfield,FBC Gravina,Reggina 1914,Serie D - I,24/25,4490.0,0.2004454342984409,0.0,0.2004454342984409,75000.0,<=0.5m,0.20736360167874857,0.1477124183006536,0.34285714285714264,0.8249080882352942,1.0,38.16391758741523
1094388,Wellington (1094388),21.6,Midfield - Attacking Midfield,Midfield,Londrina Esporte Clube (PR),Londrina Esporte Clube (PR),Série C,2025,2890.0,0.3114186851211072,0.0,0.3114186851211072,,,0.2855780236550935,0.269281045751634,0.27142857142857124,0.5,1.0,38.11900504828664
1294653,Maruis Tresor Doh (1294653),22.7,Midfield - Defensive Midfield,Midfield,Fatih Karagümrük,Fatih Karagümrük,1.Lig Playoff,24/25,15270.0,0.1178781925343811,0.0117878192534381,0.1296660117878192,1500000.0,0.5-2m,0.4628004578405189,0.2857142857142857,0.1142857142857144,0.17080269607843135,1.0,38.09194085732347
1165805,Andréa Vennettilli (1165805),19.7,Midfield - Defensive Midfield,Midfield,SM Caen B,SM Caen U19,National U19 - Phase finale,24/25,8620.0,0.1044083526682134,0.0,0.1044083526682134,,,0.20736360167874857,0.20483193277310924,0.5428571428571429,0.5,1.0,38.07183367051513
1225943,Abdoulie Ndow (1225943),21.6,Midfield - Attacking Midfield,Midfield,Frosinone Calcio,Frosinone Primavera,Supercoppa Primavera 2,24/25,6670.0,0.1349325337331334,0.0,0.1349325337331334,10000.0,<=0.5m,0.20736360167874857,0.08758169934640522,0.27142857142857124,0.9932598039215687,1.0,38.05510864717247
813137,Niccolò Pisilli (813137),21.9,Midfield - Central Midfield,Midfield,AS Roma,AS Roma,Serie A,24/25,11720.0,0.2303754266211604,0.007679180887372,0.2380546075085324,13000000.0,10m+,0.43285005723006487,0.337361530715005,0.2285714285714288,0.036611519607843146,1.0,38.03995998212524
1237517,Ming Huang (1237517),21.2,Midfield - Defensive Midfield,Midfield,Shanghai Jiading Huilong,Shanghai Jiading Huilong,League One,2025,11600.0,0.0775862068965517,0.0,0.0775862068965517,50000.0,<=0.5m,0.20736360167874857,0.10714285714285714,0.3285714285714287,0.8958333333333334,1.0,38.035769244744834
1310489,Silvio Cambrini (1310489),18.6,Midfield - Attacking Midfield,Midfield,Napoli Under 18,Catanzaro Under 17,Under 17 - C,24/25,6640.0,0.1355421686746988,0.0,0.1355421686746988,,,0.20736360167874857,0.08888888888888889,0.6999999999999998,0.5,1.0,38.035372419348
646698,Gabriel Misehouy (646698),21.1,Midfield - Attacking Midfield,Midfield,Aris Thessaloniki,Girona FC,LaLiga,24/25,2500.0,0.36,0.0,0.36,1000000.0,0.5-2m,0.3351774132010683,0.3137254901960784,0.34285714285714264,0.20634191176470584,1.0,38.01320353637448
933048,Mattia Piccioli (933048),21.5,Midfield - Right Midfield,Midfield,Seravezza Pozzi Calcio,Spezia Primavera,Serie D - A,24/25,12300.0,0.1463414634146341,0.0,0.1463414634146341,50000.0,<=0.5m,0.20736360167874857,0.1368421052631579,0.2857142857142857,0.8958333333333334,1.0,38.00343841767716
986918,Mert Önal (986918),22.2,Midfield - Defensive Midfield,Midfield,Erzurumspor FK,7 Eylül Turgutlu 1984,3.Lig Grup 4,24/25,12970.0,0.1387818041634541,0.0,0.1387818041634541,,,0.3004201680672269,0.3004201680672269,0.1857142857142858,0.5,1.0,37.99663865546219
1253674,Manuel Quaggia (1253674),18.6,Midfield - Central Midfield,Midfield,Without Club,Brescia Under 17,Under 17 - B,24/25,11200.0,0.0803571428571428,0.0,0.0803571428571428,,,0.20736360167874857,0.0866062437059416,0.6999999999999998,0.5,1.0,37.98515422532316
685642,Lauge Sandgrav (685642),21.9,Midfield - Central Midfield,Midfield,Lyngby Boldklub,Lyngby Boldklub,Superliga Relegation round,24/25,14860.0,0.0605652759084791,0.0181695827725437,0.0787348586810228,1000000.0,0.5-2m,0.517169019458222,0.08056394763343404,0.2285714285714288,0.20634191176470584,1.0,37.97075920919673
1149707,Lars Neyens (1149707),22.6,Midfield - Attacking Midfield,Midfield,Bocholt VV,Lommel SK U23,3de Nationale VV B,24/25,2600.0,0.3461538461538461,0.0,0.3461538461538461,0.0,<=0.5m,0.3230637161388783,0.29934640522875816,0.12857142857142836,0.5,1.0,37.919184985452915
1175714,Giuseppe Saccomanni (1175714),20.1,Midfield - Attacking Midfield,Midfield,Pineto Calcio,Delfino Pescara 1936,Playoff Serie C,24/25,10610.0,0.0848256361922714,0.0,0.0848256361922714,75000.0,<=0.5m,0.20736360167874857,0.03137254901960784,0.4857142857142855,0.8249080882352942,1.0,37.8901547489465
1167666,Giuseppe De Martino (1167666),19.3,Midfield - Central Midfield,Midfield,Napoli Primavera,Napoli Primavera,Primavera 2 - B,24/25,8050.0,0.1118012422360248,0.0,0.1118012422360248,,,0.20736360167874857,0.15458207452165157,0.5999999999999999,0.5,1.0,37.88062250326878
1239948,Miron Mucsányi (1239948),20.8,Midfield - Central Midfield,Midfield,Diósgyőri VTK,Budapesti VSC - Zugló,NB II.,24/25,13630.0,0.066030814380044,0.0,0.066030814380044,50000.0,<=0.5m,0.20736360167874857,0.05639476334340383,0.3857142857142856,0.8958333333333334,1.0,37.83359689544257
839772,Bence Pataki (839772),23.0,Midfield - Attacking Midfield,Midfield,Tiszakécskei LC,Tiszakécskei LC,NB II.,25/26,3010.0,0.2990033222591362,0.0,0.2990033222591362,100000.0,<=0.5m,0.27642121327737507,0.2581699346405229,0.07142857142857142,0.7486213235294117,1.0,37.80730033890066
815501,Marco Zuccherato (815501),21.6,Midfield - Left Midfield,Midfield,Without Club,L'Aquila 1927,Play-off Serie D,24/25,11290.0,0.0797165633303808,0.0,0.0797165633303808,50000.0,<=0.5m,0.20736360167874857,0.13793103448275862,0.27142857142857124,0.8958333333333334,1.0,37.798823431936945
629005,Dijon Kameri (629005),22.3,Midfield - Attacking Midfield,Midfield,Cracovia,SCR Altach,Bundesliga,24/25,7510.0,0.2396804260985353,0.0119840213049267,0.251664447403462,1000000.0,0.5-2m,0.4639450591377337,0.20522875816993463,0.17142857142857132,0.20634191176470584,1.0,37.77658883453546
1154911,Nuhu Shaibu (1154911),22.6,Midfield - Central Midfield,Midfield,FC Pompei,Reggiana Primavera,Primavera 2 - A,24/25,6300.0,0.1428571428571428,0.0,0.1428571428571428,25000.0,<=0.5m,0.20736360167874857,0.19637462235649547,0.12857142857142836,0.9641544117647058,1.0,37.75536317748408
749559,Victor Hugo (749559),22.3,Midfield - Attacking Midfield,Midfield,Santos FC,Göztepe,Süper Lig,24/25,8160.0,0.3308823529411764,0.0110294117647058,0.3419117647058823,4200000.0,2-5m,0.45631438382296835,0.2954248366013072,0.17142857142857132,0.0837928921568627,1.0,37.75525062355477
1239713,Michelangelo Perugini (1239713),18.3,Midfield - Central Midfield,Midfield,AC Perugia Calcio,Perugia Primavera,Primavera 2 - B,24/25,15350.0,0.0586319218241042,0.0,0.0586319218241042,,,0.20736360167874857,0.04229607250755287,0.7428571428571428,0.5,1.0,37.696044744672896
1313621,Eduard Ungureanu (1313621),18.3,Midfield - Right Midfield,Midfield,Modena Primavera,Modena Primavera,Primavera 2 - A,24/25,17270.0,0.0521134916039374,0.0,0.0521134916039374,,,0.20736360167874857,0.042105263157894736,0.7428571428571428,0.5,1.0,37.69184693898041
1324315,Nicola Tuon (1324315),18.4,Midfield - Central Midfield,Midfield,Pisa Primavera,Pisa Primavera,Primavera 2 - B,24/25,14240.0,0.0632022471910112,0.0,0.0632022471910112,,,0.20736360167874857,0.0513595166163142,0.7285714285714288,0.5,1.0,37.666869086494216
952210,Frank Junior Adjei (952210),22.4,Midfield - Central Midfield,Midfield,Hammarby IF,IFK Värnamo,Svenska Cupen,24/25,3600.0,0.25,0.0,0.25,700000.0,0.5-2m,0.35750251762336355,0.35750251762336355,0.15714285714285733,0.2643995098039216,1.0,37.666029908942434
719737,Álex Cardero (719737),23.0,Midfield - Attacking Midfield,Midfield,CD Mirandés,Real Oviedo,Promoción a LaLiga,24/25,5840.0,0.1541095890410959,0.0154109589041095,0.1695205479452055,400000.0,<=0.5m,0.4928462418924075,0.11372549019607843,0.07142857142857142,0.3772977941176471,1.0,37.65514423672941
1178476,Antoine Sekongo (1178476),22.2,Midfield - Attacking Midfield,Midfield,USL Dunkerque,USL Dunkerque,L1/L2 Playoffs,24/25,12980.0,0.1386748844375963,0.0069337442218798,0.1456086286594761,300000.0,<=0.5m,0.4284624189240748,0.09934640522875816,0.1857142857142858,0.4431678921568627,1.0,37.64297189577217
1160599,David Costa (1160599),22.6,Midfield - Attacking Midfield,Midfield,SC União Torreense,SCU Torreense Sub-23,U-23 Cup Portugal,24/25,12180.0,0.2955665024630541,0.0073891625615763,0.3029556650246305,800000.0,0.5-2m,0.4313239221671118,0.26143790849673204,0.12857142857142836,0.24203431372549022,1.0,37.58756627857808
886252,Isaiah Ahmed (886252),20.6,Midfield - Central Midfield,Midfield,SC Heerenveen U21,SC Heerenveen U21,U21 Div. 2 Spring,24/25,7860.0,0.1145038167938931,0.0,0.1145038167938931,125000.0,<=0.5m,0.20736360167874857,0.1581067472306143,0.4142857142857141,0.6836703431372548,1.0,37.55812153535896
1014269,Xiaoxi Xia (1014269),21.6,Midfield,Midfield,Wuhan Three Towns,Wuhan Three Towns B,League Two Rel.,2025,11920.0,0.0755033557046979,0.0,0.0755033557046979,25000.0,<=0.5m,0.20736360167874857,0.07936507936507936,0.27142857142857124,0.9641544117647058,1.0,37.466867517387215
977729,Thomas Silvestri (977729),20.6,Midfield - Defensive Midfield,Midfield,Cosenza Calcio,Cosenza Primavera,Primavera 2 - B,24/25,22990.0,0.039147455415398,0.0,0.039147455415398,50000.0,<=0.5m,0.20736360167874857,0.018907563025210083,0.4142857142857141,0.8958333333333334,1.0,37.466021345585155
1046130,Nermin Mesic (1046130),20.6,Midfield - Central Midfield,Midfield,SV Ried,SV Ried II,Regional League Central,24/25,11020.0,0.1633393829401088,0.0,0.1633393829401088,,,0.23061430010070494,0.23061430010070494,0.4142857142857141,0.5,1.0,37.46542943461372
1233143,Giordano Borghi (1233143),18.6,Midfield - Attacking Midfield,Midfield,Frosinone Under 18,Frosinone Under 17,Under 17 - C,24/25,7920.0,0.1136363636363636,0.0,0.1136363636363636,,,0.20736360167874857,0.05751633986928104,0.6999999999999998,0.5,1.0,37.34517634091663
1123793,Viana Seedorf (1123793),19.2,Midfield - Central Midfield,Midfield,Milan Under 18,Milan Under 18,Under 18,24/25,9610.0,0.0936524453694068,0.0,0.0936524453694068,,,0.20736360167874857,0.11983887210473314,0.6142857142857144,0.5,1.0,37.34484347866801
1060622,Vladislav Ursu (1060622),22.2,Midfield - Attacking Midfield,Midfield,ASV Rimpar,TSV Abtswind,Relegation zur Bayernliga,24/25,5590.0,0.3220035778175313,0.0,0.3220035778175313,,,0.295593285005723,0.27712418300653596,0.1857142857142858,0.5,1.0,37.300705427789836
1207330,Valentín Serrano (1207330),22.5,Midfield - Left Midfield,Midfield,Arsenal FC,Arsenal FC,Primera Nacional,2025,17740.0,0.0507328072153325,0.0050732807215332,0.0558060879368658,225000.0,<=0.5m,0.4208317436093094,0.08045977011494253,0.14285714285714285,0.5170036764705883,1.0,37.285486955985014
727089,Noah Sadiki (727089),21.7,Midfield - Central Midfield,Midfield,Sunderland AFC,Union Saint-Gilloise,JPL Champions PO,24/25,26940.0,0.0668151447661469,0.0200445434298441,0.086859688195991,12000000.0,10m+,0.5347195726821824,0.1027190332326284,0.25714285714285723,0.039675245098039214,1.0,37.24890163869902
1044893,Yaya Fofana (1044893),22.2,Midfield - Central Midfield,Midfield,Stade Reims,Stade Reims,Ligue 1,24/25,6380.0,0.1410658307210031,0.0141065830721003,0.1551724137931034,4000000.0,2-5m,0.4826402136589088,0.21148036253776434,0.1857142857142858,0.09068627450980393,1.0,37.23393250943518
1058533,Adam Herdonsson (1058533),22.4,Midfield - Defensive Midfield,Midfield,AC Horsens,AC Horsens,1.Division Promotion,24/25,13460.0,0.0668647845468053,0.013372956909361,0.0802377414561664,600000.0,0.5-2m,0.4760587561999237,0.1134453781512605,0.15714285714285733,0.2890625,1.0,37.14719176921055
947560,Noel Romano (947560),23.0,Midfield - Right Midfield,Midfield,FC Wohlen,FC Wohlen,1. Liga gr. 2,25/26,3420.0,0.2631578947368421,0.0,0.2631578947368421,,,0.3157894736842105,0.3157894736842105,0.07142857142857142,0.5,1.0,37.090225563909776
1090996,Jed Meerholz (1090996),20.5,Midfield - Central Midfield,Midfield,Aldershot Town,Aldershot Town,National League,25/26,5600.0,0.1607142857142857,0.0,0.1607142857142857,,,0.22054380664652568,0.22054380664652568,0.42857142857142855,0.5,1.0,37.0897712559344
980575,Oumar Ngom (980575),22.4,Midfield - Central Midfield,Midfield,CF Estrela Amadora,Pau FC,Ligue 2,24/25,7500.0,0.24,0.0,0.24,600000.0,0.5-2m,0.3418932527693857,0.3418932527693857,0.15714285714285733,0.2890625,1.0,37.07475588044886
810971,Jarell Njiké Simo (810971),22.6,Midfield - Central Midfield,Midfield,FC Stade Nyonnais,FC Paradiso,Promotion League,24/25,24340.0,0.0369761709120788,0.0036976170912078,0.0406737880032867,150000.0,<=0.5m,0.4156810377718428,0.007049345417925478,0.12857142857142836,0.6395526960784313,1.0,36.961845636765275
1303923,Davide De Fraia (1303923),18.6,Midfield - Central Midfield,Midfield,Latina Primavera,SS Lazio U17,Under 17 - Finals,24/25,16150.0,0.0557275541795665,0.0,0.0557275541795665,,,0.20736360167874857,0.038267875125881166,0.6999999999999998,0.5,1.0,36.921710116561826
747016,Sami Ouaissa (747016),21.9,Midfield - Right Midfield,Midfield,NEC Nijmegen,NEC Nijmegen,Eredivisie,25/26,3280.0,0.274390243902439,0.0,0.274390243902439,1500000.0,0.5-2m,0.3473684210526316,0.3473684210526316,0.2285714285714288,0.17080269607843135,1.0,36.890485865398794
847436,Igor Strzalek (847436),22.6,Midfield - Attacking Midfield,Midfield,Bruk-Bet Termalica Nieciecza,Bruk-Bet Termalica Nieciecza,Ekstraklasa,25/26,2350.0,0.3829787234042553,0.0,0.3829787234042553,500000.0,<=0.5m,0.35349103395650516,0.3352941176470588,0.12857142857142836,0.327359068627451,0.94,36.849299696509654
874009,Chris Sze (874009),22.7,Midfield - Attacking Midfield,Midfield,Wigan Athletic,Wigan Athletic,League One,24/25,3170.0,0.2839116719242902,0.0,0.2839116719242902,125000.0,<=0.5m,0.2650705837466616,0.24183006535947713,0.1142857142857144,0.6836703431372548,1.0,36.79289985277464
1143821,Bogdan Bidzinskyi (1143821),21.4,Midfield - Central Midfield,Midfield,Sambir-Nyva-2 Ternopil,Sambir-Nyva-2 Ternopil,Druga Liga,25/26,5190.0,0.1734104046242774,0.0,0.1734104046242774,,,0.2497482376636455,0.2497482376636455,0.3000000000000002,0.5,1.0,36.784894259818735
820540,Filip Kocaba (820540),21.8,Midfield - Defensive Midfield,Midfield,Zaglebie Lubin,Arka Gdynia,Betclic 1 Liga,24/25,21650.0,0.0415704387990762,0.0083140877598152,0.0498845265588914,400000.0,<=0.5m,0.4378099961846623,0.04411764705882353,0.24285714285714274,0.3772977941176471,1.0,36.775251493672634
1004507,Titouan Nihouarn (1004507),22.1,Midfield - Attacking Midfield,Midfield,Pau FC B,Pau FC B,National 3 - Grp. A,24/25,14480.0,0.0621546961325966,0.0062154696132596,0.0683701657458563,,,0.4257916825639069,0.01699346405228758,0.1999999999999998,0.5,1.0,36.75394014657879
1058139,Grégory Ayem (1058139),20.6,Midfield - Attacking Midfield,Midfield,Racing Club de France B,Racing Club de France,National 3 - Grp. G,24/25,10850.0,0.2488479262672811,0.0,0.2488479262672811,,,0.2297787104158718,0.19869281045751633,0.4142857142857141,0.5,1.0,36.731404254439916
1102235,Milo Horemans (1102235),20.3,Midfield - Attacking Midfield,Midfield,Young Reds,Young Reds,1ste Nationale VV,24/25,3810.0,0.2362204724409448,0.0,0.2362204724409448,,,0.21776039679511636,0.1869281045751634,0.457142857142857,0.5,1.0,36.701599093153725
1230230,Erdem Güleç (1230230),19.5,Midfield - Defensive Midfield,Midfield,Sivasspor U19,Sivasspor U19,U19 Süper Lig,24/25,11150.0,0.0807174887892376,0.0,0.0807174887892376,,,0.20736360167874857,0.11764705882352941,0.5714285714285714,0.5,1.0,36.61090930076723
957531,Hayate Matsuda (957531),22.9,Midfield - Right Midfield,Midfield,Hannover 96,Hannover 96,2. Bundesliga,25/26,3450.0,0.2608695652173913,0.0,0.2608695652173913,250000.0,<=0.5m,0.30526315789473685,0.30526315789473685,0.08571428571428592,0.49188112745098034,1.0,36.57355382942651
1052885,Nolan Bonte (1052885),22.6,Midfield - Attacking Midfield,Midfield,Entente Feignies Aulnoye FC,FC Girondins Bordeaux B,National 3 - Grp. A,24/25,2770.0,0.3249097472924188,0.0,0.3249097472924188,0.0,<=0.5m,0.2976917207172835,0.2803921568627451,0.12857142857142836,0.5,1.0,36.538055695380024
1083054,Lilian Baret (1083054),20.2,Midfield - Defensive Midfield,Midfield,LOSC Lille B,LOSC Lille U19,National U19 - Grp. A,24/25,18350.0,0.0980926430517711,0.0,0.0980926430517711,,,0.20736360167874857,0.1869747899159664,0.47142857142857153,0.5,1.0,36.53611938480085
618392,Oliwier Wojciechowski (618392),21.4,Midfield - Attacking Midfield,Midfield,Polonia Warsaw,Polonia Warsaw,Baraze o udzial w Ekstraklasie,24/25,19600.0,0.0459183673469387,0.0045918367346938,0.0505102040816326,350000.0,<=0.5m,0.4183517741320107,0.006535947712418301,0.3000000000000002,0.40670955882352944,1.0,36.535092090219024
1106909,Mario Solórzano (1106909),21.5,Midfield - Attacking Midfield,Midfield,Rayo Cantabria,Rayo Cantabria,Segunda Federación - Gr. I,24/25,11100.0,0.081081081081081,0.0,0.081081081081081,25000.0,<=0.5m,0.20736360167874857,0.026143790849673203,0.2857142857142857,0.9641544117647058,1.0,36.52457059861971
914516,Alessandro Zani (914516),21.5,Midfield - Central Midfield,Midfield,Borgaro Nobis 1965,Fossano Calcio,Serie D - A,24/25,9770.0,0.0921187308085977,0.0,0.0921187308085977,75000.0,<=0.5m,0.20736360167874857,0.11379657603222558,0.2857142857142857,0.8249080882352942,1.0,36.5034833432241
805503,Fabian Rossdorfer (805503),20.8,Midfield - Left Midfield,Midfield,SV Ried,SV Ried,2. Liga,24/25,6640.0,0.1355421686746988,0.0,0.1355421686746988,175000.0,<=0.5m,0.20736360167874857,0.1839080459770115,0.3857142857142856,0.5994178921568627,1.0,36.48907293691135
1093049,Dielan Ghafour (1093049),20.6,Midfield - Defensive Midfield,Midfield,Go Ahead Eagles Deventer U21,Go Ahead Eagles Deventer U21,U21 Div. 1 Spring,24/25,8530.0,0.1055099648300117,0.0,0.1055099648300117,,,0.21428571428571427,0.21428571428571427,0.4142857142857141,0.5,1.0,36.48571428571428
988860,Caner Kaban (988860),20.4,Midfield - Defensive Midfield,Midfield,Adana Demirspor,Erciyes 38 Futbol Spor Kulübü,3.Lig Grup 4,24/25,17240.0,0.1044083526682134,0.0,0.1044083526682134,,,0.20736360167874857,0.20483193277310924,0.44285714285714306,0.5,1.0,36.47183367051514
895331,Dani Pérez (895331),21.1,Midfield - Attacking Midfield,Midfield,Betis Deportivo Balompié,Betis Deportivo Balompié,Primera Federación - Gr. II,24/25,15510.0,0.058027079303675,0.0058027079303675,0.0638297872340425,500000.0,<=0.5m,0.423120946203739,0.01437908496732026,0.34285714285714264,0.327359068627451,1.0,36.46367707152173
743522,Enzo Caumont (743522),22.4,Midfield - Defensive Midfield,Midfield,AS Cannes,Angers SCO,Ligue 1,24/25,19480.0,0.0462012320328542,0.0046201232032854,0.0508213552361396,0.0,<=0.5m,0.4185425410148798,0.046218487394957986,0.15714285714285733,0.5,1.0,36.435708995540224
688042,Markus Karlsson (688042),22.6,Midfield - Central Midfield,Midfield,Hammarby IF,Hammarby IF,Allsvenskan,2025,9740.0,0.1848049281314168,0.0092402464065708,0.1940451745379877,4000000.0,2-5m,0.444486837085082,0.28197381671701915,0.12857142857142836,0.09068627450980393,1.0,36.42067447728765
1149462,Maciej Wojciechowski (1149462),19.3,Midfield - Attacking Midfield,Midfield,Pogon Szczecin,Pogon Szczecin,Ekstraklasa,24/25,6720.0,0.1339285714285714,0.0,0.1339285714285714,,,0.20736360167874857,0.08496732026143791,0.5999999999999999,0.5,1.0,36.349097909544085
957531,Hayate Matsuda (957531),22.9,Midfield - Right Midfield,Midfield,Hannover 96,Hannover 96 II,3. Liga,24/25,28390.0,0.0317013032758013,0.0126805213103205,0.0443818245861218,250000.0,<=0.5m,0.4698588325066768,0.010526315789473684,0.08571428571428592,0.49188112745098034,1.0,36.343978938364444
939297,Giuseppe Pecchia (939297),22.0,Midfield - Central Midfield,Midfield,Sora Calcio 1907,Terracina 1925,Serie D - G,24/25,11860.0,0.1517706576728499,0.0,0.1517706576728499,100000.0,<=0.5m,0.20736360167874857,0.20644511581067473,0.21428571428571427,0.7486213235294117,1.0,36.33087936961048
987195,Jens Magnusson (987195),21.7,Midfield - Attacking Midfield,Midfield,Västerås SK,Västerås SK,Svenska Cupen,24/25,3600.0,0.25,0.0,0.25,150000.0,<=0.5m,0.23197252956886685,0.2019607843137255,0.25714285714285723,0.6395526960784313,1.0,36.32611683790265
988532,Danil Anosov (988532),21.5,Midfield - Left Midfield,Midfield,Tekstilshchik Ivanovo,Tekstilshchik Ivanovo,Russian Cup,25/26,5610.0,0.160427807486631,0.0,0.160427807486631,125000.0,<=0.5m,0.20736360167874857,0.19540229885057472,0.2857142857142857,0.6836703431372548,1.0,36.32148081385523
810092,Warren Zaïre-Emery (810092),20.4,Midfield - Central Midfield,Midfield,Paris Saint-Germain,Paris Saint-Germain,Champions League,24/25,28670.0,0.0941750959190791,0.0062783397279386,0.1004534356470177,55000000.0,10m+,0.42598244944677605,0.13494461228600202,0.44285714285714306,0.0027573529411765163,1.0,36.28043177616029
723485,Léandre Kuavita (723485),22.2,Midfield - Central Midfield,Midfield,Standard Liège,Standard Liège,JPL Europe PO,24/25,20850.0,0.0863309352517985,0.0129496402877697,0.0992805755395683,1500000.0,0.5-2m,0.4721480351011064,0.1339375629405841,0.1857142857142858,0.17080269607843135,1.0,36.25091803506151
637669,Emre Demir (637669),22.6,Midfield - Attacking Midfield,Midfield,Sakaryaspor,Sakaryaspor,1.Lig,25/26,2370.0,0.3797468354430379,0.0,0.3797468354430379,600000.0,0.5-2m,0.3501526135062953,0.3300653594771242,0.12857142857142836,0.2890625,0.948,36.151255078878805
936605,Harrie Kuster (936605),20.9,Midfield - Central Midfield,Midfield,RKC Waalwijk,Twente Enschede FC,Play-Offs Conference League,24/25,9400.0,0.0957446808510638,0.0,0.0957446808510638,125000.0,<=0.5m,0.20736360167874857,0.12487411883182276,0.3714285714285716,0.6836703431372548,1.0,36.14128942487126
1015962,Nathan Camargo (1015962),21.1,Midfield - Defensive Midfield,Midfield,Clube do Remo (PA),Guarani Futebol Clube (SP),Série B,2025,8040.0,0.1119402985074626,0.0,0.1119402985074626,0.0,<=0.5m,0.226890756302521,0.226890756302521,0.34285714285714264,0.5,1.0,36.09915966386554
1180821,Mohamed Yassine Azzouz (1180821),19.3,Midfield - Attacking Midfield,Midfield,Oud-Heverlee Leuven U23,Oud-Heverlee Leuven,JPL Europe PO,24/25,22490.0,0.1200533570475766,0.0,0.1200533570475766,,,0.20736360167874857,0.07058823529411765,0.5999999999999999,0.5,1.0,36.03275804026303
800925,Oscar Schwartau (800925),20.3,Midfield - Attacking Midfield,Midfield,Norwich City,Norwich City,Championship,24/25,17110.0,0.1052016364699006,0.005260081823495,0.1104617182933956,3000000.0,2-5m,0.4212132773750477,0.050980392156862744,0.457142857142857,0.1128982843137255,1.0,36.02253486238066
1070612,Yannis Wilibona (1070612),22.7,Midfield,Midfield,Without Club,US Castanéenne,National 3 - Grp. A,24/25,7350.0,0.2448979591836734,0.0,0.2448979591836734,,,0.2857142857142857,0.2857142857142857,0.1142857142857144,0.5,1.0,35.971428571428575
932754,Endurance Dominic Okojie (932754),21.3,Midfield - Central Midfield,Midfield,Unipomezia Virtus,Palmese,Serie D - H,24/25,18360.0,0.0490196078431372,0.0,0.0490196078431372,50000.0,<=0.5m,0.20736360167874857,0.023162134944612285,0.31428571428571417,0.8958333333333334,1.0,35.959621927812016
989960,Younes Enegued (989960),22.6,Midfield - Defensive Midfield,Midfield,CS Entité Manageoise,CS Entité Manageoise,2de Nationale ACFF,24/25,6970.0,0.1291248206599713,0.0,0.1291248206599713,,,0.2804621848739496,0.2804621848739496,0.12857142857142836,0.5,1.0,35.884873949579834
1187722,Doro Diop (1187722),19.6,Midfield - Defensive Midfield,Midfield,Parma Primavera,AC Le Havre U19,National U19 - Grp. A,24/25,12870.0,0.0699300699300699,0.0,0.0699300699300699,,,0.20736360167874857,0.09453781512605042,0.5571428571428569,0.5,1.0,35.87393451085127
952418,Soufiane Hassouan (952418),20.3,Midfield - Central Midfield,Midfield,Oud-Heverlee Leuven U23,Oud-Heverlee Leuven U23,1ste Nationale VV,24/25,7600.0,0.1184210526315789,0.0,0.1184210526315789,,,0.20736360167874857,0.1661631419939577,0.457142857142857,0.5,1.0,35.84969170194523
1069501,Ossian Nordvall (1069501),19.3,Midfield - Defensive Midfield,Midfield,Bologna Primavera,Bologna Primavera,Play-off/out Primavera,24/25,15870.0,0.0567107750472589,0.0,0.0567107750472589,,,0.20736360167874857,0.06092436974789916,0.5999999999999999,0.5,1.0,35.82015299824622
766723,Manu Bueno (766723),22.1,Midfield - Central Midfield,Midfield,Sevilla Atlético,Sevilla FC,LaLiga,24/25,22390.0,0.080393032603841,0.0120589548905761,0.0924519874944171,1500000.0,0.5-2m,0.46451735978634107,0.11581067472306143,0.1999999999999998,0.17080269607843135,1.0,35.79073226088635
646746,Roger Martínez (646746),22.4,Midfield - Central Midfield,Midfield,FC Barcelona Atlètic,CD Lugo,Primera Federación - Gr. I,24/25,22350.0,0.0402684563758389,0.0080536912751677,0.0483221476510067,300000.0,<=0.5m,0.43628386112170925,0.021148036253776436,0.15714285714285733,0.4431678921568627,1.0,35.762679724689825
947994,Mattia Legati (947994),20.3,Midfield - Central Midfield,Midfield,Reggiana Primavera,Reggiana Primavera,Play-off/out Primavera,24/25,7820.0,0.1150895140664961,0.0,0.1150895140664961,,,0.20736360167874857,0.16062437059415913,0.457142857142857,0.5,1.0,35.72783873114966
1110471,Pietro Avena (1110471),19.1,Midfield - Left Midfield,Midfield,Palermo Primavera,Palermo Primavera,Primavera 2 - B,24/25,21800.0,0.0412844036697247,0.0,0.0412844036697247,,,0.20736360167874857,0.034482758620689655,0.6285714285714283,0.5,1.0,35.695580410590466
671678,Liam De Smet (671678),22.4,Midfield - Central Midfield,Midfield,KV Kortrijk,Club NXT,CPL,24/25,21740.0,0.0413983440662373,0.0124195032198712,0.0538178472861085,500000.0,<=0.5m,0.4675696299122472,0.03423967774420947,0.15714285714285733,0.327359068627451,1.0,35.61823152210803
1064968,Rayan El Bahri (1064968),22.5,Midfield - Attacking Midfield,Midfield,Without Club,Jong Cercle,1ste Nationale VV,24/25,5950.0,0.3025210084033614,0.0,0.3025210084033614,,,0.2787104158718047,0.2601307189542484,0.14285714285714285,0.5,1.0,35.59958590583633
1197309,Agustín Funes (1197309),22.6,Midfield - Central Midfield,Midfield,Club Atlético Platense II,Club Atlético Platense II,Copa Proyección Clausura,2025,4750.0,0.1894736842105263,0.0,0.1894736842105263,,,0.27492447129909364,0.27492447129909364,0.12857142857142836,0.5,1.0,35.552611135088476
902467,Noam Mayoka-Tika (902467),22.8,Midfield - Defensive Midfield,Midfield,K Lierse SK,Royal Charleroi SC,JPL Europe PO,24/25,19420.0,0.0926879505664263,0.0,0.0926879505664263,50000.0,<=0.5m,0.20736360167874857,0.15966386554621848,0.0999999999999999,0.8958333333333334,1.0,35.534088572475916
1330788,Wilson Lindberg Uhrström (1330788),20.4,Midfield - Attacking Midfield,Midfield,Hammarby IF,Hammarby TFF,Ettan Norra,2025,7440.0,0.1209677419354838,0.0,0.1209677419354838,150000.0,<=0.5m,0.20736360167874857,0.07254901960784314,0.44285714285714306,0.6395526960784313,1.0,35.51534732597732
1064121,Marcos Peña (1064121),21.6,Midfield - Central Midfield,Midfield,FC Famalicão,Marbella FC,Primera Federación - Gr. II,24/25,19100.0,0.0471204188481675,0.0047120418848167,0.0518324607329843,500000.0,<=0.5m,0.4191148416634872,0.02920443101711984,0.27142857142857124,0.327359068627451,1.0,35.4947455692306
675623,Job Kalisvaart (675623),22.2,Midfield - Defensive Midfield,Midfield,Almere City FC,AZ Alkmaar U21,Keuken Kampioen Divisie,24/25,13940.0,0.1291248206599713,0.0,0.1291248206599713,350000.0,<=0.5m,0.2804621848739496,0.2804621848739496,0.1857142857142858,0.40670955882352944,1.0,35.49309348739496
961051,Amine Boukamir (961051),19.8,Midfield - Defensive Midfield,Midfield,Royal Charleroi SC,Royal Charleroi SC,Jupiler Pro League playoff Europa League,24/25,10610.0,0.0848256361922714,0.0,0.0848256361922714,300000.0,<=0.5m,0.20736360167874857,0.13025210084033614,0.5285714285714285,0.4431678921568627,1.0,35.40685642961877
1067879,Franck Ondoa Edima (1067879),21.8,Midfield - Attacking Midfield,Midfield,AS Saint-Priest,AS Saint-Priest,National 2 - Grp. C,25/26,3350.0,0.2686567164179104,0.0,0.2686567164179104,0.0,<=0.5m,0.25276611980160246,0.2222222222222222,0.24285714285714274,0.5,1.0,35.37971572706407
1317971,Francesco Berta (1317971),19.2,Midfield - Attacking Midfield,Midfield,Perugia Primavera,Perugia Primavera,Primavera 2 - B,24/25,10680.0,0.0842696629213483,0.0,0.0842696629213483,,,0.20736360167874857,0.030065359477124184,0.6142857142857144,0.5,1.0,35.36982620086061
999127,Benja Cremaschi (999127),21.5,Midfield - Central Midfield,Midfield,Parma Calcio 1913,Inter Miami CF,Leagues Cup,2025,13880.0,0.0648414985590778,0.0129682997118155,0.0778097982708933,5000000.0,2-5m,0.47243418542541016,0.07854984894259819,0.2857142857142857,0.07521446078431371,1.0,35.30502674531171
948014,Ellis Stanton (948014),21.5,Midfield - Central Midfield,Midfield,Darlington FC,Newcastle United U21,Premier League 2,24/25,5530.0,0.162748643761302,0.0,0.162748643761302,,,0.22860020140986909,0.22860020140986909,0.2857142857142857,0.5,1.0,35.28744065602072
1264158,Yegor Tsevukh (1264158),20.0,Midfield - Defensive Midfield,Midfield,FC Oleksandriya U19,FC Oleksandriya U19,U19 Premier Liga,24/25,11320.0,0.0795053003533568,0.0,0.0795053003533568,,,0.20736360167874857,0.1092436974789916,0.5,0.5,1.0,35.283178208330256
1146228,Justin Janssen (1146228),20.1,Midfield - Defensive Midfield,Midfield,FC Nordsjaelland,FC Nordsjaelland,U19 Boys League,24/25,8700.0,0.1034482758620689,0.0,0.1034482758620689,400000.0,<=0.5m,0.20736360167874857,0.19747899159663865,0.4857142857142855,0.3772977941176471,1.0,35.277952367994125
1170800,Gelana Affronti (1170800),19.1,Midfield - Central Midfield,Midfield,Atalanta Under 18,Atalanta Under 18,Under 18,24/25,19830.0,0.0453857791225416,0.0,0.0453857791225416,,,0.20736360167874857,0.015105740181268883,0.6285714285714283,0.5,1.0,35.26928600492322
917594,Diego García (917594),19.8,Midfield - Central Midfield,Midfield,FC Dallas,FC Dallas,MLS Next Pro,2025,11100.0,0.081081081081081,0.0,0.081081081081081,,,0.20736360167874857,0.08761329305135952,0.5285714285714285,0.5,1.0,35.264452168065205
875006,Skirmantas Paukštys (875006),19.6,Midfield - Central Midfield,Midfield,Monopoli Primavera,Monopoli Primavera,Play-off/out Primavera,24/25,13000.0,0.0692307692307692,0.0,0.0692307692307692,,,0.20736360167874857,0.06646525679758308,0.5571428571428569,0.5,1.0,35.25633822762499
894172,Klaus Kashari (894172),19.9,Midfield - Attacking Midfield,Midfield,Without Club,Feralpisalò Primavera,Play-off/out Primavera,24/25,6320.0,0.1424050632911392,0.0,0.1424050632911392,,,0.20736360167874857,0.09542483660130718,0.5142857142857145,0.5,1.0,35.20773469759263
856274,Jonathan Asp Jensen (856274),20.6,Midfield - Attacking Midfield,Midfield,Grasshopper Club Zurich,Grasshopper Club Zurich,Super League,25/26,3010.0,0.2990033222591362,0.0,0.2990033222591362,1500000.0,0.5-2m,0.27642121327737507,0.2581699346405229,0.4142857142857141,0.17080269607843135,1.0,35.203553840301225
926235,Samuel Koeberlé (926235),21.7,Midfield - Defensive Midfield,Midfield,HNK Vukovar 1991,Stade Reims B,National 3 - Grp. E,24/25,20880.0,0.043103448275862,0.0,0.043103448275862,50000.0,<=0.5m,0.20736360167874857,0.029411764705882353,0.25714285714285723,0.8958333333333334,1.0,35.18282806827424
931172,Gabriel Tutu (931172),22.6,Midfield - Right Midfield,Midfield,US Concarneau,US Concarneau,Championnat National,24/25,4080.0,0.2205882352941176,0.0,0.2205882352941176,100000.0,<=0.5m,0.21052631578947367,0.21052631578947367,0.12857142857142836,0.7486213235294117,1.0,35.16942033392304
1078985,Rafaël De Palmas (1078985),22.5,Midfield - Attacking Midfield,Midfield,Hércules CF,Hércules CF,Primera Federación - Gr. II,24/25,5330.0,0.1688555347091932,0.0,0.1688555347091932,50000.0,<=0.5m,0.20736360167874857,0.1111111111111111,0.14285714285714285,0.8958333333333334,1.0,35.15164226061784
858251,Nuno Félix (858251),22.4,Midfield - Defensive Midfield,Midfield,SL Benfica B,SL Benfica,Liga Portugal,24/25,17970.0,0.0500834724540901,0.015025041736227,0.0651085141903172,1700000.0,0.5-2m,0.4895078214421976,0.0819327731092437,0.15714285714285733,0.15808823529411764,1.0,35.131339231610234
939564,Almar Grindhaug (939564),20.5,Midfield - Central Midfield,Midfield,FK Haugesund,FK Haugesund,Eliteserien,2025,7830.0,0.1149425287356322,0.0,0.1149425287356322,250000.0,<=0.5m,0.20736360167874857,0.15911379657603222,0.42857142857142855,0.49188112745098034,1.0,35.123799029921734
865993,David Ozoh (865993),21.3,Midfield - Defensive Midfield,Midfield,Derby County,Derby County,Championship,24/25,7050.0,0.1276595744680851,0.0,0.1276595744680851,700000.0,0.5-2m,0.27310924369747897,0.27310924369747897,0.31428571428571417,0.2643995098039216,1.0,35.11671918767506
1165391,Enzo Nanor (1165391),20.0,Midfield - Central Midfield,Midfield,Angers SCO U19,Angers SCO B,National 3 - Grp. B,24/25,10500.0,0.0857142857142857,0.0,0.0857142857142857,,,0.20736360167874857,0.09969788519637462,0.5,0.5,1.0,35.07317033811269
775048,Omar Jamil (775048),22.3,Midfield - Central Midfield,Midfield,NEC Nijmegen U21,NEC Nijmegen U21,U21 Div. 2 Spring,24/25,11210.0,0.0802854594112399,0.0,0.0802854594112399,50000.0,<=0.5m,0.20736360167874857,0.08559919436052367,0.17142857142857132,0.8958333333333334,1.0,35.04752294924778
671548,Lukas Ambros (671548),22.2,Midfield - Attacking Midfield,Midfield,Górnik Zabrze,Górnik Zabrze,Ekstraklasa,24/25,10010.0,0.0899100899100899,0.0089910089910089,0.0989010989010989,550000.0,0.5-2m,0.44238840137352153,0.044444444444444446,0.1857142857142858,0.30438112745098034,1.0,35.0213013857139
659398,Simone Stroscio (659398),23.0,Midfield - Defensive Midfield,Midfield,Grasshopper Club Zurich,Grasshopper Club Zurich,Super League Barrage,24/25,8050.0,0.1118012422360248,0.0,0.1118012422360248,100000.0,<=0.5m,0.22268907563025211,0.22268907563025211,0.07142857142857142,0.7486213235294117,1.0,34.984900210084035
925866,Giovanni Aurino (925866),21.5,Midfield - Central Midfield,Midfield,Valmontone 1921,Cavese 1919,Serie D - I,24/25,14810.0,0.0607697501688048,0.0,0.0607697501688048,75000.0,<=0.5m,0.20736360167874857,0.044310171198388724,0.2857142857142857,0.8249080882352942,1.0,34.97478243687969
1006089,Francesco Bova (1006089),22.9,Midfield - Right Midfield,Midfield,ASD Asti,Città di Sant'Agata,Serie D play-out,24/25,9400.0,0.1914893617021276,0.0,0.1914893617021276,75000.0,<=0.5m,0.20736360167874857,0.18947368421052632,0.08571428571428592,0.8249080882352942,1.0,34.96837972314672
907086,Noah Wagner (907086),21.3,Midfield - Defensive Midfield,Midfield,SC Freiburg II,SC Freiburg II,Regionalliga Südwest,24/25,14890.0,0.0604432505036937,0.0,0.0604432505036937,100000.0,<=0.5m,0.20736360167874857,0.07142857142857142,0.31428571428571417,0.7486213235294117,1.0,34.960515393204204
1075584,Luan Gadegbeku (1075584),19.4,Midfield - Central Midfield,Midfield,AS Saint-Étienne B,AS Saint-Étienne B,National 3 - Grp. I,24/25,13200.0,0.0681818181818181,0.0,0.0681818181818181,300000.0,<=0.5m,0.20736360167874857,0.0649546827794562,0.585714285714286,0.4431678921568627,1.0,34.884598946565134
677834,Moses Nyeman (677834),22.8,Midfield - Defensive Midfield,Midfield,Loudoun United FC,Loudoun United FC,USLC,2025,7270.0,0.123796423658872,0.0,0.123796423658872,200000.0,<=0.5m,0.25840336134453784,0.25840336134453784,0.0999999999999999,0.5553002450980392,1.0,34.87840511204482
648042,Glory Nzingo (648042),21.8,Midfield - Attacking Midfield,Midfield,Carolina Core FC,Swansea City U21,Premier League Cup,24/25,3470.0,0.2593659942363112,0.0,0.2593659942363112,,,0.24303700877527662,0.21437908496732025,0.24285714285714274,0.5,1.0,34.83746048845584
1143175,Ansoumana Dansokho (1143175),20.2,Midfield - Central Midfield,Midfield,Stade Reims B,Stade Reims B,National 3 - Grp. E,24/25,10220.0,0.0880626223091976,0.0,0.0880626223091976,,,0.20736360167874857,0.10876132930513595,0.47142857142857153,0.5,1.0,34.81542325136258
1159813,Bilal Merouga (1159813),21.3,Midfield - Attacking Midfield,Midfield,AC Ajaccio B,AC Ajaccio,National 3 - Grp. D,24/25,7410.0,0.242914979757085,0.0,0.242914979757085,,,0.2252003052270126,0.19215686274509805,0.31428571428571417,0.5,1.0,34.81363400759007
1187952,Nicolò Ferlicca (1187952),19.6,Midfield - Central Midfield,Midfield,Ternana Primavera,Ternana Primavera,Play-off/out Primavera,24/25,15340.0,0.0586701434159061,0.0,0.0586701434159061,,,0.20736360167874857,0.0433031218529708,0.5571428571428569,0.5,1.0,34.74677125884351
1141967,Kornelius Olaie Nordmo (1141967),21.6,Midfield,Midfield,IF Fløya,IF Fløya,Norsk Tipping-Ligaen avd. 1,2025,4650.0,0.1935483870967742,0.0,0.1935483870967742,,,0.2222222222222222,0.2222222222222222,0.27142857142857124,0.5,1.0,34.67619047619047
667287,Yasin Ayari (667287),22.9,Midfield - Central Midfield,Midfield,Brighton & Hove Albion,Brighton & Hove Albion,Premier League,24/25,9840.0,0.1829268292682927,0.0091463414634146,0.1920731707317073,22000000.0,10m+,0.4430560854635635,0.2799597180261833,0.08571428571428592,0.01899509803921573,1.0,34.63260498816904
709500,Alessandro Renzi (709500),22.6,Midfield - Central Midfield,Midfield,SS Arezzo,SS Arezzo,Playoff Serie C,24/25,26770.0,0.0336197235711617,0.0100859170713485,0.0437056406425102,400000.0,<=0.5m,0.4484929416253338,0.011077542799597181,0.12857142857142836,0.3772977941176471,1.0,34.625749698143736
1056526,Cristiano Rizzo (1056526),20.6,Midfield - Central Midfield,Midfield,Nuova Sondrio Calcio,Olbia Calcio 1905,Serie D - G,24/25,18230.0,0.0493691716950082,0.0,0.0493691716950082,125000.0,<=0.5m,0.20736360167874857,0.02416918429003021,0.4142857142857141,0.6836703431372548,1.0,34.6114951506661
1018754,Samuel Gidi (1018754),22.3,Midfield - Central Midfield,Midfield,FC Cincinnati,MSK Zilina,Nike Liga - Champ. G.,24/25,20160.0,0.0892857142857142,0.0089285714285714,0.0982142857142857,1800000.0,0.5-2m,0.44191148416634873,0.13141993957703926,0.17142857142857132,0.1556372549019608,1.0,34.60565378050071
938729,Mikel Jauregizar (938729),22.8,Midfield - Central Midfield,Midfield,Athletic Bilbao,Athletic Bilbao,LaLiga,24/25,19490.0,0.1385325808106721,0.0138532580810672,0.1523858388917393,30000000.0,10m+,0.47996947729874095,0.20745216515609266,0.0999999999999999,0.012408088235294157,1.0,34.576501006080306
895074,Mahamadou Susoho (895074),21.6,Midfield - Defensive Midfield,Midfield,Livingston FC,Peterborough United,EFL Trophy,24/25,6700.0,0.1343283582089552,0.0,0.1343283582089552,1200000.0,0.5-2m,0.2920168067226891,0.2920168067226891,0.27142857142857124,0.19056372549019607,1.0,34.53175770308123
984107,Johan Caicedo (984107),22.4,Midfield - Defensive Midfield,Midfield,Asociación Deportivo Pasto,Asociación Deportivo Pasto,Liga DIMAYOR II,2025,13910.0,0.1294033069734004,0.0,0.1294033069734004,450000.0,<=0.5m,0.28361344537815125,0.28361344537815125,0.15714285714285733,0.35340073529411764,1.0,34.47870273109244
965744,Owen Lunt (965744),22.0,Midfield - Defensive Midfield,Midfield,Crewe Alexandra,Crewe Alexandra,League Two,24/25,11000.0,0.0818181818181818,0.0,0.0818181818181818,100000.0,<=0.5m,0.20736360167874857,0.12184873949579832,0.21428571428571427,0.7486213235294117,1.0,34.469759090683205
723487,Mathias Delorge (723487),22.1,Midfield - Central Midfield,Midfield,KAA Gent,KAA Gent,JPL Champions PO,24/25,28850.0,0.0623916811091854,0.0155979202772963,0.0779896013864818,9000000.0,5-10m,0.49551697825257535,0.07955689828801611,0.1999999999999998,0.048866421568627416,1.0,34.464026837895
1082519,Charlys (1082519),22.5,Midfield - Defensive Midfield,Midfield,AC Reggiana 1919,Cosenza Calcio,Serie B,24/25,18130.0,0.0496414782129067,0.0049641478212906,0.0546056260341974,450000.0,<=0.5m,0.420259442960702,0.05672268907563025,0.14285714285714285,0.35340073529411764,1.0,34.45108257200247
1086377,Kaick (1086377),20.7,Midfield - Defensive Midfield,Midfield,FC Dallas,FC Dallas,MLS,2025,14410.0,0.124913254684247,0.0,0.124913254684247,2000000.0,0.5-2m,0.2668067226890756,0.2668067226890756,0.4000000000000001,0.14522058823529416,1.0,34.44149159663865
1202417,Allan Oyirwoth (1202417),19.6,Midfield - Attacking Midfield,Midfield,New England Revolution,New England Revolution,MLS,2025,10830.0,0.0831024930747922,0.0,0.0831024930747922,,,0.20736360167874857,0.027450980392156862,0.5571428571428569,0.5,1.0,34.39802414670561
555057,Antoni Kozubal (555057),22.0,Midfield - Defensive Midfield,Midfield,Lech Poznan,Lech Poznan,Ekstraklasa,24/25,27330.0,0.0329308452250274,0.0164654226125137,0.0493962678375411,5000000.0,2-5m,0.5020984357115604,0.037815126050420166,0.21428571428571427,0.07521446078431371,1.0,34.39324720970036
1156560,João Araújo (1156560),21.2,Midfield - Defensive Midfield,Midfield,Grêmio FBPA U20,Grêmio FBPA U20,CBF Brasileiro U20,2025,9050.0,0.0994475138121547,0.0,0.0994475138121547,0.0,<=0.5m,0.20736360167874857,0.18907563025210083,0.3285714285714287,0.5,1.0,34.29662358648152
1054634,Anass Zarrouk (1054634),20.1,Midfield - Attacking Midfield,Midfield,Willem II Tilburg,Vitesse Arnhem U21,Keuken Kampioen Divisie,24/25,7110.0,0.1265822784810126,0.0,0.1265822784810126,250000.0,<=0.5m,0.20736360167874857,0.07973856209150326,0.4857142857142855,0.49188112745098034,1.0,34.29182958554781
1037394,Christie Ward (1037394),22.8,Midfield - Central Midfield,Midfield,AFC Totton,Wycombe Wanderers,National League South,24/25,8300.0,0.108433734939759,0.0,0.108433734939759,75000.0,<=0.5m,0.20736360167874857,0.14803625377643503,0.0999999999999999,0.8249080882352942,1.0,34.28532768216813
932768,Riccardo Pigati (932768),20.9,Midfield - Defensive Midfield,Midfield,ASC Arcetana,Reggiana Primavera,Play-off/out Primavera,24/25,19580.0,0.0919305413687436,0.0,0.0919305413687436,0.0,<=0.5m,0.20736360167874857,0.15336134453781514,0.3714285714285716,0.5,1.0,34.19662358648152
1105434,Isaac Martínez (1105434),20.4,Midfield - Defensive Midfield,Midfield,Deportivo Guadalajara U21,Deportivo Guadalajara U23,Liga MX U23 Clausura,24/25,12150.0,0.074074074074074,0.0,0.074074074074074,,,0.20736360167874857,0.10084033613445378,0.44285714285714306,0.5,1.0,34.18401854446472
700105,Daniel Bunk (700105),22.4,Midfield - Central Midfield,Midfield,Without Club,Fortuna Düsseldorf II,Regionalliga West,24/25,8290.0,0.1085645355850422,0.0,0.1085645355850422,100000.0,<=0.5m,0.20736360167874857,0.14904330312185296,0.15714285714285733,0.7486213235294117,1.0,34.15375377617069
956517,Jesús Martínez (956517),22.5,Midfield - Central Midfield,Midfield,Real Valladolid Promesas,Barakaldo CF,Primera Federación - Gr. I,24/25,8090.0,0.111248454882571,0.0,0.111248454882571,100000.0,<=0.5m,0.20736360167874857,0.15206445115810674,0.14285714285714285,0.7486213235294117,1.0,33.991647604396846
955356,Saïmon Bouabré (955356),20.2,Midfield - Attacking Midfield,Midfield,NEOM SC,AS Monaco,Ligue 1,24/25,5650.0,0.1592920353982301,0.0,0.1592920353982301,300000.0,<=0.5m,0.20736360167874857,0.10718954248366012,0.47142857142857153,0.4431678921568627,1.0,33.98519443148619
933677,Giacomo Ghiardelli (933677),22.5,Midfield - Central Midfield,Midfield,Without Club,ASD Asti,Serie D - A,24/25,13610.0,0.0661278471711976,0.0,0.0661278471711976,50000.0,<=0.5m,0.20736360167874857,0.05740181268882175,0.14285714285714285,0.8958333333333334,1.0,33.970037695327484
885845,Diego Duarte (885845),20.3,Midfield - Attacking Midfield,Midfield,FC Metz B,FC Metz B,National 3 - Grp. H,24/25,14250.0,0.1263157894736842,0.0,0.1263157894736842,,,0.20736360167874857,0.0784313725490196,0.457142857142857,0.5,1.0,33.91959277415659
934783,Orso Maria De Ponti (934783),20.8,Midfield - Defensive Midfield,Midfield,Varese Football Club,US Fiorenzuola 1922,Serie D - D,24/25,24680.0,0.0364667747163695,0.0,0.0364667747163695,125000.0,<=0.5m,0.20736360167874857,0.012605042016806723,0.3857142857142856,0.6836703431372548,1.0,33.89994116351234
1164609,Sergio Casale (1164609),20.8,Midfield,Midfield,FC Rothrist,FC Wohlen,1. Liga gr. 2,24/25,7080.0,0.1271186440677966,0.0,0.1271186440677966,,,0.20736360167874857,0.12698412698412698,0.3857142857142856,0.5,1.0,33.84489622887181
866069,Sebastian Sanchez (866069),22.7,Midfield - Defensive Midfield,Midfield,Western Suburbs FC,Western Suburbs FC,Chatham Cup,2025,9550.0,0.0942408376963351,0.0,0.0942408376963351,100000.0,<=0.5m,0.20736360167874857,0.16596638655462184,0.1142857142857144,0.7486213235294117,1.0,33.84034732597732
1187728,Filippo Loiacono (1187728),19.9,Midfield,Midfield,Crotone Primavera,Crotone Primavera,Play-off/out Primavera,24/25,14030.0,0.0641482537419814,0.0,0.0641482537419814,,,0.20736360167874857,0.031746031746031744,0.5142857142857145,0.5,1.0,33.80680099077657
1071955,Luc Essiena (1071955),22.0,Midfield - Central Midfield,Midfield,Etoile Carouge FC,Etoile Carouge FC,Challenge League,25/26,5570.0,0.1615798922800718,0.0,0.1615798922800718,,,0.22255790533736153,0.22255790533736153,0.21428571428571427,0.5,1.0,33.782045748813125
1178375,Loris Dupont (1178375),20.3,Midfield - Central Midfield,Midfield,Dijon FCO,Voltigeurs de Châteaubriant,National 2 - Grp. B,24/25,12590.0,0.0714853057982525,0.0,0.0714853057982525,,,0.20736360167874857,0.07150050352467271,0.457142857142857,0.5,1.0,33.76711365562096
1063520,Keano De Stobbeleir (1063520),21.5,Midfield - Attacking Midfield,Midfield,HRS Haasdonk,Beerschot VA U23,3de Nationale VV A,24/25,7780.0,0.2313624678663239,0.0,0.2313624678663239,0.0,<=0.5m,0.21327737504769173,0.1830065359477124,0.2857142857142857,0.5,1.0,33.70211261409053
1248921,Mohamed Ziane (1248921),19.8,Midfield,Midfield,FC Martigues,Marignane-Gignac-Côte-Bleue FC U19,National U19 - Grp. D,24/25,14790.0,0.0608519269776876,0.0,0.0608519269776876,,,0.20736360167874857,0.015873015873015872,0.5285714285714285,0.5,1.0,33.68616607014165
775988,Mathijs Marschalk (775988),21.6,Midfield - Central Midfield,Midfield,Vitesse Arnhem,Vitesse Arnhem U21,U21 Div. 1 Spring,24/25,12410.0,0.145044319097502,0.0,0.145044319097502,,,0.20736360167874857,0.20241691842900303,0.27142857142857124,0.5,1.0,33.675846212087656
925357,Kota Tawaratsumida (925357),22.3,Midfield - Left Midfield,Midfield,FC Tokyo,FC Tokyo,J1 League,2025,18070.0,0.0498063087991145,0.0049806308799114,0.054786939679026,800000.0,0.5-2m,0.4204502098435712,0.06896551724137931,0.17142857142857132,0.24203431372549022,1.0,33.62568688838006
1079311,Mamadou Pathe Balde (1079311),20.9,Midfield - Central Midfield,Midfield,US Pianese,Cagliari Primavera,Primavera 1,24/25,20860.0,0.0431447746883988,0.0,0.0431447746883988,125000.0,<=0.5m,0.20736360167874857,0.010070493454179255,0.3714285714285716,0.6836703431372548,1.0,33.61560966656311
1218974,Leo Haug Utkilen (1218974),21.4,Midfield - Central Midfield,Midfield,Stjørdals-Blink Fotball,Hamarkameratene,Norsk Tipping-Ligaen avd. 3,2025,7090.0,0.1269393511988716,0.0,0.1269393511988716,,,0.20736360167874857,0.1772406847935549,0.3000000000000002,0.5,1.0,33.57911192925066
1198887,Demir Yavuz (1198887),19.9,Midfield - Central Midfield,Midfield,Adana Demirspor U19,Adana Demirspor,Süper Lig,24/25,18880.0,0.0476694915254237,0.0,0.0476694915254237,,,0.20736360167874857,0.019133937562940583,0.5142857142857145,0.5,1.0,33.52933491874857
897651,Simone Lottici Tessadri (897651),20.1,Midfield - Defensive Midfield,Midfield,Cremonese Primavera,Cremonese Primavera,Primavera 1,24/25,32270.0,0.0278896808180973,0.0,0.0278896808180973,200000.0,<=0.5m,0.20736360167874857,0.0021008403361344537,0.4857142857142855,0.5553002450980392,1.0,33.47166735398852
969192,Ebenezer Akinsanmiro (969192),21.7,Midfield - Central Midfield,Midfield,Pisa Sporting Club,UC Sampdoria,Serie B Play-out,24/25,15180.0,0.0592885375494071,0.0059288537549407,0.0652173913043478,2000000.0,0.5-2m,0.42388401373521556,0.054380664652567974,0.25714285714285723,0.14522058823529416,1.0,33.45134109387452
823626,Simone Milazzo (823626),22.4,Midfield - Central Midfield,Midfield,US Città di Pontedera,US Vibonese,Play-off Serie D,24/25,12800.0,0.0703125,0.0,0.0703125,75000.0,<=0.5m,0.20736360167874857,0.06747230614300101,0.15714285714285733,0.8249080882352942,1.0,33.427206548518306
1220010,Yago Noal (1220010),19.5,Midfield - Attacking Midfield,Midfield,SC Internacional U20,Sport Club Internacional,CBF Brasileiro U20,2025,6860.0,0.1311953352769679,0.0,0.1311953352769679,500000.0,<=0.5m,0.20736360167874857,0.08235294117647059,0.5714285714285714,0.327359068627451,1.0,33.41746567331626
1045100,Rio Patterson-Powell (1045100),20.8,Midfield - Right Midfield,Midfield,Middlesbrough FC U21,Middlesbrough FC U21,Premier League 2,24/25,7060.0,0.1274787535410765,0.0,0.1274787535410765,,,0.20736360167874857,0.10526315789473684,0.3857142857142856,0.5,1.0,33.367034908905225
648041,Jamie Mullins (648041),21.9,Midfield - Attacking Midfield,Midfield,Wycombe Wanderers,Wycombe Wanderers,League One,25/26,5020.0,0.1792828685258964,0.0,0.1792828685258964,150000.0,<=0.5m,0.20736360167874857,0.12941176470588237,0.2285714285714288,0.6395526960784313,1.0,33.33775628956276
1181283,İsa Halidi (1181283),19.9,Midfield - Defensive Midfield,Midfield,Ankara Demirspor,Galatasaray,U19 Süper Lig,24/25,29230.0,0.0307902839548409,0.0,0.0307902839548409,,,0.20736360167874857,0.0063025210084033615,0.5142857142857145,0.5,1.0,33.247043754548756
923536,Andreas Myklebust (923536),21.1,Midfield - Central Midfield,Midfield,SK Træff,SK Træff,PostNord-ligaen Avd. 1,2025,15780.0,0.0570342205323193,0.0,0.0570342205323193,150000.0,<=0.5m,0.20736360167874857,0.04028197381671702,0.34285714285714264,0.6395526960784313,1.0,33.20547231857254
1119878,Alramid Assoumani (1119878),20.6,Midfield - Attacking Midfield,Midfield,Without Club,AC Le Havre U19,National U19 - Grp. A,24/25,7380.0,0.1219512195121951,0.0,0.1219512195121951,,,0.20736360167874857,0.07450980392156863,0.4142857142857141,0.5,1.0,33.14760397863839
1010852,Brandon Téllez (1010852),21.5,Midfield - Central Midfield,Midfield,CD Tapatío,CD Tapatío,Liga Expansión MX Cl.,24/25,5580.0,0.1612903225806451,0.0,0.1612903225806451,400000.0,<=0.5m,0.2215508559919436,0.2215508559919436,0.2857142857142857,0.3772977941176471,1.0,33.146649048592245
659520,Bilal Nadir (659520),22.7,Midfield - Central Midfield,Midfield,Olympique Marseille,Olympique Marseille,Ligue 1,24/25,3790.0,0.2374670184696569,0.0,0.2374670184696569,5000000.0,2-5m,0.33534743202416917,0.33534743202416917,0.1142857142857144,0.07521446078431371,1.0,33.00241980100197
1229903,Loiange Ondoa (1229903),21.4,Midfield - Attacking Midfield,Midfield,SV Ried,SV Ried II,Regional League Central,25/26,4420.0,0.2036199095022624,0.0,0.2036199095022624,,,0.20736360167874857,0.14901960784313725,0.3000000000000002,0.5,1.0,32.95824823634147
806015,Adriano Onyegbule (806015),20.2,Midfield - Attacking Midfield,Midfield,FC Basel 1893,FC Schaffhausen,Challenge League,24/25,6010.0,0.1497504159733777,0.0,0.1497504159733777,400000.0,<=0.5m,0.20736360167874857,0.10196078431372549,0.47142857142857153,0.3772977941176471,1.0,32.94798037919861
1111243,Gustav Nøhr (1111243),20.6,Midfield - Defensive Midfield,Midfield,Lecce Primavera,Bröndby IF U19,U19 Boys League,24/25,15770.0,0.0570703868103994,0.0,0.0570703868103994,,,0.20736360167874857,0.06512605042016807,0.4142857142857141,0.5,1.0,32.941161401607566
1249213,Evan Garot (1249213),20.6,Midfield - Attacking Midfield,Midfield,Olympique Saint-Quentin,Olympique Saint-Quentin,National 3 - Grp. E,24/25,7720.0,0.116580310880829,0.0,0.116580310880829,,,0.20736360167874857,0.06405228758169934,0.4142857142857141,0.5,1.0,32.917538619161256
1060905,Seme Yohannes (1060905),20.6,Midfield - Right Midfield,Midfield,BSC Old Boys,FC Concordia Basel,1. Liga gr. 2,24/25,13700.0,0.0656934306569343,0.0,0.0656934306569343,,,0.20736360167874857,0.06315789473684211,0.4142857142857141,0.5,1.0,32.8978619765744
1024557,Leo Haas (1024557),22.0,Midfield - Central Midfield,Midfield,FC Ingolstadt 04 II,TSV Rain/Lech,Bayernliga Süd,24/25,11910.0,0.1511335012594458,0.0,0.1511335012594458,0.0,<=0.5m,0.20736360167874857,0.2054380664652568,0.21428571428571427,0.5,1.0,32.82802575459952
899071,Karlo Valjan (899071),23.0,Midfield - Attacking Midfield,Midfield,HNK Orijent Rijeka,HNK Orijent Rijeka,Prva NL,24/25,7950.0,0.1132075471698113,0.0,0.1132075471698113,50000.0,<=0.5m,0.20736360167874857,0.05620915032679739,0.07142857142857142,0.8958333333333334,1.0,32.8009419805058
928013,Alfonso Celia (928013),21.4,Midfield - Defensive Midfield,Midfield,ASD San Vito Positano,Costa d'Amalfi,Serie D - H,24/25,10400.0,0.0865384615384615,0.0,0.0865384615384615,0.0,<=0.5m,0.20736360167874857,0.1407563025210084,0.3000000000000002,0.5,1.0,32.77645551925463
987724,Ivo Vukic (987724),22.6,Midfield - Attacking Midfield,Midfield,HNK Cibalia Vinkovci,NK BSK Bijelo Brdo,Prva NL,24/25,14990.0,0.0600400266844563,0.0,0.0600400266844563,50000.0,<=0.5m,0.20736360167874857,0.013071895424836602,0.12857142857142836,0.8958333333333334,1.0,32.766208086948375
1042945,Jonathan Shore (1042945),19.4,Midfield - Central Midfield,Midfield,New York City FC,New York City FC,MLS,2025,13200.0,0.0681818181818181,0.0,0.0681818181818181,600000.0,0.5-2m,0.20736360167874857,0.0649546827794562,0.585714285714286,0.2890625,1.0,32.72712345636906
1028954,Joona Moser (1028954),20.2,Midfield - Central Midfield,Midfield,FC La Chaux-de-Fonds,Team BEJUNE U19,U19 Elite Platzierungsspiele,24/25,20380.0,0.0441609421000981,0.0,0.0441609421000981,,,0.20736360167874857,0.013091641490433032,0.47142857142857153,0.5,1.0,32.710690119439114
1237939,Ilya Badenko (1237939),21.4,Midfield - Central Midfield,Midfield,FC Oleksandriya-2,FC Oleksandriya-2,Druga Liga,24/25,8860.0,0.1015801354401805,0.0,0.1015801354401805,,,0.20736360167874857,0.13746223564954682,0.3000000000000002,0.5,1.0,32.70398604808248
1004724,Bernardo Valim (1004724),20.6,Midfield - Attacking Midfield,Midfield,Botafogo FR U20,Botafogo FR U20,CBF Brasileiro U20,2025,8740.0,0.102974828375286,0.0,0.102974828375286,,,0.20736360167874857,0.048366013071895426,0.4142857142857141,0.5,1.0,32.57244057994557
726860,Jay Turner-Cooke (726860),22.6,Midfield - Attacking Midfield,Midfield,FC Halifax Town,FC Halifax Town,National League,25/26,4180.0,0.2153110047846889,0.0,0.2153110047846889,150000.0,<=0.5m,0.20736360167874857,0.1627450980392157,0.12857142857142836,0.6395526960784313,1.0,32.47108962289609
1052464,Fırat Sarı (1052464),22.0,Midfield - Central Midfield,Midfield,Karaköprü Belediye Spor,Kirikkale FK Spor Kulübü,3.Lig Playoff,24/25,13180.0,0.1365705614567526,0.0,0.1365705614567526,0.0,<=0.5m,0.20736360167874857,0.18831822759315206,0.21428571428571427,0.5,1.0,32.45138929941322
583013,Romeo Morandi (583013),22.9,Midfield - Central Midfield,Midfield,FC Paradiso,FC Lugano II,Promotion League,24/25,9580.0,0.0939457202505219,0.0,0.0939457202505219,100000.0,<=0.5m,0.20736360167874857,0.12185297079556898,0.08571428571428592,0.7486213235294117,1.0,32.4127093221353
1029227,Breno Bidon (1029227),21.5,Midfield - Central Midfield,Midfield,Sport Club Corinthians Paulista,Sport Club Corinthians Paulista,Copa do Brasil,2025,15350.0,0.0586319218241042,0.0058631921824104,0.0644951140065146,12000000.0,10m+,0.4235024799694773,0.05337361530715005,0.2857142857142857,0.039675245098039214,1.0,32.39419577839856
718161,Dawid Tkacz (718161),21.6,Midfield - Attacking Midfield,Midfield,Gornik Leczna,Gornik Leczna,Betclic 1 Liga,25/26,5580.0,0.1612903225806451,0.0,0.1612903225806451,200000.0,<=0.5m,0.20736360167874857,0.1084967320261438,0.27142857142857124,0.5553002450980392,1.0,32.3838055425973
1019950,Théo Chennahi (1019950),21.5,Midfield - Attacking Midfield,Midfield,Montpellier HSC,Montpellier HSC,Ligue 1,24/25,9580.0,0.0939457202505219,0.0,0.0939457202505219,150000.0,<=0.5m,0.20736360167874857,0.040522875816993466,0.2857142857142857,0.6395526960784313,1.0,32.29648644829292
1267571,Jimmy Martens (1267571),21.0,Midfield - Attacking Midfield,Midfield,SC Heerenveen U21,SC Heerenveen U21,U21 Div. 2 Spring,24/25,7270.0,0.123796423658872,0.0,0.123796423658872,,,0.20736360167874857,0.07712418300653595,0.35714285714285715,0.5,1.0,32.29083460422195
612749,Isaac Price (612749),22.9,Midfield - Central Midfield,Midfield,West Bromwich Albion,Standard Liège,Championship,24/25,10560.0,0.0852272727272727,0.0085227272727272,0.09375,3000000.0,2-5m,0.43876383059900803,0.12084592145015106,0.08571428571428592,0.1128982843137255,1.0,32.283640386486354
868810,Weverson (868810),23.0,Midfield - Defensive Midfield,Midfield,Manaus Futebol Clube,Independência FC,Série D,2025,7760.0,0.1159793814432989,0.0,0.1159793814432989,,,0.23529411764705882,0.23529411764705882,0.07142857142857142,0.5,1.0,32.260504201680675
1092436,Fernandinho (1092436),22.6,Midfield - Defensive Midfield,Midfield,FC Paços de Ferreira,Nova Iguaçu FC (RJ),Série D,2025,8450.0,0.1065088757396449,0.0,0.1065088757396449,,,0.2184873949579832,0.2184873949579832,0.12857142857142836,0.5,1.0,32.16638655462185
715357,Aleksey Baranovskiy (715357),21.6,Midfield - Attacking Midfield,Midfield,FC Ufa,FC Orenburg,Premier Liga,24/25,4720.0,0.1906779661016949,0.0,0.1906779661016949,250000.0,<=0.5m,0.20736360167874857,0.13856209150326798,0.27142857142857124,0.49188112745098034,1.0,32.157375804035205
1082639,Léo Azevedo (1082639),22.4,Midfield - Defensive Midfield,Midfield,SC União Torreense,SC União Torreense,Liga Portugal 2,24/25,23810.0,0.0377992440151197,0.0037799244015119,0.0415791684166316,900000.0,0.5-2m,0.41587180465471196,0.025210084033613446,0.15714285714285733,0.2244178921568627,1.0,32.01388663010035
698164,Freddie Potts (698164),22.9,Midfield - Defensive Midfield,Midfield,West Ham United,Portsmouth FC,Championship,24/25,30630.0,0.029382957884427,0.0117531831537708,0.0411361410381978,1400000.0,0.5-2m,0.46241892407478064,0.023109243697478993,0.08571428571428592,0.18290441176470584,1.0,32.012412812320655
839031,Leonel Pérez (839031),22.0,Midfield - Defensive Midfield,Midfield,CA Huracán,CA Huracán,Clausura,2025,6750.0,0.1333333333333333,0.0,0.1333333333333333,4500000.0,2-5m,0.28991596638655465,0.28991596638655465,0.21428571428571427,0.08226102941176472,1.0,31.97518382352942
877140,Gonçalo Nogueira (877140),22.6,Midfield - Central Midfield,Midfield,Vitória Guimarães SC,FC Paços de Ferreira,Liga Portugal 2,24/25,26150.0,0.034416826003824,0.0034416826003824,0.0378585086042065,600000.0,0.5-2m,0.41529950400610455,0.004028197381671702,0.12857142857142836,0.2890625,1.0,31.97401935177161
698110,Lorenzo Malagrida (698110),22.8,Midfield - Left Midfield,Midfield,UC Sampdoria,Rimini FC,Playoff Serie C,24/25,15770.0,0.1141407736207989,0.0,0.1141407736207989,150000.0,<=0.5m,0.20736360167874857,0.16091954022988506,0.0999999999999999,0.6395526960784313,1.0,31.973784493947953
711999,Lesley Ugochukwu (711999),22.4,Midfield - Defensive Midfield,Midfield,Burnley FC,Southampton FC,Premier League,24/25,16630.0,0.0541190619362597,0.0108238123872519,0.0649428743235117,18000000.0,10m+,0.4549790156428844,0.07983193277310924,0.15714285714285733,0.024356617647058876,1.0,31.900783476782557
1093926,Dantas (1093926),22.1,Midfield - Defensive Midfield,Midfield,Grêmio Novorizontino,Grêmio Novorizontino,Série B,2025,18670.0,0.096411355115158,0.0,0.096411355115158,250000.0,<=0.5m,0.20736360167874857,0.17647058823529413,0.1999999999999998,0.49188112745098034,1.0,31.848505589282638
1169049,Cebrail İrtürk (1169049),21.5,Midfield - Central Midfield,Midfield,Muglaspor,Bucaspor 1928,2.Lig Kirmizi,24/25,18740.0,0.048025613660619,0.0,0.048025613660619,150000.0,<=0.5m,0.20736360167874857,0.02014098690835851,0.2857142857142857,0.6395526960784313,1.0,31.848084892302943
941441,Darius Lipsiuc (941441),20.9,Midfield - Central Midfield,Midfield,Solihull Moors,Stoke City,Premier League 2,24/25,14660.0,0.0613915416098226,0.0,0.0613915416098226,,,0.20736360167874857,0.04632426988922457,0.3714285714285716,0.5,1.0,31.84180794421253
887816,Rokas Pukstas (887816),22.0,Midfield - Attacking Midfield,Midfield,HNK Hajduk Split,HNK Hajduk Split,SuperSport HNL,24/25,16520.0,0.1089588377723971,0.0054479418886198,0.1144067796610169,5000000.0,2-5m,0.42216711178939337,0.058823529411764705,0.21428571428571427,0.07521446078431371,1.0,31.818041774607593
1119417,Ilan Ihaddadene (1119417),21.2,Midfield - Attacking Midfield,Midfield,Lyon - La Duchère,Clermont Foot 63 B,National 3 - Grp. I,24/25,7290.0,0.1234567901234567,0.0,0.1234567901234567,,,0.20736360167874857,0.07581699346405228,0.3285714285714287,0.5,1.0,31.804933577144457
920361,Ilya Sokolov (920361),21.9,Midfield - Central Midfield,Midfield,Arsenal-2 Tula,Arsenal-2 Tula,2. Division B,2025,8340.0,0.1079136690647482,0.0,0.1079136690647482,,,0.20736360167874857,0.14602215508559918,0.2285714285714288,0.5,1.0,31.74944713281849
1279526,Christ Inao Oulaï (1279526),20.4,Midfield - Central Midfield,Midfield,Trabzonspor,SC Bastia,Ligue 2,24/25,9450.0,0.0952380952380952,0.0,0.0952380952380952,600000.0,0.5-2m,0.20736360167874857,0.12386706948640483,0.44285714285714306,0.2890625,1.0,31.73748167820764
796303,Leo Castledine (796303),21.0,Midfield - Attacking Midfield,Midfield,Huddersfield Town,Shrewsbury Town,League One,24/25,7280.0,0.2472527472527472,0.0,0.2472527472527472,1000000.0,0.5-2m,0.22853872567722244,0.19738562091503267,0.35714285714285715,0.20634191176470584,1.0,31.630027714856766
1211302,Matteo Heremans (1211302),20.6,Midfield - Attacking Midfield,Midfield,Oud-Heverlee Leuven U23,Oud-Heverlee Leuven U23,1ste Nationale VV,24/25,23250.0,0.0387096774193548,0.0,0.0387096774193548,,,0.20736360167874857,0.00261437908496732,0.4142857142857141,0.5,1.0,31.565904632233156
941437,Filip Lörincz (941437),21.7,Midfield - Attacking Midfield,Midfield,FC Viktoria Plzen B,FC Viktoria Plzen B,CFL,25/26,5240.0,0.1717557251908396,0.0,0.1717557251908396,,,0.20736360167874857,0.11633986928104575,0.25714285714285723,0.5,1.0,31.55357970226117
946974,Fabijan Krivak (946974),21.5,Midfield - Attacking Midfield,Midfield,NK Lokomotiva Zagreb,NK Lokomotiva Zagreb,SuperSport HNL,25/26,4030.0,0.2233250620347394,0.0,0.2233250620347394,400000.0,<=0.5m,0.20736360167874857,0.17254901960784313,0.2857142857142857,0.3772977941176471,1.0,31.529492984240626
1186087,Antonio Memeo (1186087),22.5,Midfield - Central Midfield,Midfield,Ragusa Calcio,Ragusa Calcio,Serie D - I,24/25,16710.0,0.0538599640933572,0.0,0.0538599640933572,100000.0,<=0.5m,0.20736360167874857,0.035246727089627394,0.14285714285714285,0.7486213235294117,1.0,31.4216576748903
1249340,Alassane Diatta (1249340),21.3,Midfield - Central Midfield,Midfield,Villarreal CF B,Villarreal CF,Primera Federación - Gr. II,24/25,16750.0,0.053731343283582,0.0,0.053731343283582,200000.0,<=0.5m,0.20736360167874857,0.03323262839879154,0.31428571428571417,0.5553002450980392,1.0,31.41370954850984
827710,Xavi Woudstra (827710),21.6,Midfield - Central Midfield,Midfield,Almere City FC U23,SC Heerenveen U21,U21 Div. 2 Spring,24/25,10580.0,0.0850661625708884,0.0,0.0850661625708884,,,0.20736360167874857,0.09768378650553877,0.27142857142857124,0.5,1.0,31.37171730977144
866756,Abubakar Inalkaev (866756),22.1,Midfield - Defensive Midfield,Midfield,Kyzyltash Bakhchysarai,TBS Pinneberg,Landesliga Hammonia,24/25,10170.0,0.0884955752212389,0.0,0.0884955752212389,0.0,<=0.5m,0.20736360167874857,0.14705882352941177,0.1999999999999998,0.5,1.0,31.315110981439503
670309,Matej Angelov (670309),22.1,Midfield - Defensive Midfield,Midfield,Rabotnicki Skopje,LNZ Cherkasy,Prva liga,24/25,9860.0,0.0912778904665314,0.0,0.0912778904665314,250000.0,<=0.5m,0.20736360167874857,0.15126050420168066,0.1999999999999998,0.49188112745098034,1.0,31.293883740543137
964087,Alphadjo Cissè (964087),19.8,Midfield - Attacking Midfield,Midfield,US Catanzaro,Hellas Verona,Serie A,24/25,6570.0,0.136986301369863,0.0,0.136986301369863,1000000.0,0.5-2m,0.20736360167874857,0.09215686274509804,0.5285714285714285,0.20634191176470584,1.0,31.253197466033345
930995,Tiago Codinha (930995),21.1,Midfield - Attacking Midfield,Midfield,FC Volendam U21,FC Twente Enschede U21,U21 Div. 1 Spring,24/25,20150.0,0.0893300248138957,0.0,0.0893300248138957,,,0.20736360167874857,0.03790849673202614,0.34285714285714264,0.5,1.0,31.199518077611305
911736,Sverre Nypan (911736),19.7,Midfield - Central Midfield,Midfield,Middlesbrough FC,Rosenborg BK,Eliteserien,2025,6550.0,0.1374045801526717,0.0,0.1374045801526717,15000000.0,10m+,0.20736360167874857,0.18932527693857,0.5428571428571429,0.030637254901960786,1.0,31.159608810782725
1111733,Eduardo Vinícius (1111733),21.4,Midfield - Defensive Midfield,Midfield,Cuiabá EC U20,Cuiabá EC U20,CBF Brasileiro U20,2025,15350.0,0.0586319218241042,0.0,0.0586319218241042,,,0.20736360167874857,0.06722689075630252,0.3000000000000002,0.5,1.0,31.15880846043111
1096507,Alexandre Pena (1096507),21.5,Midfield - Attacking Midfield,Midfield,RB Bragantino U20,RB Bragantino U20,CBF Brasileiro U20,2025,7440.0,0.1209677419354838,0.0,0.1209677419354838,,,0.20736360167874857,0.07254901960784314,0.2857142857142857,0.5,1.0,31.04732386659357
792380,Aleksandar Pavlovic (792380),22.3,Midfield - Defensive Midfield,Midfield,Bayern Munich,Bayern Munich,Bundesliga,24/25,14580.0,0.0617283950617283,0.0061728395061728,0.0679012345679012,55000000.0,10m+,0.42560091568103775,0.09243697478991597,0.17142857142857132,0.0027573529411765163,1.0,30.9879083252912
795909,Luan Simnica (795909),22.6,Midfield - Defensive Midfield,Midfield,FC Erzgebirge Aue,SV Sandhausen,3. Liga,24/25,9540.0,0.0943396226415094,0.0,0.0943396226415094,225000.0,<=0.5m,0.20736360167874857,0.17016806722689076,0.12857142857142836,0.5170036764705883,1.0,30.918708670515137
881261,Joshua Johnson (881261),21.9,Midfield - Central Midfield,Midfield,Oxford United,Maidenhead United,National League,24/25,10420.0,0.0863723608445297,0.0,0.0863723608445297,0.0,<=0.5m,0.20736360167874857,0.10171198388721048,0.2285714285714288,0.5,1.0,30.774623366453934
812398,Jack Griffiths (812398),21.1,Midfield - Attacking Midfield,Midfield,Rochdale AFC,Stoke City U21,Premier League 2,24/25,12980.0,0.0693374422187981,0.0,0.0693374422187981,,,0.20736360167874857,0.018300653594771243,0.34285714285714264,0.5,1.0,30.768145528591695
718316,Monsuru Opeyemi (718316),23.0,Midfield - Attacking Midfield,Midfield,FC Cincinnati 2,FC Cincinnati 2,MLS Next Pro,2025,3750.0,0.24,0.0,0.24,0.0,<=0.5m,0.2219572682182373,0.1895424836601307,0.07142857142857142,0.5,1.0,30.74716797567304
663264,Darko Gyabi (663264),22.5,Midfield - Central Midfield,Midfield,Hull City,Plymouth Argyle,Championship,24/25,28530.0,0.0315457413249211,0.0063091482649842,0.0378548895899053,1800000.0,0.5-2m,0.42617321632964517,0.0030211480362537764,0.14285714285714285,0.1556372549019608,1.0,30.72568333166583
1008000,Giulio Dema (1008000),22.3,Midfield - Defensive Midfield,Midfield,UC Sinalunghese,San Donato Tavarnelle,Serie D - E,24/25,10500.0,0.0857142857142857,0.0,0.0857142857142857,0.0,<=0.5m,0.20736360167874857,0.13655462184873948,0.17142857142857132,0.5,1.0,30.626875687321853
741537,Mani (741537),21.6,Midfield - Central Midfield,Midfield,CD Mafra,Torino Primavera,Primavera 1,24/25,13230.0,0.0680272108843537,0.0,0.0680272108843537,0.0,<=0.5m,0.20736360167874857,0.0634441087613293,0.27142857142857124,0.5,1.0,30.618444399398832
1075719,Rhys Youlley (1075719),21.5,Midfield - Attacking Midfield,Midfield,Sydney FC,KVC Westerlo,JPL Europe PO,24/25,15240.0,0.0590551181102362,0.0,0.0590551181102362,200000.0,<=0.5m,0.20736360167874857,0.01045751633986928,0.2857142857142857,0.5553002450980392,1.0,30.45551422607069
1065440,Mauro Echegoyen (1065440),21.5,Midfield - Central Midfield,Midfield,CA Osasuna Promesas,CA Osasuna Promesas,Primera Federación - Gr. I,24/25,21240.0,0.0423728813559322,0.0,0.0423728813559322,200000.0,<=0.5m,0.20736360167874857,0.008056394763343404,0.2857142857142857,0.5553002450980392,1.0,30.40268955138712
747951,Shea Charles (747951),22.8,Midfield - Defensive Midfield,Midfield,Southampton FC,Sheffield Wednesday,Championship,24/25,36390.0,0.0247320692497939,0.0123660346248969,0.0370981038746908,10000000.0,5-10m,0.46699732926363985,0.014705882352941176,0.0999999999999999,0.04503676470588236,1.0,30.299942629665377
1046520,Maxim Leclercq (1046520),21.2,Midfield - Central Midfield,Midfield,FC Stade Nyonnais,Servette FC U21,1. Liga gr. 1,24/25,22540.0,0.0399290150842945,0.0,0.0399290150842945,,,0.20736360167874857,0.006042296072507553,0.3285714285714287,0.5,1.0,30.26989023453047
1020450,Noah De Moerloose (1020450),22.5,Midfield - Attacking Midfield,Midfield,RSC Tilffois,CS Pays Vert Ostiches Ath,2de Nationale ACFF,24/25,9410.0,0.1912858660998937,0.0,0.1912858660998937,,,0.20736360167874857,0.13986928104575164,0.14285714285714285,0.5,1.0,30.24265533251327
1221317,Riquelme (1221317),20.0,Midfield - Attacking Midfield,Midfield,Grêmio Foot-Ball Porto Alegrense,Grêmio Foot-Ball Porto Alegrense,Série A,2025,11570.0,0.1555747623163353,0.0,0.1555747623163353,2000000.0,0.5-2m,0.20736360167874857,0.10588235294117647,0.5,0.14522058823529416,1.0,30.24231686379245
1271301,Jeremías Gallard (1271301),22.4,Midfield - Attacking Midfield,Midfield,Cerro Largo FC,Cerro Largo FC,Liga AUF Clausura,2025,5100.0,0.1764705882352941,0.0,0.1764705882352941,,,0.20736360167874857,0.12810457516339868,0.15714285714285733,0.5,1.0,30.212403231672937
992170,Tygo Grotenhuis (992170),21.4,Midfield - Attacking Midfield,Midfield,De Graafschap Doetinchem U21,De Graafschap Doetinchem U21,U21 Div. 2 Spring,24/25,23580.0,0.0763358778625954,0.0,0.0763358778625954,,,0.20736360167874857,0.022222222222222223,0.3000000000000002,0.5,1.0,30.168705752681333
1065668,Mathise Reumers (1065668),22.4,Midfield - Attacking Midfield,Midfield,Sporting Hasselt,Sporting Hasselt,1ste Nationale VV,24/25,5140.0,0.1750972762645914,0.0,0.1750972762645914,0.0,<=0.5m,0.20736360167874857,0.12156862745098039,0.15714285714285733,0.5,1.0,30.06861238199973
1081284,Diogo Grima (1081284),22.4,Midfield - Defensive Midfield,Midfield,Estoril Praia U23,Estoril Praia U23,U-23 Cup Portugal,24/25,11120.0,0.0809352517985611,0.0,0.0809352517985611,,,0.20736360167874857,0.11974789915966387,0.15714285714285733,0.5,1.0,30.02855635959077
940548,Bogdan Mircetic (940548),20.8,Midfield - Attacking Midfield,Midfield,Raków Częstochowa,FK Radnicki 1923 Kragujevac,Super liga Srbije,25/26,4180.0,0.2153110047846889,0.0,0.2153110047846889,1500000.0,0.5-2m,0.20736360167874857,0.1627450980392157,0.3857142857142856,0.17080269607843135,1.0,30.022875337181798
1073115,Yanis da Rocha (1073115),22.3,Midfield - Defensive Midfield,Midfield,SC Braga B,SC Braga B,Liga 3 - Relegation round,24/25,11640.0,0.0773195876288659,0.0,0.0773195876288659,,,0.20736360167874857,0.10504201680672269,0.17142857142857132,0.5,1.0,29.933598376397484
913170,Finn Paul (913170),21.9,Midfield - Defensive Midfield,Midfield,SSV Ehingen-Süd 1974,SSV Ehingen-Süd 1974,VL Württemberg,24/25,15810.0,0.0569259962049335,0.0,0.0569259962049335,0.0,<=0.5m,0.20736360167874857,0.06302521008403361,0.2285714285714288,0.5,1.0,29.923514342784046
898809,Konstantinos Mavropoulos (898809),21.6,Midfield - Attacking Midfield,Midfield,Aspis Pylas,Panserraikos U19,Super League U19,24/25,10770.0,0.0835654596100278,0.0,0.0835654596100278,,,0.20736360167874857,0.02875816993464052,0.27142857142857124,0.5,1.0,29.855353745211676
1160473,Filip Przybulek (1160473),22.9,Midfield - Attacking Midfield,Midfield,Widzew Lodz II,Widzew Lodz II,Betclic 3 Liga - Group I,25/26,4200.0,0.2142857142857143,0.0,0.2142857142857143,0.0,<=0.5m,0.20736360167874857,0.16013071895424835,0.08571428571428592,0.5,1.0,29.77412125221448
1001788,Ibrahim Fofana (1001788),22.9,Midfield - Defensive Midfield,Midfield,Amiens SC,Amiens SC,Ligue 2,24/25,8930.0,0.1007838745800671,0.0,0.1007838745800671,300000.0,<=0.5m,0.20736360167874857,0.19327731092436976,0.08571428571428592,0.4431678921568627,1.0,29.707696765753234
728386,Rafet Baralija (728386),21.7,Midfield - Right Midfield,Midfield,FC Vaduz II,FC Wil 1900 II,2. Liga Inter - Gr. 4,24/25,17360.0,0.0518433179723502,0.0,0.0518433179723502,0.0,<=0.5m,0.20736360167874857,0.031578947368421054,0.25714285714285723,0.5,1.0,29.68883942018342
951697,Emirhan Yılmaz (951697),22.3,Midfield - Central Midfield,Midfield,Beykoz Ishakli Spor,Düzcespor,3.Lig Playoff,24/25,10840.0,0.0830258302583025,0.0,0.0830258302583025,0.0,<=0.5m,0.20736360167874857,0.09365558912386707,0.17142857142857132,0.5,1.0,29.683096967374667
1168296,Raid Najjar (1168296),21.9,Midfield - Attacking Midfield,Midfield,De Graafschap Doetinchem U21,De Graafschap Doetinchem U21,U21 Div. 2 Spring,24/25,8610.0,0.1045296167247386,0.0,0.1045296167247386,,,0.20736360167874857,0.04967320261437908,0.2285714285714288,0.5,1.0,29.629770178451647
957732,Kevin Shkurti (957732),22.1,Midfield - Defensive Midfield,Midfield,RFC Lüttich,Oud-Heverlee Leuven U23,1ste Nationale VV,24/25,14950.0,0.060200668896321,0.0,0.060200668896321,,,0.20736360167874857,0.06932773109243698,0.1999999999999998,0.5,1.0,29.605026947826058
1073288,Milan Smits (1073288),21.8,Midfield - Central Midfield,Midfield,De Graafschap Doetinchem,Royal Antwerp FC,JPL Champions PO,24/25,16190.0,0.0555898702903026,0.0,0.0555898702903026,250000.0,<=0.5m,0.20736360167874857,0.03726082578046324,0.24285714285714274,0.49188112745098034,1.0,29.47160510099065
917104,Derek Mazou-Sacko (917104),21.9,Midfield - Central Midfield,Midfield,Millwall FC,Rodez AF,Ligue 2,24/25,9850.0,0.0913705583756345,0.0,0.0913705583756345,400000.0,<=0.5m,0.20736360167874857,0.11178247734138973,0.2285714285714288,0.3772977941176471,1.0,29.27834334009294
1018224,Wiktor Nowak (1018224),21.9,Midfield - Attacking Midfield,Midfield,Wisla Plock,Wisla Plock,Ekstraklasa,25/26,5110.0,0.1761252446183953,0.0,0.1761252446183953,450000.0,<=0.5m,0.20736360167874857,0.12679738562091503,0.2285714285714288,0.35340073529411764,1.0,29.274112498713084
902683,Yan Britschgi (902683),22.8,Midfield - Central Midfield,Midfield,SC Buochs,FC Schötz,1. Liga gr. 2,24/25,9350.0,0.0962566844919786,0.0,0.0962566844919786,0.0,<=0.5m,0.20736360167874857,0.12588116817724068,0.0999999999999999,0.5,1.0,29.24920256369174
764737,Shemron Phillips (764737),22.1,Midfield,Midfield,Chapelton Maroons,Vere United FC,Jamaica Premier League,24/25,13200.0,0.0681818181818181,0.0,0.0681818181818181,,,0.20736360167874857,0.047619047619047616,0.1999999999999998,0.5,1.0,29.127435911411492
814482,Alessandro Pellitteri (814482),22.6,Midfield - Central Midfield,Midfield,Latina Calcio 1932,Campobasso FC,Serie C-B,24/25,21060.0,0.0427350427350427,0.0,0.0427350427350427,150000.0,<=0.5m,0.20736360167874857,0.00906344410876133,0.12857142857142836,0.6395526960784313,1.0,29.090093236426085
726705,Samuel Justo (726705),22.4,Midfield - Central Midfield,Midfield,Sporting CP B,SC Farense,Liga Portugal,24/25,8050.0,0.1118012422360248,0.0,0.1118012422360248,400000.0,<=0.5m,0.20736360167874857,0.15458207452165157,0.15714285714285733,0.3772977941176471,1.0,29.077077335201558
726453,Georgios Prountzos (726453),23.0,Midfield - Defensive Midfield,Midfield,Volos NPS,Volos NPS,SL1 Play-out,24/25,12070.0,0.0745650372825186,0.0,0.0745650372825186,200000.0,<=0.5m,0.20736360167874857,0.10294117647058823,0.07142857142857142,0.5553002450980392,1.0,29.061583320375078
1178475,Mohamed Bamba (1178475),21.9,Midfield - Defensive Midfield,Midfield,Gil Vicente FC,Gil Vicente FC,Liga Portugal,24/25,15880.0,0.1133501259445843,0.0,0.1133501259445843,3000000.0,2-5m,0.22899159663865545,0.22899159663865545,0.2285714285714288,0.1128982843137255,1.0,28.97721463585435
964065,Mitch Beardmore (964065),21.9,Midfield - Attacking Midfield,Midfield,Bath City,Bath City,National League South,24/25,12440.0,0.0723472668810289,0.0,0.0723472668810289,0.0,<=0.5m,0.20736360167874857,0.0196078431372549,0.2285714285714288,0.5,1.0,28.968332269954917
907430,Jonantán Villal (907430),21.6,Midfield - Attacking Midfield,Midfield,Atlético de San Luis,Atlético de San Luis U21,Liga MX U21 Apertura,25/26,6190.0,0.1453957996768982,0.0,0.1453957996768982,500000.0,<=0.5m,0.20736360167874857,0.09803921568627451,0.27142857142857124,0.327359068627451,1.0,28.962563712531942
666551,Maestro (666551),23.0,Midfield - Defensive Midfield,Midfield,Alanyaspor,Adana Demirspor,Süper Lig,24/25,28990.0,0.0310451879958606,0.003104518799586,0.0341497067954467,2500000.0,2-5m,0.41472720335749713,0.008403361344537815,0.07142857142857142,0.12745098039215685,1.0,28.871678545512058
982575,Gustavo Sá (982575),21.8,Midfield - Attacking Midfield,Midfield,FC Famalicão,FC Famalicão,Liga Portugal,25/26,3340.0,0.2694610778443114,0.0,0.2694610778443114,16000000.0,10m+,0.25343380389164444,0.2235294117647059,0.24285714285714274,0.02711397058823528,1.0,28.813441480655595
984817,Yacouba Maïga (984817),22.3,Midfield - Defensive Midfield,Midfield,CD Mafra,CD Mafra,Liga Portugal 2,24/25,13650.0,0.0659340659340659,0.0,0.0659340659340659,300000.0,<=0.5m,0.20736360167874857,0.0861344537815126,0.17142857142857132,0.4431678921568627,1.0,28.721982480038942
1054042,David Bauer (1054042),22.2,Midfield - Attacking Midfield,Midfield,MFK Chrudim,MFK Chrudim,Chance Liga Relegation PO,24/25,20120.0,0.0447316103379721,0.0,0.0447316103379721,200000.0,<=0.5m,0.20736360167874857,0.00392156862745098,0.1857142857142858,0.5553002450980392,1.0,28.71172337639749
1086885,Héctor López (1086885),23.0,Midfield,Midfield,Mazatlán FC U21,Mazatlán FC U23,Liga MX U23 Clausura,24/25,7840.0,0.1147959183673469,0.0,0.1147959183673469,,,0.20736360167874857,0.1111111111111111,0.07142857142857142,0.5,1.0,28.46711845109403
1032381,Noa Donat (1032381),22.9,Midfield - Central Midfield,Midfield,Paris 13 Atletico,SC Bastia B,National 3 - Grp. D,24/25,10810.0,0.0832562442183163,0.0,0.0832562442183163,,,0.20736360167874857,0.094662638469285,0.08571428571428592,0.5,1.0,28.333823481545295
704585,Kauã Jesus (704585),23.0,Midfield - Attacking Midfield,Midfield,Guarani Futebol Clube (SP),São Bernardo FC,Série C,2025,5920.0,0.152027027027027,0.0,0.152027027027027,,,0.20736360167874857,0.10457516339869281,0.07142857142857142,0.5,1.0,28.323327601420832
961667,Dorian Fanni (961667),22.3,Midfield - Central Midfield,Midfield,Stade Brest 29 B,USC Corte,National 3 - Grp. J,24/25,17210.0,0.052295177222545,0.0,0.052295177222545,0.0,<=0.5m,0.20736360167874857,0.030211480362537766,0.17142857142857132,0.5,1.0,28.287326574625414
940135,Christos Papadopoulos (940135),21.8,Midfield - Attacking Midfield,Midfield,Atalanta U23,Juventus Next Gen,Serie A,24/25,5120.0,0.17578125,0.0,0.17578125,700000.0,0.5-2m,0.20736360167874857,0.12418300653594772,0.24285714285714274,0.2643995098039216,1.0,28.199150430552482
982367,Luka Kapulica (982367),21.6,Midfield - Attacking Midfield,Midfield,NK Karlovac 1919,HNK Gorica,SuperSport HNL,24/25,8890.0,0.1012373453318335,0.0,0.1012373453318335,450000.0,<=0.5m,0.20736360167874857,0.0457516339869281,0.27142857142857124,0.35340073529411764,1.0,28.17682024847965
694901,Jamie McDonnell (694901),22.5,Midfield - Defensive Midfield,Midfield,Mansfield Town,Colchester United,League Two,24/25,26090.0,0.0344959754695285,0.0,0.0344959754695285,200000.0,<=0.5m,0.20736360167874857,0.01050420168067227,0.14285714285714285,0.5553002450980392,1.0,28.170827017854073
700472,Jack Stott (700472),22.7,Midfield - Central Midfield,Midfield,Queen of the South FC,Middlesbrough FC U21,Premier League 2,24/25,13300.0,0.0676691729323308,0.0,0.0676691729323308,,,0.20736360167874857,0.06243705941591138,0.1142857142857144,0.5,1.0,28.08200359951393
984252,Nathan De Raes (984252),23.0,Midfield - Defensive Midfield,Midfield,KVK Ninove,KVK Ninove,1ste Nationale VV,24/25,13450.0,0.0669144981412639,0.0,0.0669144981412639,,,0.20736360167874857,0.09033613445378151,0.07142857142857142,0.5,1.0,28.010068964632783
939217,Victor Halvorsen (939217),22.1,Midfield - Central Midfield,Midfield,Sarpsborg 08 FF,Sarpsborg 08 FF,Eliteserien,2025,13310.0,0.135236664162284,0.0,0.135236664162284,1000000.0,0.5-2m,0.20736360167874857,0.18328298086606243,0.1999999999999998,0.20634191176470584,1.0,28.000829207551703
727084,Mert Kabasakal (727084),22.3,Midfield - Defensive Midfield,Midfield,Polatli 1926 Spor Kulübü,Polatli 1926 Spor Kulübü,3.Lig Grup 4,24/25,23660.0,0.0380388841927303,0.0,0.0380388841927303,0.0,<=0.5m,0.20736360167874857,0.01680672268907563,0.17142857142857132,0.5,1.0,27.992421905809252
806305,Noa Dundas (806305),22.3,Midfield - Central Midfield,Midfield,FC Utrecht U21,FC Utrecht U21,Keuken Kampioen Divisie,24/25,14410.0,0.0624566273421235,0.0,0.0624566273421235,300000.0,<=0.5m,0.20736360167874857,0.04934541792547835,0.17142857142857132,0.4431678921568627,1.0,27.912623691206186
1068110,Rabby Nzingoula (1068110),20.7,Midfield - Defensive Midfield,Midfield,RC Strasbourg Alsace,Montpellier HSC,Ligue 1,24/25,17220.0,0.0522648083623693,0.0,0.0522648083623693,2500000.0,2-5m,0.20736360167874857,0.0546218487394958,0.4000000000000001,0.12745098039215685,1.0,27.265811261551555
999130,Quinton Elliot (999130),22.6,Midfield - Attacking Midfield,Midfield,Columbus Crew 2,Columbus Crew 2,MLS Next Pro,2025,17050.0,0.0527859237536656,0.0,0.0527859237536656,,,0.20736360167874857,0.00784313725490196,0.12857142857142836,0.5,1.0,27.10950874054314
920946,Max Grüger (920946),21.2,Midfield - Defensive Midfield,Midfield,FC Schalke 04,FC Schalke 04,2. Bundesliga,24/25,14100.0,0.0638297872340425,0.0,0.0638297872340425,2000000.0,0.5-2m,0.20736360167874857,0.07773109243697479,0.3285714285714287,0.14522058823529416,1.0,26.88013198984287
846310,Oscar Højlund (846310),21.6,Midfield - Central Midfield,Midfield,Eintracht Frankfurt,Eintracht Frankfurt,Bundesliga,24/25,7130.0,0.126227208976157,0.0,0.126227208976157,7500000.0,5-10m,0.20736360167874857,0.17421953675730112,0.27142857142857124,0.05698529411764708,1.0,26.853297932957272
779244,Ivan Varfolomeev (779244),22.4,Midfield - Defensive Midfield,Midfield,Lincoln City,FC Slovan Liberec,Chance Liga Placement PO,24/25,12690.0,0.0709219858156028,0.0,0.0709219858156028,600000.0,0.5-2m,0.20736360167874857,0.09663865546218488,0.15714285714285733,0.2890625,1.0,26.56702799824623
692737,Aljoscha Kemlein (692737),22.0,Midfield - Defensive Midfield,Midfield,1.FC Union Berlin,1.FC Union Berlin,Bundesliga,24/25,9240.0,0.0974025974025974,0.0,0.0974025974025974,7000000.0,5-10m,0.20736360167874857,0.18487394957983194,0.21428571428571427,0.060049019607843146,1.0,26.21630145762998
682568,Cedric Hatenboer (682568),21.4,Midfield - Defensive Midfield,Midfield,RSC Anderlecht,Excelsior Rotterdam,Keuken Kampioen Divisie,24/25,17660.0,0.0509626274065685,0.0,0.0509626274065685,1500000.0,0.5-2m,0.20736360167874857,0.04831932773109244,0.3000000000000002,0.17080269607843135,1.0,26.13407981897452
864799,Stefan Bajcetic (864799),21.8,Midfield - Defensive Midfield,Midfield,Liverpool FC,Red Bull Salzburg,LaLiga,24/25,9750.0,0.0923076923076923,0.0,0.0923076923076923,9000000.0,5-10m,0.20736360167874857,0.15546218487394958,0.24285714285714274,0.048866421568627416,1.0,25.869829118694405
936235,Takumi Tsuchiya (936235),22.8,Midfield - Defensive Midfield,Midfield,Ventforet Kofu,Ventforet Kofu,J2 League,2025,22400.0,0.0401785714285714,0.0,0.0401785714285714,450000.0,<=0.5m,0.20736360167874857,0.02100840336134454,0.0999999999999999,0.35340073529411764,1.0,24.88961203185967
923759,Valentin Atangana (923759),21.0,Midfield - Central Midfield,Midfield,Al-Ahli SFC,Stade Reims,L1/L2 Playoffs,24/25,28670.0,0.031391698639693,0.0,0.031391698639693,10000000.0,5-10m,0.20736360167874857,0.0010070493454179255,0.35714285714285715,0.04503676470588236,1.0,24.24677236955971
670717,Dário Essugo (670717),21.4,Midfield - Defensive Midfield,Midfield,Chelsea FC,UD Las Palmas,LaLiga,24/25,19520.0,0.0461065573770491,0.0,0.0461065573770491,20000000.0,10m+,0.20736360167874857,0.03571428571428571,0.3000000000000002,0.021752450980392135,1.0,23.770065463232225
842420,Nathan-Dylan Saliba (842420),22.5,Midfield - Central Midfield,Midfield,RSC Anderlecht,CF Montréal,MLS,2025,12650.0,0.0711462450592885,0.0,0.0711462450592885,3500000.0,2-5m,0.20736360167874857,0.06948640483383686,0.14285714285714285,0.10125612745098034,1.0,23.111817840164868
931160,Djaoui Cissé (931160),22.5,Midfield - Central Midfield,Midfield,Stade Rennais FC,Stade Rennais FC,Ligue 1,24/25,11300.0,0.079646017699115,0.0,0.079646017699115,8000000.0,5-10m,0.20736360167874857,0.08358509566968782,0.14285714285714285,0.05346200980392157,1.0,22.752871391494764
667457,Leon Avdullahu (667457),22.5,Midfield - Defensive Midfield,Midfield,TSG 1899 Hoffenheim,FC Basel 1893,Swiss Cup,24/25,29860.0,0.030140656396517,0.0,0.030140656396517,10000000.0,5-10m,0.20736360167874857,0.004201680672268907,0.14285714285714285,0.04503676470588236,1.0,20.888482830179
