player_id,player_name,age,position,main_position,current_club_name,team_name,competition_name,season,minutes_played_num,goals_per90,assists_per90,ga_per90,market_value_eur,value_band,spike_score,production_pct,age_upside,affordability,minutes_confidence,hidden_gem_score
1112283,Mika Lehnfeld (1112283),20.7,Attack - Right Winger,Attack,VfB Lübeck,VfB Lübeck II,Oberliga Schleswig-Holstein,24/25,1513.0,0.0594844679444811,0.5353602115003304,0.5948446794448116,25000.0,<=0.5m,0.9777777777777777,0.9777777777777777,0.4000000000000001,0.9827586206896551,0.6052,84.87728735632186
1154305,Simone Ischia (1154305),19.9,Midfield - Central Midfield,Midfield,Chievo Verona,US Lavis,Serie D - C,24/25,1313.0,0.1370906321401371,0.4798172124904798,0.6169078446306169,125000.0,<=0.5m,0.9869281045751634,0.9869281045751634,0.5142857142857145,0.7257053291536051,0.5252,82.85613231123172
1049333,Walter Coscia (1049333),20.9,Midfield - Right Midfield,Midfield,Guidonia Montecelio 1937 FC,Gelbison,Serie D - G,24/25,1040.0,0.173076923076923,0.8653846153846154,1.0384615384615383,100000.0,<=0.5m,1.0,1.0,0.3714285714285716,0.7852664576802508,0.416,81.09658755038066
1048151,Daniele Pollio (1048151),20.2,Midfield - Central Midfield,Midfield,CPR Ospitaletto,Sant'Angelo,Serie D - B,24/25,983.0,0.2746693794506612,0.2746693794506612,0.5493387589013224,100000.0,<=0.5m,0.9907407407407407,0.9477124183006536,0.47142857142857153,0.7852664576802508,0.3932,80.96640890114318
1010043,Djebril Danhach (1010043),22.5,Attack,Attack,Without Club,FC Mondercange,BGL Ligue,24/25,905.0,0.0994475138121547,0.1988950276243094,0.2983425414364641,25000.0,<=0.5m,1.0,1.0,0.14285714285714285,0.9827586206896551,0.362,79.66433497536947
1249275,Mario Guilabert (1249275),20.7,Midfield - Central Midfield,Midfield,Valencia Mestalla,Elche Ilicitano,Segunda Federación - Gr. III,24/25,950.0,0.1894736842105263,0.3789473684210526,0.5684210526315789,100000.0,<=0.5m,0.9607843137254902,0.9607843137254902,0.4000000000000001,0.7852664576802508,0.38,78.84078923105294
1073744,Mateusz Szczepaniak (1073744),19.6,Midfield - Attacking Midfield,Midfield,Pogon Grodzisk Mazowiecki,Legia Warsaw II,Betclic 3 Liga - Group I,24/25,1027.0,0.0876338851022395,0.7010710808179162,0.7887049659201558,600000.0,0.5-2m,0.9907407407407407,0.9818181818181818,0.5571428571428569,0.3385579937304075,0.4108,77.01024577465955
1230202,Borja Vázquez (1230202),21.6,Attack - Centre-Forward,Attack,SD Ponferradina,Cádiz CF Mirandilla,Segunda Federación - Gr. IV,24/25,1301.0,0.0691775557263643,0.207532667179093,0.2767102229054573,50000.0,<=0.5m,0.8947368421052632,0.8947368421052632,0.27142857142857124,0.9231974921630094,0.5204,76.15583255945506
933035,Samuele Gerbino (933035),22.0,Midfield - Central Midfield,Midfield,Derthona FBC,SSD NovaRomentin,Serie D - A,24/25,1077.0,0.1671309192200557,0.4178272980501392,0.5849582172701949,125000.0,<=0.5m,0.9673202614379085,0.9673202614379085,0.21428571428571427,0.7257053291536051,0.4308,75.9356617229964
1033103,Charlie Gray (1033103),20.5,Midfield - Defensive Midfield,Midfield,Manchester City U21,Manchester City U21,Premier League 2,24/25,967.0,0.093071354705274,0.3722854188210962,0.4653567735263703,,,0.9680851063829787,0.9680851063829787,0.42857142857142855,0.5,0.3868,75.81024924012158
924687,Yesua Motango (924687),21.4,Attack - Left Winger,Attack,SV Wilhelmshaven,SV Wilhelmshaven,OL Niedersachsen,24/25,922.0,0.0976138828633405,0.4880694143167028,0.5856832971800434,0.0,<=0.5m,1.0,1.0,0.3000000000000002,0.5,0.3688,75.488
1008568,Guido Della Rovere (1008568),19.2,Midfield - Attacking Midfield,Midfield,FC Bayern Munich II,FC Bayern Munich II,Regionalliga Bayern,24/25,1494.0,0.0602409638554216,0.4216867469879518,0.4819277108433735,900000.0,0.5-2m,0.9490740740740741,0.8909090909090909,0.6142857142857144,0.26645768025078365,0.5976,75.19979376689722
922363,Anton Bäuerle (922363),21.3,Midfield - Left Midfield,Midfield,SC Paderborn 07 II,SC Paderborn 07 II,Regionalliga West,24/25,1141.0,0.1577563540753724,0.6310254163014899,0.7887817703768624,200000.0,<=0.5m,0.9861111111111112,0.8947368421052632,0.31428571428571417,0.6018808777429467,0.4564,75.1753364655107
800611,Jonathan Pitou (800611),22.0,Attack - Second Striker,Attack,Alcione Milano,Aurora Pro Patria,Serie C-A,24/25,932.0,0.1931330472103004,0.5793991416309013,0.7725321888412018,225000.0,<=0.5m,1.0,1.0,0.21428571428571427,0.5595611285266457,0.3728,74.99042722794447
936509,Daniel Tarko (936509),21.1,Attack - Second Striker,Attack,ASD Brian Lignano,ASD Brian Lignano,Serie D - C,24/25,945.0,0.2857142857142857,0.2857142857142857,0.5714285714285714,150000.0,<=0.5m,0.9930555555555556,0.8333333333333334,0.34285714285714264,0.6802507836990596,0.378,74.85866970194557
1384723,Curt Calov (1384723),22.8,Midfield,Midfield,Minnesota United FC 2,Minnesota United FC 2,MLS Next Pro,2025,1506.0,0.0597609561752988,0.3585657370517928,0.4183266932270916,,,1.0,1.0,0.0999999999999999,0.5,0.6024,74.624
949389,Niklas Mohr (949389),22.1,Midfield - Left Midfield,Midfield,SC Paderborn 07,SG Sonnenhof Großaspach,Oberliga Baden-Württemberg,24/25,928.0,0.1939655172413793,0.5818965517241379,0.7758620689655172,75000.0,<=0.5m,0.9791666666666666,0.8421052631578947,0.1999999999999998,0.8526645768025078,0.3712,74.58395319804212
830609,Anthony Ramírez (830609),20.7,Attack - Right Winger,Attack,FC Dallas,North Texas SC,MLS Next Pro,2025,1409.0,0.063875088715401,0.3832505322924059,0.4471256210078069,,,0.9375,0.8888888888888888,0.4000000000000001,0.5,0.5636,74.21655555555556
1064105,Miguel Ángel Sierra (1064105),22.1,Attack - Right Winger,Attack,Sevilla Atlético,Sevilla Atlético,Primera Federación - Gr. II,24/25,1368.0,0.0657894736842105,0.3947368421052631,0.4605263157894737,150000.0,<=0.5m,0.9398148148148148,0.9111111111111111,0.1999999999999998,0.6802507836990596,0.5472,73.95291837919423
1079286,Marcel Fischer (1079286),22.0,Midfield - Central Midfield,Midfield,TSV Aubstadt,Würzburger FV 04,Bayernliga Nord,24/25,1440.0,0.125,0.1875,0.3125,25000.0,<=0.5m,0.8496732026143791,0.8496732026143791,0.21428571428571427,0.9827586206896551,0.576,73.92758427508934
1049104,Zakaria Taifi (1049104),20.9,Midfield - Defensive Midfield,Midfield,Orlando City SC,Orlando City B,MLS Next Pro,2025,1356.0,0.0663716814159292,0.2654867256637168,0.331858407079646,,,0.925531914893617,0.925531914893617,0.3714285714285716,0.5,0.5424,73.89877203647416
1232071,Rayhan El Grafel (1232071),19.1,Midfield,Midfield,Beerschot VA,Beerschot VA U23,3de Nationale VV A,24/25,1091.0,0.1649862511457378,0.0,0.1649862511457378,,,0.8981481481481481,0.8,0.6285714285714283,0.5,0.4364,73.1507724867725
1119392,Lilian Coponat (1119392),21.1,Midfield - Defensive Midfield,Midfield,GFA Rumilly Vallières,Olympique Lyon B,National 3 - Grp. I,24/25,929.0,0.193756727664155,0.0968783638320775,0.2906350914962325,,,0.9675925925925926,0.9148936170212766,0.34285714285714264,0.5,0.3716,73.09789237870089
745502,Rrok Toma (745502),22.5,Attack - Centre-Forward,Attack,FK Partizani,KF Teuta,Kategoria Superiore,24/25,1087.0,0.1655933762649494,0.1655933762649494,0.3311867525298988,150000.0,<=0.5m,0.9473684210526315,0.9473684210526315,0.14285714285714285,0.6802507836990596,0.4348,72.99933052065902
1135016,Cielo Tschantret (1135016),20.5,Midfield - Defensive Midfield,Midfield,Sporting Kansas City II,Sporting Kansas City II,MLS Next Pro,2025,983.0,0.1831129196337741,0.091556459816887,0.2746693794506612,,,0.9328703703703703,0.8936170212765957,0.42857142857142855,0.5,0.3932,72.89779139930204
694592,Nicolas Wisak (694592),22.5,Midfield - Defensive Midfield,Midfield,SV Oberwart,SKN St. Pölten Juniors,LL Niederösterreich,24/25,987.0,0.0911854103343465,0.6382978723404256,0.7294832826747721,0.0,<=0.5m,0.9893617021276596,0.9893617021276596,0.14285714285714285,0.5,0.3948,72.59541641337385
826064,Samuele Di Benedetto (826064),21.1,Midfield - Defensive Midfield,Midfield,VfB Stuttgart II,VfB Stuttgart II,3. Liga,24/25,908.0,0.198237885462555,0.2973568281938326,0.4955947136563877,600000.0,0.5-2m,0.9787234042553191,0.9787234042553191,0.34285714285714264,0.3385579937304075,0.3632,72.58093045325914
866656,Cameron Bragg (866656),21.4,Midfield - Central Midfield,Midfield,Southampton FC U21,Southampton FC U21,Premier League 2,24/25,983.0,0.091556459816887,0.2746693794506612,0.3662258392675483,150000.0,<=0.5m,0.9019607843137255,0.9019607843137255,0.3000000000000002,0.6802507836990596,0.3932,72.37315803061037
1130325,Giacomo Matta (1130325),19.7,Attack - Second Striker,Attack,Sant'Angelo,SCD Progresso Calcio,Serie D - D,24/25,904.0,0.2986725663716814,0.1991150442477876,0.4977876106194691,250000.0,<=0.5m,1.0,0.6666666666666666,0.5428571428571429,0.5282131661442007,0.3616,72.36336527839975
766253,Dylan Kadji (766253),23.0,Midfield - Defensive Midfield,Midfield,Wealdstone FC,Weston-super-Mare AFC,National League South,24/25,1039.0,0.2598652550529355,0.519730510105871,0.7795957651588066,0.0,<=0.5m,1.0,1.0,0.07142857142857142,0.5,0.4156,72.29885714285716
1001394,Nicolás Rincón (1001394),20.7,Midfield - Attacking Midfield,Midfield,Columbus Crew 2,Columbus Crew 2,MLS Next Pro,2025,963.0,0.1869158878504672,0.2803738317757009,0.4672897196261681,0.0,<=0.5m,0.9421296296296297,0.8727272727272727,0.4000000000000001,0.5,0.3852,72.25292592592592
818866,Andrea Vaiarelli (818866),22.6,Midfield - Attacking Midfield,Midfield,ASD Pro Eureka,AC Saluzzo,Serie D - A,24/25,1582.0,0.056890012642225,0.3413400758533502,0.3982300884955752,75000.0,<=0.5m,0.9074074074074074,0.7818181818181819,0.12857142857142836,0.8526645768025078,0.6328,72.00392841385946
871231,Rico Patterson (871231),22.9,Midfield - Central Midfield,Midfield,Without Club,Aberystwyth Town,Cymru Premier,24/25,952.0,0.1890756302521008,0.0945378151260504,0.2836134453781512,50000.0,<=0.5m,0.9490740740740741,0.8104575163398693,0.08571428571428592,0.9231974921630094,0.3808,71.99907363600265
1214452,Lorenzo Prandini (1214452),21.1,Midfield - Central Midfield,Midfield,Chievo Verona,Chievo Verona,Serie D - B,24/25,1221.0,0.1474201474201474,0.1474201474201474,0.2948402948402948,100000.0,<=0.5m,0.8518518518518519,0.8300653594771242,0.34285714285714264,0.7852664576802508,0.4884,71.99525297210491
775980,Tim van den Heuvel (775980),21.5,Midfield - Central Midfield,Midfield,Hannover 96 II,PSV Eindhoven U21,Keuken Kampioen Divisie,24/25,1021.0,0.1762977473065622,0.3525954946131244,0.5288932419196866,300000.0,<=0.5m,0.9411764705882353,0.9411764705882353,0.2857142857142857,0.4796238244514106,0.4084,71.84075034904244
928726,Roberto Arroyo (928726),23.0,Attack - Centre-Forward,Attack,CA Osasuna Promesas,CA Osasuna Promesas,Primera Federación - Gr. I,24/25,957.0,0.1880877742946708,0.3761755485893417,0.5642633228840126,300000.0,<=0.5m,1.0,1.0,0.07142857142857142,0.4796238244514106,0.3828,71.68559068517689
741293,Pol Fortuny (741293),21.4,Midfield - Attacking Midfield,Midfield,Real Madrid Castilla,Real Madrid Castilla,Primera Federación - Gr. II,24/25,1917.0,0.0469483568075117,0.3755868544600939,0.4225352112676056,400000.0,<=0.5m,0.9259259259259259,0.8181818181818182,0.3000000000000002,0.42946708463949845,0.7668,71.66572437013818
1237768,Ignacio Casari (1237768),20.5,Attack - Right Winger,Attack,Albalonga,AC Tuttocuoio,Serie D - D,24/25,1183.0,0.0760777683854607,0.228233305156382,0.3043110735418428,75000.0,<=0.5m,0.8402777777777778,0.7333333333333333,0.42857142857142855,0.8526645768025078,0.4732,71.59033582126686
1176429,David Hicks (1176429),20.3,Midfield - Central Midfield,Midfield,Reading FC U21,Aveley FC,National League South,24/25,1059.0,0.0849858356940509,0.254957507082153,0.3399433427762039,,,0.8823529411764706,0.8823529411764706,0.457142857142857,0.5,0.4236,71.49146218487394
1179482,Iker Luque (1179482),21.2,Attack - Right Winger,Attack,Atlético Madrileño,Atlético Madrileño,Primera Federación - Gr. II,24/25,1020.0,0.088235294117647,0.2647058823529412,0.3529411764705882,100000.0,<=0.5m,0.8680555555555556,0.8222222222222222,0.3285714285714287,0.7852664576802508,0.408,71.40587326466638
1108739,Riccardo Pavesi (1108739),19.8,Midfield - Central Midfield,Midfield,AC Crema 1908,AC Crema 1908,Serie D - B,24/25,1568.0,0.0573979591836734,0.1721938775510204,0.2295918367346938,75000.0,<=0.5m,0.75,0.7254901960784313,0.5285714285714285,0.8526645768025078,0.6272,71.12723124610346
1054701,Zidane Boulebiar (1054701),21.9,Midfield - Central Midfield,Midfield,Racing Besançon,Racing Besançon,National 3 - Grp. H,24/25,943.0,0.1908801696712619,0.1908801696712619,0.3817603393425239,,,0.9537037037037037,0.9215686274509803,0.2285714285714288,0.5,0.3772,70.94439340180516
896270,Norbert Kiss (896270),22.4,Midfield - Defensive Midfield,Midfield,Gyirmót FC Győr,Gyirmót FC Győr,NB II.,24/25,1040.0,0.0865384615384615,0.173076923076923,0.2596153846153846,75000.0,<=0.5m,0.8617021276595744,0.8617021276595744,0.15714285714285733,0.8526645768025078,0.416,70.3137174490953
1170679,Emmanuel Osho (1170679),19.4,Attack - Right Winger,Attack,Reading FC,Reading FC U21,Premier League 2,24/25,1113.0,0.0808625336927223,0.2425876010781671,0.3234501347708895,,,0.8472222222222222,0.7777777777777778,0.585714285714286,0.5,0.4452,70.12898412698412
847436,Igor Strzalek (847436),22.6,Midfield - Attacking Midfield,Midfield,Bruk-Bet Termalica Nieciecza,Bruk-Bet Termalica Nieciecza,Betclic 1 Liga,24/25,1052.0,0.1711026615969581,0.5988593155893536,0.7699619771863118,500000.0,<=0.5m,0.9814814814814815,0.9636363636363636,0.12857142857142836,0.377742946708464,0.4208,70.04984040735765
714460,Ryan Duncan (714460),22.6,Attack - Left Winger,Attack,Aberdeen FC,Queen's Park FC,Championship,24/25,974.0,0.1848049281314168,0.3696098562628337,0.5544147843942506,300000.0,<=0.5m,0.9545454545454546,0.9545454545454546,0.12857142857142836,0.4796238244514106,0.3896,69.94060367218988
555065,Maksymilian Nowak (555065),22.0,Midfield - Defensive Midfield,Midfield,MKS Kluczbork,MKS Kluczbork,Betclic 3 Liga - Group III,24/25,1305.0,0.1379310344827586,0.1379310344827586,0.2758620689655172,0.0,<=0.5m,0.9042553191489362,0.9042553191489362,0.21428571428571427,0.5,0.522,69.90389057750761
1031774,Jarzinho Malanga (1031774),20.1,Attack - Left Winger,Attack,SV 07 Elversberg,VfB Stuttgart II,3. Liga,24/25,1127.0,0.1597160603371783,0.3194321206743567,0.4791481810115351,1700000.0,0.5-2m,0.9090909090909091,0.9090909090909091,0.4857142857142855,0.2178683385579937,0.4508,69.87503985669503
670683,Hugo Félix (670683),22.5,Midfield - Attacking Midfield,Midfield,SL Benfica B,SL Benfica B,Liga Portugal 2,24/25,1247.0,0.144346431435445,0.8660785886126704,1.0104250200481155,2500000.0,2-5m,1.0,1.0,0.14285714285714285,0.1833855799373041,0.4988,69.84111240483655
1247237,Ivan Belikov (1247237),22.1,Midfield - Defensive Midfield,Midfield,Baltika Kaliningrad,FC Tver,2. Division B,2025,998.0,0.0901803607214428,0.1803607214428857,0.2705410821643286,150000.0,<=0.5m,0.8829787234042553,0.8829787234042553,0.1999999999999998,0.6802507836990596,0.3992,69.69423437604213
693101,Jonas Mayer (693101),22.1,Midfield - Central Midfield,Midfield,SV Ried,SV Ried,2. Liga,24/25,961.0,0.1873048907388137,0.3746097814776275,0.5619146722164413,500000.0,<=0.5m,0.954248366013072,0.954248366013072,0.1999999999999998,0.377742946708464,0.3844,69.58730321470281
652674,Arron Lyall (652674),22.9,Attack - Right Winger,Attack,Ross County FC,Greenock Morton FC,Championship,24/25,1431.0,0.1257861635220125,0.3144654088050314,0.440251572327044,175000.0,<=0.5m,0.9004629629629629,0.8666666666666667,0.08571428571428592,0.64576802507837,0.5724,69.42044018178501
817330,Nicolò Contiliano (817330),22.0,Midfield - Defensive Midfield,Midfield,Cosenza Calcio,AC Carpi,Serie C-B,24/25,1057.0,0.1702932828760643,0.0851466414380321,0.2554399243140964,200000.0,<=0.5m,0.9074074074074074,0.851063829787234,0.21428571428571427,0.6018808777429467,0.4228,69.28778945377331
637792,João Veloso (637792),21.1,Midfield - Central Midfield,Midfield,SL Benfica B,SL Benfica B,Liga Portugal 2,24/25,978.0,0.0920245398773006,0.2760736196319018,0.3680981595092025,500000.0,<=0.5m,0.9084967320261438,0.9084967320261438,0.34285714285714264,0.377742946708464,0.3912,69.19591946120141
1152997,Mateo Scheffer Bracco (1152997),21.9,Midfield - Right Midfield,Midfield,SEF Torres 1903,Atalanta U23,Serie C-A,24/25,1196.0,0.0752508361204013,0.225752508361204,0.3010033444816054,250000.0,<=0.5m,0.8888888888888888,0.8888888888888888,0.2285714285714288,0.5282131661442007,0.4784,69.169460516495
1038512,Asier Osambela (1038512),21.8,Midfield - Attacking Midfield,Midfield,CA Osasuna Promesas,CA Osasuna Promesas,Primera Federación - Gr. I,24/25,996.0,0.2710843373493976,0.180722891566265,0.4518072289156626,500000.0,<=0.5m,0.9884259259259259,0.8363636363636363,0.24285714285714274,0.377742946708464,0.3984,69.11830072481796
829253,Almin Mesanovic (829253),22.6,Midfield - Central Midfield,Midfield,SC Verl,Kickers Offenbach,Regionalliga Südwest,24/25,1076.0,0.0836431226765799,0.2509293680297397,0.3345724907063196,125000.0,<=0.5m,0.8758169934640523,0.8758169934640523,0.12857142857142836,0.7257053291536051,0.4304,69.07003707313648
1074628,Arthur Avom (1074628),21.7,Midfield - Central Midfield,Midfield,FC Lorient,FC Lorient,Ligue 2,24/25,1211.0,0.1486374896779521,0.4459124690338563,0.5945499587118084,5000000.0,2-5m,0.9738562091503268,0.9738562091503268,0.25714285714285723,0.11912225705329149,0.4844,69.0573698620514
941115,Rubén López (941115),22.0,Midfield - Central Midfield,Midfield,Deportivo de La Coruña,FC Barcelona Atlètic,Primera Federación - Gr. I,24/25,1149.0,0.1566579634464752,0.2349869451697128,0.391644908616188,500000.0,<=0.5m,0.9281045751633987,0.9281045751633987,0.21428571428571427,0.377742946708464,0.4596,68.99924719229385
882172,Rio Kyerematen (882172),21.2,Midfield - Central Midfield,Midfield,Tottenham Hotspur U21,Tottenham Hotspur U21,Premier League 2,24/25,1112.0,0.0809352517985611,0.2428057553956834,0.3237410071942446,,,0.869281045751634,0.869281045751634,0.3285714285714287,0.5,0.4448,68.8620056022409
1060024,Izan González (1060024),21.8,Midfield - Central Midfield,Midfield,CE Europa,UE Cornellà,Segunda Federación - Gr. III,24/25,2727.0,0.033003300330033,0.165016501650165,0.198019801980198,50000.0,<=0.5m,0.7222222222222222,0.6601307189542484,0.24285714285714274,0.9231974921630094,1.0,68.77779943743433
897489,Kurt Rüger (897489),20.5,Midfield - Central Midfield,Midfield,FC Bayern Munich II,FC Bayern Munich II,Regionalliga Bayern,24/25,1682.0,0.0535077288941736,0.2140309155766944,0.267538644470868,300000.0,<=0.5m,0.8263888888888888,0.7712418300653595,0.42857142857142855,0.4796238244514106,0.6728,68.6699744386783
922463,Ben Middlemas (922463),21.7,Midfield - Central Midfield,Midfield,Sunderland AFC U21,Sunderland AFC U21,Premier League 2,24/25,1397.0,0.0644237652111667,0.2576950608446671,0.3221188260558339,,,0.8657407407407407,0.8627450980392157,0.25714285714285723,0.5,0.5588,68.58082601929661
555067,Kacper Duda (555067),22.6,Midfield - Defensive Midfield,Midfield,Wisla Kraków,Wisla Kraków,Betclic 1 Liga,24/25,1210.0,0.0743801652892562,0.2975206611570248,0.371900826446281,600000.0,0.5-2m,0.9468085106382979,0.9468085106382979,0.12857142857142836,0.3385579937304075,0.484,68.44546540766643
891931,Jairo Noriega (891931),23.0,Midfield - Attacking Midfield,Midfield,Racing Ferrol,Ourense CF,Primera Federación - Gr. I,24/25,931.0,0.1933404940923737,0.2900107411385607,0.4833512352309345,300000.0,<=0.5m,0.9652777777777778,0.9090909090909091,0.07142857142857142,0.4796238244514106,0.3724,68.26214624073246
817747,Mark Nosatiy (817747),21.4,Midfield - Defensive Midfield,Midfield,FC Sochi-2,FC Sochi-2,2. Division B,2025,1026.0,0.087719298245614,0.175438596491228,0.2631578947368421,,,0.8723404255319149,0.8723404255319149,0.3000000000000002,0.5,0.4104,68.2444255319149
1006089,Francesco Bova (1006089),22.9,Midfield - Right Midfield,Midfield,ASD Asti,Città di Sant'Agata,Serie D - I,24/25,940.0,0.1914893617021276,0.0,0.1914893617021276,75000.0,<=0.5m,0.9583333333333334,0.6666666666666666,0.08571428571428592,0.8526645768025078,0.376,68.15206597999702
676114,Wilgot Marshage (676114),22.0,Midfield - Defensive Midfield,Midfield,Sollentuna FK,Sollentuna FK,Ettan Norra,2025,900.0,0.2,0.0,0.2,0.0,<=0.5m,0.9745370370370371,0.776595744680851,0.21428571428571427,0.5,0.36,68.14608521895755
965743,Max Woodcock (965743),21.1,Attack - Centre-Forward,Attack,Connah's Quay Nomads,Connah's Quay Nomads,Cymru Premier,24/25,904.0,0.0995575221238938,0.0995575221238938,0.1991150442477876,50000.0,<=0.5m,0.8148148148148148,0.6842105263157895,0.34285714285714264,0.9231974921630094,0.3616,68.04207371790675
998205,Alejandro Granados (998205),20.2,Midfield - Central Midfield,Midfield,Club Brugge KV,Club NXT,CPL,24/25,1586.0,0.0567465321563682,0.2269861286254728,0.2837326607818411,700000.0,0.5-2m,0.8379629629629629,0.8169934640522876,0.47142857142857153,0.30877742946708464,0.6344,68.02618995713925
708635,Lorenzo Bernasconi (708635),22.8,Midfield - Left Midfield,Midfield,Atalanta U23,Atalanta U23,Serie C-A,24/25,944.0,0.2860169491525424,0.7627118644067796,1.048728813559322,800000.0,0.5-2m,0.9953703703703703,0.9473684210526315,0.0999999999999999,0.280564263322884,0.3776,67.97007902375233
744600,Niklas Jahn (744600),22.1,Midfield - Defensive Midfield,Midfield,VfL Bochum II,VfL Bochum II,Oberliga Westfalen,24/25,1455.0,0.0618556701030927,0.1855670103092783,0.2474226804123711,200000.0,<=0.5m,0.8404255319148937,0.8404255319148937,0.1999999999999998,0.6018808777429467,0.582,67.87186420329486
694790,Lucas Halangk (694790),22.9,Midfield - Right Midfield,Midfield,Rot-Weiß Oberhausen,Hallescher FC,Regionalliga Northeast,24/25,1651.0,0.0545124167171411,0.2180496668685645,0.2725620835857056,100000.0,<=0.5m,0.8333333333333334,0.7777777777777778,0.08571428571428592,0.7852664576802508,0.6604,67.74693675672987
709966,Aleix Garrido (709966),22.5,Midfield - Central Midfield,Midfield,SD Eibar,FC Barcelona Atlètic,Primera Federación - Gr. I,24/25,1009.0,0.1783944499504459,0.267591674925669,0.445986124876115,500000.0,<=0.5m,0.934640522875817,0.934640522875817,0.14285714285714285,0.377742946708464,0.4036,67.6885469121818
864608,Aleksandr Metsiev (864608),20.4,Midfield - Central Midfield,Midfield,FC Sochi-2,FC Sochi-2,2. Division B,2025,1340.0,0.0671641791044776,0.2014925373134328,0.2686567164179104,,,0.8148148148148148,0.7843137254901961,0.44285714285714306,0.5,0.536,67.66357920946156
700441,Tyler Goodrham (700441),23.0,Attack - Right Winger,Attack,Oxford United,Oxford United,Championship,24/25,1018.0,0.2652259332023575,0.5304518664047151,0.7956777996070726,3000000.0,2-5m,1.0,1.0,0.07142857142857142,0.1630094043887147,0.4072,67.49698880429915
983525,Martín Ochoa (983525),21.7,Attack - Centre-Forward,Attack,CD Arenteiro,CD Lugo,Primera Federación - Gr. I,24/25,1074.0,0.0837988826815642,0.1675977653631284,0.2513966480446927,200000.0,<=0.5m,0.8421052631578947,0.8421052631578947,0.25714285714285723,0.6018808777429467,0.4296,67.36293379216065
939523,Oisín Gallagher (939523),21.7,Midfield - Central Midfield,Midfield,Lincoln City,Peterborough Sports,National League North,24/25,1618.0,0.0556242274412855,0.1668726823238566,0.2224969097651421,50000.0,<=0.5m,0.7291666666666666,0.7189542483660131,0.25714285714285723,0.9231974921630094,0.6472,67.03637740195347
1035645,Tyron Akpata (1035645),20.0,Midfield - Central Midfield,Midfield,West Ham United U21,West Ham United U21,Premier League 2,24/25,1418.0,0.0634696755994358,0.1904090267983074,0.2538787023977433,,,0.7847222222222222,0.7516339869281046,0.5,0.5,0.5672,67.02739215686275
707450,Lorenzo Amatucci (707450),22.5,Midfield - Defensive Midfield,Midfield,UD Las Palmas,US Salernitana 1919,Serie B,24/25,1009.0,0.267591674925669,0.0891972249752229,0.3567888999008919,3500000.0,2-5m,0.9861111111111112,0.9361702127659575,0.14285714285714285,0.14263322884012541,0.4036,66.38654639254933
1097604,Xander Joosen (1097604),20.2,Midfield - Defensive Midfield,Midfield,Beerschot VA,Beerschot VA U23,3de Nationale VV A,24/25,1153.0,0.1561144839549002,0.0,0.1561144839549002,,,0.8726851851851852,0.6382978723404256,0.47142857142857153,0.5,0.4612,66.35944737138354
860060,Amine Mokhtari (860060),22.6,Attack - Right Winger,Attack,Without Club,Dinan Léhon FC,National 2 - Grp. B,24/25,1076.0,0.0836431226765799,0.3345724907063196,0.4182156133828996,,,0.9050925925925926,0.8444444444444444,0.12857142857142836,0.5,0.4304,66.33243915343915
953004,Thomas Jørgensen (953004),20.9,Midfield - Central Midfield,Midfield,Viborg FF,Viborg FF,Superliga,24/25,1054.0,0.0853889943074003,0.2561669829222011,0.3415559772296015,2000000.0,0.5-2m,0.8888888888888888,0.8888888888888888,0.3714285714285716,0.20219435736677116,0.4216,66.32291147932527
935173,Manuel Rosetti (935173),21.5,Midfield - Central Midfield,Midfield,AC Carpi,USD Sestri Levante 1919,Serie C-B,24/25,1215.0,0.1481481481481481,0.074074074074074,0.2222222222222222,200000.0,<=0.5m,0.8564814814814815,0.7124183006535948,0.2857142857142857,0.6018808777429467,0.486,66.07725977050521
957740,Tiago Andrade (957740),20.8,Attack - Left Winger,Attack,FC Porto B,FC Porto B,Liga Portugal 2,24/25,1564.0,0.057544757033248,0.2877237851662404,0.3452685421994885,1300000.0,0.5-2m,0.8912037037037037,0.7272727272727273,0.3857142857142856,0.2507836990595611,0.6256,65.80414109900316
912081,Jun-ho Bae (912081),23.0,Midfield - Attacking Midfield,Midfield,Stoke City,Stoke City,Championship,24/25,1090.0,0.2477064220183486,0.4128440366972477,0.6605504587155964,3000000.0,2-5m,0.9768518518518519,0.9454545454545454,0.07142857142857142,0.1630094043887147,0.436,65.70535917466952
1119932,Ryan Cherradi (1119932),21.6,Midfield - Defensive Midfield,Midfield,Racing Besançon,Racing Besançon,National 3 - Grp. H,24/25,1143.0,0.0787401574803149,0.1574803149606299,0.2362204724409448,,,0.8297872340425532,0.8297872340425532,0.27142857142857124,0.5,0.4572,65.70209118541032
984948,Isra García (984948),22.6,Midfield - Attacking Midfield,Midfield,Linares Deportivo,Linares Deportivo,Segunda Federación - Gr. IV,24/25,935.0,0.0962566844919786,0.1925133689839572,0.2887700534759358,25000.0,<=0.5m,0.7893518518518519,0.7272727272727273,0.12857142857142836,0.9827586206896551,0.374,65.55113391716839
805486,Lois Ndema (805486),21.9,Midfield - Central Midfield,Midfield,FC Rapperswil-Jona,FC Biel-Bienne 1896,Promotion League,24/25,1342.0,0.067064083457526,0.2011922503725782,0.2682563338301043,200000.0,<=0.5m,0.8125,0.7777777777777778,0.2285714285714288,0.6018808777429467,0.5368,65.43758625665524
883152,Finley Barbrook (883152),21.7,Midfield - Defensive Midfield,Midfield,Lincoln City,Sutton United,National League,24/25,1467.0,0.1226993865030674,0.0613496932515337,0.1840490797546012,,,0.8263888888888888,0.7446808510638298,0.25714285714285723,0.5,0.5868,64.76804221546773
1013897,Julian Brückner (1013897),21.9,Midfield - Defensive Midfield,Midfield,DJK Don Bosco Bamberg,FT Schweinfurt,LL Bayern-N/W,24/25,1066.0,0.1688555347091932,0.0,0.1688555347091932,,,0.9050925925925926,0.7021276595744681,0.2285714285714288,0.5,0.4264,64.76146988629966
726634,Matus Holicek (726634),21.6,Midfield - Central Midfield,Midfield,Crewe Alexandra,Crewe Alexandra,League Two,24/25,2654.0,0.0339110776186887,0.1695553880934438,0.2034664657121326,275000.0,<=0.5m,0.7384259259259259,0.6928104575163399,0.27142857142857124,0.5,1.0,64.64487239340181
924800,Axel Camblan (924800),23.0,Attack - Left Winger,Attack,Clermont Foot 63,Valenciennes FC,Championnat National,24/25,1179.0,0.0763358778625954,0.381679389312977,0.4580152671755725,500000.0,<=0.5m,0.9328703703703703,0.8181818181818182,0.07142857142857142,0.377742946708464,0.4716,64.59633247084972
943893,Joel Tabiner (943893),22.7,Midfield - Central Midfield,Midfield,Crewe Alexandra,Crewe Alexandra,League Two,24/25,1495.0,0.1204013377926421,0.1806020066889632,0.3010033444816053,325000.0,<=0.5m,0.8366013071895425,0.8366013071895425,0.1142857142857144,0.46081504702194354,0.598,64.45606051825119
961902,Neco Celorio (961902),22.5,Midfield - Attacking Midfield,Midfield,CD Lugo,Algeciras CF,Primera Federación - Gr. II,24/25,1328.0,0.0677710843373494,0.2710843373493976,0.338855421686747,300000.0,<=0.5m,0.875,0.7636363636363637,0.14285714285714285,0.4796238244514106,0.5312,64.36244782803404
1063291,Noel Sernelius (1063291),20.1,Midfield - Central Midfield,Midfield,Husqvarna FF,Husqvarna FF,Ettan Södra,2025,1788.0,0.0503355704697986,0.1510067114093959,0.2013422818791946,250000.0,<=0.5m,0.7037037037037037,0.6862745098039216,0.4857142857142855,0.5282131661442007,0.7152,64.1571928538744
648899,Balázs Bakti (648899),21.6,Midfield - Attacking Midfield,Midfield,Zalaegerszegi TE FC,Zalaegerszegi TE FC,NB I.,24/25,1286.0,0.0699844479004665,0.2099533437013997,0.2799377916018662,225000.0,<=0.5m,0.8217592592592593,0.7090909090909091,0.27142857142857124,0.5595611285266457,0.5144,64.14756479408204
819549,David Widlarz (819549),21.5,Attack - Right Winger,Attack,KAS Eupen,KAS Eupen U23,2de Nationale ACFF,24/25,1001.0,0.1798201798201798,0.0,0.1798201798201798,100000.0,<=0.5m,0.9259259259259259,0.4222222222222222,0.2857142857142857,0.7852664576802508,0.4004,64.04323305302616
924778,Emre Gül (924778),21.6,Midfield - Defensive Midfield,Midfield,FC Ingolstadt 04,FC Ingolstadt 04 II,Bayernliga Nord,24/25,951.0,0.0946372239747634,0.0946372239747634,0.1892744479495268,125000.0,<=0.5m,0.7662037037037037,0.7553191489361702,0.27142857142857124,0.7257053291536051,0.3804,64.0394937683441
1046130,Nermin Mesic (1046130),20.6,Midfield - Central Midfield,Midfield,SV Ried,SV Ried II,Regional League Central,24/25,1102.0,0.1633393829401088,0.0,0.1633393829401088,,,0.8912037037037037,0.5424836601307189,0.4142857142857141,0.5,0.4408,63.83695269218798
941357,Ethan Alagich (941357),22.7,Midfield - Central Midfield,Midfield,Adelaide United,Adelaide United,A-League Men,24/25,1164.0,0.1546391752577319,0.1546391752577319,0.3092783505154639,450000.0,<=0.5m,0.8703703703703703,0.8431372549019608,0.1142857142857144,0.40909090909090906,0.4656,63.83493783776137
973665,Andrea Grilli (973665),22.3,Midfield - Defensive Midfield,Midfield,Camaiore Calcio,FC Pistoiese,Serie D - D,24/25,1022.0,0.0880626223091976,0.0880626223091976,0.1761252446183953,50000.0,<=0.5m,0.7340425531914894,0.7340425531914894,0.17142857142857132,0.9231974921630094,0.4088,63.798175224628636
871837,Bradley Ibrahim (871837),21.8,Midfield - Defensive Midfield,Midfield,Plymouth Argyle,Crawley Town,League One,24/25,1092.0,0.1648351648351648,0.0,0.1648351648351648,400000.0,<=0.5m,0.8958333333333334,0.6914893617021277,0.24285714285714274,0.42946708463949845,0.4368,63.52068609478076
747571,Kahrel Reddin (747571),22.6,Attack - Right Winger,Attack,Altrincham FC,Altrincham FC,National League,24/25,1096.0,0.0821167883211678,0.2463503649635036,0.3284671532846715,,,0.8541666666666666,0.8,0.12857142857142836,0.5,0.4384,63.49947619047619
648041,Jamie Mullins (648041),21.9,Midfield - Attacking Midfield,Midfield,Wycombe Wanderers,Brighton & Hove Albion U21,Premier League 2,24/25,1381.0,0.0651701665459811,0.1955104996379435,0.2606806661839247,150000.0,<=0.5m,0.7962962962962963,0.6545454545454545,0.2285714285714288,0.6802507836990596,0.5524,63.36391308818894
981342,Law McCabe (981342),20.6,Midfield - Central Midfield,Midfield,Plymouth Argyle,Middlesbrough FC U21,Premier League 2,24/25,900.0,0.1,0.1,0.2,,,0.8194444444444444,0.6797385620915033,0.4142857142857141,0.5,0.36,63.321708683473396
951437,Lorenzo Boncompagni (951437),21.7,Attack - Right Winger,Attack,Aquila Montevarchi 1902,Aquila Montevarchi 1902,Serie D - E,24/25,1499.0,0.0600400266844563,0.1801200800533689,0.2401601067378252,75000.0,<=0.5m,0.7638888888888888,0.5555555555555556,0.25714285714285723,0.8526645768025078,0.5996,63.29758978952083
1078699,Michael Adu-Poku (1078699),20.9,Attack - Right Winger,Attack,Barrow AFC,Solihull Moors,National League,24/25,903.0,0.0996677740863787,0.1993355481727574,0.2990033222591362,,,0.8171296296296297,0.7111111111111111,0.3714285714285716,0.5,0.3612,63.25022751322752
964702,Chibuzo Nwoko (964702),20.7,Midfield - Central Midfield,Midfield,Fulham FC U21,Fulham FC U21,Premier League 2,24/25,1047.0,0.0859598853868194,0.1719197707736389,0.2578796561604584,,,0.7581699346405228,0.7581699346405228,0.4000000000000001,0.5,0.4188,63.07819607843138
966678,Owen Devonport (966678),21.6,Attack - Centre-Forward,Attack,FC Halifax Town,Fleetwood Town,League Two,24/25,1085.0,0.0829493087557603,0.1658986175115207,0.2488479262672811,,,0.7894736842105263,0.7894736842105263,0.27142857142857124,0.5,0.434,63.05127819548871
939297,Giuseppe Pecchia (939297),22.0,Midfield - Central Midfield,Midfield,Sora Calcio 1907,Terracina 1925,Serie D - G,24/25,1186.0,0.1517706576728499,0.0,0.1517706576728499,100000.0,<=0.5m,0.8634259259259259,0.5032679738562091,0.21428571428571427,0.7852664576802508,0.4744,63.04838244611673
1007813,Sebastian Olderheim (1007813),19.1,Midfield - Attacking Midfield,Midfield,Stabæk Fotball,Stabæk Fotball,OBOS-ligaen,2025,1366.0,0.0658857979502196,0.1976573938506588,0.2635431918008785,3000000.0,2-5m,0.8009259259259259,0.6727272727272727,0.6285714285714283,0.1630094043887147,0.5464,63.03845970377006
925850,Mattia Rutigliano (925850),20.7,Midfield - Central Midfield,Midfield,FC Pro Vercelli 1892,FC Pro Vercelli 1892,Serie C-A,24/25,1259.0,0.0714853057982525,0.1429706115965051,0.2144559173947577,175000.0,<=0.5m,0.7058823529411765,0.7058823529411765,0.4000000000000001,0.64576802507837,0.5036,62.82969352756776
1245800,Daniel Núñez (1245800),17.7,Attack - Right Winger,Attack,Portland Timbers 2,Portland Timbers 2,MLS Next Pro,2025,1296.0,0.0694444444444444,0.1388888888888889,0.2083333333333333,,,0.6875,0.5111111111111111,0.8285714285714286,0.5,0.5184,62.8105873015873
908768,Tommaso Berti (908768),22.5,Midfield - Attacking Midfield,Midfield,Cesena FC,Cesena FC,Serie B,24/25,967.0,0.1861427094105481,0.2792140641158221,0.4653567735263702,3200000.0,2-5m,0.9398148148148148,0.8545454545454545,0.14285714285714285,0.14890282131661448,0.3868,62.75131674710986
945709,Dani Requena (945709),22.5,Midfield - Central Midfield,Midfield,Córdoba CF,Villarreal CF B,Primera Federación - Gr. II,24/25,1124.0,0.1601423487544483,0.0800711743772241,0.2402135231316725,400000.0,<=0.5m,0.8865740740740741,0.738562091503268,0.14285714285714285,0.42946708463949845,0.4496,62.73243429855398
1043978,Fredrik Ardraa (1043978),19.9,Attack - Right Winger,Attack,Strømsgodset IF,Strømsgodset IF,Eliteserien,2025,1348.0,0.0667655786350148,0.2002967359050445,0.2670623145400593,700000.0,0.5-2m,0.8101851851851852,0.6222222222222222,0.5142857142857145,0.30877742946708464,0.5392,62.41938136703654
890718,Jimi Gower (890718),21.9,Midfield - Central Midfield,Midfield,Moreirense FC,Arsenal FC U21,Premier League 2,24/25,1431.0,0.0628930817610062,0.1886792452830188,0.2515723270440251,,,0.7800925925925926,0.7450980392156863,0.2285714285714288,0.5,0.5724,62.41681823840648
802515,Noah Nartey (802515),20.9,Midfield - Central Midfield,Midfield,Bröndby IF,Bröndby IF,Superliga,24/25,1241.0,0.072522159548751,0.217566478646253,0.290088638195004,5000000.0,2-5m,0.8310185185185185,0.8235294117647058,0.3714285714285716,0.11912225705329149,0.4964,62.27091950413046
957890,Oskar Tomczyk (957890),20.6,Attack - Centre-Forward,Attack,Wisla Plock,Wisla Plock,Betclic 1 Liga,24/25,907.0,0.0992282249173098,0.0992282249173098,0.1984564498346196,250000.0,<=0.5m,0.8067129629629629,0.631578947368421,0.4142857142857141,0.5282131661442007,0.3628,62.20138518928808
957544,Kodai Sano (957544),22.9,Midfield - Central Midfield,Midfield,NEC Nijmegen,NEC Nijmegen,Eredivisie,24/25,988.0,0.1821862348178137,0.1821862348178137,0.3643724696356275,4000000.0,2-5m,0.9282407407407407,0.8954248366013072,0.08571428571428592,0.13322884012539182,0.3952,62.16112688656097
956920,Nestory Irankunda (956920),20.5,Attack - Right Winger,Attack,Watford FC,Grasshopper Club Zurich,Super League,24/25,1182.0,0.0761421319796954,0.2284263959390862,0.3045685279187817,4000000.0,2-5m,0.8425925925925926,0.7555555555555555,0.42857142857142855,0.13322884012539182,0.4728,62.09108735963908
994264,Edwyn Mendoza (994264),20.3,Midfield - Defensive Midfield,Midfield,The Town FC,The Town FC,MLS Next Pro,2025,1052.0,0.085551330798479,0.085551330798479,0.1711026615969581,,,0.723404255319149,0.723404255319149,0.457142857142857,0.5,0.4208,61.92654103343466
902487,Aleksander Andresen (902487),21.4,Midfield - Left Midfield,Midfield,Stabæk Fotball,Stabæk Fotball,OBOS-ligaen,2025,1858.0,0.0484391819160387,0.193756727664155,0.2421959095801937,700000.0,0.5-2m,0.7916666666666666,0.6842105263157895,0.3000000000000002,0.30877742946708464,0.7432,61.69084892481989
1019167,Anthony Munda (1019167),19.9,Midfield - Central Midfield,Midfield,Newcastle United U21,Newcastle United U21,Premier League 2,24/25,953.0,0.0944386149003148,0.0944386149003148,0.1888772298006296,,,0.7592592592592593,0.6209150326797386,0.5142857142857145,0.5,0.3812,61.552553999377544
1119338,Rayan Mandengue (1119338),20.6,Attack - Left Winger,Attack,Quevilly - Rouen Métropole,AJ Auxerre B,National 3 - Grp. G,24/25,1800.0,0.05,0.15,0.2,,,0.6990740740740741,0.6363636363636364,0.4142857142857141,0.5,0.72,61.393386243386225
932742,Carlo Mignani (932742),21.1,Midfield - Central Midfield,Midfield,US Follonica Gavorrano,US Poggibonsi,Serie D - E,24/25,1605.0,0.0560747663551401,0.1121495327102803,0.1682242990654205,50000.0,<=0.5m,0.6365740740740741,0.5620915032679739,0.34285714285714264,0.9231974921630094,0.642,61.386307062706656
1020450,Noah De Moerloose (1020450),22.5,Midfield - Attacking Midfield,Midfield,RSC Tilffois,CS Pays Vert Ostiches Ath,2de Nationale ACFF,24/25,941.0,0.1912858660998937,0.0,0.1912858660998937,,,0.9560185185185185,0.5454545454545454,0.14285714285714285,0.5,0.3764,61.378417989418
1385069,Muba Nour (1385069),22.4,Attack,Attack,Minnesota United FC 2,Minnesota United FC 2,MLS Next Pro,2025,964.0,0.0933609958506224,0.0933609958506224,0.1867219917012448,,,0.8,0.8,0.15714285714285733,0.5,0.3856,61.37028571428572
1266951,Kang Wang (1266951),20.3,Attack,Attack,Wuhan Three Towns,Wuhan Three Towns B,League Two South,2025,1219.0,0.07383100902379,0.0,0.07383100902379,50000.0,<=0.5m,0.6,0.6,0.457142857142857,0.9231974921630094,0.4876,61.11505060456784
688042,Markus Karlsson (688042),22.6,Midfield - Central Midfield,Midfield,Hammarby IF,Hammarby IF,Allsvenskan,2025,974.0,0.1848049281314168,0.0924024640657084,0.2772073921971253,4000000.0,2-5m,0.9363425925925926,0.803921568627451,0.12857142857142836,0.13322884012539182,0.3896,61.08563964722079
555057,Antoni Kozubal (555057),22.0,Midfield - Defensive Midfield,Midfield,Lech Poznan,Lech Poznan,Ekstraklasa,24/25,2733.0,0.0329308452250274,0.1646542261251372,0.1975850713501646,5000000.0,2-5m,0.7659574468085106,0.7659574468085106,0.21428571428571427,0.11912225705329149,1.0,61.05372983582815
1058988,Daniel Ghinassi (1058988),20.6,Midfield - Left Midfield,Midfield,Caldiero Terme,SC Ligorna 1922,Serie D - A,24/25,1555.0,0.0578778135048231,0.1157556270096463,0.1736334405144694,100000.0,<=0.5m,0.6435185185185185,0.5789473684210527,0.4142857142857141,0.7852664576802508,0.622,61.03284764506181
854825,,22.6,Midfield - Central Midfield,Midfield,Peterborough United,Peterborough United,League One,24/25,906.0,0.0993377483443708,0.0993377483443708,0.1986754966887417,150000.0,<=0.5m,0.8101851851851852,0.6699346405228758,0.12857142857142836,0.6802507836990596,0.3624,60.73025295747
707229,Carmel Mabanza (707229),23.0,Midfield - Defensive Midfield,Midfield,Racing FC Union Luxembourg,Grand Ouest Association Lyonnaise FC,National 2 - Grp. A,24/25,1132.0,0.1590106007067137,0.0,0.1590106007067137,,,0.8796296296296297,0.6648936170212766,0.07142857142857142,0.5,0.4528,60.724442643251166
1064464,Mateusz Dziewiatowski (1064464),19.1,Midfield - Defensive Midfield,Midfield,Zaglebie Lubin,Zaglebie Lubin II,Betclic 2 Liga,24/25,1731.0,0.0519930675909878,0.1039861351819757,0.1559792027729636,400000.0,<=0.5m,0.6276595744680851,0.6276595744680851,0.6285714285714283,0.42946708463949845,0.6924,60.65325651018093
966681,Alex Henderson (966681),21.9,Midfield - Attacking Midfield,Midfield,Accrington Stanley,Accrington Stanley,League Two,24/25,930.0,0.0967741935483871,0.0967741935483871,0.1935483870967742,100000.0,<=0.5m,0.7847222222222222,0.5636363636363636,0.2285714285714288,0.7852664576802508,0.372,60.59031770911082
1292281,Javaun Mussenden (1292281),19.0,Midfield - Central Midfield,Midfield,New England Revolution Academy,New England Revolution II,MLS Next Pro,2025,1008.0,0.0892857142857142,0.0892857142857142,0.1785714285714285,,,0.6805555555555556,0.6078431372549019,0.6428571428571429,0.5,0.4032,60.55137441643325
1058533,Adam Herdonsson (1058533),22.4,Midfield - Defensive Midfield,Midfield,AC Horsens,AC Horsens,NordicBet LIGA,24/25,1346.0,0.0668647845468053,0.1337295690936107,0.200594353640416,600000.0,0.5-2m,0.7978723404255319,0.7978723404255319,0.15714285714285733,0.3385579937304075,0.5384,60.510438052043334
1294653,Maruis Tresor Doh (1294653),22.7,Midfield - Defensive Midfield,Midfield,Fatih Karagümrük,Fatih Karagümrük,1.Lig,24/25,1527.0,0.1178781925343811,0.1178781925343811,0.2357563850687623,1500000.0,0.5-2m,0.8217592592592593,0.8191489361702128,0.1142857142857144,0.23354231974921635,0.6108,60.454292352657
885301,Luis Angulo (885301),22.4,Attack - Left Winger,Attack,CA Talleres,CA Central Córdoba (SdE),Apertura,2025,996.0,0.0903614457831325,0.36144578313253,0.4518072289156626,3200000.0,2-5m,0.9143518518518519,0.7727272727272727,0.15714285714285733,0.14890282131661448,0.3984,60.32829558308869
798983,Faustas Steponavičius (798983),22.2,Attack - Centre-Forward,Attack,FK Panevėžys,FK Panevėžys,A Lyga,2025,1594.0,0.0564617314930991,0.1693851944792973,0.2258469259723964,300000.0,<=0.5m,0.7368421052631579,0.7368421052631579,0.1857142857142858,0.4796238244514106,0.6376,60.272688429537794
858251,Nuno Félix (858251),22.4,Midfield - Defensive Midfield,Midfield,SL Benfica B,SL Benfica B,Liga Portugal 2,24/25,1797.0,0.0500834724540901,0.1502504173622704,0.2003338898163606,1700000.0,0.5-2m,0.7872340425531915,0.7872340425531915,0.15714285714285733,0.2178683385579937,0.7188,59.98648500728911
986310,Mathis Saka (986310),19.9,Midfield - Attacking Midfield,Midfield,Rodez AF,Toulouse FC B,National 3 - Grp. A,24/25,1052.0,0.085551330798479,0.085551330798479,0.1711026615969581,50000.0,<=0.5m,0.6296296296296297,0.4818181818181818,0.5142857142857145,0.9231974921630094,0.4208,59.88726224477949
1018395,Adrian Przyborek (1018395),19.6,Midfield - Attacking Midfield,Midfield,Pogon Szczecin,Pogon Szczecin,Ekstraklasa,24/25,1430.0,0.0629370629370629,0.1888111888111888,0.2517482517482518,4000000.0,2-5m,0.7824074074074074,0.6181818181818182,0.5571428571428569,0.13322884012539182,0.572,59.83097095752268
934098,Michele Lupinacci (934098),20.9,Midfield - Left Midfield,Midfield,FC Vado,USD Lavagnese 1919,Serie D - A,24/25,2457.0,0.0366300366300366,0.1098901098901098,0.1465201465201465,200000.0,<=0.5m,0.6296296296296297,0.5263157894736842,0.3714285714285716,0.6018808777429467,0.9828,59.70206272560539
738490,,21.6,Midfield - Central Midfield,Midfield,Without Club,Arsenal FC U21,Premier League 2,24/25,923.0,0.0975081256771397,0.0975081256771397,0.1950162513542795,,,0.7962962962962963,0.6535947712418301,0.27142857142857124,0.5,0.3692,59.67320136943665
902629,Islamdine Halifa (902629),21.7,Midfield - Defensive Midfield,Midfield,Red Star FC,RWD Molenbeek,CPL,24/25,2118.0,0.0424929178470254,0.1274787535410765,0.1699716713881019,750000.0,0.5-2m,0.7127659574468085,0.7127659574468085,0.25714285714285723,0.2931034482758621,0.8472,59.45569143695629
986918,Mert Önal (986918),22.2,Midfield - Defensive Midfield,Midfield,Erzurumspor FK,7 Eylül Turgutlu 1984,3.Lig Grup 4,24/25,1297.0,0.1387818041634541,0.0,0.1387818041634541,,,0.8449074074074074,0.5531914893617021,0.1857142857142858,0.5,0.5188,59.43612281886751
923836,Alexis Kabamba (923836),20.8,Attack - Right Winger,Attack,GFC Ajaccio,Olympique de Marseille B,National 3 - Grp. J,24/25,1045.0,0.0861244019138756,0.1722488038277512,0.2583732057416268,,,0.7523148148148148,0.6,0.3857142857142856,0.5,0.418,59.139391534391535
624264,Charlie Allen (624264),22.7,Midfield - Central Midfield,Midfield,Linfield FC,Linfield FC,Premiership,24/25,943.0,0.0954400848356309,0.0954400848356309,0.1908801696712619,125000.0,<=0.5m,0.7731481481481481,0.6339869281045751,0.1142857142857144,0.7257053291536051,0.3772,59.08778808465218
910582,Omar Megeed (910582),21.0,Midfield - Attacking Midfield,Midfield,Hamburger SV II,Hamburger SV II,Regionalliga Nord,24/25,2082.0,0.0432276657060518,0.1296829971181556,0.1729106628242075,200000.0,<=0.5m,0.6678240740740741,0.509090909090909,0.35714285714285715,0.6018808777429467,0.8328,59.04593281750179
1014269,Xiaoxi Xia (1014269),21.6,Midfield,Midfield,Wuhan Three Towns,Wuhan Three Towns B,League Two South,2025,1192.0,0.0755033557046979,0.0,0.0755033557046979,25000.0,<=0.5m,0.6,0.6,0.27142857142857124,0.9827586206896551,0.4768,58.86947783251231
1024557,Leo Haas (1024557),22.0,Midfield - Central Midfield,Midfield,FC Ingolstadt 04 II,TSV Rain/Lech,Bayernliga Süd,24/25,1191.0,0.1511335012594458,0.0,0.1511335012594458,0.0,<=0.5m,0.8611111111111112,0.49673202614379086,0.21428571428571427,0.5,0.4764,58.842898225957065
1044516,Ethan Sutherland (1044516),20.3,Midfield - Left Midfield,Midfield,Wolverhampton Wanderers U21,Wolverhampton Wanderers U21,Premier League 2,24/25,992.0,0.0907258064516129,0.0907258064516129,0.1814516129032258,,,0.7013888888888888,0.631578947368421,0.457142857142857,0.5,0.3968,58.82980033416876
1065043,Pontus Dahbo (1065043),20.9,Midfield - Attacking Midfield,Midfield,BK Häcken,BK Häcken,Allsvenskan,2025,924.0,0.0974025974025974,0.1948051948051948,0.2922077922077922,2500000.0,2-5m,0.7939814814814815,0.7454545454545455,0.3714285714285716,0.1833855799373041,0.3696,58.7775515582757
1299898,Antton Mouledous (1299898),19.3,Midfield - Central Midfield,Midfield,FC Lorient B,Bergerac Périgord FC,National 2 - Grp. A,24/25,1033.0,0.0871248789932236,0.0871248789932236,0.1742497579864472,,,0.6550925925925926,0.5947712418300654,0.5999999999999999,0.5,0.4132,58.71048583877996
964561,Ismeal Kabia (964561),20.7,Attack - Right Winger,Attack,Shrewsbury Town,Arsenal FC U21,Premier League 2,24/25,1048.0,0.0858778625954198,0.1717557251908396,0.2576335877862595,,,0.7453703703703703,0.5777777777777777,0.4000000000000001,0.5,0.4192,58.62718518518518
1115074,Mollo Bessala (1115074),22.9,Attack - Right Winger,Attack,FC Sheriff Tiraspol,LNZ Cherkasy,Premier Liga,24/25,1244.0,0.0723472668810289,0.2170418006430868,0.2893890675241157,500000.0,<=0.5m,0.8287037037037037,0.6888888888888889,0.08571428571428592,0.377742946708464,0.4976,58.28212612164337
941938,Boloto (941938),22.3,Midfield - Central Midfield,Midfield,Varzim SC,FC Vizela U23,Liga Revelação,24/25,1148.0,0.078397212543554,0.156794425087108,0.235191637630662,,,0.7320261437908496,0.7320261437908496,0.17142857142857132,0.5,0.4592,58.25642577030812
1176519,Adrián Arnu (1176519),19.5,Attack - Centre-Forward,Attack,Real Valladolid CF,Real Valladolid Promesas,Segunda Federación - Gr. I,24/25,1369.0,0.0657414170927684,0.1314828341855368,0.1972242512783053,500000.0,<=0.5m,0.6736111111111112,0.5789473684210527,0.5714285714285714,0.377742946708464,0.5476,58.241322724261025
704423,Mattia Florio (704423),23.0,Attack - Second Striker,Attack,ASD Team Altamura,Caldiero Terme,Serie C-A,24/25,1378.0,0.0653120464441219,0.1959361393323657,0.2612481857764877,125000.0,<=0.5m,0.7986111111111112,0.5,0.07142857142857142,0.7257053291536051,0.5512,58.16195397322985
675623,Job Kalisvaart (675623),22.2,Midfield - Defensive Midfield,Midfield,Almere City FC,AZ Alkmaar U21,Keuken Kampioen Divisie,24/25,1394.0,0.1291248206599713,0.0,0.1291248206599713,350000.0,<=0.5m,0.8356481481481481,0.5212765957446809,0.1857142857142858,0.45141065830721006,0.5576,58.08989252374212
1112904,Youssef Hamdaoui (1112904),18.4,Midfield - Central Midfield,Midfield,Royal Antwerp FC,Young Reds,1ste Nationale VV,24/25,963.0,0.0934579439252336,0.0,0.0934579439252336,250000.0,<=0.5m,0.7384259259259259,0.3202614379084967,0.7285714285714288,0.5282131661442007,0.3852,58.010064002333785
1083054,Lilian Baret (1083054),20.2,Midfield - Defensive Midfield,Midfield,LOSC Lille B,LOSC Lille B,National 3 - Grp. E,24/25,952.0,0.0945378151260504,0.0,0.0945378151260504,,,0.7627314814814815,0.4787234042553192,0.47142857142857153,0.5,0.3808,57.86656833277048
925104,Jack Perkins (925104),22.8,Midfield - Central Midfield,Midfield,Northampton Town,Nottingham Forest U21,Premier League 2,24/25,1749.0,0.0514579759862778,0.1543739279588336,0.2058319039451115,,,0.7060185185185185,0.6993464052287581,0.0999999999999999,0.5,0.6996,57.81032461873639
1022057,Pedrinho (1022057),22.4,Attack - Right Winger,Attack,Goiás EC,Goiás EC,Série B,2025,1263.0,0.0712589073634204,0.2137767220902613,0.2850356294536817,600000.0,0.5-2m,0.8240740740740741,0.6444444444444445,0.15714285714285733,0.3385579937304075,0.5052,57.79869021910402
1063601,Riki de Moraes (1063601),22.5,Midfield - Attacking Midfield,Midfield,Real Valladolid Promesas,UD Logroñés,Segunda Federación - Gr. II,24/25,1271.0,0.07081038552321,0.1416207710464201,0.2124311565696302,100000.0,<=0.5m,0.6898148148148148,0.6,0.14285714285714285,0.7852664576802508,0.5084,57.77640765620076
1008431,Stiven Jimenez (1008431),19.2,Midfield - Central Midfield,Midfield,FC Cincinnati,FC Cincinnati 2,MLS Next Pro,2025,998.0,0.0901803607214428,0.0,0.0901803607214428,100000.0,<=0.5m,0.6921296296296297,0.3006535947712418,0.6142857142857144,0.7852664576802508,0.3992,57.72960684698819
867042,Antoan Stoyanov (867042),21.6,Midfield - Central Midfield,Midfield,Botev Vratsa,Botev Vratsa,efbet Liga,24/25,955.0,0.0942408376963351,0.0942408376963351,0.1884816753926702,250000.0,<=0.5m,0.7511574074074074,0.6143790849673203,0.27142857142857124,0.5282131661442007,0.382,57.61816281963847
1072761,Ashton Mee (1072761),20.3,Midfield - Attacking Midfield,Midfield,Stockport County,South Shields FC,National League North,24/25,2477.0,0.0363342753330641,0.1090028259991925,0.1453371013322567,,,0.6273148148148148,0.41818181818181815,0.457142857142857,0.5,0.9908,57.26024867724868
960943,Adin Licina (960943),19.6,Attack - Right Winger,Attack,FC Bayern Munich II,FC Bayern Munich II,Regionalliga Bayern,24/25,929.0,0.0968783638320775,0.0968783638320775,0.193756727664155,700000.0,0.5-2m,0.7870370370370371,0.4666666666666667,0.5571428571428569,0.30877742946708464,0.3716,57.127243800898974
934769,Mateo Stickler (934769),20.9,Attack - Right Winger,Attack,San Marino Calcio,FC Pistoiese,Serie D - D,24/25,981.0,0.091743119266055,0.091743119266055,0.1834862385321101,125000.0,<=0.5m,0.7175925925925926,0.4444444444444444,0.3714285714285716,0.7257053291536051,0.3924,57.07302804730392
957579,Alberto Arcuri (957579),21.8,Midfield - Left Midfield,Midfield,GSD Ghiviborgo VDS,US Livorno 1915,Serie D - E,24/25,913.0,0.0985761226725082,0.0,0.0985761226725082,75000.0,<=0.5m,0.8032407407407407,0.3157894736842105,0.24285714285714274,0.8526645768025078,0.3652,56.945534930150174
749970,Juan Castilla (749970),22.1,Midfield - Central Midfield,Midfield,CD La Equidad Seguros SA,Asociación Deportivo Pasto,Liga DIMAYOR I,2025,925.0,0.0972972972972973,0.0972972972972973,0.1945945945945946,450000.0,<=0.5m,0.7893518518518519,0.6470588235294118,0.1999999999999998,0.40909090909090906,0.37,56.857937215290164
1299491,Brayden Johnson (1299491),20.1,Midfield - Central Midfield,Midfield,Middlesbrough FC U21,Eastbourne Borough,National League South,24/25,1764.0,0.0510204081632653,0.1020408163265306,0.1530612244897959,,,0.6180555555555556,0.5163398692810458,0.4857142857142855,0.5,0.7056,56.673016806722686
1065690,Mattia Agostinelli (1065690),22.1,Midfield - Defensive Midfield,Midfield,UC AlbinoLeffe,UC AlbinoLeffe,Serie C-A,24/25,1132.0,0.0795053003533568,0.0795053003533568,0.1590106007067137,175000.0,<=0.5m,0.6648936170212766,0.6648936170212766,0.1999999999999998,0.64576802507837,0.4528,56.66236937237377
883168,Aaron Essel (883168),21.1,Midfield - Defensive Midfield,Midfield,North Texas SC,North Texas SC,MLS Next Pro,2025,1151.0,0.0781928757602085,0.0781928757602085,0.156385751520417,250000.0,<=0.5m,0.648936170212766,0.648936170212766,0.34285714285714264,0.5282131661442007,0.4604,56.420868824499046
934937,Jaiden Bartolo (934937),20.5,Attack - Centre-Forward,Attack,Wycombe Wanderers,Weymouth FC,National League South,24/25,907.0,0.0992282249173098,0.0,0.0992282249173098,0.0,<=0.5m,0.8067129629629629,0.3684210526315789,0.42857142857142855,0.5,0.3628,56.24549860763018
925216,Demir Xhemalija (925216),20.2,Midfield - Defensive Midfield,Midfield,FC Luzern,FC Basel 1893 U21,Promotion League,24/25,983.0,0.091556459816887,0.0,0.091556459816887,200000.0,<=0.5m,0.7141203703703703,0.4148936170212766,0.47142857142857153,0.6018808777429467,0.3932,56.16542307980056
960655,Raimane Daou (960655),21.7,Midfield - Defensive Midfield,Midfield,SC Aubagne Air Bel,Olympique de Marseille B,National 3 - Grp. J,24/25,1165.0,0.0772532188841201,0.0772532188841201,0.1545064377682403,100000.0,<=0.5m,0.6063829787234043,0.6063829787234043,0.25714285714285723,0.7852664576802508,0.466,56.15099484521349
814976,Martin Adeline (814976),22.7,Midfield - Central Midfield,Midfield,ESTAC Troyes,ESTAC Troyes,Ligue 2,24/25,1029.0,0.0874635568513119,0.1749271137026239,0.2623906705539358,700000.0,0.5-2m,0.7647058823529411,0.7647058823529411,0.1142857142857144,0.30877742946708464,0.4116,56.149808382287084
814835,Mees Akkerman (814835),21.6,Attack - Right Winger,Attack,FC Volendam U21,FC Utrecht U21,Keuken Kampioen Divisie,24/25,1158.0,0.077720207253886,0.155440414507772,0.233160621761658,200000.0,<=0.5m,0.7106481481481481,0.5333333333333333,0.27142857142857124,0.6018808777429467,0.4632,56.139152394221355
883411,Lautaro Villegas (883411),22.6,Midfield - Central Midfield,Midfield,CSD Tristan Suarez,CSD Tristan Suarez,Primera Nacional,2025,1749.0,0.0514579759862778,0.1029159519725557,0.1543739279588336,75000.0,<=0.5m,0.6203703703703703,0.5228758169934641,0.12857142857142836,0.8526645768025078,0.6996,56.067788980308244
957531,Hayate Matsuda (957531),22.9,Midfield - Right Midfield,Midfield,Hannover 96,Hannover 96 II,3. Liga,24/25,2839.0,0.0317013032758013,0.1268052131032053,0.1585065163790067,250000.0,<=0.5m,0.6574074074074074,0.5555555555555556,0.08571428571428592,0.5282131661442007,1.0,55.97011660115109
940095,Nordin Bukala (940095),20.9,Midfield - Central Midfield,Midfield,FC Volendam,FC Volendam,Keuken Kampioen Divisie,24/25,1020.0,0.088235294117647,0.088235294117647,0.1764705882352941,275000.0,<=0.5m,0.6747685185185185,0.6013071895424836,0.3714285714285716,0.5,0.408,55.89281901649548
924308,Matteo Gualandris (924308),22.1,Midfield - Central Midfield,Midfield,CPR Ospitaletto,AC Ospitaletto,Serie D - B,24/25,3252.0,0.0276752767527675,0.1107011070110701,0.1383763837638376,200000.0,<=0.5m,0.6319444444444444,0.45098039215686275,0.1999999999999998,0.6018808777429467,1.0,55.561789804741124
908951,Noah Engelbreth (908951),21.2,Midfield - Defensive Midfield,Midfield,Hannover 96 II,Hannover 96 II,3. Liga,24/25,1163.0,0.0773860705073086,0.0773860705073086,0.1547721410146173,200000.0,<=0.5m,0.6170212765957447,0.6170212765957447,0.3285714285714287,0.6018808777429467,0.4652,55.35675174128879
1046049,Volodymyr Kharabara (1046049),21.9,Attack - Right Winger,Attack,SSV Jahn Regensburg II,SSV Jahn Regensburg II,Bayernliga Nord,24/25,1220.0,0.1475409836065573,0.0,0.1475409836065573,,,0.8541666666666666,0.3333333333333333,0.2285714285714288,0.5,0.488,55.32880952380952
866069,Sebastian Sanchez (866069),22.7,Midfield - Defensive Midfield,Midfield,Western Suburbs FC,Western Suburbs FC,National League - Central,2025,955.0,0.0942408376963351,0.0,0.0942408376963351,100000.0,<=0.5m,0.7511574074074074,0.4574468085106383,0.1142857142857144,0.7852664576802508,0.382,55.250113104810474
637783,André Oliveira (637783),20.9,Midfield - Defensive Midfield,Midfield,FC Porto B,FC Porto B,Liga Portugal 2,24/25,1130.0,0.079646017699115,0.079646017699115,0.1592920353982301,800000.0,0.5-2m,0.6808510638297872,0.6808510638297872,0.3714285714285716,0.280564263322884,0.452,55.241820659164766
885845,Diego Duarte (885845),20.3,Midfield - Attacking Midfield,Midfield,FC Metz B,FC Metz B,National 3 - Grp. H,24/25,920.0,0.0978260869565217,0.0,0.0978260869565217,,,0.8009259259259259,0.3090909090909091,0.457142857142857,0.5,0.368,55.2294708994709
930046,Adam Tolba (930046),21.2,Attack - Left Winger,Attack,KFC Uerdingen 05,KFC Uerdingen 05,Regionalliga West,24/25,1497.0,0.0601202404809619,0.1202404809619238,0.1803607214428857,0.0,<=0.5m,0.6504629629629629,0.5454545454545454,0.3285714285714287,0.5,0.5988,54.962735449735455
914516,Alessandro Zani (914516),21.5,Midfield - Central Midfield,Midfield,Borgaro Nobis 1965,Borgaro Nobis 1965,Serie D - A,24/25,977.0,0.0921187308085977,0.0,0.0921187308085977,75000.0,<=0.5m,0.7222222222222222,0.3137254901960784,0.2857142857142857,0.8526645768025078,0.3908,54.763137875421855
1053975,Liam Humbles (1053975),22.7,Midfield - Central Midfield,Midfield,Rochdale AFC,Gateshead FC,National League,24/25,1359.0,0.0662251655629139,0.1324503311258278,0.1986754966887417,0.0,<=0.5m,0.6759259259259259,0.6699346405228758,0.1142857142857144,0.5,0.5436,54.688318705259874
818887,Jacopo Casadei (818887),22.5,Midfield - Central Midfield,Midfield,US Corticella,US Corticella,Serie D - D,24/25,1865.0,0.0482573726541555,0.096514745308311,0.1447721179624665,75000.0,<=0.5m,0.5949074074074074,0.46405228758169936,0.14285714285714285,0.8526645768025078,0.746,54.498650169228256
1161421,Saif Eddien Lazar (1161421),19.7,Attack - Left Winger,Attack,Jong Genk,Jong Genk,CPL,24/25,1050.0,0.0857142857142857,0.0857142857142857,0.1714285714285714,250000.0,<=0.5m,0.6365740740740741,0.45454545454545453,0.5428571428571429,0.5282131661442007,0.42,54.4705134265479
1047344,Kieran Morgan (1047344),20.4,Midfield - Central Midfield,Midfield,Queens Park Rangers,Queens Park Rangers,Championship,24/25,1593.0,0.0564971751412429,0.1129943502824858,0.1694915254237288,800000.0,0.5-2m,0.6412037037037037,0.5751633986928104,0.44285714285714306,0.280564263322884,0.6372,54.404949484217234
882917,Alessio Aprile (882917),21.3,Attack - Right Winger,Attack,ACR Messina,AC Locri 1909,Serie D - I,24/25,955.0,0.0942408376963351,0.0,0.0942408376963351,50000.0,<=0.5m,0.7511574074074074,0.17777777777777778,0.31428571428571417,0.9231974921630094,0.382,54.22842891144616
1193919,Matteo Toci (1193919),19.3,Midfield - Attacking Midfield,Midfield,Frosinone Primavera,SSD Zenith Prato,Serie D - D,24/25,1248.0,0.0721153846153846,0.0721153846153846,0.1442307692307692,50000.0,<=0.5m,0.4699074074074074,0.4,0.5999999999999999,0.9231974921630094,0.4992,54.173246371763604
859941,Darren Robinson (859941),21.6,Midfield - Defensive Midfield,Midfield,St. Patrick's Athletic,Derby County U21,Premier League 2,24/25,1242.0,0.072463768115942,0.072463768115942,0.144927536231884,100000.0,<=0.5m,0.5638297872340425,0.5638297872340425,0.27142857142857124,0.7852664576802508,0.4968,54.1343747844232
1138818,Timéo Pepion (1138818),21.3,Attack - Centre-Forward,Attack,Les Genêts d'Anglet,SO Romorantin,National 3 - Grp. F,24/25,998.0,0.0901803607214428,0.0901803607214428,0.1803607214428857,,,0.6921296296296297,0.5263157894736842,0.31428571428571417,0.5,0.3992,53.90044472291841
968426,Halil Atcı (968426),20.5,Attack - Centre-Forward,Attack,Bursa Yildirim Spor Kulübü,Yeni Malatyaspor,1.Lig,24/25,952.0,0.0945378151260504,0.0,0.0945378151260504,0.0,<=0.5m,0.7627314814814815,0.3157894736842105,0.42857142857142855,0.5,0.3808,53.59630757449179
813437,Isaac Babadi (813437),21.4,Midfield - Attacking Midfield,Midfield,Royal Antwerp FC,PSV Eindhoven U21,Keuken Kampioen Divisie,24/25,1056.0,0.0852272727272727,0.1704545454545454,0.2556818181818182,3000000.0,2-5m,0.7430555555555556,0.6363636363636364,0.3000000000000002,0.1630094043887147,0.4224,53.54224277255312
985441,Ilya Ishkov (985441),21.2,Midfield - Attacking Midfield,Midfield,Ural Yekaterinburg,Ural Yekaterinburg,1.Division,24/25,1319.0,0.0682335102350265,0.136467020470053,0.2047005307050796,700000.0,0.5-2m,0.6805555555555556,0.5818181818181818,0.3285714285714287,0.30877742946708464,0.5276,53.51713798079316
671678,Liam De Smet (671678),22.4,Midfield - Central Midfield,Midfield,KV Kortrijk,Club NXT,CPL,24/25,2174.0,0.0413983440662373,0.124195032198712,0.1655933762649494,500000.0,<=0.5m,0.6550925925925926,0.5490196078431373,0.15714285714285733,0.377742946708464,0.8696,53.47063685927176
926975,Emil Rohd (926975),21.8,Attack - Right Winger,Attack,FK Haugesund,FC Utrecht U21,Keuken Kampioen Divisie,24/25,1302.0,0.0691244239631336,0.1382488479262673,0.2073732718894009,250000.0,<=0.5m,0.6851851851851852,0.4888888888888889,0.24285714285714274,0.5282131661442007,0.5208,53.28129120432569
766723,Manu Bueno (766723),22.1,Midfield - Central Midfield,Midfield,Sevilla Atlético,Sevilla Atlético,Primera Federación - Gr. II,24/25,2105.0,0.0427553444180522,0.1282660332541567,0.171021377672209,1500000.0,0.5-2m,0.6643518518518519,0.5882352941176471,0.1999999999999998,0.23354231974921635,0.842,53.076139317447634
1011935,Wilson Da Costa (1011935),19.5,Attack - Right Winger,Attack,Jong Genk,Jong Genk,CPL,24/25,948.0,0.0949367088607594,0.0,0.0949367088607594,350000.0,<=0.5m,0.7685185185185185,0.2,0.5714285714285714,0.45141065830721006,0.3792,52.85831006286178
1279526,Christ Inao Oulaï (1279526),20.4,Midfield - Central Midfield,Midfield,Trabzonspor,SC Bastia,Ligue 2,24/25,945.0,0.0952380952380952,0.0,0.0952380952380952,600000.0,0.5-2m,0.7708333333333334,0.35947712418300654,0.44285714285714306,0.3385579937304075,0.378,52.80568959663281
795909,Luan Simnica (795909),22.6,Midfield - Defensive Midfield,Midfield,FC Erzgebirge Aue,VfB Stuttgart II,3. Liga,24/25,954.0,0.0943396226415094,0.0,0.0943396226415094,225000.0,<=0.5m,0.7569444444444444,0.46808510638297873,0.12857142857142836,0.5595611285266457,0.3816,52.768759885830306
1167631,Tiago Trindade (1167631),20.5,Midfield - Attacking Midfield,Midfield,CD Mafra,CD Mafra U23,Liga Revelação,24/25,1052.0,0.085551330798479,0.085551330798479,0.1711026615969581,,,0.6296296296296297,0.4818181818181818,0.42857142857142855,0.5,0.4208,52.591068783068785
1019950,Théo Chennahi (1019950),21.5,Midfield - Attacking Midfield,Midfield,Montpellier HSC,Montpellier HSC B,National 3 - Grp. J,24/25,958.0,0.0939457202505219,0.0,0.0939457202505219,150000.0,<=0.5m,0.7430555555555556,0.2909090909090909,0.2857142857142857,0.6802507836990596,0.3832,52.56305065432652
790320,Rafael Jauregui (790320),21.7,Attack - Left Winger,Attack,Charlotte Independence,Charlotte Independence,USL1,2025,1745.0,0.0515759312320916,0.1031518624641833,0.154727793696275,200000.0,<=0.5m,0.6226851851851852,0.4090909090909091,0.25714285714285723,0.6018808777429467,0.698,52.18265503972401
745601,Rafael Lubach (745601),21.6,Midfield - Central Midfield,Midfield,1.FC Nuremberg,1.FC Nuremberg,2. Bundesliga,24/25,1415.0,0.0636042402826855,0.127208480565371,0.1908127208480565,1500000.0,0.5-2m,0.6597222222222222,0.6274509803921569,0.27142857142857124,0.23354231974921635,0.566,52.14581563241807
1057583,Elvaris Suplja (1057583),20.0,Midfield - Central Midfield,Midfield,Cavese 1919,Siena FC,Serie D - E,24/25,1062.0,0.0847457627118644,0.0,0.0847457627118644,100000.0,<=0.5m,0.6087962962962963,0.26143790849673204,0.5,0.7852664576802508,0.4248,52.12762365371088
698164,Freddie Potts (698164),22.9,Midfield - Defensive Midfield,Midfield,West Ham United,Portsmouth FC,Championship,24/25,3063.0,0.029382957884427,0.1175318315377081,0.1469147894221351,1400000.0,0.5-2m,0.6458333333333334,0.574468085106383,0.08571428571428592,0.24764890282131657,1.0,52.0184777499341
746892,Giuseppe Simone (746892),22.6,Attack - Second Striker,Attack,ASD Team Altamura,ASD Team Altamura,Serie C-C,24/25,942.0,0.0955414012738853,0.0,0.0955414012738853,50000.0,<=0.5m,0.7754629629629629,0.16666666666666666,0.12857142857142836,0.9231974921630094,0.3768,51.884167006684244
974564,Winners Osawe (974564),19.7,Midfield - Defensive Midfield,Midfield,1.FC Nuremberg,1.FC Nuremberg II,Regionalliga Bayern,24/25,1298.0,0.0693374422187981,0.0693374422187981,0.1386748844375963,500000.0,<=0.5m,0.5425531914893617,0.5425531914893617,0.5428571428571429,0.377742946708464,0.5192,51.71930702899448
583013,Romeo Morandi (583013),22.9,Midfield - Central Midfield,Midfield,FC Paradiso,FC Lugano II,Promotion League,24/25,958.0,0.0939457202505219,0.0,0.0939457202505219,100000.0,<=0.5m,0.7430555555555556,0.32679738562091504,0.08571428571428592,0.7852664576802508,0.3832,51.62281257372333
1233527,Colin Ulrich (1233527),22.7,Midfield - Central Midfield,Midfield,VfB Lübeck,USC Paloma Hamburg,Oberliga Hamburg,24/25,2756.0,0.0326560232220609,0.0653120464441219,0.0979680696661828,25000.0,<=0.5m,0.45601851851851855,0.39215686274509803,0.1142857142857144,0.9827586206896551,1.0,51.54334680232247
864112,Başar Önal (864112),22.1,Attack - Left Winger,Attack,NEC Nijmegen,NEC Nijmegen,Eredivisie,24/25,1375.0,0.0654545454545454,0.1309090909090909,0.1963636363636363,700000.0,0.5-2m,0.6712962962962963,0.5909090909090909,0.1999999999999998,0.30877742946708464,0.55,51.53214327179845
955359,Fodé Sylla (955359),20.3,Midfield - Defensive Midfield,Midfield,RC Lens,Yverdon Sport FC,Super League,24/25,1204.0,0.074750830564784,0.074750830564784,0.1495016611295681,1000000.0,0.5-2m,0.5957446808510638,0.5957446808510638,0.457142857142857,0.25705329153605017,0.4816,51.47371264685424
999127,Benja Cremaschi (999127),21.5,Midfield - Central Midfield,Midfield,Parma Calcio 1913,Inter Miami CF,MLS,2025,1388.0,0.0648414985590778,0.1296829971181556,0.1945244956772334,5000000.0,2-5m,0.6678240740740741,0.6405228758169934,0.2857142857142857,0.11912225705329149,0.5552,51.25995825296332
926131,Aaron Loupalo-Bi (926131),20.8,Attack - Centre-Forward,Attack,Fulham FC U21,Dagenham & Redbridge FC,National League,24/25,1059.0,0.0849858356940509,0.0849858356940509,0.1699716713881019,,,0.6145833333333334,0.47368421052631576,0.3857142857142856,0.5,0.4236,51.18264786967418
1002038,Sander Håvik Innvær (1002038),21.9,Attack - Left Winger,Attack,Tromsø IL,FK Haugesund,Eliteserien,2025,1004.0,0.0896414342629482,0.0896414342629482,0.1792828685258964,350000.0,<=0.5m,0.6840277777777778,0.5,0.2285714285714288,0.45141065830721006,0.4016,50.98594762899935
1193844,Adri Mehmeti (1193844),17.4,Midfield - Central Midfield,Midfield,New York Red Bulls,New York Red Bulls II,MLS Next Pro,2025,1915.0,0.0469973890339425,0.0469973890339425,0.0939947780678851,,,0.3912037037037037,0.3333333333333333,0.8714285714285717,0.5,0.766,50.801931216931216
717915,Kacper Masiak (717915),21.6,Attack - Right Winger,Attack,Stal Rzeszow,GKS Jastrzebie,Betclic 2 Liga,24/25,969.0,0.0928792569659442,0.0,0.0928792569659442,75000.0,<=0.5m,0.7291666666666666,0.13333333333333333,0.27142857142857124,0.8526645768025078,0.3876,50.79782788475892
667511,Morgan Williams (667511),21.7,Midfield - Central Midfield,Midfield,King's Lynn Town,Dorking Wanderers,National League South,24/25,1242.0,0.072463768115942,0.072463768115942,0.144927536231884,50000.0,<=0.5m,0.477124183006536,0.477124183006536,0.25714285714285723,0.9231974921630094,0.4968,50.63450158496001
933069,Alessandro Campana (933069),21.6,Midfield - Left Midfield,Midfield,USD Fezzanese,USD Fezzanese,Serie D - E,24/25,1469.0,0.0612661674608577,0.0612661674608577,0.1225323349217154,75000.0,<=0.5m,0.47368421052631576,0.47368421052631576,0.27142857142857124,0.8526645768025078,0.5876,50.577213849671196
1143175,Ansoumana Dansokho (1143175),20.2,Midfield - Central Midfield,Midfield,Stade Reims B,Stade Reims B,National 3 - Grp. E,24/25,1022.0,0.0880626223091976,0.0,0.0880626223091976,,,0.6701388888888888,0.2875816993464052,0.47142857142857153,0.5,0.4088,50.42293230625584
670309,Matej Angelov (670309),22.1,Midfield - Defensive Midfield,Midfield,Rabotnicki Skopje,Rabotnicki Skopje,Prva liga,24/25,986.0,0.0912778904665314,0.0,0.0912778904665314,250000.0,<=0.5m,0.7071759259259259,0.40425531914893614,0.1999999999999998,0.5282131661442007,0.3944,50.30528653248059
1064506,Adam Boayar (1064506),20.8,Attack - Second Striker,Attack,Elche CF,Elche Ilicitano,Segunda Federación - Gr. III,24/25,1211.0,0.074318744838976,0.1486374896779521,0.2229562345169281,500000.0,<=0.5m,0.6967592592592593,0.3333333333333333,0.3857142857142856,0.377742946708464,0.4844,50.114015010532256
902683,Yan Britschgi (902683),22.8,Midfield - Central Midfield,Midfield,SC Buochs,FC Schötz,1. Liga gr. 2,24/25,935.0,0.0962566844919786,0.0,0.0962566844919786,0.0,<=0.5m,0.78125,0.3660130718954248,0.0999999999999999,0.5,0.374,50.07978758169934
1330103,Abduljeleel Abdulateef (1330103),20.2,Attack - Right Winger,Attack,Odds BK,Odds BK II,Norsk Tipping-Ligaen avd. 6,2025,1074.0,0.0837988826815642,0.0,0.0837988826815642,50000.0,<=0.5m,0.6006944444444444,0.1111111111111111,0.47142857142857153,0.9231974921630094,0.4296,50.034455366472606
961051,Amine Boukamir (961051),19.8,Midfield - Defensive Midfield,Midfield,Royal Charleroi SC,Zébra Élites,1ste Nationale ACFF,24/25,1061.0,0.0848256361922714,0.0,0.0848256361922714,300000.0,<=0.5m,0.6111111111111112,0.32978723404255317,0.5285714285714285,0.4796238244514106,0.4244,49.89341777062101
1106909,Mario Solórzano (1106909),21.5,Midfield - Attacking Midfield,Midfield,Rayo Cantabria,Rayo Cantabria,Segunda Federación - Gr. I,24/25,1110.0,0.081081081081081,0.0,0.081081081081081,25000.0,<=0.5m,0.5659722222222222,0.2545454545454545,0.2857142857142857,0.9827586206896551,0.444,49.87699370552819
671548,Lukas Ambros (671548),22.2,Midfield - Attacking Midfield,Midfield,Górnik Zabrze,Górnik Zabrze,Ekstraklasa,24/25,1001.0,0.0899100899100899,0.0899100899100899,0.1798201798201798,550000.0,0.5-2m,0.6875,0.5272727272727272,0.1857142857142858,0.35423197492163006,0.4004,49.65967622033139
662358,Adrian Becker (662358),22.3,Midfield - Central Midfield,Midfield,1.FC Germania Egestorf/Langreder,1.FC Germania Egestorf/Langreder,OL Niedersachsen,24/25,955.0,0.0942408376963351,0.0,0.0942408376963351,0.0,<=0.5m,0.7511574074074074,0.3431372549019608,0.17142857142857132,0.5,0.382,49.655858232181764
1031233,Dawid Mazurek (1031233),19.4,Midfield - Left Midfield,Midfield,Stal Mielec,Gornik Zabrze II,Betclic 3 Liga - Group III,24/25,2519.0,0.0357284636760619,0.0357284636760619,0.0714569273521238,25000.0,<=0.5m,0.37037037037037035,0.10526315789473684,0.585714285714286,0.9827586206896551,1.0,49.51991280884202
998365,Diego Abarca (998365),21.2,Midfield - Central Midfield,Midfield,Austin FC II,Austin FC II,MLS Next Pro,2025,1134.0,0.0793650793650793,0.0793650793650793,0.1587301587301587,0.0,<=0.5m,0.5359477124183006,0.5359477124183006,0.3285714285714287,0.5,0.4536,48.9500056022409
951695,Eren Emre Aydın (951695),22.0,Midfield - Central Midfield,Midfield,12 Bingöl Spor,24 Erzincanspor,2.Lig Beyaz,24/25,1181.0,0.0762066045723962,0.0762066045723962,0.1524132091447925,125000.0,<=0.5m,0.5098039215686274,0.5098039215686274,0.21428571428571427,0.7257053291536051,0.4724,48.900681330839554
1237517,Ming Huang (1237517),21.2,Midfield - Defensive Midfield,Midfield,Shanghai Jiading Huilong,Shanghai Jiading Huilong,League One,2025,1160.0,0.0775862068965517,0.0,0.0775862068965517,50000.0,<=0.5m,0.5208333333333334,0.2765957446808511,0.3285714285714287,0.9231974921630094,0.464,48.69868079707038
928013,Alfonso Celia (928013),21.4,Midfield - Defensive Midfield,Midfield,ASD San Vito Positano,Costa d'Amalfi,Serie D - H,24/25,1040.0,0.0865384615384615,0.0,0.0865384615384615,0.0,<=0.5m,0.6516203703703703,0.3617021276595745,0.3000000000000002,0.5,0.416,48.67902088258472
1253883,Lars Tanggaard Eide (1253883),19.3,Midfield,Midfield,FK Haugesund,FK Haugesund II,Norsk Tipping-Ligaen avd. 5,2025,1208.0,0.0745033112582781,0.0,0.0745033112582781,,,0.4837962962962963,0.4,0.5999999999999999,0.5,0.4832,48.61625925925925
1202417,Allan Oyirwoth (1202417),19.6,Midfield - Attacking Midfield,Midfield,New England Revolution,New England Revolution II,MLS Next Pro,2025,1083.0,0.0831024930747922,0.0,0.0831024930747922,,,0.5856481481481481,0.2727272727272727,0.5571428571428569,0.5,0.4332,48.50091534391534
866756,Abubakar Inalkaev (866756),22.1,Midfield - Defensive Midfield,Midfield,Kyzyltash Bakhchysarai,Altona 93 II,Landesliga Hammonia,24/25,1017.0,0.0884955752212389,0.0,0.0884955752212389,0.0,<=0.5m,0.6782407407407407,0.3829787234042553,0.1999999999999998,0.5,0.4068,48.466680063041764
1065143,Thibaud Sergeant (1065143),20.9,Midfield - Central Midfield,Midfield,Zulte Waregem,Jong Essevee,2de Nat. VV A,24/25,1134.0,0.0793650793650793,0.0,0.0793650793650793,50000.0,<=0.5m,0.5358796296296297,0.1895424836601307,0.3714285714285716,0.9231974921630094,0.4536,47.93698259958808
631447,Jakub Kolan (631447),22.0,Midfield - Defensive Midfield,Midfield,Zaglebie Lubin,Zaglebie Lubin II,Betclic 2 Liga,24/25,1050.0,0.0857142857142857,0.0,0.0857142857142857,200000.0,<=0.5m,0.6365740740740741,0.34574468085106386,0.21428571428571427,0.6018808777429467,0.42,47.8511015105109
1178475,Mohamed Bamba (1178475),21.9,Midfield - Defensive Midfield,Midfield,Gil Vicente FC,Gil Vicente FC,Liga Portugal,24/25,958.0,0.0939457202505219,0.0,0.0939457202505219,3000000.0,2-5m,0.7430555555555556,0.44680851063829785,0.2285714285714288,0.1630094043887147,0.3832,47.83717286373853
1016552,Joe Barough (1016552),20.4,Midfield - Attacking Midfield,Midfield,Reading FC U21,Reading FC U21,Premier League 2,24/25,1187.0,0.075821398483572,0.075821398483572,0.151642796967144,,,0.4976851851851852,0.45454545454545453,0.44285714285714306,0.5,0.4748,47.74575132275133
1004609,Abdoulaye Camara (1004609),22.4,Attack - Right Winger,Attack,US Chauvigny,US Chauvigny,National 3 - Grp. F,24/25,941.0,0.0956429330499468,0.0,0.0956429330499468,,,0.7777777777777778,0.2222222222222222,0.15714285714285733,0.5,0.3764,47.722730158730165
927905,Matteo Cichella (927905),20.9,Midfield - Defensive Midfield,Midfield,Frosinone Calcio,Frosinone Calcio,Serie B,24/25,1025.0,0.0878048780487804,0.0,0.0878048780487804,750000.0,0.5-2m,0.6666666666666666,0.3723404255319149,0.3714285714285716,0.2931034482758621,0.41,47.67112811375467
1047043,Tjark Reinert (1047043),23.0,Attack - Right Winger,Attack,Blau-Weiß Lohne,Blau-Weiß Lohne,Regionalliga Nord,24/25,1145.0,0.0786026200873362,0.0786026200873362,0.1572052401746725,25000.0,<=0.5m,0.5300925925925926,0.35555555555555557,0.07142857142857142,0.9827586206896551,0.458,47.44721857325306
984107,Johan Caicedo (984107),22.4,Midfield - Defensive Midfield,Midfield,Asociación Deportivo Pasto,Asociación Deportivo Pasto,Liga DIMAYOR I,2025,996.0,0.0903614457831325,0.0,0.0903614457831325,450000.0,<=0.5m,0.6979166666666666,0.39361702127659576,0.15714285714285733,0.40909090909090906,0.3984,47.40596624297688
917104,Derek Mazou-Sacko (917104),21.9,Midfield - Central Midfield,Midfield,Millwall FC,Rodez AF,Ligue 2,24/25,985.0,0.0913705583756345,0.0,0.0913705583756345,400000.0,<=0.5m,0.7106481481481481,0.30718954248366015,0.2285714285714288,0.42946708463949845,0.394,47.37248160636599
646746,Roger Martínez (646746),22.4,Midfield - Central Midfield,Midfield,FC Barcelona Atlètic,CD Lugo,Primera Federación - Gr. I,24/25,2235.0,0.0402684563758389,0.0805369127516778,0.1208053691275168,300000.0,<=0.5m,0.5185185185185185,0.42483660130718953,0.15714285714285733,0.4796238244514106,0.894,47.21912818906734
815501,Marco Zuccherato (815501),21.6,Midfield - Left Midfield,Midfield,Without Club,L'Aquila 1927,Serie D - F,24/25,1129.0,0.0797165633303808,0.0,0.0797165633303808,50000.0,<=0.5m,0.5462962962962963,0.21052631578947367,0.27142857142857124,0.9231974921630094,0.4516,47.17446023976696
1061975,Mathias de Amorim (1061975),21.7,Midfield - Central Midfield,Midfield,FC Famalicão,FC Famalicão,Liga Portugal,24/25,1069.0,0.0841908325537885,0.0841908325537885,0.1683816651075771,1500000.0,0.5-2m,0.6041666666666666,0.5686274509803921,0.25714285714285723,0.23354231974921635,0.4276,47.12801544567671
965744,Owen Lunt (965744),22.0,Midfield - Defensive Midfield,Midfield,Crewe Alexandra,Southport FC,National League North,24/25,1100.0,0.0818181818181818,0.0,0.0818181818181818,100000.0,<=0.5m,0.5717592592592593,0.2978723404255319,0.21428571428571427,0.7852664576802508,0.44,47.1023451773085
1047099,Alpha Diallo (1047099),20.5,Midfield - Attacking Midfield,Midfield,RC Lens,RC Lens B,National 3 - Grp. E,24/25,1218.0,0.0738916256157635,0.0738916256157635,0.147783251231527,,,0.4791666666666667,0.43636363636363634,0.42857142857142855,0.5,0.4872,46.53747619047619
926975,Emil Rohd (926975),21.8,Attack - Right Winger,Attack,FK Haugesund,FK Haugesund,Eliteserien,2025,964.0,0.0933609958506224,0.0,0.0933609958506224,250000.0,<=0.5m,0.7349537037037037,0.15555555555555556,0.24285714285714274,0.5282131661442007,0.3856,46.48716157469606
917594,Diego García (917594),19.8,Midfield - Central Midfield,Midfield,FC Dallas,North Texas SC,MLS Next Pro,2025,1110.0,0.081081081081081,0.0,0.081081081081081,,,0.5659722222222222,0.22875816993464052,0.5285714285714285,0.5,0.444,46.4367670401494
1050215,Gonçalo Sousa (1050215),20.1,Attack - Right Winger,Attack,FC Porto B,FC Porto B,Liga Portugal 2,24/25,1083.0,0.0831024930747922,0.0831024930747922,0.1662049861495844,1500000.0,0.5-2m,0.5856481481481481,0.4,0.4857142857142855,0.23354231974921635,0.4332,46.42765067754723
667425,Jack Senga (667425),22.6,Midfield - Defensive Midfield,Midfield,FK Sarajevo B,Reading FC U21,Premier League 2,24/25,1348.0,0.0667655786350148,0.0667655786350148,0.1335311572700296,0.0,<=0.5m,0.5319148936170213,0.5319148936170213,0.12857142857142836,0.5,0.5392,46.36403647416413
815583,,22.5,Midfield - Central Midfield,Midfield,Club Milano,Club Milano,Serie D - B,24/25,1851.0,0.0486223662884927,0.0486223662884927,0.0972447325769854,50000.0,<=0.5m,0.40046296296296297,0.3790849673202614,0.14285714285714285,0.9231974921630094,0.7404,46.17194104963477
968724,Matteo Cociobanu (968724),20.6,Midfield - Right Midfield,Midfield,Forza e Coraggio Alessandria,Fossano Calcio,Serie D - A,24/25,1392.0,0.0646551724137931,0.0646551724137931,0.1293103448275862,0.0,<=0.5m,0.4513888888888889,0.4444444444444444,0.4142857142857141,0.5,0.5568,46.12712698412699
952115,Musibau Aziz (952115),19.6,Attack - Centre-Forward,Attack,TSV Hartberg,Dreams FC,Premier League,24/25,1273.0,0.0706991358994501,0.0,0.0706991358994501,25000.0,<=0.5m,0.4212962962962963,0.10526315789473684,0.5571428571428569,0.9827586206896551,0.5092,46.089955136884356
622023,Noah Rupp (622023),23.0,Midfield - Central Midfield,Midfield,FC Thun,FC Stade-Lausanne-Ouchy,Challenge League,24/25,1004.0,0.0896414342629482,0.0,0.0896414342629482,200000.0,<=0.5m,0.6840277777777778,0.29411764705882354,0.07142857142857142,0.6018808777429467,0.4016,46.04883322210808
1050738,Riccardo Rebaudo (1050738),21.6,Midfield - Attacking Midfield,Midfield,Alcione Milano,US Folgore Caratese,Serie D - B,24/25,1670.0,0.0538922155688622,0.0538922155688622,0.1077844311377245,75000.0,<=0.5m,0.4166666666666667,0.32727272727272727,0.27142857142857124,0.8526645768025078,0.668,45.99349455142559
719680,Kristi Montgomery (719680),22.2,Midfield - Central Midfield,Midfield,Blackburn Rovers,Marine FC,National League North,24/25,1487.0,0.0605245460659045,0.0605245460659045,0.121049092131809,100000.0,<=0.5m,0.43137254901960786,0.43137254901960786,0.1857142857142858,0.7852664576802508,0.5948,45.79551192012856
860054,Yacine El Amri (860054),22.1,Attack - Right Winger,Attack,Without Club,Valenciennes FC B,National 3 - Grp. E,24/25,1286.0,0.0699844479004665,0.0699844479004665,0.1399688958009331,50000.0,<=0.5m,0.4652777777777778,0.3111111111111111,0.1999999999999998,0.9231974921630094,0.5144,45.79376489028213
1008000,Giulio Dema (1008000),22.3,Midfield - Defensive Midfield,Midfield,UC Sinalunghese,San Donato Tavarnelle,Serie D - E,24/25,1050.0,0.0857142857142857,0.0,0.0857142857142857,0.0,<=0.5m,0.6365740740740741,0.34574468085106386,0.17142857142857132,0.5,0.42,45.739054936395355
937352,Tommaso Losio (937352),22.1,Midfield - Left Midfield,Midfield,ASDC Verbania,AVC Vogherese,Serie D - A,24/25,2834.0,0.0317572335920959,0.0635144671841919,0.0952717007762879,150000.0,<=0.5m,0.44907407407407407,0.2631578947368421,0.1999999999999998,0.6802507836990596,1.0,45.577799470812174
881261,Joshua Johnson (881261),21.9,Midfield - Central Midfield,Midfield,Oxford United,Maidenhead United,National League,24/25,1042.0,0.0863723608445297,0.0,0.0863723608445297,0.0,<=0.5m,0.6481481481481481,0.27450980392156865,0.2285714285714288,0.5,0.4168,45.493988173047
726668,Tadeas Hajovsky (726668),20.9,Midfield - Central Midfield,Midfield,AS Trencin,AS Trencin,Niké Liga,24/25,1243.0,0.0724054706355591,0.0724054706355591,0.1448109412711182,375000.0,<=0.5m,0.4722222222222222,0.47058823529411764,0.3714285714285716,0.44200626959247646,0.4972,45.40033053806685
1310108,Ibai Cabo (1310108),20.6,Attack - Left Winger,Attack,Real Sociedad C,Real Sociedad C,Segunda Federación - Gr. II,24/25,1219.0,0.07383100902379,0.0,0.07383100902379,50000.0,<=0.5m,0.4710648148148148,0.13636363636363635,0.4142857142857141,0.9231974921630094,0.4876,45.32979928181653
1082519,Charlys (1082519),22.5,Midfield - Defensive Midfield,Midfield,AC Reggiana 1919,Cosenza Calcio,Serie B,24/25,1813.0,0.0496414782129067,0.0496414782129067,0.0992829564258135,450000.0,<=0.5m,0.5,0.5,0.14285714285714285,0.40909090909090906,0.7252,45.264987012987014
899544,Davide Balleello (899544),21.6,Attack - Left Winger,Attack,FC Vigor Senigallia,Sasso Marconi 1924,Serie D - D,24/25,1213.0,0.0741962077493817,0.0741962077493817,0.1483924154987634,150000.0,<=0.5m,0.4837962962962963,0.36363636363636365,0.27142857142857124,0.6802507836990596,0.4852,45.10262737390323
878164,Villads Westh (878164),22.3,Midfield - Central Midfield,Midfield,Silkeborg IF,Kolding IF,NordicBet LIGA,24/25,1163.0,0.0773860705073086,0.0773860705073086,0.1547721410146173,450000.0,<=0.5m,0.5294117647058824,0.5294117647058824,0.17142857142857132,0.40909090909090906,0.4652,44.88683575248281
1243691,Pablo Pascual (1243691),20.5,Midfield - Central Midfield,Midfield,Villarreal CF B,CF Rayo Majadahonda,Segunda Federación - Gr. V,24/25,1267.0,0.0710339384372533,0.0,0.0710339384372533,50000.0,<=0.5m,0.42824074074074076,0.16339869281045752,0.42857142857142855,0.9231974921630094,0.5068,44.717827137403205
612749,Isaac Price (612749),22.9,Midfield - Central Midfield,Midfield,West Bromwich Albion,West Bromwich Albion,Championship,24/25,1056.0,0.0852272727272727,0.0852272727272727,0.1704545454545454,3000000.0,2-5m,0.6215277777777778,0.5816993464052288,0.08571428571428592,0.1630094043887147,0.4224,44.293001409341166
855890,Jenson Metcalfe (855890),21.9,Midfield - Central Midfield,Midfield,Bradford City,Chesterfield FC,League Two,24/25,1712.0,0.0525700934579439,0.0525700934579439,0.1051401869158878,175000.0,<=0.5m,0.41435185185185186,0.40522875816993464,0.2285714285714288,0.64576802507837,0.6848,44.20629825834897
726701,Rodrigo Ribeiro (726701),21.3,Attack - Centre-Forward,Attack,Sporting CP,Avs Futebol,Liga Portugal,24/25,986.0,0.0912778904665314,0.0,0.0912778904665314,2500000.0,2-5m,0.7071759259259259,0.2631578947368421,0.31428571428571417,0.1833855799373041,0.3944,44.20212841708939
820659,Mattia Vitale (820659),21.8,Midfield - Central Midfield,Midfield,ASD Giulianova,FC Pompei,Serie D - I,24/25,1845.0,0.048780487804878,0.048780487804878,0.0975609756097561,175000.0,<=0.5m,0.4027777777777778,0.38562091503267976,0.24285714285714274,0.64576802507837,0.738,44.095682323085974
1107733,Harrison Armstrong (1107733),19.6,Midfield - Central Midfield,Midfield,Preston North End,Derby County,Championship,24/25,1106.0,0.081374321880651,0.0,0.081374321880651,800000.0,0.5-2m,0.5694444444444444,0.23529411764705882,0.5571428571428569,0.280564263322884,0.4424,44.08154487793027
1090059,Riccardo Bozzuto (1090059),21.5,Attack - Left Winger,Attack,Tritium Calcio 1908,Fossano Calcio,Serie D - A,24/25,1068.0,0.0842696629213483,0.0,0.0842696629213483,0.0,<=0.5m,0.6064814814814815,0.22727272727272727,0.2857142857142857,0.5,0.4272,43.889724867724865
818881,Samuel Maltoni (818881),22.2,Midfield - Defensive Midfield,Midfield,SCD Progresso Calcio,Sammaurese,Serie D - D,24/25,2218.0,0.0405770964833183,0.0405770964833183,0.0811541929666366,100000.0,<=0.5m,0.37962962962962965,0.2872340425531915,0.1857142857142858,0.7852664576802508,0.8872,43.58223384104823
965954,Jake Burger (965954),21.9,Midfield - Central Midfield,Midfield,Rochdale AFC,Rochdale AFC,National League,24/25,1255.0,0.0717131474103585,0.0717131474103585,0.1434262948207171,0.0,<=0.5m,0.4675925925925926,0.45751633986928103,0.2285714285714288,0.5,0.502,43.51102085278556
743522,Enzo Caumont (743522),22.4,Midfield - Defensive Midfield,Midfield,AS Cannes,Angers SCO B,National 3 - Grp. B,24/25,1948.0,0.0462012320328542,0.0462012320328542,0.0924024640657084,0.0,<=0.5m,0.43617021276595747,0.43617021276595747,0.15714285714285733,0.5,0.7792,43.476498480243166
709964,Adrià Capdevila (709964),22.6,Midfield - Central Midfield,Midfield,RC Celta Fortuna,Getafe CF B,Segunda Federación - Gr. V,24/25,1125.0,0.08,0.0,0.08,100000.0,<=0.5m,0.5555555555555556,0.21568627450980393,0.12857142857142836,0.7852664576802508,0.45,43.407082414993155
936194,Matteo Pavan (936194),21.4,Midfield - Attacking Midfield,Midfield,Portogruaro Calcio,UC Montecchio Maggiore,Serie D - C,24/25,2675.0,0.0336448598130841,0.0336448598130841,0.0672897196261682,100000.0,<=0.5m,0.36342592592592593,0.16363636363636364,0.3000000000000002,0.7852664576802508,1.0,43.20391559270871
951957,Noah Fenyö (951957),20.6,Midfield - Defensive Midfield,Midfield,Eintracht Frankfurt,Eintracht Frankfurt II,Regionalliga Südwest,24/25,2156.0,0.0417439703153988,0.0417439703153988,0.0834879406307977,350000.0,<=0.5m,0.38425925925925924,0.3191489361702128,0.4142857142857141,0.45141065830721006,0.8624,43.1954490924689
1273437,Ander Varona (1273437),21.2,Midfield - Central Midfield,Midfield,Deportivo Alavés B,Arenas Club,Segunda Federación - Gr. II,24/25,2659.0,0.0338473110191801,0.0338473110191801,0.0676946220383602,100000.0,<=0.5m,0.36574074074074076,0.13725490196078433,0.3285714285714287,0.7852664576802508,1.0,43.16862925595177
975843,Dylan Wells (975843),20.4,Attack - Right Winger,Attack,Motherwell FC,Edinburgh City,League Two,24/25,1078.0,0.0834879406307977,0.0,0.0834879406307977,0.0,<=0.5m,0.5925925925925926,0.08888888888888889,0.44285714285714306,0.5,0.4312,42.87178835978837
1207330,Valentín Serrano (1207330),22.5,Midfield - Left Midfield,Midfield,Arsenal FC,Arsenal FC,Primera Nacional,2025,1774.0,0.0507328072153325,0.0507328072153325,0.1014656144306651,225000.0,<=0.5m,0.42105263157894735,0.42105263157894735,0.14285714285714285,0.5595611285266457,0.7096,42.47872797982417
819272,Matteo Manfredonia (819272),22.1,Midfield - Central Midfield,Midfield,US Città di Pontedera,Union Clodiense Chioggia,Serie C-A,24/25,2112.0,0.0426136363636363,0.0426136363636363,0.0852272727272727,125000.0,<=0.5m,0.38657407407407407,0.2679738562091503,0.1999999999999998,0.7257053291536051,0.8448,42.39311425956659
931418,Francisco Machado (931418),21.1,Midfield - Central Midfield,Midfield,Académico de Viseu Sub-23,Académico de Viseu Sub-23,Liga Revelação,24/25,1128.0,0.0797872340425532,0.0,0.0797872340425532,,,0.5486111111111112,0.20261437908496732,0.34285714285714264,0.5,0.4512,42.30245284780579
1068459,Aleksandr Lohmatov (1068459),19.6,Midfield - Right Midfield,Midfield,Frosinone Primavera,Sanremese Calcio,Serie D - A,24/25,1539.0,0.0584795321637426,0.0,0.0584795321637426,50000.0,<=0.5m,0.24305555555555555,0.2222222222222222,0.5571428571428569,0.9231974921630094,0.6156,42.120050604567844
939217,Victor Halvorsen (939217),22.1,Midfield - Central Midfield,Midfield,Sarpsborg 08 FF,Sarpsborg 08 FF,Eliteserien,2025,1031.0,0.08729388942774,0.0,0.08729388942774,1000000.0,0.5-2m,0.6574074074074074,0.28104575163398693,0.1999999999999998,0.25705329153605017,0.4124,42.0872340989339
1052464,Fırat Sarı (1052464),22.0,Midfield - Central Midfield,Midfield,Karaköprü Belediye Spor,Kirikkale FK Spor Kulübü,3.Lig Grup 4,24/25,1086.0,0.0828729281767955,0.0,0.0828729281767955,0.0,<=0.5m,0.5763888888888888,0.24183006535947713,0.21428571428571427,0.5,0.4344,41.99561064425771
718882,Pablo Cortés (718882),22.2,Attack - Right Winger,Attack,RC Deportivo Fabril,RZ Deportivo Aragón,Segunda Federación - Gr. II,24/25,1384.0,0.065028901734104,0.065028901734104,0.130057803468208,150000.0,<=0.5m,0.4537037037037037,0.28888888888888886,0.1857142857142858,0.6802507836990596,0.5536,41.62723583951171
951697,Emirhan Yılmaz (951697),22.3,Midfield - Central Midfield,Midfield,Beykoz Ishakli Spor,Düzcespor,3.Lig Grup 1,24/25,1084.0,0.0830258302583025,0.0,0.0830258302583025,0.0,<=0.5m,0.5810185185185185,0.24836601307189543,0.17142857142857132,0.5,0.4336,41.62161313414254
935510,Mattia Sala (935510),21.4,Midfield - Central Midfield,Midfield,SEF Torres 1903,US Città di Pontedera,Serie C-B,24/25,2246.0,0.0400712377560106,0.0400712377560106,0.0801424755120213,200000.0,<=0.5m,0.3773148148148148,0.2222222222222222,0.3000000000000002,0.6018808777429467,0.8984,41.437184140253116
1004507,Titouan Nihouarn (1004507),22.1,Midfield - Attacking Midfield,Midfield,Pau FC B,Pau FC B,National 3 - Grp. A,24/25,1448.0,0.0621546961325966,0.0621546961325966,0.1243093922651933,,,0.4398148148148148,0.38181818181818183,0.1999999999999998,0.5,0.5792,41.104962962962965
802727,Michele Ambrosini (802727),23.0,Attack - Left Winger,Attack,UC AlbinoLeffe,US Città di Pontedera,Serie C-B,24/25,1299.0,0.069284064665127,0.069284064665127,0.138568129330254,125000.0,<=0.5m,0.46064814814814814,0.3181818181818182,0.07142857142857142,0.7257053291536051,0.5196,41.003361380637244
1032381,Noa Donat (1032381),22.9,Midfield - Central Midfield,Midfield,Paris 13 Atletico,SC Bastia B,National 3 - Grp. D,24/25,1081.0,0.0832562442183163,0.0,0.0832562442183163,,,0.5902777777777778,0.2549019607843137,0.08571428571428592,0.5,0.4324,40.73382726423903
991460,Krzysztof Kolanko (991460),20.0,Midfield - Attacking Midfield,Midfield,Podbeskidzie Bielsko-Biala,Zaglebie Lubin II,Betclic 2 Liga,24/25,1307.0,0.0688599846977811,0.0,0.0688599846977811,200000.0,<=0.5m,0.3958333333333333,0.18181818181818182,0.5,0.6018808777429467,0.5228,40.69599895506792
895331,Dani Pérez (895331),21.1,Midfield - Attacking Midfield,Midfield,Betis Deportivo Balompié,Betis Deportivo Balompié,Primera Federación - Gr. II,24/25,1551.0,0.058027079303675,0.058027079303675,0.11605415860735,500000.0,<=0.5m,0.4236111111111111,0.34545454545454546,0.34285714285714264,0.377742946708464,0.6204,40.675337761855
1239948,Miron Mucsányi (1239948),20.8,Midfield - Central Midfield,Midfield,Diósgyőri VTK,Budapesti VSC - Zugló,NB II.,24/25,1363.0,0.066030814380044,0.0,0.066030814380044,50000.0,<=0.5m,0.3541666666666667,0.1111111111111111,0.3857142857142856,0.9231974921630094,0.5452,40.45097123948848
663264,Darko Gyabi (663264),22.5,Midfield - Central Midfield,Midfield,Hull City,Plymouth Argyle,Championship,24/25,2853.0,0.0315457413249211,0.0630914826498422,0.0946372239747634,1800000.0,0.5-2m,0.44675925925925924,0.35294117647058826,0.14285714285714285,0.21159874608150475,1.0,39.98965446506014
1178375,Loris Dupont (1178375),20.3,Midfield - Central Midfield,Midfield,Dijon FCO,Voltigeurs de Châteaubriant,National 2 - Grp. B,24/25,1259.0,0.0714853057982525,0.0,0.0714853057982525,,,0.4386574074074074,0.17647058823529413,0.457142857142857,0.5,0.5036,39.90162013694366
820540,Filip Kocaba (820540),21.8,Midfield - Defensive Midfield,Midfield,Zaglebie Lubin,Arka Gdynia,Betclic 1 Liga,24/25,2165.0,0.0415704387990762,0.0415704387990762,0.0831408775981524,400000.0,<=0.5m,0.3819444444444444,0.30851063829787234,0.24285714285714274,0.42946708463949845,0.866,39.85937640210935
1131016,Lucas Acosta (1131016),21.3,Midfield - Attacking Midfield,Midfield,CA San Martín (San Juan) II,CA San Martín (San Juan) II,Copa Proyección Apertura,2025,1231.0,0.0731112916328188,0.0,0.0731112916328188,0.0,<=0.5m,0.4652777777777778,0.23636363636363636,0.31428571428571417,0.5,0.4924,39.833126984126984
1004382,Ryan Contena (1004382),22.2,Attack,Attack,AC Ajaccio B,AC Ajaccio B,National 3 - Grp. D,24/25,1456.0,0.0618131868131868,0.0,0.0618131868131868,,,0.4,0.4,0.1857142857142858,0.5,0.5824,39.79542857142858
1073115,Yanis da Rocha (1073115),22.3,Midfield - Defensive Midfield,Midfield,SC Braga B,SC Braga B,Liga 3,24/25,1164.0,0.0773195876288659,0.0,0.0773195876288659,,,0.5138888888888888,0.26595744680851063,0.17142857142857132,0.5,0.4656,39.777698750422154
1064121,Marcos Peña (1064121),21.6,Midfield - Central Midfield,Midfield,FC Famalicão,Marbella FC,Primera Federación - Gr. II,24/25,1910.0,0.0471204188481675,0.0471204188481675,0.0942408376963351,500000.0,<=0.5m,0.39351851851851855,0.3431372549019608,0.27142857142857124,0.377742946708464,0.764,39.77398170832248
1006410,Noa Kotto Kotto Mouyema (1006410),20.6,Attack - Centre-Forward,Attack,FC Sochaux-Montbéliard B,FC Sochaux-Montbéliard B,National 3 - Grp. H,24/25,1235.0,0.0728744939271255,0.0,0.0728744939271255,,,0.46296296296296297,0.15789473684210525,0.4142857142857141,0.5,0.494,39.634848231690334
1040204,Nicolás Vallejo (1040204),22.6,Attack - Right Winger,Attack,Liverpool FC Montevideo,Liverpool FC Montevideo,Liga AUF Apertura,2025,1126.0,0.0799289520426287,0.0799289520426287,0.1598579040852575,900000.0,0.5-2m,0.5532407407407407,0.37777777777777777,0.12857142857142836,0.26645768025078365,0.4504,39.62580963991308
1149949,Jawad Bouderbane (1149949),21.6,Attack - Right Winger,Attack,Chassieu Décines FC,Chassieu Décines FC,National 3 - Grp. I,24/25,1594.0,0.0564617314930991,0.0564617314930991,0.1129234629861982,,,0.4212962962962963,0.26666666666666666,0.27142857142857124,0.5,0.6376,39.594783068783066
1233348,Kamil Cybulski (1233348),20.7,Attack - Left Winger,Attack,Widzew Lodz,Widzew Lodz,Ekstraklasa,24/25,1429.0,0.0629811056682995,0.0629811056682995,0.125962211336599,650000.0,0.5-2m,0.4444444444444444,0.2727272727272727,0.4000000000000001,0.322884012539185,0.5716,39.525265064437484
810971,Jarell Njiké Simo (810971),22.6,Midfield - Central Midfield,Midfield,FC Stade Nyonnais,FC Paradiso,Promotion League,24/25,2434.0,0.0369761709120788,0.0369761709120788,0.0739523418241577,150000.0,<=0.5m,0.3726851851851852,0.1830065359477124,0.12857142857142836,0.6802507836990596,0.9736,39.5048346568164
1060905,Seme Yohannes (1060905),20.6,Midfield - Right Midfield,Midfield,BSC Old Boys,FC Concordia Basel,1. Liga gr. 2,24/25,1370.0,0.0656934306569343,0.0,0.0656934306569343,,,0.3425925925925926,0.3333333333333333,0.4142857142857141,0.5,0.548,39.46042328042328
1186670,Riccardo Yanovskyy (1186670),19.6,Midfield - Left Midfield,Midfield,Calcio Budoni,Olbia Calcio 1905,Serie D - G,24/25,1430.0,0.0629370629370629,0.0,0.0629370629370629,75000.0,<=0.5m,0.30671296296296297,0.05263157894736842,0.5571428571428569,0.8526645768025078,0.572,39.38457711895552
698548,Marko Lazetić (698548),22.6,Attack - Centre-Forward,Attack,Aberdeen FC,FK TSC Backa Topola,Super liga Srbije,24/25,1171.0,0.0768573868488471,0.0768573868488471,0.1537147736976943,800000.0,0.5-2m,0.5092592592592593,0.42105263157894735,0.12857142857142836,0.280564263322884,0.4684,39.28405229025192
1090059,Riccardo Bozzuto (1090059),21.5,Attack - Left Winger,Attack,Tritium Calcio 1908,ASD Fanfulla,Serie D - B,24/25,1194.0,0.0753768844221105,0.0,0.0753768844221105,0.0,<=0.5m,0.4930555555555556,0.18181818181818182,0.2857142857142857,0.5,0.4776,39.08353968253969
823626,Simone Milazzo (823626),22.4,Midfield - Central Midfield,Midfield,US Città di Pontedera,US Vibonese,Serie D - I,24/25,1280.0,0.0703125,0.0,0.0703125,75000.0,<=0.5m,0.41898148148148145,0.1568627450980392,0.15714285714285733,0.8526645768025078,0.512,38.943866477973984
969192,Ebenezer Akinsanmiro (969192),21.7,Midfield - Central Midfield,Midfield,Pisa Sporting Club,UC Sampdoria,Serie B,24/25,1518.0,0.0592885375494071,0.0592885375494071,0.1185770750988142,2000000.0,0.5-2m,0.42824074074074076,0.41830065359477125,0.25714285714285723,0.20219435736677116,0.6072,38.49276924465362
726453,Georgios Prountzos (726453),23.0,Midfield - Defensive Midfield,Midfield,Volos NPS,Asteras Aktor B,Super League 2,24/25,1207.0,0.0745650372825186,0.0,0.0745650372825186,200000.0,<=0.5m,0.4861111111111111,0.24468085106382978,0.07142857142857142,0.6018808777429467,0.4828,38.252390376884875
812398,Jack Griffiths (812398),21.1,Midfield - Attacking Midfield,Midfield,Rochdale AFC,Stoke City U21,Premier League 2,24/25,1298.0,0.0693374422187981,0.0,0.0693374422187981,,,0.4085648148148148,0.2,0.34285714285714264,0.5,0.5192,37.60317724867725
964065,Mitch Beardmore (964065),21.9,Midfield - Attacking Midfield,Midfield,Bath City,Bath City,National League South,24/25,1244.0,0.0723472668810289,0.0,0.0723472668810289,0.0,<=0.5m,0.45023148148148145,0.21818181818181817,0.2285714285714288,0.5,0.4976,37.54193915343915
925357,Kota Tawaratsumida (925357),22.3,Midfield - Left Midfield,Midfield,FC Tokyo,FC Tokyo,J1 League,2025,1807.0,0.0498063087991145,0.0498063087991145,0.0996126175982291,800000.0,0.5-2m,0.4074074074074074,0.3684210526315789,0.17142857142857132,0.280564263322884,0.7228,37.48550146875373
1053933,Ruan (1053933),21.3,Attack - Right Winger,Attack,Alanyaspor,Portimonense SAD,Liga Portugal 2,24/25,1877.0,0.0479488545551411,0.0479488545551411,0.0958977091102823,700000.0,0.5-2m,0.3958333333333333,0.24444444444444444,0.31428571428571417,0.30877742946708464,0.7508,37.27889988555506
698110,Lorenzo Malagrida (698110),22.8,Midfield - Left Midfield,Midfield,UC Sampdoria,Rimini FC,Serie C-B,24/25,1222.0,0.0736497545008183,0.0,0.0736497545008183,150000.0,<=0.5m,0.4675925925925926,0.15789473684210525,0.0999999999999999,0.6802507836990596,0.4888,37.25371370083167
1042945,Jonathan Shore (1042945),19.4,Midfield - Central Midfield,Midfield,New York City FC,New York City FC,MLS,2025,1320.0,0.0681818181818181,0.0,0.0681818181818181,600000.0,0.5-2m,0.3854166666666667,0.1437908496732026,0.585714285714286,0.3385579937304075,0.528,37.20047250979807
934420,Ibra Sow (934420),19.6,Attack - Centre-Forward,Attack,Sevilla Atlético,Sevilla Atlético,Primera Federación - Gr. II,24/25,1337.0,0.0673148840688107,0.0,0.0673148840688107,250000.0,<=0.5m,0.3773148148148148,0.05263157894736842,0.5571428571428569,0.5282131661442007,0.5348,37.153127740109596
1018754,Samuel Gidi (1018754),22.3,Midfield - Central Midfield,Midfield,FC Cincinnati,MSK Zilina,Niké Liga,24/25,1746.0,0.0515463917525773,0.0515463917525773,0.1030927835051546,1800000.0,0.5-2m,0.41203703703703703,0.39869281045751637,0.17142857142857132,0.21159874608150475,0.6984,37.11788882547098
723485,Léandre Kuavita (723485),22.2,Midfield - Central Midfield,Midfield,Standard Liège,Standard Liège,Jupiler Pro League,24/25,1862.0,0.0483351235230934,0.0483351235230934,0.0966702470461868,1500000.0,0.5-2m,0.39814814814814814,0.37254901960784315,0.1857142857142858,0.23354231974921635,0.7448,37.01472910891978
933677,Giacomo Ghiardelli (933677),22.5,Midfield - Central Midfield,Midfield,Without Club,ASD Asti,Serie D - A,24/25,1361.0,0.0661278471711976,0.0,0.0661278471711976,50000.0,<=0.5m,0.35648148148148145,0.11764705882352941,0.14285714285714285,0.9231974921630094,0.5444,36.789010766410364
902467,Noam Mayoka-Tika (902467),22.8,Midfield - Defensive Midfield,Midfield,K Lierse SK,Zébra Élites,1ste Nationale ACFF,24/25,1407.0,0.0639658848614072,0.0,0.0639658848614072,50000.0,<=0.5m,0.32175925925925924,0.19148936170212766,0.0999999999999999,0.9231974921630094,0.5628,36.592382699580796
1086377,Kaick (1086377),20.7,Midfield - Defensive Midfield,Midfield,FC Dallas,FC Dallas,MLS,2025,1246.0,0.0722311396468699,0.0,0.0722311396468699,2000000.0,0.5-2m,0.44675925925925924,0.23404255319148937,0.4000000000000001,0.20219435736677116,0.4984,36.34050902519942
1082639,Léo Azevedo (1082639),22.4,Midfield - Defensive Midfield,Midfield,SC União Torreense,SC União Torreense,Liga Portugal 2,24/25,2381.0,0.0377992440151197,0.0377992440151197,0.0755984880302394,900000.0,0.5-2m,0.375,0.2553191489361702,0.15714285714285733,0.26645768025078365,0.9524,35.63571451439243
887816,Rokas Pukstas (887816),22.0,Midfield - Attacking Midfield,Midfield,HNK Hajduk Split,HNK Hajduk Split,SuperSport HNL,24/25,1456.0,0.0618131868131868,0.0618131868131868,0.1236263736263736,5000000.0,2-5m,0.4375,0.36363636363636365,0.21428571428571427,0.11912225705329149,0.5824,35.54528302731752
907086,Noah Wagner (907086),21.3,Midfield - Defensive Midfield,Midfield,SC Freiburg II,SC Freiburg II,Regionalliga Südwest,24/25,1489.0,0.0604432505036937,0.0,0.0604432505036937,100000.0,<=0.5m,0.2708333333333333,0.13829787234042554,0.31428571428571417,0.7852664576802508,0.5956,35.31252169425096
925866,Giovanni Aurino (925866),21.5,Midfield - Central Midfield,Midfield,Valmontone 1921,FC Pompei,Serie D - I,24/25,1481.0,0.0607697501688048,0.0,0.0607697501688048,75000.0,<=0.5m,0.2777777777777778,0.0915032679738562,0.2857142857142857,0.8526645768025078,0.5924,35.001360097644074
988860,Caner Kaban (988860),20.4,Midfield - Defensive Midfield,Midfield,Adana Demirspor,Erciyes 38 Futbol Spor Kulübü,3.Lig Grup 4,24/25,1454.0,0.061898211829436,0.0,0.061898211829436,,,0.29398148148148145,0.1595744680851064,0.44285714285714306,0.5,0.5816,34.58364887988292
1188639,Carlo Maria Testa (1188639),20.2,Attack - Right Winger,Attack,Virtus Ciserano Bergamo 1909,Virtus Ciserano Bergamo 1909,Serie D - C,24/25,1531.0,0.0587851077726975,0.0,0.0587851077726975,100000.0,<=0.5m,0.24768518518518517,0.022222222222222223,0.47142857142857153,0.7852664576802508,0.6124,34.56151347630658
764737,Shemron Phillips (764737),22.1,Midfield,Midfield,Chapelton Maroons,Vere United FC,Jamaica Premier League,24/25,1320.0,0.0681818181818181,0.0,0.0681818181818181,,,0.3854166666666667,0.2,0.1999999999999998,0.5,0.528,34.52583333333333
709500,Alessandro Renzi (709500),22.6,Midfield - Central Midfield,Midfield,SS Arezzo,SS Arezzo,Serie C-B,24/25,2677.0,0.0336197235711617,0.0336197235711617,0.0672394471423235,400000.0,<=0.5m,0.3611111111111111,0.12418300653594772,0.12857142857142836,0.42946708463949845,1.0,34.5239304081089
888493,Alejo Veliz (888493),22.9,Attack - Centre-Forward,Attack,CA Rosario Central,RCD Espanyol Barcelona,LaLiga,24/25,1123.0,0.0801424755120213,0.0,0.0801424755120213,2500000.0,2-5m,0.5578703703703703,0.21052631578947367,0.08571428571428592,0.1833855799373041,0.4492,34.261479711993324
877140,Gonçalo Nogueira (877140),22.6,Midfield - Central Midfield,Midfield,Vitória Guimarães SC,FC Paços de Ferreira,Liga Portugal 2,24/25,2615.0,0.034416826003824,0.034416826003824,0.0688336520076481,600000.0,0.5-2m,0.3680555555555556,0.1503267973856209,0.12857142857142836,0.3385579937304075,1.0,34.09025542296333
987724,Ivo Vukic (987724),22.6,Midfield - Attacking Midfield,Midfield,HNK Cibalia Vinkovci,NK BSK Bijelo Brdo,Prva NL,24/25,1499.0,0.0600400266844563,0.0,0.0600400266844563,50000.0,<=0.5m,0.2604166666666667,0.14545454545454545,0.12857142857142836,0.9231974921630094,0.5996,34.073741080758325
1180821,Mohamed Yassine Azzouz (1180821),19.3,Midfield - Attacking Midfield,Midfield,Oud-Heverlee Leuven U23,Oud-Heverlee Leuven U23,1ste Nationale VV,24/25,1556.0,0.0578406169665809,0.0,0.0578406169665809,,,0.2349537037037037,0.1,0.5999999999999999,0.5,0.6224,33.95224074074074
934783,Orso Maria De Ponti (934783),20.8,Midfield - Defensive Midfield,Midfield,Varese Football Club,US Fiorenzuola 1922,Serie D - D,24/25,2468.0,0.0364667747163695,0.0,0.0364667747163695,125000.0,<=0.5m,0.17939814814814814,0.031914893617021274,0.3857142857142856,0.7257053291536051,0.9872,33.722560468783136
926235,Samuel Koeberlé (926235),21.7,Midfield - Defensive Midfield,Midfield,HNK Vukovar 1991,Stade Reims B,National 3 - Grp. E,24/25,2088.0,0.043103448275862,0.0,0.043103448275862,50000.0,<=0.5m,0.17939814814814814,0.06382978723404255,0.25714285714285723,0.9231974921630094,0.8352,33.61243555334642
813961,Patrick Nuamah (813961),20.6,Attack - Left Winger,Attack,US Catanzaro,Brescia Calcio (- 2025),Serie B,24/25,1261.0,0.0713719270420301,0.0,0.0713719270420301,1500000.0,0.5-2m,0.4351851851851852,0.09090909090909091,0.4142857142857141,0.23354231974921635,0.5044,33.479200942097485
779244,Ivan Varfolomeev (779244),22.4,Midfield - Defensive Midfield,Midfield,Lincoln City,FC Slovan Liberec,Chance Liga,24/25,1269.0,0.0709219858156028,0.0,0.0709219858156028,600000.0,0.5-2m,0.42592592592592593,0.22340425531914893,0.15714285714285733,0.3385579937304075,0.5076,33.43017642871789
932754,Endurance Dominic Okojie (932754),21.3,Midfield - Central Midfield,Midfield,Unipomezia Virtus,Palmese,Serie D - H,24/25,1836.0,0.0490196078431372,0.0,0.0490196078431372,50000.0,<=0.5m,0.17939814814814814,0.0392156862745098,0.31428571428571417,0.9231974921630094,0.7344,32.977211046522406
984817,Yacouba Maïga (984817),22.3,Midfield - Defensive Midfield,Midfield,CD Mafra,CD Mafra,Liga Portugal 2,24/25,1365.0,0.0659340659340659,0.0,0.0659340659340659,300000.0,<=0.5m,0.35185185185185186,0.20212765957446807,0.17142857142857132,0.4796238244514106,0.546,32.73476956618556
984252,Nathan De Raes (984252),23.0,Midfield - Defensive Midfield,Midfield,KVK Ninove,KVK Ninove,1ste Nationale VV,24/25,1345.0,0.0669144981412639,0.0,0.0669144981412639,,,0.37037037037037035,0.2127659574468085,0.07142857142857142,0.5,0.538,32.27778228076101
1056526,Cristiano Rizzo (1056526),20.6,Midfield - Central Midfield,Midfield,Nuova Sondrio Calcio,Olbia Calcio 1905,Serie D - G,24/25,1823.0,0.0493691716950082,0.0,0.0493691716950082,125000.0,<=0.5m,0.17939814814814814,0.0457516339869281,0.4142857142857141,0.7257053291536051,0.7292,31.904111614063947
941441,Darius Lipsiuc (941441),20.9,Midfield - Central Midfield,Midfield,Solihull Moors,Stoke City U21,Premier League 2,24/25,1466.0,0.0613915416098226,0.0,0.0613915416098226,,,0.2824074074074074,0.09803921568627451,0.3714285714285716,0.5,0.5864,31.69520136943667
923536,Andreas Myklebust (923536),21.1,Midfield - Central Midfield,Midfield,SK Træff,SK Træff,PostNord-ligaen Avd. 1,2025,1578.0,0.0570342205323193,0.0,0.0570342205323193,150000.0,<=0.5m,0.22453703703703703,0.0784313725490196,0.34285714285714264,0.6802507836990596,0.6312,31.579122860986956
948606,Téo James Michel (948606),22.3,Attack - Right Winger,Attack,CD Ibiza Islas Pitiusas,LB Châteauroux,Championnat National,24/25,1381.0,0.0651701665459811,0.0,0.0651701665459811,150000.0,<=0.5m,0.33449074074074076,0.044444444444444446,0.17142857142857132,0.6802507836990596,0.5524,31.478794040569902
1052866,Noory Elazouzi (1052866),21.3,Attack,Attack,US Orléans B,US Orléans B,National 3 - Grp. F,24/25,1560.0,0.0576923076923076,0.0,0.0576923076923076,,,0.23148148148148148,0.2,0.31428571428571417,0.5,0.624,31.46486772486773
700472,Jack Stott (700472),22.7,Midfield - Central Midfield,Midfield,Queen of the South FC,Middlesbrough FC U21,Premier League 2,24/25,1330.0,0.0676691729323308,0.0,0.0676691729323308,,,0.37962962962962965,0.13071895424836602,0.1142857142857144,0.5,0.532,31.450314347961417
1075719,Rhys Youlley (1075719),21.5,Midfield - Attacking Midfield,Midfield,Sydney FC,Jong Westel,2de Nat. VV A,24/25,1524.0,0.0590551181102362,0.0,0.0590551181102362,200000.0,<=0.5m,0.25,0.12727272727272726,0.2857142857142857,0.6018808777429467,0.6096,31.39376085982983
666551,Maestro (666551),23.0,Midfield - Defensive Midfield,Midfield,Alanyaspor,Adana Demirspor,Süper Lig,24/25,2899.0,0.0310451879958606,0.0310451879958606,0.0620903759917212,2500000.0,2-5m,0.3587962962962963,0.1702127659574468,0.07142857142857142,0.1833855799373041,1.0,31.08919537230249
1071906,Matthieu Muland (1071906),22.8,Attack - Right Winger,Attack,RFC Seraing,RFC Seraing,CPL,24/25,1313.0,0.0685453160700685,0.0,0.0685453160700685,250000.0,<=0.5m,0.3912037037037037,0.06666666666666667,0.0999999999999999,0.5282131661442007,0.5252,30.579391733426213
1211302,Matteo Heremans (1211302),20.6,Midfield - Attacking Midfield,Midfield,Oud-Heverlee Leuven U23,Oud-Heverlee Leuven U23,1ste Nationale VV,24/25,2325.0,0.0387096774193548,0.0,0.0387096774193548,,,0.17939814814814814,0.01818181818181818,0.4142857142857141,0.5,0.93,30.14570105820106
920946,Max Grüger (920946),21.2,Midfield - Defensive Midfield,Midfield,FC Schalke 04,FC Schalke 04,2. Bundesliga,24/25,1410.0,0.0638297872340425,0.0,0.0638297872340425,2000000.0,0.5-2m,0.31712962962962965,0.18085106382978725,0.3285714285714287,0.20219435736677116,0.564,29.7575131904589
842420,Nathan-Dylan Saliba (842420),22.5,Midfield - Central Midfield,Midfield,RSC Anderlecht,CF Montréal,MLS,2025,1265.0,0.0711462450592885,0.0,0.0711462450592885,3500000.0,2-5m,0.4305555555555556,0.16993464052287582,0.14285714285714285,0.14263322884012541,0.506,29.44225269209042
1169049,Cebrail İrtürk (1169049),21.5,Midfield - Central Midfield,Midfield,Muglaspor,Bucaspor 1928,2.Lig Kirmizi,24/25,1874.0,0.048025613660619,0.0,0.048025613660619,150000.0,<=0.5m,0.17939814814814814,0.032679738562091505,0.2857142857142857,0.6802507836990596,0.7496,29.12702342121105
957732,Kevin Shkurti (957732),22.1,Midfield - Defensive Midfield,Midfield,RFC Lüttich,Oud-Heverlee Leuven U23,1ste Nationale VV,24/25,1495.0,0.060200668896321,0.0,0.060200668896321,,,0.2662037037037037,0.1276595744680851,0.1999999999999998,0.5,0.598,29.104251379038615
806305,Noa Dundas (806305),22.3,Midfield - Central Midfield,Midfield,FC Utrecht U21,FC Utrecht U21,Keuken Kampioen Divisie,24/25,1441.0,0.0624566273421235,0.0,0.0624566273421235,300000.0,<=0.5m,0.2986111111111111,0.10457516339869281,0.17142857142857132,0.4796238244514106,0.5764,28.86946650217036
1065440,Mauro Echegoyen (1065440),21.5,Midfield - Central Midfield,Midfield,CA Osasuna Promesas,CA Osasuna Promesas,Primera Federación - Gr. I,24/25,2124.0,0.0423728813559322,0.0,0.0423728813559322,200000.0,<=0.5m,0.17939814814814814,0.0196078431372549,0.2857142857142857,0.6018808777429467,0.8496,28.742263038479066
1186087,Antonio Memeo (1186087),22.5,Midfield - Central Midfield,Midfield,Ragusa Calcio,Ragusa Calcio,Serie D - I,24/25,1671.0,0.0538599640933572,0.0,0.0538599640933572,100000.0,<=0.5m,0.18981481481481483,0.06535947712418301,0.14285714285714285,0.7852664576802508,0.6684,28.61431615293279
1249340,Alassane Diatta (1249340),21.3,Midfield - Central Midfield,Midfield,Villarreal CF B,Villarreal CF B,Primera Federación - Gr. II,24/25,1675.0,0.053731343283582,0.0,0.053731343283582,200000.0,<=0.5m,0.1875,0.058823529411764705,0.31428571428571417,0.6018808777429467,0.67,28.574021364031505
1046520,Maxim Leclercq (1046520),21.2,Midfield - Central Midfield,Midfield,FC Stade Nyonnais,Servette FC U21,1. Liga gr. 1,24/25,2254.0,0.0399290150842945,0.0,0.0399290150842945,,,0.17939814814814814,0.013071895424836602,0.3285714285714287,0.5,0.9016,28.377854186118896
913170,Finn Paul (913170),21.9,Midfield - Defensive Midfield,Midfield,SSV Ehingen-Süd 1974,SSV Ehingen-Süd 1974,VL Württemberg,24/25,1581.0,0.0569259962049335,0.0,0.0569259962049335,0.0,<=0.5m,0.2222222222222222,0.11702127659574468,0.2285714285714288,0.5,0.6324,28.00005538669369
694901,Jamie McDonnell (694901),22.5,Midfield - Defensive Midfield,Midfield,Mansfield Town,Colchester United,League Two,24/25,2609.0,0.0344959754695285,0.0,0.0344959754695285,200000.0,<=0.5m,0.17939814814814814,0.02127659574468085,0.14285714285714285,0.6018808777429467,1.0,27.997261310128152
814482,Alessandro Pellitteri (814482),22.6,Midfield - Central Midfield,Midfield,Latina Calcio 1932,Campobasso FC,Serie C-B,24/25,2106.0,0.0427350427350427,0.0,0.0427350427350427,150000.0,<=0.5m,0.17939814814814814,0.026143790849673203,0.12857142857142836,0.6802507836990596,0.8424,27.396946857252125
728386,Rafet Baralija (728386),21.7,Midfield - Right Midfield,Midfield,FC Vaduz II,FC Wil 1900 II,2. Liga Inter - Gr. 4,24/25,1736.0,0.0518433179723502,0.0,0.0518433179723502,0.0,<=0.5m,0.17939814814814814,0.1111111111111111,0.25714285714285723,0.5,0.6944,27.31985978835979
743629,Josimar Alcócer (743629),22.1,Attack - Left Winger,Attack,KVC Westerlo,KVC Westerlo,Jupiler Pro League,24/25,1304.0,0.0690184049079754,0.0,0.0690184049079754,2200000.0,2-5m,0.39814814814814814,0.045454545454545456,0.1999999999999998,0.1943573667711599,0.5216,27.266632764425864
1093926,Dantas (1093926),22.1,Midfield - Defensive Midfield,Midfield,Grêmio Novorizontino,Grêmio Novorizontino,Série B,2025,1597.0,0.0563556668753913,0.0,0.0563556668753913,250000.0,<=0.5m,0.20833333333333334,0.10638297872340426,0.1999999999999998,0.5282131661442007,0.6388,27.240076524600365
1054042,David Bauer (1054042),22.2,Midfield - Attacking Midfield,Midfield,MFK Chrudim,MFK Chrudim,ChNL,24/25,2012.0,0.0447316103379721,0.0,0.0447316103379721,200000.0,<=0.5m,0.17939814814814814,0.03636363636363636,0.1857142857142858,0.6018808777429467,0.8048,27.062890489459456
618392,Oliwier Wojciechowski (618392),21.4,Midfield - Attacking Midfield,Midfield,Polonia Warsaw,Polonia Warsaw,Betclic 1 Liga,24/25,1960.0,0.0459183673469387,0.0,0.0459183673469387,350000.0,<=0.5m,0.17939814814814814,0.05454545454545454,0.3000000000000002,0.45141065830721006,0.784,26.976878845930578
727084,Mert Kabasakal (727084),22.3,Midfield - Defensive Midfield,Midfield,Polatli 1926 Spor Kulübü,Polatli 1926 Spor Kulübü,3.Lig Grup 4,24/25,2366.0,0.0380388841927303,0.0,0.0380388841927303,0.0,<=0.5m,0.17939814814814814,0.0425531914893617,0.17142857142857132,0.5,0.9464,26.96015698525273
800925,Oscar Schwartau (800925),20.3,Midfield - Attacking Midfield,Midfield,Norwich City,Norwich City,Championship,24/25,1556.0,0.0578406169665809,0.0,0.0578406169665809,3000000.0,2-5m,0.2349537037037037,0.1,0.457142857142857,0.1630094043887147,0.6224,26.94865811646846
1073288,Milan Smits (1073288),21.8,Midfield - Central Midfield,Midfield,De Graafschap Doetinchem,Young Reds,1ste Nationale VV,24/25,1619.0,0.0555898702903026,0.0,0.0555898702903026,250000.0,<=0.5m,0.19907407407407407,0.0718954248366013,0.24285714285714274,0.5282131661442007,0.6476,26.903212772953133
685642,Lauge Sandgrav (685642),21.9,Midfield - Central Midfield,Midfield,Lyngby Boldklub,Lyngby Boldklub,Superliga,24/25,1486.0,0.0605652759084791,0.0,0.0605652759084791,1000000.0,0.5-2m,0.27546296296296297,0.08496732026143791,0.2285714285714288,0.25705329153605017,0.5944,25.53676257699179
1068110,Rabby Nzingoula (1068110),20.7,Midfield - Defensive Midfield,Midfield,RC Strasbourg Alsace,Montpellier HSC,Ligue 1,24/25,1722.0,0.0522648083623693,0.0,0.0522648083623693,2500000.0,2-5m,0.17939814814814814,0.09574468085106383,0.4000000000000001,0.1833855799373041,0.6888,24.778910727475292
961667,Dorian Fanni (961667),22.3,Midfield - Central Midfield,Midfield,Stade Brest 29 B,USC Corte,National 3 - Grp. J,24/25,1721.0,0.052295177222545,0.0,0.052295177222545,0.0,<=0.5m,0.17939814814814814,0.05228758169934641,0.17142857142857132,0.5,0.6884,24.594313569872394
999130,Quinton Elliot (999130),22.6,Midfield - Attacking Midfield,Midfield,Columbus Crew 2,Columbus Crew 2,MLS Next Pro,2025,1705.0,0.0527859237536656,0.0,0.0527859237536656,,,0.18287037037037038,0.07272727272727272,0.12857142857142836,0.5,0.682,24.426216931216928
936235,Takumi Tsuchiya (936235),22.8,Midfield - Defensive Midfield,Midfield,Ventforet Kofu,Ventforet Kofu,J2 League,2025,2240.0,0.0401785714285714,0.0,0.0401785714285714,450000.0,<=0.5m,0.17939814814814814,0.05319148936170213,0.0999999999999999,0.40909090909090906,0.896,24.274615122859807
682568,Cedric Hatenboer (682568),21.4,Midfield - Defensive Midfield,Midfield,RSC Anderlecht,Excelsior Rotterdam,Keuken Kampioen Divisie,24/25,1766.0,0.0509626274065685,0.0,0.0509626274065685,1500000.0,0.5-2m,0.17939814814814814,0.0851063829787234,0.3000000000000002,0.23354231974921635,0.7064,23.823062531650578
